step,time,ctrl_drone_1_body_thrust,ctrl_drone_1_x_moment,ctrl_drone_1_y_moment,ctrl_drone_1_z_moment,act_drone_1_body_thrust,act_drone_1_x_moment,act_drone_1_y_moment,act_drone_1_z_moment,actuator_force_drone_1_body_thrust,actuator_force_drone_1_x_moment,actuator_force_drone_1_y_moment,actuator_force_drone_1_z_moment,desired_Fx,desired_Fy,desired_Fz,desired_Tx,desired_Ty,desired_Tz,actual_Fx,actual_Fy,actual_Fz,actual_Tx,actual_Ty,actual_Tz,error_Fx,error_Fy,error_Fz,error_Tx,error_Ty,error_Tz,qpos_x,qpos_y,qpos_z,qpos_qw,qpos_qx,qpos_qy,qpos_qz,qvel_x,qvel_y,qvel_z,qvel_wx,qvel_wy,qvel_wz
0,0.0,5.0,0.0,0.05,0.00848528137417537,0.0,0.0,0.0,0.0,0.0,0.0,0.0,0.0,0.0,0.0,5.0,0.0,0.05,0.00848528137417537,0.0,0.0,0.0,0.0,0.0,0.0,0.0,0.0,-5.0,0.0,-0.05,-0.00848528137417537,0.0,0.0,2.0,1.0,0.0,0.0,0.0,0.0,0.0,0.0,0.0,0.0,0.0
1,0.003,5.0,0.001055544502632441,0.049989252385871735,0.008737293897703415,0.0,0.0,0.0,0.0,0.0,0.0,0.0,0.0,0.0,0.0,5.0,0.001055544502632441,0.049989252385871735,0.008737293897703415,0.0,0.0,0.0,0.0,0.0,0.0,0.0,0.0,-5.0,-0.001055544502632441,-0.049989252385871735,-0.008737293897703415,0.0,0.0,2.0,1.0,0.0,0.0,0.0,0.0,0.0,0.0,0.0,0.0,0.0
2,0.006,5.0,0.002110905237821425,0.04995701416392514,0.008981359731868803,0.0,0.0,0.0,0.0,0.0,0.0,0.0,0.0,0.0,0.0,5.0,0.002110905237821425,0.04995701416392514,0.008981359731868803,0.0,0.0,0.0,0.0,0.0,0.0,0.0,0.0,-5.0,-0.002110905237821425,-0.04995701416392514,-0.008981359731868803,0.0,0.0,2.0,1.0,0.0,0.0,0.0,0.0,0.0,0.0,0.0,0.0,0.0
3,0.009000000000000001,5.0,0.003165898470116912,0.04990329919351902,0.009217256895427588,0.0,0.0,0.0,0.0,0.0,0.0,0.0,0.0,0.0,0.0,5.0,0.003165898470116912,0.04990329919351902,0.009217256895427588,0.0,0.0,0.0,0.0,0.0,0.0,0.0,0.0,-5.0,-0.003165898470116912,-0.04990329919351902,-0.009217256895427588,0.0,0.0,2.0,1.0,0.0,0.0,0.0,0.0,0.0,0.0,0.0,0.0,0.0
4,0.012,5.0,0.004220340528050118,0.04982813056696439,0.009444770836654454,0.0,0.0,0.0,0.0,0.0,0.0,0.0,0.0,0.0,0.0,5.0,0.004220340528050118,0.04982813056696439,0.009444770836654454,0.0,0.0,0.0,0.0,0.0,0.0,0.0,0.0,-5.0,-0.004220340528050118,-0.04982813056696439,-0.009444770836654454,0.0,0.0,2.0,1.0,0.0,0.0,0.0,0.0,0.0,0.0,0.0,0.0,0.0
5,0.015,5.0,0.005274047836110228,0.04973154059959695,0.009663694628480475,0.5653978164142126,0.0,0.005653978164142127,0.0009595119121237887,0.5653978164142126,0.0,0.005653978164142127,0.0009595119121237887,0.0,0.0,5.0,0.005274047836110228,0.04973154059959695,0.009663694628480475,0.0,0.0,0.5653978164142126,0.0,0.005653978164142127,0.0009595119121237887,0.0,0.0,-4.434602183585787,-0.005274047836110228,-0.044077562435454826,-0.008704182716356685,0.0,0.0,2.0,1.0,0.0,0.0,0.0,0.0,0.0,0.0,0.0,0.0,0.0
6,0.018,5.0,0.006326836946704394,0.04961357081588467,0.009873829156696134,1.0668606946672332,0.00011936051138328164,0.010667391611160378,0.0018390201023622927,1.0668606946672332,0.00011936051138328164,0.010667391611160378,0.0018390201023622927,0.0,0.0,5.0,0.006326836946704394,0.04961357081588467,0.009873829156696134,0.0,0.0,1.0668606946672332,0.00011936051138328164,0.010667391611160378,0.0018390201023622927,0.0,0.0,-3.933139305332767,-0.0062074764353211125,-0.03894617920472429,-0.008034809054333842,-1.3016242401041354e-08,0.0,2.0000041036839007,0.9999999999088323,0.0,1.3450149687939886e-05,1.1953566681749207e-06,-4.338747467013785e-06,0.0,0.0013678946335151114,0.0,0.008966766458899083,0.0007969044454741645
7,0.020999999999999998,5.0,0.0073785245720954604,0.04947427193157611,0.010074983301048453,1.511618369644845,0.000344563519307155,0.015110244970974736,0.002646672748484628,1.511618369644845,0.000344563519307155,0.015110244970974736,0.002646672748484628,0.0,0.0,5.0,0.0073785245720954604,0.04947427193157611,0.010074983301048453,0.0,0.0,1.511618369644845,0.000344563519307155,0.015110244970974736,0.002646672748484628,0.0,0.0,-3.488381630355155,-0.007033961052788305,-0.03436402696060137,-0.007428310552563825,-5.0361329367606534e-08,2.746506022165553e-10,2.000015950683898,0.9999999986236894,2.838993169625874e-07,5.225543998674442e-05,4.680761707465383e-06,-1.2448362322188392e-05,9.155020073885177e-08,0.0039489999991548395,0.00018926588263436846,0.025870193322006272,0.002323605906586049
8,0.023999999999999997,5.0,0.008428927616311869,0.04931370383189759,0.010266974109067491,1.9060830409692961,0.0006635988434193422,0.019044628347736303,0.0033896715343341064,1.9060830409692961,0.0006635988434193422,0.019044628347736303,0.0033896715343341064,0.0,0.0,5.0,0.008428927616311869,0.04931370383189759,0.010266974109067491,0.0,0.0,1.9060830409692961,0.0006635988434193422,0.019044628347736303,0.0033896715343341064,0.0,0.0,-3.093916959030704,-0.007765328772892526,-0.03026907548416129,-0.006877302574733384,-1.212860303223699e-07,1.3350024897906466e-09,2.000038769058825,0.9999999918758903,1.3867348930978658e-06,0.00012694468979638788,1.146045525913236e-05,-2.3641566984921123e-05,3.534506291913638e-07,0.0076061249756302,0.0007352206028520711,0.04979283126141756,0.004519820003472573
9,0.026999999999999996,5.0,0.00947786320702417,0.04913193554580822,0.010449626962464143,2.2559418195298684,0.001065793639827272,0.02252561333500303,0.004074379519074736,2.2559418195298684,0.001065793639827272,0.02252561333500303,0.004074379519074736,0.0,0.0,5.0,0.00947786320702417,0.04913193554580822,0.010449626962464143,0.0,0.0,2.2559418195298684,0.001065793639827272,0.02252561333500303,0.004074379519074736,0.0,0.0,-2.7440581804701316,-0.008412069567196898,-0.02660632221080519,-0.006375247443389407,-2.3242694769416352e-07,3.880063927949319e-09,2.0000754218402204,0.9999999692794062,4.06544955415727e-06,0.00024682044525207113,2.245722172289228e-05,-3.704697245726454e-05,8.483538127195574e-07,0.012217593798423704,0.001785795017819909,0.0799171614601861,0.00733129364844572
10,0.029999999999999995,5.0,0.010525148727382598,0.04892904521632401,0.010622775735947887,2.5662387202001424,0.0015416611865261382,0.025602047708788087,0.00470641683069653,2.5662387202001424,0.0015416611865261382,0.025602047708788087,0.00470641683069653,0.0,0.0,5.0,0.010525148727382598,0.04892904521632401,0.010622775735947887,0.0,0.0,2.5662387202001424,0.0015416611865261382,0.025602047708788087,0.00470641683069653,0.0,0.0,-2.4337612797998576,-0.00898348754085646,-0.023326997507535925,-0.0059163589052513565,-3.8715815611895473e-07,8.734325223941947e-09,2.000128448315956,0.999999910976471,9.272819609642688e-06,0.00042009195641218864,3.8520295270073464e-05,-5.1577069474930404e-05,1.6180870986642096e-06,0.01767549191192958,0.0034715311070818923,0.11551431297551867,0.010709103535324775
11,0.032999999999999995,5.0,0.011570601847810181,0.04870512006692387,0.010786262948320023,2.8414473828546023,0.0020827667717187395,0.02831726025549445,0.005290745559822943,2.8414473828546023,0.0020827667717187395,0.02831726025549445,0.005290745559822943,0.0,0.0,5.0,0.011570601847810181,0.04870512006692387,0.010786262948320023,0.0,0.0,2.8414473828546023,0.0020827667717187395,0.02831726025549445,0.005290745559822943,0.0,0.0,-2.1585526171453977,-0.009487835076091442,-0.020387859811429418,-0.00549551738849708,-5.849138608199563e-07,1.676985978822548e-08,2.0002001006454813,0.9999997841560012,1.8134207101319363e-05,0.0006539931496821799,6.043229049206527e-05,-6.591856823366718e-05,2.6785115214278444e-06,0.02388410984168568,0.005907461900332777,0.15593405981387684,0.014609034688240995
12,0.036,5.0,0.01261404055774581,0.04846025636405182,0.010939939905705,3.0855355701244407,0.0026816087510370457,0.030709685896195764,0.005831745074242016,3.0855355701244407,0.0026816087510370457,0.030709685896195764,0.005831745074242016,0.0,0.0,5.0,0.01261404055774581,0.04846025636405182,0.010939939905705,0.0,0.0,3.0855355701244407,0.0026816087510370457,0.030709685896195764,0.005831745074242016,0.0,0.0,-1.9144644298755593,-0.009932431806708764,-0.017750570467856053,-0.0051081948314629835,-8.205263568122423e-07,2.8813183951886186e-08,2.0002923763335416,0.9999995396323966,3.192683508709226e-05,0.0009548872958912716,8.891526267127244e-05,-7.853749866409531e-05,4.0144413878869015e-06,0.030758562686804714,0.00919479047142803,0.2005959525108366,0.018991030033673504
13,0.039,5.0,0.013655283197331801,0.04819455937573161,0.011083666836789541,3.3020223717753048,0.0033315130583695647,0.032813420119671095,0.006333278836559464,3.3020223717753048,0.0033315130583695647,0.032813420119671095,0.006333278836559464,0.0,0.0,5.0,0.013655283197331801,0.04819455937573161,0.011083666836789541,0.0,0.0,3.3020223717753048,0.0033315130583695647,0.032813420119671095,0.006333278836559464,0.0,0.0,-1.6979776282246952,-0.010323770138962237,-0.015381139256060515,-0.004750388000230077,-1.0836070802539493e-06,4.5538007111269126e-08,2.0004070470296527,0.999999108607361,5.206131465646412e-05,0.0013283598805661882,0.00012463599206051322,-8.769357448056901e-05,5.5749410531276465e-06,0.03822356537040359,0.013422388451556919,0.24898145552975215,0.023818702980660005
14,0.042,5.0,0.01469414848904038,0.04790814332631151,0.011217313019946594,3.49402894043899,0.004026539648962862,0.03465871071748301,0.006798753684956913,3.49402894043899,0.004026539648962862,0.03465871071748301,0.006798753684956913,0.0,0.0,5.0,0.01469414848904038,0.04790814332631151,0.011217313019946594,0.0,0.0,3.49402894043899,0.004026539648962862,0.03465871071748301,0.006798753684956913,0.0,0.0,-1.50597105956101,-0.010667608840077518,-0.0132494326088285,-0.004418559334989682,-1.3579867668586924e-06,6.734551944483415e-08,2.0005456840677662,0.9999983996900584,8.006518002308876e-05,0.0017793010117246977,0.00016821057727578467,-9.145989553491439e-05,7.269170777855007e-06,0.046212346037874164,0.018668132691558488,0.30062697642367014,0.029058905899808522
15,0.045000000000000005,5.0,0.015730455569233606,0.04760113134735876,0.011340756902128442,3.6643234901707484,0.004761399525496481,0.036272393910512034,0.007231172428466931,3.6643234901707484,0.004761399525496481,0.036272393910512034,0.007231172428466931,0.0,0.0,5.0,0.015730455569233606,0.04760113134735876,0.011340756902128442,0.0,0.0,3.6643234901707484,0.004761399525496481,0.036272393910512034,0.007231172428466931,0.0,0.0,-1.3356765098292516,-0.010969056043737125,-0.011328737436846724,-0.0041095844736615105,-1.6212224756043323e-06,9.423408560003884e-08,2.0007096811137353,0.9999972962169241,0.00011756821317175623,0.002311978548892726,0.00022020841440732758,-8.774523624854665e-05,8.962855385068232e-06,0.05466568198966591,0.02500009698192751,0.35511768566322194,0.03468134819498164
16,0.04800000000000001,5.0,0.01676402401965125,0.04727365542472472,0.011453886209420882,3.8153612065893916,0.005531381150408231,0.03767828115469426,0.007633180511882893,3.8153612065893916,0.005531381150408231,0.03767828115469426,0.007633180511882893,0.0,0.0,5.0,0.01676402401965125,0.04727365542472472,0.011453886209420882,0.0,0.0,3.8153612065893916,0.005531381150408231,0.03767828115469426,0.007633180511882893,0.0,0.0,-1.1846387934106084,-0.011232642869243017,-0.00959537427003046,-0.003820705697537989,-1.8441735877761296e-06,1.256602406040043e-07,2.00090027424665,0.9999956538884318,0.0001662893623113398,0.0029301030027697236,0.0002811556306920084,-7.431703739059908e-05,1.0475385001321816e-05,0.0635310443049567,0.03247761412981382,0.4120820375123166,0.04065825837391839
17,0.05100000000000001,5.0,0.017794673898821108,0.04692585634180356,0.011556598049157905,3.949319643996177,0.006332285183071081,0.03889750220269485,0.008007107420017734,3.949319643996177,0.006332285183071081,0.03889750220269485,0.008007107420017734,0.0,0.0,5.0,0.017794673898821108,0.04692585634180356,0.011556598049157905,0.0,0.0,3.949319643996177,0.006332285183071081,0.03889750220269485,0.008007107420017734,0.0,0.0,-1.0506803560038231,-0.011462388715750027,-0.008028354139108712,-0.003549490629140171,-1.9906451589405972e-06,1.6039279142881216e-07,2.001118559763292,0.9999932987235869,0.00022802507896967084,0.003636885136025515,0.00035153803452112276,-4.882385705482259e-05,1.1577516941602622e-05,0.0727618388806915,0.04115222220003441,0.4711869125036674,0.0469640851558768
18,0.05400000000000001,5.0,0.018822225773386353,0.04655788361900885,0.011648799003503983,4.068130119802951,0.007160366600444806,0.039948809367637464,0.008355003415280006,4.068130119802951,0.007160366600444806,0.039948809367637464,0.008355003415280006,0.0,0.0,5.0,0.018822225773386353,0.04655788361900885,0.011648799003503983,0.0,0.0,4.068130119802951,0.007160366600444806,0.039948809367637464,0.008355003415280006,0.0,0.0,-0.9318698801970493,-0.011661859172941547,-0.0066090742513713885,-0.003293795588223977,-2.017094660465675e-06,1.9636166538283536e-07,2.001365509962292,0.999990025321878,0.0003046389171302922,0.004435087090337602,0.000431803637135859,-8.816500508359257e-06,1.1989624651341064e-05,0.08231673299990885,0.05106850735232413,0.5321333110779158,0.053575233214736
19,0.057000000000000016,5.0,0.019846500749344378,0.04616989544949405,0.011730405214418895,4.173505558892068,0.008012283366275382,0.040848847375706626,0.00867867213535599,4.173505558892068,0.008012283366275382,0.040848847375706626,0.00867867213535599,0.0,0.0,5.0,0.019846500749344378,0.04616989544949405,0.011730405214418895,0.0,0.0,4.173505558892068,0.008012283366275382,0.040848847375706626,0.00867867213535599,0.0,0.0,-0.8264944411079318,-0.011834217383068996,-0.0053210480737874224,-0.0030517330790629047,-1.8723968028904223e-06,2.3050295020657338e-07,2.0016419871356153,0.999985595415445,0.0003980522545207793,0.00532706777140677,0.0005223647955419778,4.8232619191750866e-05,1.1380428274579337e-05,0.09215905777451538,0.062264854447307325,0.5946525359362547,0.06046982965297243
20,0.06000000000000002,5.0,0.02086732050319176,0.04576205863114452,0.01180134245992776,4.26696518934825,0.008885050908327672,0.04161239269838279,0.008979699518204527,4.26696518934825,0.008885050908327672,0.04161239269838279,0.008979699518204527,0.0,0.0,5.0,0.02086732050319176,0.04576205863114452,0.01180134245992776,0.0,0.0,4.26696518934825,0.008885050908327672,0.04161239269838279,0.008979699518204527,0.0,0.0,-0.7330348106517501,-0.011982269594864089,-0.004149665932761733,-0.0028216429417232333,-1.4976604903143235e-06,2.5860136420572913e-07,2.001948755969312,0.9999797366901619,0.0005102360111778733,0.006314823140939456,0.0006236000209107293,0.00012491210419203298,9.366137999718584e-06,0.10225627789889202,0.0747741154445188,0.6585028077344481,0.06762751774268949
21,0.06300000000000001,5.0,0.021884507312969897,0.04533454849487038,0.01186154622162695,4.3498564456078705,0.009776001746873401,0.04225256581510697,0.009259479468727494,4.3498564456078705,0.009776001746873401,0.04225256581510697,0.009259479468727494,0.0,0.0,5.0,0.021884507312969897,0.04533454849487038,0.01186154622162695,0.0,0.0,4.3498564456078705,0.009776001746873401,0.04225256581510697,0.009259479468727494,0.0,0.0,-0.6501435543921295,-0.012108505566096496,-0.003081982679763416,-0.0026020667528994564,-8.260917934530176e-07,2.7513119330850077e-07,2.002286494532666,0.999972141852361,0.0006432032538880366,0.007400021991237774,0.0007358554919809901,0.00022385623228710194,5.5099430342572045e-06,0.11257952111802054,0.08862420457147713,0.723466265019863,0.07502927486079082
22,0.06600000000000002,5.0,0.02289788408920593,0.04488754882923094,0.01191096174336447,4.423374394809687,0.010682749691923938,0.04278101946695966,0.009519236634611468,4.423374394809687,0.010682749691923938,0.04278101946695966,0.009519236634611468,0.0,0.0,5.0,0.02289788408920593,0.04488754882923094,0.01191096174336447,0.0,0.0,4.423374394809687,0.010682749691923938,0.04278101946695966,0.009519236634611468,0.0,0.0,-0.5766256051903129,-0.012215134397281993,-0.0021065293622712783,-0.002391725108753002,2.171030126653191e-07,2.7309654491169654e-07,2.0026558040146805,0.9999624679173963,0.0007990025871759817,0.008584037713014692,0.0008594463086961809,0.0003477316020394455,-6.782161322680768e-07,0.12310316067144232,0.1038386282967812,0.7893463048744075,0.08265725189208323
23,0.06900000000000002,5.0,0.023907274405743546,0.04442125180142316,0.011949544081041432,4.488578966422312,0.01160315809256685,0.043208105615852005,0.009760046617269409,4.488578966422312,0.01160315809256685,0.043208105615852005,0.009760046617269409,0.0,0.0,5.0,0.023907274405743546,0.04442125180142316,0.011949544081041432,0.0,0.0,4.488578966422312,0.01160315809256685,0.043208105615852005,0.009760046617269409,0.0,0.0,-0.5114210335776876,-0.012304116313176695,-0.001213146185571154,-0.002189497463772023,1.7147799401028232e-06,2.4387160087134497e-07,2.003057217348885,0.9999503356967061,0.0009797122423211922,0.009867976509400531,0.0009946575174589187,0.000499225642479168,-9.741648013450527e-06,0.13380444473487882,0.12043695728554439,0.8559652256564105,0.09049463168157702
24,0.07200000000000002,5.0,0.024912502530458264,0.04393585787466811,0.011977258143489336,4.546410233552937,0.01253531168018608,0.04354302351677581,0.009982853906945668,4.546410233552937,0.01253531168018608,0.04354302351677581,0.009982853906945668,0.0,0.0,5.0,0.024912502530458264,0.04393585787466811,0.011977258143489336,0.0,0.0,4.546410233552937,0.01253531168018608,0.04354302351677581,0.009982853906945668,0.0,0.0,-0.45358976644706317,-0.012377190850272184,-0.00039283435789230076,-0.0019944042365436683,3.7578904248056372e-06,1.77041406178647e-07,2.0034912068515527,0.9999353294611225,0.0011874347855464575,0.011252702457986066,0.001141744935928971,0.0006810368282342713,-2.2276731564232662e-05,0.14466316755586187,0.13843524674518104,0.9231621376053738,0.0985255043899545
25,0.07500000000000002,5.0,0.02591339345585196,0.043431575722030866,0.011994078724385971,4.5977019662523375,0.013477491599160353,0.04379395103841792,0.010188487798351731,4.5977019662523375,0.013477491599160353,0.04379395103841792,0.010188487798351731,0.0,0.0,5.0,0.02591339345585196,0.043431575722030866,0.011994078724385971,0.0,0.0,4.5977019662523375,0.013477491599160353,0.04379395103841792,0.010188487798351731,0.0,0.0,-0.4022980337476625,-0.012435901856691607,0.00036237531638705356,-0.0018055909260342399,6.445489690418658e-06,6.024360598689275e-08,2.003958190984287,0.9999169967596512,0.0014242923751560804,0.012738859777412842,0.0013009358021906787,0.0008958664218710069,-3.893260006391808e-05,0.1556613775780519,0.15784641087669216,0.9907911109488734,0.10673475784803484
26,0.07800000000000003,5.0,0.026909772929521174,0.042908622136711067,0.01199999052518091,4.643193652218069,0.01442815326458993,0.04396816112598822,0.010377676514202374,4.643193652218069,0.01442815326458993,0.04396816112598822,0.010377676514202374,0.0,0.0,5.0,0.026909772929521174,0.042908622136711067,0.01199999052518091,0.0,0.0,4.643193652218069,0.01442815326458993,0.04396816112598822,0.010377676514202374,0.0,0.0,-0.356806347781931,-0.012481619664931243,0.001059538989277152,-0.0016223140109785355,9.884724370308967e-06,-1.2098855926669768e-07,2.004458540339426,0.9998948483746237,0.0016924225051082908,0.014326892614814667,0.0014724292703417294,0.001146411559963436,-6.041072175119681e-05,0.16678311837973192,0.1786805565244725,1.0587195345870406,0.11510798122056547
27,0.08100000000000003,5.0,0.027901467484494003,0.042367221938842514,0.011994988169009754,4.683541158201796,0.015385906727360737,0.04407212508595852,0.010551059738304057,4.683541158201796,0.015385906727360737,0.04407212508595852,0.010551059738304057,0.0,0.0,5.0,0.027901467484494003,0.042367221938842514,0.011994988169009754,0.0,0.0,4.683541158201796,0.015385906727360737,0.04407212508595852,0.010551059738304057,0.0,0.0,-0.3164588417982044,-0.012515560757133266,0.0017049031471160075,-0.0014439284307056974,1.4190802880504288e-05,-3.8338177458337114e-07,2.004992582935595,0.999868358395874,0.001993974179380939,0.016017062634752794,0.0016563967720754573,0.0014353595033984403,-8.746440510555781e-05,0.17801419872291765,0.20094528055991098,1.126826661476942,0.12363138047990946
28,0.08400000000000003,5.0,0.02888830446943021,0.04180760787884194,0.011979076205584466,4.719326185829331,0.016349499263004795,0.04411160418247364,0.010709199737038691,4.719326185829331,0.016349499263004795,0.04411160418247364,0.010709199737038691,0.0,0.0,5.0,0.02888830446943021,0.04180760787884194,0.011979076205584466,0.0,0.0,4.719326185829331,0.016349499263004795,0.04411160418247364,0.010709199737038691,0.0,0.0,-0.28067381417066883,-0.012538805206425415,0.0023039963036316988,-0.0012698764685457747,1.948695152745614e-05,-7.460765274450349e-07,2.0055606089008773,0.9998369643983319,0.0023311044676176266,0.01780946465865546,0.001852982261615551,0.001765382882317285,-0.00012089825095388793,0.18934198842739744,0.22464593503469077,1.195002319541015,0.13229170435892051
29,0.08700000000000004,5.0,0.029870112078679362,0.04123002053734856,0.011952269107055347,4.75106465816068,0.01731779993287799,0.04409173086673842,0.010852591227857268,4.75106465816068,0.01731779993287799,0.04409173086673842,0.010852591227857268,0.0,0.0,5.0,0.029870112078679362,0.04123002053734856,0.011952269107055347,0.0,0.0,4.75106465816068,0.01731779993287799,0.04409173086673842,0.010852591227857268,0.0,0.0,-0.24893534183931987,-0.012552312145801374,0.002861710329389859,-0.0010996778791980792,2.5904358865907874e-05,-1.2307792332697123e-06,2.006162874612342,0.9998000677090968,0.002705975398000866,0.019704040575713275,0.00206230235938917,0.0021391357794839105,-0.00016156756860822576,0.20075523715480856,0.24978586369313385,1.2631457693196866,0.14107617960193564
30,0.09000000000000004,5.0,0.030846719382191738,0.04063470822179735,0.011914591254848408,4.779214157901536,0.018289785894612717,0.04401708081127597,0.010981670135457559,4.779214157901536,0.018289785894612717,0.04401708081127597,0.010981670135457559,0.0,0.0,5.0,0.030846719382191738,0.04063470822179735,0.011914591254848408,0.0,0.0,4.779214157901536,0.018289785894612717,0.04401708081127597,0.010981670135457559,0.0,0.0,-0.22078584209846408,-0.012556933487579022,0.0033823725894786202,-0.0009329211193908494,3.358211039901559e-05,-1.8619125402777748e-06,2.0067996063528923,0.9997570337516141,0.003120751148159985,0.02170059172129083,0.0022844464080681946,0.0025592505110359058,-0.00021037776900268752,0.21224391351688235,0.27636661303400906,1.33116469171308,0.1499724544655295
31,0.09300000000000004,5.0,0.03181795635527678,0.04002192685967058,0.011866076917490136,4.804180524505065,0.01926453026402393,0.04389173678843909,0.01109682136040949,4.804180524505065,0.01926453026402393,0.04389173678843909,0.01109682136040949,0.0,0.0,5.0,0.03181795635527678,0.04002192685967058,0.011866076917490136,0.0,0.0,4.804180524505065,0.01926453026402393,0.04389173678843909,0.01109682136040949,0.0,0.0,-0.19581947549493517,-0.012553426091252852,0.0038698099287685153,-0.0007692555570806454,4.2667115336978375e-05,-2.666763773038054e-06,2.0074710035395342,0.9997071924560176,0.003577595499247809,0.023798789896833133,0.002519476453046877,0.003028334979320928,-0.00026828374425342643,0.223799062213954,0.3043881207561866,1.3989742910410987,0.158968549538378
32,0.09600000000000004,5.0,0.03278365390820395,0.03939193988847337,0.011806770219439789,4.826323705276307,0.020241191353016014,0.0437193453150285,0.011198385670881153,4.826323705276307,0.020241191353016014,0.0437193453150285,0.011198385670881153,0.0,0.0,5.0,0.03278365390820395,0.03939193988847337,0.011806770219439789,0.0,0.0,4.826323705276307,0.020241191353016014,0.0437193453150285,0.011198385670881153,0.0,0.0,-0.17367629472369295,-0.012542462555187938,0.004327405426555131,-0.000608384548558636,5.331402680110151e-05,-3.675631493503156e-06,2.008177241571041,0.999649838725998,0.004078669522168767,0.02599818718565525,0.002767427158037633,0.0035489704880410466,-0.00033628924015503397,0.23541267716890846,0.33384888410503083,1.4664965003223716,0.16805281505397007
33,0.09900000000000005,5.0,0.03374364391564076,0.03874501814248077,0.011736725100957595,4.845962944836245,0.021219003127877473,0.04350316688063306,0.011286665815604452,4.845962944836245,0.021219003127877473,0.04350316688063306,0.011286665815604452,0.0,0.0,5.0,0.03374364391564076,0.03874501814248077,0.011736725100957595,0.0,0.0,4.845962944836245,0.021219003127877473,0.04350316688063306,0.011286665815604452,0.0,0.0,-0.1540370551637551,-0.012524640787763289,0.004758148738152293,-0.0004500592853531431,6.568515657518202e-05,-4.921970170841196e-06,2.008918474337596,0.9995842329537199,0.004626129468363371,0.028298224701623086,0.003028305665237051,0.004123709924693504,-0.00041544622577934653,0.24707758885162023,0.3647461103535136,1.5336592771547328,0.17721389396249335
34,0.10200000000000005,5.0,0.034697759245922964,0.03808143973630474,0.01165600526904534,4.863381387763537,0.02219726674994644,0.04324612048485646,0.011361931945121341,4.863381387763537,0.02219726674994644,0.04324612048485646,0.011361931945121341,0.0,0.0,5.0,0.034697759245922964,0.03808143973630474,0.01165600526904534,0.0,0.0,4.863381387763537,0.02219726674994644,0.04324612048485646,0.011361931945121341,0.0,0.0,-0.13661861223646277,-0.012500492495976526,0.0051646807485517185,-0.00029407332392399933,7.995038526216166e-05,-6.44253295830018e-06,2.0096948364301745,0.9995096015753404,0.005222124840596145,0.030698240392312445,0.00330209140842499,0.00475507622899321,-0.0005068542624863283,0.2587873641929223,0.3970758514001148,1.6003959798945053,0.18644069011033398
35,0.10500000000000005,5.0,0.035645833790151724,0.037401489945331594,0.011564684139503971,4.878830160771544,0.02317534307623637,0.04295082312659827,0.011424426418509475,4.878830160771544,0.02317534307623637,0.04295082312659827,0.011424426418509475,0.0,0.0,5.0,0.035645833790151724,0.037401489945331594,0.011564684139503971,0.0,0.0,4.878830160771544,0.02317534307623637,0.04295082312659827,0.011424426418509475,0.0,0.0,-0.1211698392284557,-0.012470490713915355,0.005549333181266679,-0.00014025772099449628,9.628706849741286e-05,-8.277512577957723e-06,2.010506445083179,0.9994251376605834,0.005868796621897235,0.03319747600455116,0.0035887358863960243,0.005445561078417067,-0.0006116598732191812,0.2705362176681245,0.4308331242413937,1.6666448149978064,0.19572234094846222
36,0.10800000000000005,5.0,0.036587702491112706,0.03670546108308067,0.011462844770160914,4.892531993274551,0.024152646011452755,0.04261962481583334,0.011474368064057858,4.892531993274551,0.024152646011452755,0.04261962481583334,0.011474368064057858,0.0,0.0,5.0,0.036587702491112706,0.03670546108308067,0.011462844770160914,0.0,0.0,4.892531993274551,0.024152646011452755,0.04261962481583334,0.011474368064057858,0.0,0.0,-0.10746800672544943,-0.01243505647965995,0.005914163732752671,1.152329389694437e-05,0.00011487993969689097,-1.0470680313571326e-05,2.011353401880051,0.9993300015306088,0.0065682756432093705,0.03579508330810812,0.003888162403271068,0.006197623733159374,-0.0007310559118712008,0.2823189322906743,0.4660120188777336,1.7323483474212635,0.20504819425557083
37,0.11100000000000006,5.0,0.03752320137201213,0.03599365237553742,0.011350579785327828,4.904684428541942,0.025128636615108144,0.04225463961383286,0.011511955954622722,4.904684428541942,0.025128636615108144,0.04225463961383286,0.011511955954622722,0.0,0.0,5.0,0.03752320137201213,0.03599365237553742,0.011350579785327828,0.0,0.0,4.904684428541942,0.025128636615108144,0.04225463961383286,0.011511955954622722,0.0,0.0,-0.09531557145805802,-0.012394564756903984,0.0062609872382954415,0.0001613761692948936,0.00013592100967479355,-1.3069523108726088e-05,2.012235794248248,0.9992233213990951,0.007322681072424249,0.03849012966251954,0.004200265781485648,0.007013689992634192,-0.0008662809317182542,0.29413078939900983,0.5026057950335282,1.7974530668967978,0.21440778841912664
38,0.11400000000000006,5.0,0.03845216756502464,0.035266369832514896,0.011227991291557524,4.915462671736473,0.026102817878330874,0.041857773150564284,0.011537372751529726,4.915462671736473,0.026102817878330874,0.041857773150564284,0.011537372751529726,0.0,0.0,5.0,0.03845216756502464,0.035266369832514896,0.011227991291557524,0.0,0.0,4.915462671736473,0.026102817878330874,0.041857773150564284,0.011537372751529726,0.0,0.0,-0.08453732826352667,-0.012349349686693767,0.006591403318049388,0.0003093814599722019,0.00015960946334756784,-1.61253787627894e-05,2.0131536967669863,0.9991041940320355,0.008134119009385845,0.04128160300248199,0.004524912052589121,0.007896151224258102,-0.0010186185513544376,0.3059675062460349,0.5406069689156185,1.8619090037087465,0.22379083586831253
39,0.11700000000000006,5.0,0.039374439339648196,0.034523926116098606,0.011095190784776639,4.925022115897611,0.027074730094619824,0.04143074701726941,0.011550787664801537,4.925022115897611,0.027074730094619824,0.04143074701726941,0.011550787664801537,0.0,0.0,5.0,0.039374439339648196,0.034523926116098606,0.011095190784776639,0.0,0.0,4.925022115897611,0.027074730094619824,0.04143074701726941,0.011550787664801537,0.0,0.0,-0.07497788410238915,-0.012299709245028372,0.006906820901170806,0.0004555968800248975,0.0001861515536455939,-1.9693569211393558e-05,2.0141071723085244,0.9989716854222462,0.00900468117311847,0.04416841630875611,0.004861938130406332,0.008847363432675354,-0.0011893968162013852,0.3178251805127513,0.58000739109396,1.9256693883232772,0.23318720929791178
40,0.12000000000000006,5.0,0.040289856130860884,0.03376664040623176,0.010952299048878556,4.93350058228778,0.02804394675736253,0.04097512038722038,0.01155235907209206,4.93350058228778,0.02804394675736253,0.04097512038722038,0.01155235907209206,0.0,0.0,5.0,0.040289856130860884,0.03376664040623176,0.010952299048878556,0.0,0.0,4.93350058228778,0.02804394675736253,0.04097512038722038,0.01155235907209206,0.0,0.0,-0.06649941771221979,-0.012245909373498353,0.0072084799809886205,0.0006000600232135035,0.0002157604926774283,-2.383353187172271e-05,2.0150962730314257,0.9988248314750061,0.009936443669028598,0.047149411623993435,0.005211151470600987,0.009869646343944794,-0.001379987553443051,0.3297002409670285,0.6207983164643891,1.9886903498601844,0.24258693036216716
41,0.12300000000000007,5.0,0.04119825856707486,0.0329948382634983,0.010799446045868782,4.941020307401241,0.02901007092453028,0.040492309177741735,0.011542236833922118,4.941020307401241,0.02901007092453028,0.040492309177741735,0.011542236833922118,0.0,0.0,5.0,0.04119825856707486,0.0329948382634983,0.010799446045868782,0.0,0.0,4.941020307401241,0.02901007092453028,0.040492309177741735,0.011542236833922118,0.0,0.0,-0.05897969259875868,-0.01218818764254458,0.007497470914243437,0.0007427907880533362,0.0002486563401312289,-2.8608949026123262e-05,2.016121041242156,0.998662638701606,0.010931465825152196,0.050223363666212495,0.00557232972023056,0.010965282484600202,-0.0015918057181335172,0.3415894035766935,0.6629704671432486,2.0509306489649792,0.251980160553113
42,0.12600000000000006,5.0,0.042099488497882524,0.03220885148916289,0.010636770797662723,4.9476897052828654,0.0299727319977014,0.039983603031189086,0.011520564338566998,4.9476897052828654,0.0299727319977014,0.039983603031189086,0.011520564338566998,0.0,0.0,5.0,0.042099488497882524,0.03220885148916289,0.010636770797662723,0.0,0.0,4.9476897052828654,0.0299727319977014,0.039983603031189086,0.011520564338566998,0.0,0.0,-0.05231029471713455,-0.012126756500181125,0.007774751542026198,0.0008837935409042753,0.00028506588885131024,-3.4087875210740064e-05,2.017181510139549,0.9984840849178861,0.0119917890876924,0.05338898308671496,0.005945220360488716,0.012136516240027116,-0.0018263087282056,0.35348963246435533,0.7065140890459877,2.112351441142863,0.2613571940093383
43,0.12900000000000006,5.0,0.04299338902159007,0.03140901798252814,0.010464421259643307,4.953604930564675,0.030931582868539313,0.039450180361179685,0.011487480306182836,4.953604930564675,0.030931582868539313,0.039450180361179685,0.011487480306182836,0.0,0.0,5.0,0.04299338902159007,0.03140901798252814,0.010464421259643307,0.0,0.0,4.953604930564675,0.030931582868539313,0.039450180361179685,0.011487480306182836,0.0,0.0,-0.046395069435324565,-0.012061806153050757,0.008041162378651545,0.001023059046539529,0.0003252225474924329,-4.034286256918893e-05,2.0182777044550315,0.9982881199450916,0.013119435967132404,0.056644919413961214,0.006329540345486812,0.013385552880374218,-0.002084995786149622,0.36539810516075993,0.7514190028153029,2.1729160670629604,0.27070845202904875
44,0.13200000000000006,5.0,0.04387980451253365,0.030595681595670027,0.010282554186093562,4.958851264754899,0.03188629739115203,0.03889312168252567,0.011443120378421788,4.958851264754899,0.03188629739115203,0.03889312168252567,0.011443120378421788,0.0,0.0,5.0,0.04387980451253365,0.030595681595670027,0.010282554186093562,0.0,0.0,4.958851264754899,0.03188629739115203,0.03889312168252567,0.011443120378421788,0.0,0.0,-0.04114873524510099,-0.01199350712138162,0.008297440086855644,0.0011605661923282263,0.0003693662201284306,-4.745108412483399e-05,2.0194096410000566,0.9980736663105881,0.014316409027130229,0.05998976372024403,0.006724975739625365,0.014714557545332567,-0.0023694071852150204,0.3773121816750016,0.7976746496877078,2.2325898667375035,0.280024479086055
45,0.13500000000000006,5.0,0.04475858064817337,0.02976919198561443,0.010091334987626389,4.963504345766056,0.03283656814346002,0.038313421418624684,0.011387618516827135,4.963504345766056,0.03283656814346002,0.038313421418624684,0.011387618516827135,0.0,0.0,5.0,0.04475858064817337,0.02976919198561443,0.010091334987626389,0.0,0.0,4.963504345766056,0.03283656814346002,0.038313421418624684,0.011387618516827135,0.0,0.0,-0.03649565423394385,-0.01192201250471335,0.008544229433010253,0.0012962835292007462,0.0004177431826734152,-5.5494454919125496e-05,2.02057732913092,0.9978396199461599,0.01558468990921874,0.0634220510438406,0.007131181355844471,0.016125654181661512,-0.00268112359809717,0.38922937695448373,0.8452701328195149,2.291340014832224,0.2892959401692842
46,0.13800000000000007,5.0,0.04562956443596046,0.02892990446401792,0.009890937580741367,4.967631258408552,0.03378210444486871,0.03771199835815951,0.011321108230676174,4.967631258408552,0.03378210444486871,0.03771199835815951,0.011321108230676174,0.0,0.0,5.0,0.04562956443596046,0.02892990446401792,0.009890937580741367,0.0,0.0,4.967631258408552,0.03378210444486871,0.03771199835815951,0.011321108230676174,0.0,0.0,-0.03236874159144776,-0.011847459991091748,0.008782093894141592,0.001430170649934807,0.00047060595596160515,-6.455975095771043e-05,2.021780771139988,0.9975848508817559,0.016926238387057535,0.06694026259562873,0.007547780396814528,0.017620924429396657,-0.00302176534619498,0.4011473363559079,0.8941942545331129,2.3491353746760564,0.29851361928590375
47,0.14100000000000007,5.0,0.04649260423997279,0.028078179844417645,0.009681544229645254,4.971291501571728,0.034722630601239195,0.03708970491353203,0.011243723652612912,4.971291501571728,0.034722630601239195,0.03708970491353203,0.011243723652612912,0.0,0.0,5.0,0.04649260423997279,0.028078179844417645,0.009681544229645254,0.0,0.0,4.971291501571728,0.034722630601239195,0.03708970491353203,0.011243723652612912,0.0,0.0,-0.028708498428271945,-0.011769973638733597,0.009011525069114384,0.0015621794229676578,0.0005282131753245592,-7.473872590067094e-05,2.0230199625813623,0.9973082039326825,0.018342991444623636,0.0705428277758695,0.007974364100931334,0.019202406454318012,-0.0033929916476535013,0.41306381379147633,0.9444355498912542,2.4059463688148957,0.3076684189854435
48,0.14400000000000007,5.0,0.04734754980731438,0.027214384287116013,0.009463345380480227,4.974537846036503,0.035657884351430365,0.036447335316227555,0.011155600478350635,4.974537846036503,0.035657884351430365,0.036447335316227555,0.011155600478350635,0.0,0.0,5.0,0.04734754980731438,0.027214384287116013,0.009463345380480227,0.0,0.0,4.974537846036503,0.035657884351430365,0.036447335316227555,0.011155600478350635,0.0,0.0,-0.02546215396349716,-0.011689665455884013,0.009232951029111543,0.001692255097870408,0.0005908294565012019,-8.61282254282632e-05,2.02429489253812,0.9970084993783432,0.019836862373294437,0.07422812602394013,0.008410491394809183,0.020872093725547585,-0.0037964998425307527,0.4249766522525396,0.9959823169600569,2.461744864199533,0.3167513607776571
49,0.14700000000000008,5.0,0.048194252294273925,0.026338889141766575,0.009236539488110441,4.977417095286936,0.03658761549259432,0.03578563286902449,0.0110568767848965,4.977417095286936,0.03658761549259432,0.03578563286902449,0.0110568767848965,0.0,0.0,5.0,0.048194252294273925,0.026338889141766575,0.009236539488110441,0.0,0.0,4.977417095286936,0.03658761549259432,0.03578563286902449,0.0110568767848965,0.0,0.0,-0.022582904713064345,-0.011606636801679601,0.009446743727257914,0.0018203372967860593,0.000658725257715638,-9.88302992089022e-05,2.02560554383746,0.9966845336307195,0.021409739883277205,0.07799448852120473,0.008855688553818741,0.022631933738145354,-0.0042340245935463365,0.43688376644665505,1.0488226440798858,2.5165040703155848,0.3257535863304859
50,0.15000000000000008,5.0,0.049032564292238144,0.02545207078772929,0.009001332835624615,4.979970760289547,0.037511584663986526,0.035105296361411444,0.010947693740129865,4.979970760289547,0.037511584663986526,0.035105296361411444,0.010947693740129865,0.0,0.0,5.0,0.049032564292238144,0.02545207078772929,0.009001332835624615,0.0,0.0,4.979970760289547,0.037511584663986526,0.035105296361411444,0.010947693740129865,0.0,0.0,-0.02002923971045334,-0.011520979628251618,0.009653225573682155,0.0019463609045052496,0.00073217673775962,-0.00011295231039182803,2.026951893219402,0.9963350798908714,0.023063487225282238,0.08184019976490219,0.009309448872090668,0.024483826681327335,-0.004707337060975274,0.44878312731393405,1.1029444344265944,2.5701984487563005,0.3346663593465902
51,0.15300000000000008,5.0,0.049862339853355184,0.02455431047226313,0.00875793934671872,4.982235657968892,0.03842956227134029,0.034406985742553776,0.01082819621512976,4.982235657968892,0.03842956227134029,0.034406985742553776,0.01082819621512976,0.0,0.0,5.0,0.049862339853355184,0.02455431047226313,0.00875793934671872,0.0,0.0,4.982235657968892,0.03842956227134029,0.034406985742553776,0.01082819621512976,0.0,0.0,-0.017764342031107994,-0.011432777582014893,0.009852675270290646,0.0020702568684110387,0.0008114656099200754,-0.00012860704254285833,2.0283339114640473,0.9959588887918046,0.024799941318727498,0.08576349902887592,0.009771232343298523,0.026429624053485146,-0.005218244050343434,0.46067274821507814,1.1583354281132372,2.6228036329104416,0.3434810680276507
52,0.15600000000000008,5.0,0.05068343451594377,0.023645994146626322,0.008506580391129412,4.9842444420077765,0.039341327535884485,0.03369132713549067,0.010698533309373768,4.9842444420077765,0.039341327535884485,0.03369132713549067,0.010698533309373768,0.0,0.0,5.0,0.05068343451594377,0.023645994146626322,0.008506580391129412,0.0,0.0,4.9842444420077765,0.039341327535884485,0.03369132713549067,0.010698533309373768,0.0,0.0,-0.0157555579922235,-0.011342106980059288,0.010045332988864345,0.002191952918244356,0.0008968789915968063,-0.00014591280393783028,2.0297515634818684,0.9955546890261204,0.026620911883107425,0.08976258172514094,0.010240465353443343,0.028471127225576986,-0.0057685871316573226,0.472550672607022,1.2149832220538053,2.674296356589325,0.3521892280451842
53,0.15900000000000009,5.0,0.05149570532964361,0.022727512300154018,0.008247484583295203,4.9860260736248145,0.04024666765388314,0.03295891726678853,0.010558858797802247,4.9860260736248145,0.04024666765388314,0.03295891726678853,0.010558858797802247,0.0,0.0,5.0,0.05149570532964361,0.022727512300154018,0.008247484583295203,0.0,0.0,4.9860260736248145,0.04024666765388314,0.03295891726678853,0.010558858797802247,0.0,0.0,-0.013973926375185464,-0.011249037675760465,0.010231404966634515,0.002311374214507044,0.000988709249460966,-0.00016499352912471854,2.031204808370997,0.99512118795693,0.028528180569462415,0.09383560067865526,0.010716540386785597,0.030610085954719833,-0.006360241728962751,0.484414963042952,1.2728752877853906,2.724654390551926,0.36078248594509166
54,0.1620000000000001,5.0,0.052299010880302595,0.021799259792385194,0.007980887574428488,4.987606239116667,0.041145377054171955,0.03221032737749092,0.010409331507741829,4.987606239116667,0.041145377054171955,0.03221032737749092,0.010409331507741829,0.0,0.0,5.0,0.052299010880302595,0.021799259792385194,0.007980887574428488,0.0,0.0,4.987606239116667,0.041145377054171955,0.03221032737749092,0.010409331507741829,0.0,0.0,-0.01239376088333266,-0.01115363382613064,0.010411067585105724,0.0024284439333133404,0.0010872538400108617,-0.0001859788776619319,2.032693599445053,0.9946570722105715,0.030523500089153097,0.09798066732621155,0.011198815746006108,0.03284819684996523,-0.006995116179071116,0.4962636913519625,1.3319989874230291,2.773856486006445,0.36925262292068645
55,0.1650000000000001,5.0,0.053093211314596704,0.020861635683310724,0.0077070318381875155,4.989007720184786,0.04203725674258249,0.03144610667376728,0.010250115632795992,4.989007720184786,0.04203725674258249,0.03144610667376728,0.010250115632795992,0.0,0.0,5.0,0.053093211314596704,0.020861635683310724,0.0077070318381875155,0.0,0.0,4.989007720184786,0.04203725674258249,0.03144610667376728,0.010250115632795992,0.0,0.0,-0.010992279815213557,-0.011055954572014214,0.010584470990456556,0.002543083794608476,0.0011928151453877952,-0.00020900432993689542,2.0342178842346628,0.9941610082497346,0.03260859333737847,0.10219585284907168,0.011686615287624656,0.035187101792311194,-0.007675150758321176,0.5080949298700073,1.3923415879019871,2.8218823242727966,0.3775915588956442
56,0.1680000000000001,5.0,0.053878168364378025,0.01991504306181568,0.007426166450143213,4.990250722385774,0.042922113723400615,0.030666785369066838,0.01008138099002536,4.990250722385774,0.042922113723400615,0.030666785369066838,0.01008138099002536,0.0,0.0,5.0,0.053878168364378025,0.01991504306181568,0.007426166450143213,0.0,0.0,4.990250722385774,0.042922113723400615,0.030666785369066838,0.01008138099002536,0.0,0.0,-0.00974927761422606,-0.01095605464097741,0.010751742307251157,0.0026552145398821463,0.0013057003043208191,-0.00023421127996567002,2.035777604465488,0.9936316429256585,0.03478515250908363,0.10647918924781373,0.012179228173661997,0.03762838631100798,-0.008402316676258197,0.5199067436083465,1.4538902736451451,2.868712471884511,0.38579135686426747
57,0.1710000000000001,5.0,0.05465374537074693,0.018959888872389523,0.007138546861241582,4.991353166440714,0.04379976048911944,0.02987287736373325,0.009903303226044647,4.991353166440714,0.04379976048911944,0.02987287736373325,0.009903303226044647,0.0,0.0,5.0,0.05465374537074693,0.018959888872389523,0.007138546861241582,0.0,0.0,4.991353166440714,0.04379976048911944,0.02987287736373325,0.009903303226044647,0.0,0.0,-0.008646833559286193,-0.01085398488162749,0.010912988491343728,0.0027647563648030647,0.0014262210380753325,-0.00026174712507100325,2.0373726960152636,0.9930676040081331,0.03705483820508348,0.1108286703668328,0.012675908640496673,0.040173577918171124,-0.009178615035111073,0.5316971832585897,1.5166321577780923,2.914328340491954,0.3938442274417529
58,0.1740000000000001,5.0,0.05541980730784394,0.01799658374017892,0.00684443466546747,4.992330946603377,0.04467001457073476,0.02906488260284723,0.00971606397704695,4.992330946603377,0.04467001457073476,0.02906488260284723,0.00971606397704695,0.0,0.0,5.0,0.05541980730784394,0.01799658374017892,0.00684443466546747,0.0,0.0,4.992330946603377,0.04467001457073476,0.02906488260284723,0.00971606397704695,0.0,0.0,-0.007669053396623049,-0.01074979273710918,0.011068298862668309,0.0028716293115794806,0.0015546934712862362,-0.0002917653523328062,2.0390030888520982,0.9924675006921018,0.039419278526387394,0.11524225287501896,0.013175875785841418,0.04282414440363458,-0.010006075753934317,0.5434642789448724,1.5805542920013786,2.9587121510027417,0.40174253358186185
59,0.1770000000000001,5.0,0.05617622080635743,0.01702554179445798,0.006544097361921295,4.99319815981226,0.04553269814170711,0.028243289148462324,0.009519850987220161,4.99319815981226,0.04553269814170711,0.028243289148462324,0.009519850987220161,0.0,0.0,5.0,0.05617622080635743,0.01702554179445798,0.006544097361921295,0.0,0.0,4.99319815981226,0.04553269814170711,0.028243289148462324,0.009519850987220161,0.0,0.0,-0.006801840187740105,-0.010643522664650323,0.011217747354004343,0.0029757536252988668,0.0016914379475618485,-0.0003244256217015728,2.04066870695603,0.9918299240797376,0.0418800681548478,0.11971785720831721,0.013678313374744079,0.04558149209187081,-0.010886756456255529,0.5552060346438603,1.6456436752178327,3.001846901460846,0.4094787954235912
60,0.1800000000000001,5.0,0.05692285417674286,0.016047180490592318,0.006237808111524858,4.993967308930209,0.04638763766949164,0.0274085749983177,0.009314858189536776,4.993967308930209,0.04638763766949164,0.0274085749983177,0.009314858189536776,0.0,0.0,5.0,0.05692285417674286,0.016047180490592318,0.006237808111524858,0.0,0.0,4.993967308930209,0.04638763766949164,0.0274085749983177,0.009314858189536776,0.0,0.0,-0.006032691069790985,-0.01053521650725122,0.011361394507725383,0.0030770500780119177,0.0018367788397498888,-0.0003598938456616645,2.042369468225637,0.9911534476369409,0.04443876741837613,0.12425336847914324,0.01418236966550418,0.048446964062680106,-0.011822741320030578,0.5669204232022802,1.7118872610027676,3.043716338224041,0.4170456952321826
61,0.1830000000000001,5.0,0.057659577432149486,0.015061920430573012,0.0059258454885777806,4.994649483001801,0.04723466360922612,0.02656120967949202,0.00910128575247024,4.994649483001801,0.04723466360922612,0.02656120967949202,0.00910128575247024,0.0,0.0,5.0,0.057659577432149486,0.015061920430573012,0.0059258454885777806,0.0,0.0,4.994649483001801,0.04723466360922612,0.02656120967949202,0.00910128575247024,0.0,0.0,-0.005350516998198884,-0.01042491382292337,0.011499289248919008,0.003175440263892459,0.001991044354761542,-0.0003983422653276494,2.0441052843713057,0.9904366276232847,0.047096901339074675,0.12884663735697624,0.014687157256387733,0.051421838337217717,-0.012816139888661628,0.578605381889672,1.7792719639960886,3.084304930050955,0.42443608240314157
62,0.1860000000000001,5.0,0.05838626231105085,0.014070185182197907,0.005608493227390286,4.995254517127295,0.048073610134778594,0.025701655642252085,0.008879340095811853,4.995254517127295,0.048073610134778594,0.025701655642252085,0.008879340095811853,0.0,0.0,5.0,0.05838626231105085,0.014070185182197907,0.005608493227390286,0.0,0.0,4.995254517127295,0.048073610134778594,0.025701655642252085,0.008879340095811853,0.0,0.0,-0.0047454828727051535,-0.01031265217627226,0.011631470460054178,0.0032708468684215664,0.002154566332853906,-0.00043994952285297687,2.045876060796599,0.9896780034945263,0.049855958662723375,0.13349548092386784,0.015191752954019061,0.054507326030787874,-0.013869085841775822,0.5902588084311603,1.8477846652876526,3.1235978447547077,0.4316429785009172
63,0.1890000000000001,5.0,0.05910278229957466,0.013072401096977876,0.005286039964222951,4.9957911342581065,0.048904314902898476,0.024830369476502752,0.008649233878426626,4.9957911342581065,0.048904314902898476,0.024830369476502752,0.008649233878426626,0.0,0.0,5.0,0.05910278229957466,0.013072401096977876,0.005286039964222951,0.0,0.0,4.9957911342581065,0.048904314902898476,0.024830369476502752,0.008649233878426626,0.0,0.0,-0.004208865741893497,-0.010198467396676188,0.011757968379524876,0.003363193914203675,0.0023276800412749886,-0.00048490073002616996,2.047681696469013,0.9888760982768942,0.05271739086813983,0.1381976835080869,0.015695197664328777,0.057704569473694185,-0.014983735724397705,0.6018785574713444,1.917412216860544,3.161580928120688,0.4386595823065512
64,0.19200000000000012,5.0,0.05980901265352858,0.012068997126846405,0.00495877897476804,4.996267070958116,0.04972661884669554,0.02394780297071929,0.008411185960489438,4.996267070958116,0.04972661884669554,0.02394780297071929,0.008411185960489438,0.0,0.0,5.0,0.05980901265352858,0.012068997126846405,0.00495877897476804,0.0,0.0,4.996267070958116,0.04972661884669554,0.02394780297071929,0.008411185960489438,0.0,0.0,-0.0037329290418837147,-0.01008239380683304,0.011878805843872886,0.0034524069857213976,0.002510723962178886,-0.0005333875329253994,2.049522083781291,0.988029418912454,0.055682611154998785,0.14295099749865592,0.01619649630694112,0.06101464030129917,-0.016162267633076478,0.613462437426017,1.9881414451511465,3.19824068482195,0.4454792748509838
65,0.19500000000000012,5.0,0.06050483042011778,0.011060404639751074,0.004627007907411215,4.996689188943939,0.050540365995097855,0.023054404031003926,0.00816542134247992,4.996689188943939,0.050540365995097855,0.023054404031003926,0.00816542134247992,0.0,0.0,5.0,0.06050483042011778,0.011060404639751074,0.004627007907411215,0.0,0.0,4.996689188943939,0.050540365995097855,0.023054404031003926,0.00816542134247992,0.0,0.0,-0.003310811056061347,-0.009964464425019928,0.011993999391252851,0.003538413435068705,0.00270403957472183,-0.0005856081724977535,2.051397108404341,0.9871364565749688,0.058752993408756685,0.14775314414312335,0.016694617753891236,0.06443853751431476,-0.01740687985745136,0.6250082076833988,2.0599591537798676,3.233564261097583,0.4520956244128352
66,0.19800000000000012,5.0,0.06119011445935077,0.010047057234206699,0.004291028512516226,4.99706357401227,0.051345403315317874,0.022150617475921917,0.007912171082981867,4.99706357401227,0.051345403315317874,0.022150617475921917,0.007912171082981867,0.0,0.0,5.0,0.06119011445935077,0.010047057234206699,0.004291028512516226,0.0,0.0,4.99706357401227,0.051345403315317874,0.022150617475921917,0.007912171082981867,0.0,0.0,-0.002936425987729585,-0.009844711144032896,0.012103560241715218,0.003621142570465641,0.002907971131252499,-0.0006417675409247196,2.053306649132704,0.9861956869557738,0.061929871141377525,0.15260181433054762,0.017188494793573303,0.06797718551022287,-0.018719789475655363,0.6365135761210169,2.1328521255020423,3.2675394289876447,0.4585023914613894
67,0.20100000000000012,5.0,0.0618647454651295,0.009029390552889142,0.003951146367978783,4.997395623780576,0.05214158057569143,0.02123688572101103,0.007651672197127216,4.997395623780576,0.05214158057569143,0.02123688572101103,0.007651672197127216,0.0,0.0,5.0,0.0618647454651295,0.009029390552889142,0.003951146367978783,0.0,0.0,4.997395623780576,0.05214158057569143,0.02123688572101103,0.007651672197127216,0.0,0.0,-0.0026043762194243314,-0.009723164889438071,0.012207495168121887,0.0037005258291484327,0.003122865427512333,-0.0007020772336303303,2.055250577723429,0.9852055705193035,0.06521453640660112,0.15749466936134365,0.01767702412083328,0.0716314320866114,-0.02010323090187023,0.6479761969082983,2.2068071234248006,3.3001545719432555,0.46469353352722437
68,0.20400000000000013,5.0,0.06252860598602022,0.008007842095350716,0.003607670601299252,4.997690125506092,0.05292875022655192,0.020313649365295876,0.007384167537342586,4.997690125506092,0.05292875022655192,0.020313649365295876,0.007384167537342586,0.0,0.0,5.0,0.06252860598602022,0.008007842095350716,0.003607670601299252,0.0,0.0,4.997690125506092,0.05292875022655192,0.020313649365295876,0.007384167537342586,0.0,0.0,-0.0023098744939078486,-0.009599855759468305,0.01230580726994516,0.003776496936043334,0.0033490715667636598,-0.0007667555967830952,2.0572287587291345,0.9841645527280337,0.0686082386885331,0.1624293417053533,0.018159066354135518,0.07540204641710892,-0.02155945438425497,0.6593936685684737,2.281810891532481,3.3313986716526207,0.47066320998447275
69,0.20700000000000013,5.0,0.0631815804457015,0.006982851029937025,0.0032609136084269185,4.9979513251051015,0.05370676729706579,0.0193813476907531,0.007109905657895455,4.9979513251051015,0.05370676729706579,0.0193813476907531,0.007109905657895455,0.0,0.0,5.0,0.0631815804457015,0.006982851029937025,0.0032609136084269185,0.0,0.0,4.9979513251051015,0.05370676729706579,0.0193813476907531,0.007109905657895455,0.0,0.0,-0.0020486748948984612,-0.009474813148635713,0.012398496660816076,0.0038489920494685363,0.0035869407177651913,-0.0008360277701372244,2.059241049325964,0.9830710642367252,0.07211218376237045,0.1674034357492462,0.0186334460807497,0.07928971700051056,-0.023090724451376426,0.6707635322765251,2.3578501545604107,3.3612612959433705,0.4764057867300898
70,0.21000000000000013,5.0,0.0638235551630857,0.005954858004986517,0.0029111907696315826,4.9981829883675255,0.05447548930618971,0.01844041908444439,0.006829140664594745,4.9981829883675255,0.05447548930618971,0.01844041908444439,0.006829140664594745,0.0,0.0,5.0,0.0638235551630857,0.005954858004986517,0.0029111907696315826,0.0,0.0,4.9981829883675255,0.05447548930618971,0.01844041908444439,0.006829140664594745,0.0,0.0,-0.0018170116324744967,-0.009348065856895994,0.012485561079457872,0.003917949894963162,0.0038368258665160207,-0.0009101257250527517,2.061287299137082,0.9819235210559942,0.07572753252610608,0.17241452853413342,0.019098951930924094,0.08329504958360982,-0.024699318305175744,0.6820832703727188,2.434911617254547,3.389732587638986,0.48191584074675997
71,0.21300000000000013,5.0,0.0644544183721106,0.004924304959393749,0.002558820162660819,4.998388455249406,0.05523477618611715,0.01749130139194464,0.00654213205087483,4.998388455249406,0.05523477618611715,0.01749130139194464,0.00654213205087483,0.0,0.0,5.0,0.0644544183721106,0.004924304959393749,0.002558820162660819,0.0,0.0,4.998388455249406,0.05523477618611715,0.01749130139194464,0.00654213205087483,0.0,0.0,-0.0016115447505944402,-0.009219642185993457,0.012566996432550891,0.003983311888214011,0.00409908156169058,-0.0009892882975279739,2.063367350052303,0.9807203246853707,0.07945539980208377,0.17746017048408028,0.01955433668203195,0.08741856505818668,-0.026387524158407418,0.693350305073776,2.5129819630524546,3.4168032542624567,0.4871881645372091
72,0.21600000000000014,5.0,0.0650740602411975,0.0038916349326178646,0.0022041222734438997,4.998570688026014,0.055984490216766526,0.016534432209725895,0.006249144521380848,4.998570688026014,0.055984490216766526,0.016534432209725895,0.006249144521380848,0.0,0.0,5.0,0.0650740602411975,0.0038916349326178646,0.0022041222734438997,0.0,0.0,4.998570688026014,0.055984490216766526,0.016534432209725895,0.006249144521380848,0.0,0.0,-0.0014293119739861027,-0.00908957002443097,0.01264279727710803,0.004045022247936948,0.004374063653688236,-0.0010737612160711468,2.065481036044401,0.9794598622161511,0.08329685310730037,0.18253788612603403,0.019998317393700633,0.09166069733255164,-0.02815763951439098,0.7045619973659848,2.59204785221942,3.442464558493923,0.4922177704187212
73,0.21900000000000014,5.0,0.06568237289237264,0.002857291874217812,0.0018474197046054134,4.998732313999827,0.0567244959700261,0.015570249123300546,0.005950447804075003,4.998732313999827,0.0567244959700261,0.015570249123300546,0.005950447804075003,0.0,0.0,5.0,0.06568237289237264,0.002857291874217812,0.0018474197046054134,0.0,0.0,4.998732313999827,0.0567244959700261,0.015570249123300546,0.005950447804075003,0.0,0.0,-0.0012676860001725743,-0.008957876922346536,0.012712957249082734,0.00410302809946959,0.004662129027222264,-0.0011637971242316031,2.0676281829826006,0.9781405064045032,0.0872529113913755,0.18764517480153622,0.020429575574956903,0.09602179117800946,-0.030011969386818806,0.7157156460665781,2.6720959194720764,3.4667083093010898,0.49699989466759603
74,0.22200000000000014,5.0,0.06627925042004852,0.0018217204529965632,0.0014890368820537254,4.998875663379106,0.0574546602626159,0.014599189897167086,0.005646316451796847,4.998875663379106,0.0574546602626159,0.014599189897167086,0.005646316451796847,0.0,0.0,5.0,0.06627925042004852,0.0018217204529965632,0.0014890368820537254,0.0,0.0,4.998875663379106,0.0574546602626159,0.014599189897167086,0.005646316451796847,0.0,0.0,-0.0011243366208937289,-0.008824590157432623,0.012777469444170523,0.0041572795697431214,0.004963635327374018,-0.001259655597603404,2.0698086084437253,0.9767606157154342,0.09132454374113391,0.19277951137046453,0.020846757384447103,0.10050210005058481,-0.031952824457266944,0.7268084870415249,2.753112771120699,3.489526853671825,0.5015300015041383
75,0.22500000000000014,5.0,0.06686458890946165,0.0007853658658357873,0.0011292997599111388,4.999002802873179,0.05817485211655535,0.01362169262192736,0.005337029634133912,4.999002802873179,0.05817485211655535,0.01362169262192736,0.005337029634133912,0.0,0.0,5.0,0.06686458890946165,0.0007853658658357873,0.0011292997599111388,0.0,0.0,4.999002802873179,0.05817485211655535,0.01362169262192736,0.005337029634133912,0.0,0.0,-0.0009971971268205593,-0.0086897367929063,0.012836326756091573,0.0042077298742227735,0.005278940679039055,-0.0013616031551072923,2.072022121521434,0.9753185343383909,0.09551266805076826,0.19793834690694534,0.021248473864817253,0.10510178388834587,-0.03398251916796278,0.737837692569521,2.835084981760354,3.510913068887761,0.5058037869095535
76,0.22800000000000015,5.0,0.06743828645476392,-0.00025132635369616915,0.0007685355240541223,4.999115565488787,0.058884942726339214,0.012638195823346476,0.005022870920391478,4.999115565488787,0.058884942726339214,0.012638195823346476,0.005022870920391478,0.0,0.0,5.0,0.06743828645476392,-0.00025132635369616915,0.0007685355240541223,0.0,0.0,4.999115565488787,0.058884942726339214,0.012638195823346476,0.005022870920391478,0.0,0.0,-0.0008844345112128948,-0.008553343728424707,0.012889522177042645,0.004254335396337356,0.005608403399693071,-0.0014699132643491034,2.074268522633964,0.9738125921754275,0.09981814965657615,0.20311910938749256,0.02163330121236544,0.10982090688467196,-0.03610336974727032,0.7488003708434561,2.9179990905402238,3.5308603552859927,0.5098171822668432
77,0.23100000000000015,5.0,0.06800024317676412,-0.001287910526881283,0.00040707229453324054,4.999215576957067,0.05958480543202558,0.011649138537596094,0.0047041280543905425,4.999215576957067,0.05958480543202558,0.011649138537596094,0.0047041280543905425,0.0,0.0,5.0,0.06800024317676412,-0.001287910526881283,0.00040707229453324054,0.0,0.0,4.999215576957067,0.05958480543202558,0.011649138537596094,0.0047041280543905425,0.0,0.0,-0.0007844230429325805,-0.00841543774473854,0.012937049064477377,0.004297055759857302,0.005952381705406579,-0.0015848663408449014,2.07654760333077,0.9722411048030373,0.10424179993529091,0.2083192043713616,0.021999781083107118,0.11465943523783623,-0.038317692165265996,0.7596935656019793,3.00184159703976,3.549362629463287,0.5135663578184527
78,0.23400000000000015,5.0,0.06855036124031662,-0.0023239410214511485,4.52388271434403e-05,4.999304279172192,0.06027431569752929,0.010654960356451562,0.0043810927217703905,4.999304279172192,0.06027431569752929,0.010654960356451562,0.0043810927217703905,0.0,0.0,5.0,0.06855036124031662,-0.0023239410214511485,4.52388271434403e-05,0.0,0.0,4.999304279172192,0.06027431569752929,0.010654960356451562,0.0043810927217703905,0.0,0.0,-0.0006957208278084437,-0.008276045542787325,0.01297890137790271,0.00433585389462695,0.006311233410038532,-0.001706749740894979,2.078859146098425,0.9706023734089203,0.10878437486505495,0.21353601567305594,0.022346420936422952,0.11961723487731758,-0.04062780001669254,0.7705142558850189,3.0865989567797327,3.5664143178836514,0.5170477259340386
79,0.23700000000000015,5.0,0.0690885448713542,-0.0033589724431663257,-0.0003166357855838808,4.999382950979567,0.06095335109349374,0.009656101445796293,0.004054060310425636,4.999382950979567,0.06095335109349374,0.009656101445796293,0.004054060310425636,0.0,0.0,5.0,0.0690885448713542,-0.0033589724431663257,-0.0003166357855838808,0.0,0.0,4.999382950979567,0.06095335109349374,0.009656101445796293,0.004054060310425636,0.0,0.0,-0.0006170490204331358,-0.008135193777860455,0.013015073888962617,0.004370696096009517,0.006685315617540476,-0.0018358577478804743,2.0812029241661496,0.9688946847051312,0.11344657354811556,0.21876690602688936,0.02267169441748833,0.12469406916731457,-0.043036002328498385,0.7812593559082308,3.1722575763957797,3.5820103508557817,0.5202579441822879
80,0.24000000000000016,5.0,0.06961470037356209,-0.004392559827293354,-0.0006782224136950729,4.999452726613321,0.06162179128418442,0.008653002540416786,0.00372332966466657,4.999452726613321,0.06162179128418442,0.008653002540416786,0.00372332966466657,0.0,0.0,5.0,0.06961470037356209,-0.004392559827293354,-0.0006782224136950729,0.0,0.0,4.999452726613321,0.06162179128418442,0.008653002540416786,0.00372332966466657,0.0,0.0,-0.0005472733866787038,-0.007992909089377664,0.01304556236771014,0.004401552078361643,0.007074984407304511,-0.001972491551747759,2.083578701311307,0.9671163108192212,0.11822903669435902,0.22400921774348584,0.022974041779714103,0.12988959658801152,-0.04554460128909484,0.7919257150523867,3.258803808501659,3.5961461568518702,0.523193918201251
81,0.24300000000000016,5.0,0.07012873614469019,-0.005424258829897105,-0.0010391921891624739,4.999514612048883,0.06227951801791031,0.007646104917743697,0.0033892028336554125,4.999514612048883,0.06227951801791031,0.007646104917743697,0.0033892028336554125,0.0,0.0,5.0,0.07012873614469019,-0.005424258829897105,-0.0010391921891624739,0.0,0.0,4.999514612048883,0.06227951801791031,0.007646104917743697,0.0033892028336554125,0.0,0.0,-0.00048538795111685573,-0.007849218126779876,0.013070363747640801,0.004428395022817886,0.007480594512490237,-0.0021169592214369463,2.085986231665201,0.9652655091651754,0.12313234506483747,0.22926027335809337,0.023251870348458457,0.13520336839524205,-0.04815588989639582,0.8025101179646575,3.3462239462691072,3.6088176571436494,0.5258528043621432
82,0.24600000000000016,5.0,0.07063056269250086,-0.006453625918866352,-0.0013992168049943964,4.999569499506419,0.06292641512053467,0.006635850352903334,0.0030519848146390496,4.999569499506419,0.06292641512053467,0.006635850352903334,0.0030519848146390496,0.0,0.0,5.0,0.07063056269250086,-0.006453625918866352,-0.0013992168049943964,0.0,0.0,4.999569499506419,0.06292641512053467,0.006635850352903334,0.0030519848146390496,0.0,0.0,-0.0004305004935813983,-0.007704147571966191,0.013089476271769686,0.004451201619633446,0.007902498991268164,-0.0022695756700018737,2.08842525951951,0.9633405222961163,0.12815701787448738,0.23451737627059413,0.02350355502730091,0.14063482625930918,-0.05087214952164239,0.813009284769633,3.4345042177509155,3.620021260735327,0.5282320122220315
83,0.24900000000000017,5.0,0.07112009265034913,-0.0074802185645901,-0.0017579688138349002,4.999618180314226,0.06356236849168584,0.00562268105718595,0.002711983291470607,4.999618180314226,0.06356236849168584,0.00562268105718595,0.002711983291470607,0.0,0.0,5.0,0.07112009265034913,-0.0074802185645901,-0.0017579688138349002,0.0,0.0,4.999618180314226,0.06356236849168584,0.00562268105718595,0.002711983291470607,0.0,0.0,-0.0003818196857743317,-0.007557724158663293,0.013102899621776048,0.0044699521053055075,0.008341048890919727,-0.0024306626121597614,2.090895519133676,0.9613395777409315,0.13330351115328817,0.23977781137711293,0.023727438848200343,0.14618329988385453,-0.05369564738596263,0.8234198713887293,3.523630779973619,3.62975385957644,0.530329206761263
84,0.25200000000000017,5.0,0.07159724079239321,-0.008503595430203256,-0.002115121925781658,4.999661356317546,0.06418726610332269,0.0046070396018083005,0.0023695083688872,4.999661356317546,0.06418726610332269,0.0046070396018083005,0.0023695083688872,0.0,0.0,5.0,0.07159724079239321,-0.008503595430203256,-0.002115121925781658,0.0,0.0,4.999661356317546,0.06418726610332269,0.0046070396018083005,0.0023695083688872,0.0,0.0,-0.0003386436824541761,-0.007409974689070523,0.013110635032011556,0.004484630294668859,0.008796592904737196,-0.002600548513999481,2.093396734543578,0.9592608878271613,0.1385722160651637,0.24503884569315693,0.023921833566890177,0.15184800460582262,-0.05662863394657313,0.8337384699674052,3.6135897128260037,3.6380128240405396,0.5321423104019002
85,0.25500000000000017,5.0,0.07206192404843187,-0.009523316561319212,-0.0024703513051511305,4.999699649997266,0.06480099800034769,0.0035893688286449668,0.002024872302989121,4.999699649997266,0.06480099800034769,0.0035893688286449668,0.002024872302989121,0.0,0.0,5.0,0.07206192404843187,-0.009523316561319212,-0.0024703513051511305,0.0,0.0,4.999699649997266,0.06480099800034769,0.0035893688286449668,0.002024872302989121,0.0,0.0,-0.0003003500027336514,-0.007260926048084176,0.013112685389964178,0.004495223608140251,0.009269477021670415,-0.002779568534567966,2.095928619371809,0.957102649492664,0.1439634571839924,0.2502977289682615,0.02408502030489468,0.1576280389777401,-0.05967334018949498,0.8439616094103154,3.704367012769453,3.644795998658143,0.5336695048038205
86,0.2580000000000002,5.0,0.07251406151836685,-0.010538943575168339,-0.0028233338659211012,4.999733613444407,0.06540345630299528,0.0025701117494228787,0.0016783892283461538,4.999733613444407,0.06540345630299528,0.0025701117494228787,0.0016783892283461538,0.0,0.0,5.0,0.07251406151836685,-0.010538943575168339,-0.0028233338659211012,0.0,0.0,4.999733613444407,0.06540345630299528,0.0025701117494228787,0.0016783892283461538,0.0,0.0,-0.0002663865555927458,-0.007110605215371574,0.013109055324591216,0.004501723094267255,0.009760044168671593,-0.002968064459044872,2.0984908766398847,0.9548630440887569,0.14947749072615948,0.25555169429217084,0.02421525023958113,0.1635223823337258,-0.06283197482563534,0.854085756025209,3.7959485863959874,3.650101698094546,0.5349092324355119
87,0.2610000000000002,5.0,0.07295357448628732,-0.011550039849060703,-0.0031737485655818744,4.999763736319778,0.06599453521075353,0.001549711434713797,0.0013303748821393631,4.999763736319778,0.06599453521075353,0.001549711434713797,0.0013303748821393631,0.0,0.0,5.0,0.07295357448628732,-0.011550039849060703,-0.0031737485655818744,0.0,0.0,4.999763736319778,0.06599453521075353,0.001549711434713797,0.0013303748821393631,0.0,0.0,-0.00023626368022178212,-0.00695903927553379,0.0130997512837745,0.004504123447721237,0.010268633845694186,-0.0031663846232061013,2.1010831985827156,0.9525402371777102,0.15511450273916147,0.2607979586926427,0.02431074534369269,0.16952989234086416,-0.06610672138707649,0.8641073142770104,3.8883202438597095,3.6539287033649934,0.5358601979169498
88,0.2640000000000002,5.0,0.07338038643417413,-0.012556170708092168,-0.0035212766971288658,4.999790452913557,0.06657413100760413,0.0005286108939178736,0.0009811463257312736,4.999790452913557,0.06657413100760413,0.0005286108939178736,0.0009811463257312736,0.0,0.0,5.0,0.07338038643417413,-0.012556170708092168,-0.0035212766971288658,0.0,0.0,4.999790452913557,0.06657413100760413,0.0005286108939178736,0.0009811463257312736,0.0,0.0,-0.00020954708644271847,-0.006806255426569999,0.013084781602010043,0.004502423022860139,0.010795581753307634,-0.0033748838288673562,2.103705266465678,0.9501323783276513,0.16087460724585662,0.26603372372504275,0.024369699175836573,0.17564930253781605,-0.06949973522041832,0.8740226276541254,3.981467692207194,3.6562762582812494,0.5365213691322834
89,0.2670000000000002,5.0,0.07379442305522135,-0.013556903612013088,-0.0038656021789310194,4.999814148406579,0.06714214206838985,-0.0004927470526942721,0.0006310216640436608,4.999814148406579,0.06714214206838985,-0.0004927470526942721,0.0006310216640436608,0.0,0.0,5.0,0.07379442305522135,-0.013556903612013088,-0.0038656021789310194,0.0,0.0,4.999814148406579,0.06714214206838985,-0.0004927470526942721,0.0006310216640436608,0.0,0.0,-0.00018585159342077162,-0.006652280986831502,0.013064156559318816,0.0044966238429746805,0.011341219412896043,-0.0035939232499894776,2.1063567504046268,0.9476376009081098,0.16675784434404906,0.27125617605397034,0.024390277723430588,0.18187921986280314,-0.07301314037404054,0.8838279796495857,4.075376528632213,3.6571440661250114,0.5368919781103876
90,0.2700000000000002,5.0,0.07419561226677293,-0.014551808341179435,-0.004206411842211418,4.999835164423598,0.0676984688661398,-0.001513919908924934,0.00028031976310990124,4.999835164423598,0.0676984688661398,-0.001513919908924934,0.00028031976310990124,0.0,0.0,5.0,0.07419561226677293,-0.014551808341179435,-0.004206411842211418,0.0,0.0,4.999835164423598,0.0676984688661398,-0.001513919908924934,0.00028031976310990124,0.0,0.0,-0.00016483557640167845,-0.006497143400633135,0.0130378884322545,0.004486731605321319,0.011905873779416216,-0.003823870329118036,2.1090373091892074,0.9450540218896097,0.17276417826119492,0.2764624880272521,0.02437062029963904,0.18821812217339073,-0.07664902637618608,0.8935195948601908,4.170032233679991,3.656532286544683,0.5369715216716524
91,0.2730000000000002,5.0,0.07458388422287202,-0.01554045718150602,-0.0045433957158786,4.999853803958591,0.0682430139802017,-0.0025344656437210566,-7.064003384213381e-05,4.999853803958591,0.0682430139802017,-0.0025344656437210566,-7.064003384213381e-05,0.0,0.0,5.0,0.07458388422287202,-0.01554045718150602,-0.0045433957158786,0.0,0.0,4.999853803958591,0.0682430139802017,-0.0025344656437210566,-7.064003384213381e-05,0.0,0.0,-0.00014619604140886366,-0.006340870242670313,0.013005991537784964,0.004472755682036466,0.012489866846698632,-0.004065098663820502,2.1117465901098296,0.9423797416508841,0.17889349536413032,0.2816498182427329,0.024308840495855084,0.1946643557608054,-0.08040944490082191,0.9030936402073267,4.265420164426013,3.6544415326729984,0.5367597618396899
92,0.2760000000000002,5.0,0.07495917132642106,-0.016522425108342922,-0.0048762473084495534,4.999870335743108,0.06877568210504727,-0.003553942837604924,-0.0004215381914305263,4.999870335743108,0.06877568210504727,-0.003553942837604924,-0.0004215381914305263,0.0,0.0,5.0,0.07495917132642106,-0.016522425108342922,-0.0048762473084495534,0.0,0.0,4.999870335743108,0.06877568210504727,-0.003553942837604924,-0.0004215381914305263,0.0,0.0,-0.00012966425689242556,-0.006183489221373795,0.012968482270737998,0.0044547091170190276,0.013093515245284215,-0.00431798788277542,2.1144842287886805,0.9396128437974529,0.18514560212384346,0.28681531210840167,0.024203027191311646,0.20121613286186077,-0.08429640631830616,0.9125462262836377,4.361525547654194,3.6508728684637237,0.5362567260169322
93,0.2790000000000002,5.0,0.0753214082409502,-0.01749728996919536,-0.005204663886807929,4.999884998120651,0.06929638005963155,-0.004571910833772255,-0.0007720552679459055,4.999884998120651,0.06929638005963155,-0.004571910833772255,-0.0007720552679459055,0.0,0.0,5.0,0.0753214082409502,-0.01749728996919536,-0.005204663886807929,0.0,0.0,4.999884998120651,0.06929638005963155,-0.004571910833772255,-0.0007720552679459055,0.0,0.0,-0.00011500187934920802,-0.006025028181318642,0.012925379135423104,0.0044326086188620235,0.013717129832799997,-0.004582923511159373,2.117249849015171,0.9367513949954693,0.1915202230354429,0.29195610239649844,0.02405124562142575,0.2078715291719276,-0.08831187612798432,0.9218734088302025,4.458333473058975,3.6458278062462526,0.5354627069233859
94,0.2820000000000002,5.0,0.07567053190199219,-0.018464632665209067,-0.005528346751544016,4.9998980024829445,0.0698050167972003,-0.005587929893235222,-0.0011218722016350887,4.9998980024829445,0.0698050167972003,-0.005587929893235222,-0.0011218722016350887,0.0,0.0,5.0,0.07567053190199219,-0.018464632665209067,-0.005528346751544016,0.0,0.0,4.9998980024829445,0.0698050167972003,-0.005587929893235222,-0.0011218722016350887,0.0,0.0,-0.00010199751705552984,-0.005865515104791885,0.012876702771973845,0.004406474549908928,0.014361015276888316,-0.004860296824969234,2.120043062586219,0.9337934448248919,0.19801699849361803,0.29706930979236684,0.023851538506502127,0.21462848136277274,-0.09245777126995378,0.931071190349324,4.555828886495664,3.6393083044973764,0.5343782622980867
95,0.2850000000000002,5.0,0.07600648152806176,-0.019424037331342788,-0.005847001508625957,4.999909536317629,0.0703015034154512,-0.0066015613534492375,-0.0014706705971200761,4.999909536317629,0.0703015034154512,-0.0066015613534492375,-0.0014706705971200761,0.0,0.0,5.0,0.07600648152806176,-0.019424037331342788,-0.005847001508625957,0.0,0.0,4.999909536317629,0.0703015034154512,-0.0066015613534492375,-0.0014706705971200761,0.0,0.0,-9.04636823708671e-05,-0.005704978112610559,0.01282247597789355,0.0043763309115058815,0.01502546963071683,-0.005150504693909361,2.1228634691517945,0.9307370256561954,0.2046354826240408,0.3021520434389404,0.02360192724244025,0.22148478460950527,-0.09673595631337571,0.9401355218584687,4.653996583303067,3.631316765829828,0.5330042143630721
96,0.2880000000000002,5.0,0.0763291986312375,-0.020375091515150545,-0.006160338337155185,4.999919765911325,0.07078575316696517,-0.0076123677899167215,-0.0018181330116375104,4.999919765911325,0.07078575316696517,-0.0076123677899167215,-0.0018181330116375104,0.0,0.0,5.0,0.0763291986312375,-0.020375091515150545,-0.006160338337155185,0.0,0.0,4.999919765911325,0.07078575316696517,-0.0076123677899167215,-0.0018181330116375104,0.0,0.0,-8.023408867519066e-05,-0.005543445464272323,0.012762723725233825,0.004342205325517675,0.01571078390111076,-0.005453949412465997,2.1257106560661683,0.9275801525549742,0.21137514107132252,0.30720140147787584,0.02330041315510458,0.22843809013131028,-0.1011482395188787,0.9490623047913136,4.752821201722113,3.6218560351974,0.5313416490499588
97,0.2910000000000002,5.0,0.07663862702734446,-0.021317386354096822,-0.006468072252962535,4.999928838747032,0.07125768146983313,-0.008619913180309451,-0.002163943240790033,4.999928838747032,0.07125768146983313,-0.008619913180309451,-0.002163943240790033,0.0,0.0,5.0,0.07663862702734446,-0.021317386354096822,-0.006468072252962535,0.0,0.0,4.999928838747032,0.07125768146983313,-0.008619913180309451,-0.002163943240790033,0.0,0.0,-7.116125296757758e-05,-0.005380945557511327,0.01269747317378737,0.004304129012172501,0.01641724160936411,-0.00577103851878437,2.128584198245325,0.9243208232189305,0.2182353487443176,0.3122144715884794,0.02294497882003032,0.23548590275111633,-0.10569636877279091,0.9578473930522435,4.85228721643386,3.610929398316544,0.5293919149894705
98,0.2940000000000002,5.0,0.07693471284573564,-0.022250516751328504,-0.006769923367805274,4.999936885630441,0.07171720591841185,-0.009623763070693913,-0.0025077866035068596,4.999936885630441,0.07171720591841185,-0.009623763070693913,-0.0025077866035068596,0.0,0.0,5.0,0.07693471284573564,-0.022250516751328504,-0.006769923367805274,0.0,0.0,4.999936885630441,0.07171720591841185,-0.009623763070693913,-0.0025077866035068596,0.0,0.0,-6.311436955908079e-05,-0.005217506927323784,0.012626753680634591,0.004262136764298414,0.017145118344803624,-0.006102184600957846,2.131483658031018,0.9209570179518707,0.22521538751975345,0.31718833152570836,0.02253358944914591,0.2426255784798376,-0.11038202739115875,0.9664865952310168,4.952378932239896,3.5985405803043653,0.5271566222645194
99,0.2970000000000002,5.0,0.07721740453867075,-0.023174081549827752,-0.007065617143929318,4.999944022575788,0.07216424629414983,-0.010623484743482247,-0.0028493502259164596,4.999944022575788,0.07216424629414983,-0.010623484743482247,-0.0028493502259164596,0.0,0.0,5.0,0.07721740453867075,-0.023174081549827752,-0.007065617143929318,0.0,0.0,4.999944022575788,0.07216424629414983,-0.010623484743482247,-0.0028493502259164596,0.0,0.0,-5.5977424212372284e-05,-0.0050531582445209194,0.012550596806345505,0.004216266918012858,0.017894681311197674,-0.00644780509033313,2.134408585061972,0.9174866996794517,0.23231444390536898,0.32212004965866387,0.022064194346198655,0.24985432213135017,-0.11520682979176118,0.9749756769846619,5.0530804779077085,3.5846937445328324,0.5246376409276963
100,0.3000000000000002,5.0,0.07748665289029051,-0.024087683704871285,-0.007354884643765113,4.999950352478471,0.07259872457643055,-0.011618647386765206,-0.0031883233238395024,4.999950352478471,0.07259872457643055,-0.011618647386765206,-0.0031883233238395024,0.0,0.0,5.0,0.07748665289029051,-0.024087683704871285,-0.007354884643765113,0.0,0.0,4.999950352478471,0.07259872457643055,-0.011618647386765206,-0.0031883233238395024,0.0,0.0,-4.964752152858409e-05,-0.0048879283138599655,0.012469036318106079,0.004166561319925611,0.0186661888661224,-0.006808322041430967,2.1373585161527537,0.913907814011534,0.23953160666395693,0.32700668551113526,0.021534728432570486,0.25716918497490837,-0.1201723170326122,0.9833103635939953,5.154375800203199,3.5693934916988788,0.5218370992842674
101,0.3030000000000002,5.0,0.07774241102518503,-0.024990930454721796,-0.0076374627745300645,4.999955966598524,0.07302056495338609,-0.012608822264713632,-0.0035243974836152913,4.999955966598524,0.07302056495338609,-0.012608822264713632,-0.0035243974836152913,0.0,0.0,5.0,0.07774241102518503,-0.024990930454721796,-0.0076374627745300645,0.0,0.0,4.999955966598524,0.07302056495338609,-0.012608822264713632,-0.0035243974836152913,0.0,0.0,-4.403340147618451e-05,-0.0047218460717989436,0.012382108190008165,0.004113065290914773,0.01945989005341923,-0.0071841618980782495,2.140332975180861,0.9102182893560974,0.24686586439993177,0.3318452903058938,0.02094311384516703,0.2645670624322768,-0.12527995221576108,0.9914863427024437,5.256248658132031,3.5526448591098387,0.5187573819420213
102,0.3060000000000002,5.0,0.07798463441655465,-0.025883433489477876,-0.007913094527515048,4.9999609458763326,0.07342969383263952,-0.013593582888761727,-0.0038572669409798,4.9999609458763326,0.07342969383263952,-0.013593582888761727,-0.0038572669409798,0.0,0.0,5.0,0.07798463441655465,-0.025883433489477876,-0.007913094527515048,0.0,0.0,4.9999609458763326,0.07342969383263952,-0.013593582888761727,-0.0038572669409798,0.0,0.0,-3.905412366744798e-05,-0.004554940583915132,0.012289850600716148,0.004055827586535248,0.02027602412890158,-0.007575755245344903,2.143331472982596,0.906416037089773,0.2543161031102854,0.3366329075145752,0.020287261608053716,0.2720446918274498,-0.1305311157555513,0.9994992672451323,5.358682617410968,3.5344533201833377,0.5154011276295432
103,0.3090000000000002,5.0,0.07821328089396197,-0.026764809118010314,-0.008181529211837386,4.999965362099581,0.07382603985193849,-0.01457250518930923,-0.004186628857718189,4.999965362099581,0.07382603985193849,-0.01457250518930923,-0.004186628857718189,0.0,0.0,5.0,0.07821328089396197,-0.026764809118010314,-0.008181529211837386,0.0,0.0,4.999965362099581,0.07382603985193849,-0.01457250518930923,-0.004186628857718189,0.0,0.0,-3.463790041902115e-05,-0.004387241042023482,0.012192303928701085,0.003994900354119197,0.021114820079493925,-0.007983536546877572,2.1463535072583255,0.9024989517901197,0.26188110370204415,0.34136657341513327,0.019565073379497915,0.2795986501974484,-0.1359271005108896,1.0073447585764332,5.461661045189857,3.5148247841604516,0.5117712267847275
104,0.3120000000000002,5.0,0.07842831065067359,-0.027634678432912608,-0.00844252268244766,4.9999692789382335,0.07420953388964703,-0.015545167687700687,-0.004512183595819363,4.9999692789382335,0.07420953388964703,-0.015545167687700687,-0.004512183595819363,0.0,0.0,5.0,0.07842831065067359,-0.027634678432912608,-0.00844252268244766,0.0,0.0,4.9999692789382335,0.07420953388964703,-0.015545167687700687,-0.004512183595819363,0.0,0.0,-3.072106176649214e-05,-0.004218776761026555,0.012089510745211921,0.003930339086628297,0.021976496136013907,-0.008407943867222078,2.1493985624877388,0.8984649115348464,0.2695595394786058,0.34604331765898466,0.018774443276054792,0.2872253521733273,-0.14146910678150196,1.0150184098043875,5.565167105044313,3.493765596030489,0.5078708189155705
105,0.3150000000000002,5.0,0.07862968625059036,-0.028492667473395072,-0.008695837562182987,4.999972752862481,0.0745801090750657,-0.016511151668259026,-0.004833634988864747,4.999972752862481,0.0745801090750657,-0.016511151668259026,-0.004833634988864747,0.0,0.0,5.0,0.07862968625059036,-0.028492667473395072,-0.008695837562182987,0.0,0.0,4.999972752862481,0.0745801090750657,-0.016511151668259026,-0.004833634988864747,0.0,0.0,-2.724713751867114e-05,-0.004049577175524663,0.011981515805136046,0.0038622025733182404,0.022861259279837464,-0.008849418578727945,2.1524661098557605,0.8943117782732394,0.277349973597614,0.35066016385010385,0.017913259775306778,0.29492104794118623,-0.1471582371686222,1.022515789340583,5.6691837522585535,3.4712825366653317,0.5037032897355054
106,0.3180000000000002,5.0,0.07881737263476488,-0.029338407386052187,-0.008941243457664854,4.999975833956893,0.07493770079855368,-0.01747004135016735,-0.005150690610388081,4.999975833956893,0.07493770079855368,-0.01747004135016735,-0.005150690610388081,0.0,0.0,5.0,0.07881737263476488,-0.029338407386052187,-0.008941243457664854,0.0,0.0,4.999975833956893,0.07493770079855368,-0.01747004135016735,-0.005150690610388081,0.0,0.0,-2.4166043107065605e-05,-0.0038796718362111987,0.011868366035884838,0.003790552847276773,0.023769304743718456,-0.009308405052631145,2.155555607189783,0.8900373982750931,0.2852508565033175,0.35521413013846187,0.016979407698831415,0.30268182129366383,-0.15299549130106643,1.0298324446742135,5.773693729417193,3.4473828231607277,0.4992722680757668
107,0.32100000000000023,5.0,0.07899133712750525,-0.03017153458343441,-0.00917851716884505,4.999978566642493,0.07528224672142904,-0.018421424059007884,-0.005463062038947612,4.999978566642493,0.07528224672142904,-0.018421424059007884,-0.005463062038947612,0.0,0.0,5.0,0.07899133712750525,-0.03017153458343441,-0.00917851716884505,0.0,0.0,4.999978566642493,0.07528224672142904,-0.018421424059007884,-0.005463062038947612,0.0,0.0,-2.143335750659503e-05,-0.0037090904060762125,0.011750110524426524,0.0037154551298974377,0.024700815507067733,-0.009785350333915742,2.1586664989089206,0.8856396026624788,0.29326052333666414,0.35970222983033384,0.01597077027692941,0.310503587783092,-0.15898176042819892,1.0369639063791423,5.878679562324138,3.422074109381448,0.49458162257748495
108,0.32400000000000023,5.0,0.0791515494420637,-0.030991690900356056,-0.009407442892009217,4.9999809903172,0.07561368678562615,-0.01936489039778047,-0.005770465119656731,4.9999809903172,0.07561368678562615,-0.01936489039778047,-0.005770465119656731,0.0,0.0,5.0,0.0791515494420637,-0.030991690900356056,-0.009407442892009217,0.0,0.0,4.9999809903172,0.07561368678562615,-0.01936489039778047,-0.005770465119656731,0.0,0.0,-1.9009682800330552e-05,-0.00353786265643756,0.011626800502575585,0.0036369777723524854,0.025655961786032352,-0.010280703799561409,2.161798215986009,0.8811162080296966,0.30137719132669577,0.3641214720181274,0.014885231296593443,0.31838209298820647,-0.16511782188188903,1.0439056923628491,5.984123556266001,3.395364486706565,0.4896354581664244
109,0.32700000000000023,5.0,0.07929798168590954,-0.031798523747872245,-0.009627812416053268,4.999983139923829,0.07593196322309118,-0.02030003441723489,-0.006072620221923746,4.999983139923829,0.07593196322309118,-0.02030003441723489,-0.006072620221923746,0.0,0.0,5.0,0.07929798168590954,-0.031798523747872245,-0.009627812416053268,0.0,0.0,4.999983139923829,0.07593196322309118,-0.02030003441723489,-0.006072620221923746,0.0,0.0,-1.686007617074381e-05,-0.0033660184628183654,0.011498489330637355,0.003555192194129522,0.026634900518753467,-0.01079491679979201,2.164950175923108,0.8764650171567588,0.3095989571671371,0.36846886223250486,0.013720677334138042,0.3263129109070382,-0.17140433341020048,1.0506533123661554,6.090007792636715,3.3672624849705577,0.48443811231348993
110,0.33000000000000024,5.0,0.0794306083655851,-0.032591686264858345,-0.00983942531185428,4.9999850464538795,0.07623702056489885,-0.021226453785362063,-0.00636925249315624,4.9999850464538795,0.07623702056489885,-0.021226453785362063,-0.00636925249315624,0.0,0.0,5.0,0.0794306083655851,-0.032591686264858345,-0.00983942531185428,0.0,0.0,4.9999850464538795,0.07623702056489885,-0.021226453785362063,-0.00636925249315624,0.0,0.0,-1.4953546120466399e-05,-0.003193587800686251,0.011365232479496282,0.0034701728186980405,0.027637774846221527,-0.011328442281950733,2.1681217827412755,0.8716838198217384,0.31792379438240875,0.3727414031196878,0.012475000073841051,0.33429144248935294,-0.17784182738624071,1.0572022727225758,6.196314125939291,3.337777073595304,0.4789941510843266
111,0.33300000000000024,5.0,0.0795494063911441,-0.03337083746712725,-0.01004208911456356,4.9999867373943445,0.07652880565007528,-0.022143749955898785,-0.006660092108190291,4.9999867373943445,0.07652880565007528,-0.022143749955898785,-0.006660092108190291,0.0,0.0,5.0,0.0795494063911441,-0.03337083746712725,-0.01004208911456356,0.0,0.0,4.9999867373943445,0.07652880565007528,-0.022143749955898785,-0.006660092108190291,0.0,0.0,-1.3262605655484094e-05,-0.0030206007410688296,0.011227087511228463,0.0033819970063732694,0.028664713589189792,-0.011881734396639726,2.1713124269854336,0.8667703937172812,0.3263495506876467,0.37693609514693893,0.011146098713867417,0.3423129143227553,-0.1844307048963312,1.063548081386063,6.303024181179781,3.3069176629073054,0.47330836498154144
112,0.33600000000000024,5.0,0.07965435508017155,-0.03413564239402,-0.01023561949865607,4.999988237124,0.07680726763411332,-0.02305152833570923,-0.006944874514209698,4.999988237124,0.07680726763411332,-0.02305152833570923,-0.006944874514209698,0.0,0.0,5.0,0.07965435508017155,-0.03413564239402,-0.01023561949865607,0.0,0.0,4.999988237124,0.07680726763411332,-0.02305152833570923,-0.006944874514209698,0.0,0.0,-1.1762876000354083e-05,-0.00284708744605823,0.011084114058310768,0.0032907449844463716,0.029715830721651775,-0.012455248085777052,2.174521485745141,0.8617225054765378,0.3348739453476679,0.3810499373393178,0.009731882460655423,0.35037237748732775,-0.1911712297124423,1.0696862532357578,6.410119351667782,3.2746941056338823,0.4673857645832705
113,0.33900000000000025,5.0,0.07974543616138448,-0.034885772252406966,-0.01041984044557701,4.999989567264881,0.07707235799716826,-0.023949398450914268,-0.0072233406709254055,4.999989567264881,0.07707235799716826,-0.023949398450914268,-0.0072233406709254055,0.0,0.0,5.0,0.07974543616138448,-0.034885772252406966,-0.01041984044557701,0.0,0.0,4.999989567264881,0.07707235799716826,-0.023949398450914268,-0.0072233406709254055,0.0,0.0,-1.0432735119358938e-05,-0.0026730781642162194,0.010936373801492698,0.0031964997746516052,0.030791224841435073,-0.013049438652241048,2.1777483226921395,0.8565379118136988,0.34349456654019195,0.3850799280508952,0.008230273112843578,0.35846470659443247,-0.1980635221546652,1.075612315666157,6.517580797236865,3.241116698571303,0.4612315759820067
114,0.34200000000000025,5.0,0.07982263377781298,-0.035620904558037424,-0.010594584403833162,4.999990746994012,0.07732403055192308,-0.02483697411164659,-0.007495237285790398,4.999990746994012,0.07732403055192308,-0.02483697411164659,-0.007495237285790398,0.0,0.0,5.0,0.07982263377781298,-0.035620904558037424,-0.010594584403833162,0.0,0.0,4.999990746994012,0.07732403055192308,-0.02483697411164659,-0.007495237285790398,0.0,0.0,-9.25300598808576e-06,-0.002498603225889906,0.010783930446390835,0.0030993471180427636,0.03189097863851324,-0.013664761310792166,2.180992288135552,0.8512143607842344,0.35220886872900814,0.3890230657736922,0.006639207735702701,0.36658459902605556,-0.2051075528503725,1.0813218144708336,6.625389442897477,3.2061961844171205,0.4548512360277916
115,0.34500000000000025,5.0,0.07988593448956079,-0.036340723274177054,-0.010759692441383266,4.9999917933198885,0.0775622414511133,-0.025713873575315925,-0.007760317044030571,4.9999917933198885,0.0775622414511133,-0.025713873575315925,-0.007760317044030571,0.0,0.0,5.0,0.07988593448956079,-0.036340723274177054,-0.010759692441383266,0.0,0.0,4.9999917933198885,0.0775622414511133,-0.025713873575315925,-0.007760317044030571,0.0,0.0,-8.206680111477738e-06,-0.002323693038447483,0.01062684969886113,0.0029993753973526953,0.03301515836168871,-0.014301670719985105,2.184252719095635,0.8457495931698397,0.3610141700531621,0.39287634998768106,0.004956641426911451,0.3747265743918222,-0.21230313639764634,1.086810320027517,6.733525977933934,3.169943753758262,0.44825038738005785
116,0.34800000000000025,5.0,0.07993532727614515,-0.037044918947473575,-0.010915014390188913,4.999992721327692,0.07778694919470296,-0.026579719708274444,-0.00801833883327743,4.999992721327692,0.07778694919470296,-0.026579719708274444,-0.00801833883327743,0.0,0.0,5.0,0.07993532727614515,-0.037044918947473575,-0.010915014390188913,0.0,0.0,4.999992721327692,0.07778694919470296,-0.026579719708274444,-0.00801833883327743,0.0,0.0,-7.2786723084306004e-06,-0.0021483780814421927,0.01046519923919913,0.0028966755569114835,0.03416381328435335,-0.01496062049480969,2.1875289393970108,0.8401413439929594,0.36990764973863116,0.3966367820552387,0.003180550174374248,0.3828849742215467,-0.21964992494152838,1.0920734337919242,6.8419708554561804,3.1323710472056514,0.44143487337258663
117,0.35100000000000026,5.0,0.07997080353841553,-0.03773318884099215,-0.01106040898279442,4.999993544396777,0.07799811463670356,-0.027434140145777473,-0.008269067962593937,4.999993544396777,0.07799811463670356,-0.027434140145777473,-0.008269067962593937,0.0,0.0,5.0,0.07997080353841553,-0.03773318884099215,-0.01106040898279442,0.0,0.0,4.999993544396777,0.07799811463670356,-0.027434140145777473,-0.008269067962593937,0.0,0.0,-6.4556032226548155e-06,-0.001972688901711969,0.010299048695214679,0.002791341020200483,0.035336975170089054,-0.0156420626998277,2.1908202597823325,0.8343873441656235,0.37888634553935613,0.4003013661634935,0.0013089338066277004,0.39105396191190156,-0.2271474016726702,1.0971067951072568,6.9507042924160425,3.0934901576654235,0.43441073269622005
118,0.35400000000000026,5.0,0.07999235710005057,-0.038405237064363384,-0.01119574398081157,4.99999427439357,0.07819570099162919,-0.028276767450139545,-0.008512276375690417,4.99999427439357,0.07819570099162919,-0.028276767450139545,-0.008512276375690417,0.0,0.0,5.0,0.07999235710005057,-0.038405237064363384,-0.01119574398081157,0.0,0.0,4.99999427439357,0.07819570099162919,-0.028276767450139545,-0.008512276375690417,0.0,0.0,-5.725606429862751e-06,-0.0017966561084213767,0.01012846961422384,0.002683467605121153,0.03653465773892852,-0.0163464473226048,2.1941259780473397,0.8284853222771655,0.3879471512149029,0.40386711031803274,-0.0006601809637854965,0.3992275229464896,-0.234794874259033,1.1019060883357166,7.059706270096685,3.0533136327359944,0.4271841939041366
119,0.35700000000000026,5.0,0.07999998420863348,-0.03906077470098791,-0.011320896295192236,4.999994921842645,0.0783796738405814,-0.029107239266989954,-0.008747742858133156,4.999994921842645,0.0783796738405814,-0.029107239266989954,-0.008747742858133156,0.0,0.0,5.0,0.07999998420863348,-0.03906077470098791,-0.011320896295192236,0.0,0.0,4.999994921842645,0.0783796738405814,-0.029107239266989954,-0.008747742858133156,0.0,0.0,-5.078157355065116e-06,-0.0016203103680520886,0.009953535433997959,0.00257315343705908,0.03775685613515635,-0.017074221727272014,2.197445379198293,0.8224330065252056,0.3970868140524333,0.4073310273914587,-0.002728737403777886,0.4073994654092757,-0.2425914682224039,1.1064670503177503,7.168956535083002,3.0118544772195386,0.419761669744663
120,0.36000000000000026,5.0,0.07999368353630529,-0.039699519932243,-0.011435752098179552,4.999995496078461,0.07855000113695812,-0.0299251984795361,-0.008975253238354176,4.999995496078461,0.07855000113695812,-0.0299251984795361,-0.008975253238354176,0.0,0.0,5.0,0.07999368353630529,-0.039699519932243,-0.011435752098179552,0.0,0.0,4.999995496078461,0.07855000113695812,-0.0299251984795361,-0.008975253238354176,0.0,0.0,-4.503921538834277e-06,-0.0014436823993471681,0.009774321452706902,0.002460498859825376,0.03900354639759227,-0.017825830088089984,2.200777735632785,0.8162281267940792,0.4063019324410778,0.4106901362302805,-0.0048986455300134854,0.41556342081197467,-0.2505361202726567,1.1107854781640094,7.278434600719636,2.969126155735652,0.4121497513267562
121,0.36300000000000027,5.0,0.07997345617999602,-0.040321198158637654,-0.011540206926835847,4.999996005379942,0.07870665321178169,-0.030730293360746383,-0.009194600582276672,4.999996005379942,0.07870665321178169,-0.030730293360746383,-0.009194600582276672,0.0,0.0,5.0,0.07997345617999602,-0.040321198158637654,-0.011540206926835847,0.0,0.0,4.999996005379942,0.07870665321178169,-0.030730293360746383,-0.009194600582276672,0.0,0.0,-3.994620057845566e-06,-0.0012668029682143256,0.009590904797891271,0.0023456063445591747,0.04027468493336206,-0.018601712802931655,2.2041223073449374,0.8098684168846618,0.4155889535072112,0.4139414628236151,-0.007171778786251101,0.423712845256595,-0.25862757161389066,1.1148572373841936,7.388119749062252,2.925142595424227,0.404355202123441
122,0.36600000000000027,5.0,0.07993930566123368,-0.04092554211786417,-0.011634165778053126,4.999996457089834,0.07884960277864131,-0.03152217772336797,-0.009405585381376678,4.999996457089834,0.07884960277864131,-0.03152217772336797,-0.009405585381376678,0.0,0.0,5.0,0.07993930566123368,-0.04092554211786417,-0.011634165778053126,0.0,0.0,4.999996457089834,0.07884960277864131,-0.03152217772336797,-0.009405585381376678,0.0,0.0,-3.542910166132174e-06,-0.0010897028825923721,0.009403364394496204,0.0022285803966764477,0.04157020799622674,-0.019402305886645134,2.2074783421560054,0.8033516168992898,0.42494417081954367,0.41708204153714035,-0.009549970628175546,0.43184102095489274,-0.266864361237826,1.1186782703560392,7.4979910333266595,2.8799181887238463,0.3963849518186442
123,0.36900000000000027,5.0,0.07989123792553125,-0.04151229199969545,-0.011717543194959709,4.999996857720568,0.07897882493824585,-0.03230051106769762,-0.0096080157340078,4.999996857720568,0.07897882493824585,-0.03230051106769762,-0.0096080157340078,0.0,0.0,5.0,0.07989123792553125,-0.04151229199969545,-0.011717543194959709,0.0,0.0,4.999996857720568,0.07897882493824585,-0.03230051106769762,-0.0096080157340078,0.0,0.0,-3.142279432211126e-06,-0.0009124129872854075,0.009211780931997829,0.0021095274609519085,0.042890031170607724,-0.020228040344308484,2.2108450759714153,0.7966754757852053,0.43436372217334807,0.42010891641569215,-0.012035011016402624,0.4399410581269962,-0.2752448192211166,1.1222446051367145,7.608027280839258,2.8334677962112496,0.3882460900030035
124,0.3720000000000003,5.0,0.07982926134135154,-0.042081195557678565,-0.011790263344644418,4.999997213048154,0.07909429718258351,-0.03306495872702697,-0.009801707519822206,4.999997213048154,0.07909429718258351,-0.03306495872702697,-0.009801707519822206,0.0,0.0,5.0,0.07982926134135154,-0.042081195557678565,-0.011790263344644418,0.0,0.0,4.999997213048154,0.07909429718258351,-0.03306495872702697,-0.009801707519822206,0.0,0.0,-2.7869518461898224e-06,-0.0007349641587680311,0.009016236830651593,0.0019885558248222118,0.04423404886251345,-0.021079341524442165,2.2142217330652687,0.789837754039658,0.44384358746354635,0.4230191425578333,-0.014628642818605542,0.4480058973019066,-0.2837670600445607,1.1255523646177839,7.718207096491213,2.7858067494867296,0.3799458597243744
125,0.3750000000000003,5.0,0.07975338669865023,-0.04263200821757675,-0.011852260087127675,4.999997528195451,0.07919599939868492,-0.03381519201068609,-0.009986484567127552,4.999997528195451,0.07919599939868492,-0.03381519201068609,-0.009986484567127552,0.0,0.0,5.0,0.07975338669865023,-0.04263200821757675,-0.011852260087127675,0.0,0.0,4.999997528195451,0.07919599939868492,-0.03381519201068609,-0.009986484567127552,0.0,0.0,-2.4718045485983e-06,-0.000557387299965309,0.008816816206890656,0.001865775520000123,0.04560213379864232,-0.021956628452302774,2.2176075263933397,0.7828362265794752,0.4533795866567757,0.42580978756563204,-0.017332558121989285,0.45602831204295824,-0.29242897595353606,1.1285977760237011,7.828508866697646,2.73695085408963,0.37149165089888925
126,0.3780000000000003,5.0,0.07966362720699746,-0.043164493182512836,-0.01190347703551673,4.9999978077060305,0.07928391387198687,-0.034550888344611945,-0.010162178813026154,4.9999978077060305,0.07928391387198687,-0.034550888344611945,-0.010162178813026154,0.0,0.0,5.0,0.07966362720699746,-0.043164493182512836,-0.01190347703551673,0.0,0.0,4.9999978077060305,0.07928391387198687,-0.034550888344611945,-0.010162178813026154,0.0,0.0,-2.192293969471848e-06,-0.00037971333501059246,0.008613604837900891,0.001741298222490575,0.046994136535007204,-0.022860313143443865,2.2210016579355973,0.7756686857775708,0.46296737787294434,0.42847793307278614,-0.0201483944576356,0.4640009121216264,-0.3012282303803639,1.1313771807524975,7.9389107638620064,2.6869163924273933,0.36289099358855065
127,0.3810000000000003,5.0,0.07955999849327797,-0.04367842153476943,-0.011943867607290291,4.999998055609675,0.07935802528929406,-0.03527173140937063,-0.01032863045618944,4.999998055609675,0.07935802528929406,-0.03527173140937063,-0.01032863045618944,0.0,0.0,5.0,0.07955999849327797,-0.04367842153476943,-0.011943867607290291,0.0,0.0,4.999998055609675,0.07935802528929406,-0.03527173140937063,-0.01032863045618944,0.0,0.0,-1.9443903251925576e-06,-0.00020197320398390728,0.008406690125398804,0.0016152371511008509,0.04840988497649708,-0.02379079989779597,2.224403319069265,0.7683329446684969,0.4726024555871656,0.4310206763541003,-0.02307773093855477,0.4719161471632923,-0.3101622514507026,1.1338870445559162,8.049390751344658,2.635720126701023,0.3541515511514653
128,0.3840000000000003,5.0,0.07944251859897059,-0.04417357233420163,-0.011973395066666,4.9999982754804835,0.07941832074133666,-0.035977411275564676,-0.01048568810212756,4.9999982754804835,0.07941832074133666,-0.035977411275564676,-0.01048568810212756,0.0,0.0,5.0,0.07944251859897059,-0.04417357233420163,-0.011973395066666,0.0,0.0,4.9999982754804835,0.07941832074133666,-0.035977411275564676,-0.01048568810212756,0.0,0.0,-1.7245195165216387e-06,-2.419785763392579e-05,0.008196161058636957,0.0014877069645384405,0.04984918390886319,-0.02474848457458843,2.227811690973429,0.7608268403247517,0.4822801489633229,0.43343513201917916,-0.026122084313611314,0.4797663107887048,-0.31922822559748615,1.1361239680547466,8.159926588933581,2.5833793018091304,0.3452811132709404
129,0.3870000000000003,5.0,0.07931120797700722,-0.04464973271322027,-0.011992032558012114,4.999998470488397,0.07946478972492153,-0.03666762453655879,-0.010633208900820975,4.999998470488397,0.07946478972492153,-0.03666762453655879,-0.010633208900820975,0.0,0.0,5.0,0.07931120797700722,-0.04464973271322027,-0.011992032558012114,0.0,0.0,4.999998470488397,0.07946478972492153,-0.03666762453655879,-0.010633208900820975,0.0,0.0,-1.5295116027047584e-06,0.00015358174791431367,0.007982108176661479,0.0013588236571911386,0.051311814544687924,-0.025733753848510475,2.2312259450661798,0.7531482374051426,0.49199562033087235,0.4357184337930314,-0.029282904939839264,0.48754354527491184,-0.3284230913073487,1.138084697583486,8.27049583881394,2.5299116482121784,0.3362875888697766
130,0.3900000000000003,5.0,0.07916608948821206,-0.04510669796830455,-0.011999763130273084,4.9999986434449015,0.07949742414467552,-0.03734207443845962,-0.010771058676587968,4.9999986434449015,0.07949742414467552,-0.03734207443845962,-0.010771058676587968,0.0,0.0,5.0,0.07916608948821206,-0.04510669796830455,-0.011999763130273084,0.0,0.0,4.9999986434449015,0.07949742414467552,-0.03734207443845962,-0.010771058676587968,0.0,0.0,-1.3565550984750985e-06,0.0003313346564634556,0.00776462352984493,0.0012287044536851161,0.05279753408496599,-0.026746984447588194,2.23464524347525,0.7452950318760697,0.5017438638168211,0.4378677363860917,-0.03256157267602846,0.4952398467593554,-0.33774353302590565,1.1397661363567397,8.381075872032124,2.4753353847379507,0.3271789989161954
131,0.3930000000000003,5.0,0.07900718839732157,-0.04554427164800512,-0.011996579752386766,4.99999879684356,0.07951621831437916,-0.03800047100728699,-0.010899112050069106,4.99999879684356,0.07951621831437916,-0.03800047100728699,-0.010899112050069106,0.0,0.0,5.0,0.07900718839732157,-0.04554427164800512,-0.011996579752386766,0.0,0.0,4.99999879684356,0.07951621831437916,-0.03800047100728699,-0.010899112050069106,0.0,0.0,-1.2031564402548156e-06,0.0005090299170575907,0.007543800640718128,0.0010974677023176602,0.05430607529799789,-0.027788542373337263,2.238068739543094,0.7372651549061294,0.5115197041451354,0.4398802174559582,-0.035959392700846415,0.5028470710106332,-0.3471859752496897,1.1411653559479438,8.491643875448723,2.419669221308751,0.3179634691279398
132,0.3960000000000003,5.0,0.07883453236858597,-0.0459622656373994,-0.011982485319679274,4.999998932895965,0.07952116895788948,-0.03864253117327629,-0.011017252552217,4.999998932895965,0.07952116895788948,-0.03864253117327629,-0.011017252552217,0.0,0.0,5.0,0.07883453236858597,-0.0459622656373994,-0.011982485319679274,0.0,0.0,4.999998932895965,0.07952116895788948,-0.03864253117327629,-0.011017252552217,0.0,0.0,-1.067104035357147e-06,0.0006866365893035131,0.007319734464123109,0.0009652327674622742,0.055837146117365226,-0.028858782103839135,2.241495578367301,0.7290565769339576,0.521317795616121,0.44175307966290844,-0.0394775912591601,0.5103569397891107,-0.3567465768339572,1.1422796080690572,8.602176859173744,2.3629323615703424,0.3086492225811791
133,0.3990000000000003,5.0,0.07864815146095293,-0.04636050023896307,-0.011957492651231638,4.999999053563623,0.07951227520965089,-0.039267978892253155,-0.011125372730187051,4.999999053563623,0.07951227520965089,-0.039267978892253155,-0.011125372730187051,0.0,0.0,5.0,0.07864815146095293,-0.04636050023896307,-0.011957492651231638,0.0,0.0,4.999999053563623,0.07951227520965089,-0.039267978892253155,-0.011125372730187051,0.0,0.0,-9.464363772693218e-07,0.0008641237486979592,0.007092521346709915,0.000832119921044587,0.05739042926082557,-0.029958045780480072,2.244924897377215,0.7206673119087217,0.5311326212785906,0.44348355282101004,-0.04311731134063865,0.5177610478201149,-0.3664212255469792,1.1431063366378391,8.712651664476214,2.3051445054021507,0.2992445722309358
134,0.4020000000000003,5.0,0.07844807812283448,-0.046738804249822845,-0.011921624478220679,4.999999160586235,0.07948953861479305,-0.039876545264023885,-0.011223374245032293,4.999999160586235,0.07948953861479305,-0.039876545264023885,-0.011223374245032293,0.0,0.0,5.0,0.07844807812283448,-0.046738804249822845,-0.011921624478220679,0.0,0.0,4.999999160586235,0.07948953861479305,-0.039876545264023885,-0.011223374245032293,0.0,0.0,-8.394137651634992e-07,0.0010414604919585652,0.006862258985798959,0.0006982502331883862,0.0589655818720311,-0.03108666237918848,2.2483558269475665,0.7120954217021458,0.5409584923078655,0.44506889614635864,-0.04687960829515022,0.5250508704018451,-0.3762055329028027,1.1436431901171862,8.823044972159222,2.246325851287908,0.28975791334983575
135,0.4050000000000003,5.0,0.07823434718645773,-0.04709701503535737,-0.011874913423244678,4.9999992555067765,0.07945296312881506,-0.04046796864772652,-0.011311167961112974,4.9999992555067765,0.07945296312881506,-0.04046796864772652,-0.011311167961112974,0.0,0.0,5.0,0.07823434718645773,-0.04709701503535737,-0.011874913423244678,0.0,0.0,4.9999992555067765,0.07945296312881506,-0.04046796864772652,-0.011311167961112974,0.0,0.0,-7.444932235145529e-07,0.0012186159423573234,0.006629046387630851,0.0005637454621317036,0.060562235187039265,-0.03224494686710589,2.251787491049893,0.7033390206903969,0.5507895476028732,0.44650640060368707,-0.05076544538991431,0.5322177716693883,-0.3860948293058029,1.1438880341087707,8.933333311390252,2.1864970985254684,0.28019771589205283
136,0.4080000000000003,5.0,0.07800699586180071,-0.04743497859911459,-0.011817401970652688,4.999999339693745,0.07940255511685525,-0.04104199477408941,-0.011388674027139126,4.999999339693745,0.07940255511685525,-0.04104199477408941,-0.011388674027139126,0.0,0.0,5.0,0.07800699586180071,-0.04743497859911459,-0.011817401970652688,0.0,0.0,4.999999339693745,0.07940255511685525,-0.04104199477408941,-0.011388674027139126,0.0,0.0,-6.603062550070149e-07,0.0013955592550545376,0.006392983825025178,0.0004287279435135627,0.062179994227645224,-0.033433199345730795,2.2552190079424355,0.6943962805035903,0.5606197536157737,0.44779339135226603,-0.05477568931383321,0.5392530135353205,-0.3960841595416343,1.1438389641808906,9.043493068975563,2.125679449254261,0.2705725167893936
137,0.4110000000000003,5.0,0.07776606373011426,-0.047752549649015534,-0.011749142427904419,4.999999414360888,0.07933832335254623,-0.041598376854545795,-0.011455821948771986,4.999999414360888,0.07933832335254623,-0.041598376854545795,-0.011455821948771986,0.0,0.0,5.0,0.07776606373011426,-0.047752549649015534,-0.011749142427904419,0.0,0.0,4.999999414360888,0.07933832335254623,-0.041598376854545795,-0.011455821948771986,0.0,0.0,-5.856391123160165e-07,0.0015722596224319735,0.006154172794469739,0.0002933204791324331,0.06381843752362411,-0.03465170418168205,2.2586494908991597,0.6852654349400793,0.5704429044276901,0.4489272302916799,-0.05891110563490267,0.5461477653262956,-0.4061682786504179,1.1434943189080242,9.153500499066286,2.0638946102785587,0.26089091218652416
138,0.4140000000000003,5.0,0.07751159273703093,-0.048049591659816024,-0.011670196877995889,4.999999480584703,0.07926027901645477,-0.04213687568715471,-0.01151255065271792,4.999999480584703,0.07926027901645477,-0.04213687568715471,-0.01151255065271792,0.0,0.0,5.0,0.07751159273703093,-0.048049591659816024,-0.011670196877995889,0.0,0.0,4.999999480584703,0.07926027901645477,-0.04213687568715471,-0.01151255065271792,0.0,0.0,-5.19415297439707e-07,0.0017486862794238445,0.0059127159726613115,0.00015764622527796902,0.06547711686602543,-0.03590072912633954,2.262078048978451,0.6759447850420794,0.5802526220842172,0.44990531870770156,-0.06317235421709082,0.5528931141337747,-0.4163416482191641,1.14285269309708,9.26333173328275,2.0011647946645175,0.25116154962240017
139,0.4170000000000003,5.0,0.07724362718526248,-0.04832597693179953,-0.011580637122994078,4.999999539319957,0.07916843569410625,-0.042657259759280065,-0.011558808542256212,4.999999539319957,0.07916843569410625,-0.042657259759280065,-0.011558808542256212,0.0,0.0,5.0,0.07724362718526248,-0.04832597693179953,-0.011580637122994078,0.0,0.0,4.999999539319957,0.07916843569410625,-0.042657259759280065,-0.011558808542256212,0.0,0.0,-4.606800425577262e-07,0.0019248085088437727,0.005668717172519468,2.182858073786556e-05,0.06715555709371225,-0.037180524425734066,2.2655037878319693,0.6664327043285446,0.5900423572044415,0.45072510001810856,-0.06755998460357532,0.559480075895607,-0.42659843313150847,1.141912951172751,9.372962791242491,1.9375127230887745,0.24139312016500994
140,0.4200000000000003,5.0,0.07696221372688684,-0.04858158664567583,-0.011480544618731969,4.999999591413456,0.07906280937359383,-0.043159305346981584,-0.011594553544149963,4.999999591413456,0.07906280937359383,-0.043159305346981584,-0.011594553544149963,0.0,0.0,5.0,0.07696221372688684,-0.04858158664567583,-0.011480544618731969,0.0,0.0,4.999999591413456,0.07906280937359383,-0.043159305346981584,-0.011594553544149963,0.0,0.0,-4.085865441538772e-07,0.0021005956467069903,0.005422281298694244,-0.00011400892541799448,0.0688532559153829,-0.03849132192217554,2.2689258105540446,0.6567276441805691,0.5998053898772211,0.4513840626178856,-0.0720744313737396,0.5658996072235479,-0.4369324988138253,1.1406742406917427,9.48236959147637,1.8729616249163061,0.23159435050658142
141,0.4230000000000003,5.0,0.0766674013552261,-0.04881631091366198,-0.011370010400723319,4.999999637616244,0.07894341844277214,-0.04364279661107291,-0.01161975314689716,4.999999637616244,0.07894341844277214,-0.04364279661107291,-0.01161975314689716,0.0,0.0,5.0,0.0766674013552261,-0.04881631091366198,-0.011370010400723319,0.0,0.0,4.999999637616244,0.07894341844277214,-0.04364279661107291,-0.01161975314689716,0.0,0.0,-3.623837558919263e-07,0.002276017087546045,0.005173514302589069,-0.00024974274617384044,0.07056968376935281,-0.03983333414922853,2.2723432185719035,0.6468281393739145,0.609534830858439,0.451879742822839,-0.07671600948184927,0.5721426179899727,-0.4473374090176632,1.139136005952925,9.591527962716082,1.807535238985166,0.22177399502644152
142,0.4260000000000003,5.0,0.07635924139631689,-0.0490300488267236,-0.011249135001364636,4.999999678594441,0.07881028368603579,-0.0441075256898038,-0.01163438443028694,4.999999678594441,0.07881028368603579,-0.0441075256898038,-0.01163438443028694,0.0,0.0,5.0,0.07635924139631689,-0.0490300488267236,-0.011249135001364636,0.0,0.0,4.999999678594441,0.07881028368603579,-0.0441075256898038,-0.01163438443028694,0.0,0.0,-3.2140555905613155e-07,0.002451042289718902,0.0049225231369198,-0.0003852494289223046,0.07230428372340784,-0.041206753421766155,2.2757551125769067,0.6367328137525873,0.6192236230828636,0.4522097279102137,-0.08148490958585715,0.5781999846850122,-0.4578064241792075,1.137298001667713,9.700413655535435,1.7412578140757506,0.2119408278287454
143,0.4290000000000003,5.0,0.07603778749997474,-0.049222708497956055,-0.011118028358499545,4.999999714938841,0.07866342828068294,-0.044553292788124935,-0.011638434086233959,4.999999714938841,0.07866342828068294,-0.044553292788124935,-0.011638434086233959,0.0,0.0,5.0,0.07603778749997474,-0.049222708497956055,-0.011118028358499545,0.0,0.0,4.999999714938841,0.07866342828068294,-0.044553292788124935,-0.011638434086233959,0.0,0.0,-2.8506115867799053e-07,0.002625640780708205,0.004669415709831121,-0.0005204057277344142,0.07405647141706714,-0.04261175092295746,2.2791605934968633,0.6264403860366927,0.6288645435041088,0.45237165925445005,-0.08638119337531844,0.5840625645531012,-0.46833250039710017,1.1351603066521785,9.809002354326706,1.6741541090423215,0.202103634762317
144,0.43200000000000033,5.0,0.07570309563045373,-0.04939420710208713,-0.01097680971542883,4.999999747173432,0.0785028777928643,-0.04497990626349576,-0.011631898430871718,4.999999747173432,0.0785028777928643,-0.04497990626349576,-0.011631898430871718,0.0,0.0,5.0,0.07570309563045373,-0.04939420710208713,-0.01097680971542883,0.0,0.0,4.999999747173432,0.0785028777928643,-0.04497990626349576,-0.011631898430871718,0.0,0.0,-2.528265676815522e-07,0.0027997821624105718,0.004414300838591373,-0.0006550887154428888,0.07582563504861357,-0.04404847579016874,2.282558763509362,0.6159496757570877,0.6384502052759995,0.4523632355557519,-0.0914047889079344,0.5897212105154754,-0.4789082890704278,1.1327233374995742,9.917269689592427,1.6062493925845927,0.19227120542985557
145,0.43500000000000033,5.0,0.07535522405670322,-0.04954447091108398,-0.01082560751245698,4.99999977576295,0.078328660173118,-0.04538718270819706,-0.011614783407893762,4.99999977576295,0.078328660173118,-0.04538718270819706,-0.011614783407893762,0.0,0.0,5.0,0.07535522405670322,-0.04954447091108398,-0.01082560751245698,0.0,0.0,4.99999977576295,0.078328660173118,-0.04538718270819706,-0.011614783407893762,0.0,0.0,-2.2423705026142216e-07,0.0029734361164147766,0.004157288202886918,-0.0007891758954367816,0.07761113540926103,-0.04551705420188576,2.285948727095929,0.6052596093086361,0.6479730602883974,0.45218221615865334,-0.09655548596478171,0.5951667868824859,-0.4895261372390056,1.1299878621891182,10.025191250532067,1.5375694426374722,0.18245232519377746
146,0.43800000000000033,5.0,0.07499423334222349,-0.04967343532584909,-0.010664559270073988,4.999999801119578,0.07814080575149102,-0.04577494702811191,-0.011587104583139501,4.999999801119578,0.07814080575149102,-0.04577494702811191,-0.011587104583139501,0.0,0.0,5.0,0.07499423334222349,-0.04967343532584909,-0.010664559270073988,0.0,0.0,4.999999801119578,0.07814080575149102,-0.04577494702811191,-0.011587104583139501,0.0,0.0,-1.988804223529428e-07,0.003146572409267523,0.0038984882977371807,-0.0009225453130655131,0.07941230596683117,-0.047017588467890434,2.2893295921366814,0.594369226113146,0.6574254020702297,0.45182642445727716,-0.1018329314348227,0.6003901858567148,-0.5001780886682246,1.126955013584054,10.132742597902112,1.4681405453572098,0.17265576718596132
147,0.44100000000000034,5.0,0.07462018633452171,-0.0497810449039918,-0.010493811463878547,4.999999823608889,0.07793934723224764,-0.046143032517940115,-0.011548887130429515,4.999999823608889,0.07793934723224764,-0.046143032517940115,-0.011548887130429515,0.0,0.0,5.0,0.07462018633452171,-0.0497810449039918,-0.010493811463878547,0.0,0.0,4.999999823608889,0.07793934723224764,-0.046143032517940115,-0.011548887130429515,0.0,0.0,-1.7639111060674395e-07,0.003319160897725937,0.0036380123860516866,-0.001055075666550968,0.08122845300130548,-0.04855015612505247,2.292700471044989,0.5832776848823372,0.6667993690720931,0.4512937513834744,-0.1072366247398272,0.6053823448247684,-0.5108558857206806,1.1236263027691877,10.239899277127238,1.3979894936826023,0.16289028432866248
148,0.44400000000000034,5.0,0.07423314815417043,-0.04986725338366319,-0.010313519391356473,4.999999843555119,0.07772431968816598,-0.046491280932812976,-0.011500165808663093,4.999999843555119,0.07772431968816598,-0.046491280932812976,-0.011500165808663093,0.0,0.0,5.0,0.07423314815417043,-0.04986725338366319,-0.010313519391356473,0.0,0.0,4.999999843555119,0.07772431968816598,-0.046491280932812976,-0.011500165808663093,0.0,0.0,-1.5644488104982202e-07,0.0034911715339955574,0.003375972450850216,-0.0011866464173066193,0.08305885579460238,-0.05011480904122212,2.2960604819415154,0.5719842699704512,0.6760869483403671,0.45058215897351434,-0.1127659133113674,0.6101342644323026,-0.5215509720565478,1.1200036321753206,10.346636831639438,1.3271435854502582,0.1531646013738537
149,0.44700000000000034,5.0,0.07383318618347016,-0.04993202370344428,-0.010123847030635515,4.999999861245838,0.0774957605544231,-0.04681954255627683,-0.011440984930198747,4.999999861245838,0.0774957605544231,-0.04681954255627683,-0.011440984930198747,0.0,0.0,5.0,0.07383318618347016,-0.04993202370344428,-0.010123847030635515,0.0,0.0,4.999999861245838,0.0774957605544231,-0.04681954255627683,-0.011440984930198747,0.0,0.0,-1.3875416193798173e-07,0.003662574370952937,0.003112481147167452,-0.0013171378995632324,0.08490276687690226,-0.05171157252983466,2.299408749866821,0.5604883978053791,0.6852799795942643,0.449689684008478,-0.11841998813206903,0.6146370274332916,-0.532254496204181,1.1160893084352754,10.452930816421176,1.2556306210433872,0.14348740696823148
150,0.45000000000000034,5.0,0.07342037005471845,-0.04997532801827889,-0.009924966891344957,4.999999876936098,0.07725370962206995,-0.047127676264615455,-0.011371398320546386,4.999999876936098,0.07725370962206995,-0.047127676264615455,-0.011371398320546386,0.0,0.0,5.0,0.07342037005471845,-0.04997532801827889,-0.009924966891344957,0.0,0.0,4.999999876936098,0.07725370962206995,-0.047127676264615455,-0.011371398320546386,0.0,0.0,-1.2306390217986518e-07,0.003833339567351504,0.002847651753663437,-0.0014464314292014294,0.08675941233180468,-0.05334044447795983,2.302744408031562,0.5487896233864468,0.6943701597166768,0.4486144417229724,-0.1241978793538149,0.6188818183008017,-0.5429573160417245,1.1118860549135579,10.558756811727925,1.1834789005540922,0.13386734575110248
151,0.45300000000000035,5.0,0.07299477163808693,-0.04999714771144439,-0.00971705985771577,4.99999989085211,0.07699820903109697,-0.04741554958748309,-0.011291469269407708,4.99999989085211,0.07699820903109697,-0.04741554958748309,-0.011291469269407708,0.0,0.0,5.0,0.07299477163808693,-0.04999714771144439,-0.00971705985771577,0.0,0.0,4.99999989085211,0.07699820903109697,-0.04741554958748309,-0.011291469269407708,0.0,0.0,-1.0914788983740209e-07,0.00400343739301004,0.002581598123961297,-0.001574409411691938,0.08862799216255236,-0.05500139449064846,2.3060665991031093,0.536887646836264,0.7033490476690274,0.4473546295762563,-0.13009845200609474,0.6228599435825647,-0.5536500042295434,1.1073970238491362,10.66409043696475,1.1107172204397366,0.12431301049233856
152,0.45600000000000035,5.0,0.07255646502910902,-0.04999747340255505,-0.00950031502406386,4.999999903194506,0.07672930326309155,-0.04768303876482151,-0.01120127047310932,4.999999903194506,0.07672930326309155,-0.04768303876482151,-0.01120127047310932,0.0,0.0,5.0,0.07255646502910902,-0.04999747340255505,-0.00950031502406386,0.0,0.0,4.999999903194506,0.07672930326309155,-0.04768303876482151,-0.01120127047310932,0.0,0.0,-9.68054942873664e-08,0.004172838233982526,0.0023144346377335437,-0.0017009554490454593,0.09050768072149383,-0.056694363054544686,2.3093744765272546,0.5247823199933166,0.712208069839626,0.4459085310793316,-0.13612040180817792,0.6265628529804875,-0.5643228546320757,1.1026258080483782,10.768907364691014,1.0373748696546108,0.11483293427754628
153,0.45900000000000035,5.0,0.07210552653578008,-0.049976304951594795,-0.009274929522806232,4.999999914141228,0.0764470391334885,-0.04793002880003613,-0.011100883968480838,4.999999914141228,0.0764470391334885,-0.04793002880003613,-0.011100883968480838,0.0,0.0,5.0,0.07210552653578008,-0.049976304951594795,-0.009274929522806232,0.0,0.0,4.999999914141228,0.0764470391334885,-0.04793002880003613,-0.011100883968480838,0.0,0.0,-8.585877164790645e-08,0.00434151259770843,0.002046276151558668,-0.001825954445674606,0.09239762720488046,-0.058419260723843305,2.3126672058834434,0.5124736530312634,0.7209385258342416,0.44427451967102266,-0.142262251099248,0.6299821611288753,-0.5749658897662072,1.0975764520628768,10.873183334726622,0.9634816252388048,0.10543558274756161
154,0.46200000000000035,5.0,0.0716420346652723,-0.049933651458977324,-0.00904110834516627,4.999999923850101,0.07615146578341486,-0.048156413509408,-0.010990401058238083,4.999999923850101,0.07615146578341486,-0.048156413509408,-0.010990401058238083,0.0,0.0,5.0,0.0716420346652723,-0.049933651458977324,-0.00904110834516627,0.0,0.0,4.999999923850101,0.07615146578341486,-0.048156413509408,-0.010990401058238083,0.0,0.0,-7.614989883109047e-08,0.0045094311181425595,0.001777237949569327,-0.0019492927130718134,0.09429695621500528,-0.06017596733177779,2.3159439662717975,0.4999618210901945,0.7295315947167373,0.44245106263553713,-0.14852234490107813,0.6331096700416097,-0.5855688693114937,1.0922534627847524,10.976894168332803,0.8890677473470214,0.09612934639932319
155,0.46500000000000036,5.0,0.07116607011026697,-0.04986953126163385,-0.00879906415473147,4.999999932461098,0.07584263467113024,-0.04836209556771994,-0.010869922227939189,4.999999932461098,0.07584263467113024,-0.04836209556771994,-0.010869922227939189,0.0,0.0,5.0,0.07116607011026697,-0.04986953126163385,-0.00879906415473147,0.0,0.0,4.999999932461098,0.07584263467113024,-0.04836209556771994,-0.010869922227939189,0.0,0.0,-6.753890158250897e-08,0.004676564560863267,0.001507435693913907,-0.0020708580732077195,0.09620476839158673,-0.06196433123092421,2.3192039517299676,0.4872471709044155,0.7379783417066883,0.4404367250534774,-0.1548988471282398,0.6359373921938188,-0.5961212997154723,1.086661819390055,11.080015782439878,0.8141639737008365,0.0869225329551282
156,0.46800000000000036,5.0,0.07067771573490601,-0.04978397192512993,-0.008549017094032892,4.999999940098368,0.07552059956306435,-0.04854698655007698,-0.010739557054589103,4.999999940098368,0.07552059956306435,-0.04854698655007698,-0.010739557054589103,0.0,0.0,5.0,0.07067771573490601,-0.04978397192512993,-0.008549017094032892,0.0,0.0,4.999999940098368,0.07552059956306435,-0.04854698655007698,-0.010739557054589103,0.0,0.0,-5.990163209901311e-08,0.00484288382815834,0.00123698537505295,-0.002190539960556211,0.09812014111418287,-0.06378416856569899,2.322446372677645,0.4743302274106491,0.7462697253398847,0.43823017377775686,-0.16138973696122222,0.6384575741987132,-0.6066124449249275,1.0808069825591426,11.182524203894129,0.7388015134488726,0.07782335980720786
157,0.47100000000000036,5.0,0.0701770565603655,-0.04967701023181494,-0.008291194584322568,4.999999946872018,0.0751854165244531,-0.0487110069699027,-0.010599424106975565,4.999999946872018,0.0751854165244531,-0.0487110069699027,-0.010599424106975565,0.0,0.0,5.0,0.0701770565603655,-0.04967701023181494,-0.008291194584322568,0.0,0.0,4.999999946872018,0.0751854165244531,-0.0487110069699027,-0.010599424106975565,0.0,0.0,-5.3127982013734254e-08,0.005008359964087591,0.0009660032619122419,-0.0023082295226529975,0.10004212927728866,-0.06563526258051279,2.3256704573863494,0.46121170031989805,0.7543966050965514,0.43583018142537217,-0.16799280539819028,0.6406627210352648,-0.6170313382712661,1.0746949029013964,11.284395583695531,0.6630120404202698,0.06883994654449427
158,0.47400000000000037,5.0,0.06966417975005385,-0.04954869216500915,-0.008025831118730658,4.9999999528797066,0.07483714390957476,-0.0488540863130951,-0.010449650837827206,4.9999999528797066,0.07483714390957476,-0.0488540863130951,-0.010449650837827206,0.0,0.0,5.0,0.06966417975005385,-0.04954869216500915,-0.008025831118730658,0.0,0.0,4.9999999528797066,0.07483714390957476,-0.0488540863130951,-0.010449650837827206,0.0,0.0,-4.7120293444891104e-08,0.0051729641595209125,0.0006946058519140472,-0.0024238197190965486,0.10196976613962054,-0.06751736296711822,2.3288754534718805,0.44789249063558184,0.7623497495009512,0.4332356303754916,-0.1747056520014251,0.6425456207772943,-0.6273667955351435,1.0683320285103746,11.385606211197812,0.5868276857578507,0.05998030756837299
159,0.47700000000000037,5.0,0.06913917459443676,-0.0493990728892353,-0.007753168048990781,4.999999958208049,0.07447584235158806,-0.04897616306832684,-0.010290373467891781,4.999999958208049,0.07447584235158806,-0.04897616306832684,-0.010290373467891781,0.0,0.0,5.0,0.06913917459443676,-0.0493990728892353,-0.007753168048990781,0.0,0.0,4.999999958208049,0.07447584235158806,-0.04897616306832684,-0.010290373467891781,0.0,0.0,-4.1791951232994506e-08,0.005336667757151303,0.00042290982090845836,-0.0025372054189010005,0.10390206424892849,-0.06943018525475458,2.332060629406604,0.4343736970999673,0.7701198446948199,0.4304455167638474,-0.18152568185476448,0.6440993697693151,-0.6376074292121243,1.0617253115745482,11.486132528242157,0.5102810299184665,0.05125234480413747
160,0.48000000000000037,5.0,0.06860213249549213,-0.0492282167265031,-0.007473453365927248,4.999999962933864,0.0741015747519738,-0.04907718475347678,-0.010121736862039977,4.999999962933864,0.0741015747519738,-0.04907718475347678,-0.010121736862039977,0.0,0.0,5.0,0.06860213249549213,-0.0492282167265031,-0.007473453365927248,0.0,0.0,4.999999962933864,0.0741015747519738,-0.04907718475347678,-0.010121736862039977,0.0,0.0,-3.706613593834618e-08,0.005499442256481676,0.0001510319730263221,-0.0026482834961127286,0.10583801644349611,-0.07137341024674702,2.3352252760485084,0.4206566225503424,0.7776975034857793,0.42745895446296367,-0.1884501027485936,0.6453173981892045,-0.6477416639974802,1.054882213968098,11.585951143195693,0.43340509402909777,0.04266384051477157
161,0.4830000000000004,5.0,0.06805314695079703,-0.04903619712865693,-0.00718694147390397,4.999999967125286,0.07371440626958176,-0.04915710793818123,-0.009943894397507442,4.999999967125286,0.07371440626958176,-0.04915710793818123,-0.009943894397507442,0.0,0.0,5.0,0.06805314695079703,-0.04903619712865693,-0.00718694147390397,0.0,0.0,4.999999967125286,0.07371440626958176,-0.04915710793818123,-0.009943894397507442,0.0,0.0,-3.2874713618014084e-08,0.005661259318784723,-0.00012091080952430361,-0.0027569529236034715,0.10777659693129342,-0.07334668350725966,2.3383687081837463,0.4067427801658565,0.7850732748705121,0.42427517903732387,-0.19547592260911906,0.6461934959324358,-0.6577577535042112,1.0478107117459439,11.685038844865892,0.35623333058849693,0.03422245022359519
162,0.4860000000000004,5.0,0.06749231353725026,-0.04882309664579853,-0.006893892959440231,4.999999970842745,0.07331440430928489,-0.04921589826249508,-0.009757007824394861,4.999999970842745,0.07331440430928489,-0.04921589826249508,-0.009757007824394861,0.0,0.0,5.0,0.06749231353725026,-0.04882309664579853,-0.006893892959440231,0.0,0.0,4.999999970842745,0.07331440430928489,-0.04921589826249508,-0.009757007824394861,0.0,0.0,-2.9157255276857086e-08,0.005822090772034633,-0.0003928016166965531,-0.0028631148649546304,0.10971676244753521,-0.07534961490193173,2.341490266079148,0.39263389958545525,0.7922376540310492,0.4208935516621714,-0.20259994718879337,0.6467218387472632,-0.6676437982240231,1.0405192984672225,11.783372616261962,0.2787996135053081,0.025935695752208228
163,0.4890000000000004,5.0,0.06691972989443243,-0.048589006890798356,-0.006594574354203586,4.999999974139834,0.07290163851024274,-0.049253530451654565,-0.009561247118552923,4.999999974139834,0.07290163851024274,-0.049253530451654565,-0.009561247118552923,0.0,0.0,5.0,0.06691972989443243,-0.048589006890798356,-0.006594574354203586,0.0,0.0,4.999999974139834,0.07290163851024274,-0.049253530451654565,-0.009561247118552923,0.0,0.0,-2.586016556449522e-08,0.0059819086158103135,-0.0006645235608562089,-0.0029666727643493365,0.11165745349116994,-0.07738177819614069,2.3445893170409633,0.3783319328768924,0.7991810928010227,0.4173135629942622,-0.20981877803483678,0.6468970145449089,-0.6773877647363165,1.033016987271869,11.880929648174506,0.20113822746493698,0.01781095838006353
164,0.4920000000000004,5.0,0.06633549570760741,-0.04833402849991079,-0.006289257892595705,4.999999977064091,0.07247618073377594,-0.04926998832693531,-0.009356790326985987,4.999999977064091,0.07247618073377594,-0.04926998832693531,-0.009356790326985987,0.0,0.0,5.0,0.06633549570760741,-0.04833402849991079,-0.006289257892595705,0.0,0.0,4.999999977064091,0.07247618073377594,-0.04926998832693531,-0.009356790326985987,0.0,0.0,-2.2935909171906133e-08,0.0061406850261685325,-0.0009359598270245253,-0.003067532434390282,0.11359759564058049,-0.07944271071463638,2.347665256975871,0.36383906033639546,0.8058940105971869,0.41353483698253896,-0.2171288107528235,0.646714049803515,-0.6869775061652298,1.0253133116358082,11.97768735254475,0.12328385661866947,0.009855472131888109
165,0.4950000000000004,5.0,0.06573971269036714,-0.04805827108951013,-0.005978221264151349,4.999999979657673,0.07203810505085415,-0.049265264812600816,-0.00914382340591503,4.999999979657673,0.07203810505085415,-0.049265264812600816,-0.00914382340591503,0.0,0.0,5.0,0.06573971269036714,-0.04805827108951013,-0.005978221264151349,0.0,0.0,4.999999979657673,0.07203810505085415,-0.049265264812600816,-0.00914382340591503,0.0,0.0,-2.034232693404192e-08,0.006298392360487001,-0.001206993723090688,-0.0031656021417636807,0.11553610094851871,-0.08153191306627476,2.3507175119500654,0.34915769609821246,0.8123668058098881,0.4095571346063847,-0.22452623358226137,0.6461684359794085,-0.6964007838794589,1.0174183247315456,12.073623375595034,0.04527157258992122,0.002076317199056367
166,0.4980000000000004,5.0,0.06513248456692386,-0.047761853208966025,-0.005661747360975986,4.999999981957974,0.07158748772919926,-0.04923936193893823,-0.008922540051647134,4.999999981957974,0.07158748772919926,-0.04923936193893823,-0.008922540051647134,0.0,0.0,5.0,0.06513248456692386,-0.047761853208966025,-0.005661747360975986,0.0,0.0,4.999999981957974,0.07158748772919926,-0.04923936193893823,-0.008922540051647134,0.0,0.0,-1.804202565125479e-08,0.006455003162275402,-0.0014775087299722031,-0.003260792690671148,0.11747186941602111,-0.08364884893754658,2.3537455397420337,0.33429049353296464,0.8185898676445075,0.40538035752883655,-0.2320070263009896,0.6452561558341328,-0.7056452904239386,1.0093425973226977,12.168715610692468,-0.03286317820613616,-0.005519586499102661
167,0.5010000000000003,5.0,0.06451391705405171,-0.04744490228967858,-0.005340124020451454,4.999999983998158,0.0711244072200065,-0.04919229084138019,-0.00869314152440537,4.999999983998158,0.0711244072200065,-0.04919229084138019,-0.00869314152440537,0.0,0.0,5.0,0.06451391705405171,-0.04744490228967858,-0.005340124020451454,0.0,0.0,4.999999983998158,0.0711244072200065,-0.04919229084138019,-0.00869314152440537,0.0,0.0,-1.6001841629531555e-08,0.006610490165954788,-0.0017473885517016105,-0.0033530175039539157,0.11940379054476338,-0.08579294495854622,2.356748831384403,0.31924035041348925,0.82455358840418,0.4010045516519032,-0.2395669594750485,0.6439737095807587,-0.7146986736665475,1.0010972141232144,12.262942210918133,-0.11108458793195848,-0.012925485608210727
168,0.5040000000000003,5.0,0.06388411784268191,-0.047107554590294975,-0.005013643763443908,4.99999998580764,0.07064894414428531,-0.049124071755712845,-0.008455836465279242,4.99999998580764,0.07064894414428531,-0.049124071755712845,-0.008455836465279242,0.0,0.0,5.0,0.06388411784268191,-0.047107554590294975,-0.005013643763443908,0.0,0.0,4.99999998580764,0.07064894414428531,-0.049124071755712845,-0.008455836465279242,0.0,0.0,-1.4192360175968588e-08,0.006764826301603397,-0.0020165171654178693,-0.003442192701835334,0.1213307449670081,-0.08796359064495658,2.3597269126900673,0.30401041382667426,0.8302483762023388,0.3964299105609351,-0.2472015940704341,0.6423181407482413,-0.7235485621367882,0.9926937685547673,12.35628160131465,-0.18935650138693527,-0.020134799480236124
169,0.5070000000000003,5.0,0.06324319657915409,-0.0467499551381313,-0.004682603528252101,4.999999987412505,0.07016118127882272,-0.049034734009372194,-0.008210840706462223,4.999999987412505,0.07016118127882272,-0.049034734009372194,-0.008210840706462223,0.0,0.0,5.0,0.06324319657915409,-0.0467499551381313,-0.004682603528252101,0.0,0.0,4.999999987412505,0.07016118127882272,-0.049034734009372194,-0.008210840706462223,0.0,0.0,-1.2587494602200877e-08,0.006917984699668631,-0.002284778871240893,-0.003528237178210121,0.12325160615198233,-0.09016013841953739,2.3626793457575843,0.28860408480966654,0.8356646680918376,0.39165677884484507,-0.25490628144283617,0.6402870616580769,-0.7321825915269359,0.9841443558390055,12.448712490785507,-0.2676424307561224,-0.027141126157795993
170,0.5100000000000003,5.0,0.06259126484612697,-0.046372257666824575,-0.004347304400537819,4.999999988835894,0.06966120354177135,-0.048924316008832305,-0.007958377074948925,4.999999988835894,0.06966120354177135,-0.048924316008832305,-0.007958377074948925,0.0,0.0,5.0,0.06259126484612697,-0.046372257666824575,-0.004347304400537819,0.0,0.0,4.999999988835894,0.06966120354177135,-0.048924316008832305,-0.007958377074948925,0.0,0.0,-1.1164106084038394e-08,0.007069938695644387,-0.0025520583420077306,-0.003611072674411106,0.1251652421871922,-0.09238190371649573,2.36560573045068,0.27302502268878476,0.8407929435955794,0.386685655278874,-0.2626761637210688,0.6378786784032859,-0.740588432319443,0.9754615643651268,12.540213883620194,-0.34590557104642095,-0.03393824819592453
171,0.5130000000000003,5.0,0.06192843614315231,-0.04597462455024204,-0.004008051339484409,4.999999990098326,0.06914909797786488,-0.04879286522309088,-0.007698675189870465,4.999999990098326,0.06914909797786488,-0.04879286522309088,-0.007698675189870465,0.0,0.0,5.0,0.06192843614315231,-0.04597462455024204,-0.004008051339484409,0.0,0.0,4.999999990098326,0.06914909797786488,-0.04879286522309088,-0.007698675189870465,0.0,0.0,-9.901674147272388e-09,0.007220661834712566,-0.0028182406728488388,-0.0036906238503860564,0.1270705176328397,-0.09462816517198816,2.368505705846512,0.2572771490994849,0.8456237386217248,0.38151719585654087,-0.27050617459943593,0.6350918152158349,-0.7487538184974805,0.9666584652775021,12.630765090619903,-0.4241088162067493,-0.04052013831601376
172,0.5160000000000003,5.0,0.06125482586691486,-0.04555722673267583,-0.0036651529004321057,4.999999991218003,0.06862495374326312,-0.04864043816325916,-0.007431971253652326,4.999999991218003,0.06862495374326312,-0.04864043816325916,-0.007431971253652326,0.0,0.0,5.0,0.06125482586691486,-0.04555722673267583,-0.0036651529004321057,0.0,0.0,4.999999991218003,0.06862495374326312,-0.04864043816325916,-0.007431971253652326,0.0,0.0,-8.781997351547943e-09,0.007370127876348262,-0.0030832114305833283,-0.00376681835322022,0.1289662954471549,-0.09689816490385336,2.371378951647211,0.24136465166581708,0.8501476597446856,0.37615221665741483,-0.2783910405537267,0.6319259381050683,-0.7566665772884011,0.9577486002329165,12.720345739799342,-0.5022147759272586,-0.04688096488678697
173,0.5190000000000003,5.0,0.06057055129114205,-0.04512024365535331,-0.0033189209542427663,4.999999992211067,0.06808886209002978,-0.048467100358264924,-0.007158507837184665,4.999999992211067,0.06808886209002978,-0.048467100358264924,-0.007158507837184665,0.0,0.0,5.0,0.06057055129114205,-0.04512024365535331,-0.0033189209542427663,0.0,0.0,4.999999992211067,0.06808886209002978,-0.048467100358264924,-0.007158507837184665,0.0,0.0,-7.78893305408701e-09,0.007518310798887727,-0.003346856702911613,-0.0038395868829418987,0.1308514389800947,-0.09919110888350138,2.374225189549058,0.22529198731797737,0.8543553988312265,0.3705916965373942,-0.28632528249490774,0.6283811776465896,-0.764314659882672,0.9487459672823648,12.808935786641104,-0.5801857931111445,-0.05301509722732088
174,0.5220000000000004,5.0,0.05987573154618713,-0.04466386317929436,-0.002969670403648988,4.999999993091836,0.06754091635024521,-0.04827292632667899,-0.0068785336592004625,4.999999993091836,0.06754091635024521,-0.04827292632667899,-0.0068785336592004625,0.0,0.0,5.0,0.05987573154618713,-0.04466386317929436,-0.002969670403648988,0.0,0.0,4.999999993091836,0.06754091635024521,-0.04827292632667899,-0.0068785336592004625,0.0,0.0,-6.908163818764024e-09,0.0076651848040580825,-0.003609063147384628,-0.003908863255551474,0.13272481403248976,-0.10150616740269176,2.3770441845635726,0.20906388522680297,0.8582377479891126,0.3648367796282841,-0.294303217873869,0.624458350798354,-0.7716861730634607,0.9396650048382618,12.896515523879977,-0.6579839620111416,-0.058917110727296024
175,0.5250000000000004,5.0,0.0591704875982887,-0.044188281504549176,-0.0026177188968456943,4.999999993873009,0.06698121191975726,-0.048057999544677266,-0.006592303360062137,4.999999993873009,0.06698121191975726,-0.048057999544677266,-0.006592303360062137,0.0,0.0,5.0,0.0591704875982887,-0.044188281504549176,-0.0026177188968456943,0.0,0.0,4.999999993873009,0.06698121191975726,-0.048057999544677266,-0.006592303360062137,0.0,0.0,-6.12699135871253e-09,0.007810724321468558,-0.0038697180401280895,-0.003974584463216442,0.13458529097734542,-0.10384247563771566,2.3798357462846558,0.19268534933438092,0.8617856148138617,0.3588887776336244,-0.30231896324978547,0.6201589816185545,-0.7787694116746333,0.9305205736943887,12.983065590795617,-0.7355711470212429,-0.06458179177981976
176,0.5280000000000004,5.0,0.05845494222851096,-0.04369370308585093,-0.0022633865385847923,4.999999994565846,0.06640984624157265,-0.047822412410152136,-0.006300077270162404,4.999999994565846,0.06640984624157265,-0.047822412410152136,-0.006300077270162404,0.0,0.0,5.0,0.05845494222851096,-0.04369370308585093,-0.0022633865385847923,0.0,0.0,4.999999994565846,0.06640984624157265,-0.047822412410152136,-0.006300077270162404,0.0,0.0,-5.434153571570732e-09,0.007954904013061682,-0.004128709324301205,-0.004036690731577612,0.1364317469396202,-0.10619913431325802,2.3825997300958743,0.1761616604603471,0.8649900379072907,0.3527491719079374,-0.310366437333778,0.615485320758257,-0.7855528918474516,0.9213279370729018,13.068566981993092,-0.8129090021127492,-0.07000414252233855
177,0.5310000000000004,5.0,0.05772922001136776,-0.043180340544719725,-0.001906995599035401,4.999999995180338,0.06582691878889219,-0.047566266202988566,-0.006002121173149983,4.999999995180338,0.06582691878889219,-0.047566266202988566,-0.006002121173149983,0.0,0.0,5.0,0.05772922001136776,-0.043180340544719725,-0.001906995599035401,0.0,0.0,4.999999995180338,0.06582691878889219,-0.047566266202988566,-0.006002121173149983,0.0,0.0,-4.8196620028306825e-09,0.008097698777524427,-0.004385925658268841,-0.004095125574114582,0.13826306803042226,-0.10857521046795442,2.385336038311915,0.1594983779639401,0.8678422026396999,0.3464196153068418,-0.3184393645185943,0.6104403636006827,-0.7920253848987985,0.9121027386802519,13.153001055651998,-0.8899589909022574,-0.07517938538132676
178,0.5340000000000004,5.0,0.05699344729313459,-0.04264841457805567,-0.001548870220674769,4.999999995725343,0.06523253104779247,-0.047289671041521986,-0.005698706064195528,4.999999995725343,0.06523253104779247,-0.047289671041521986,-0.005698706064195528,0.0,0.0,5.0,0.05699344729313459,-0.04264841457805567,-0.001548870220674769,0.0,0.0,4.999999995725343,0.06523253104779247,-0.047289671041521986,-0.005698706064195528,0.0,0.0,-4.274657072755872e-09,0.008239083754657886,-0.004641256463466317,-0.004149835843520759,0.14007815163117812,-0.1109697383233735,2.3880446212482007,0.14270134094245002,0.8703334571257273,0.3399019337958156,-0.32653127890398453,0.6050278669186223,-0.7981759518063625,0.9028609787618969,13.236349541226074,-0.9666824073377387,-0.08010296741662466
179,0.5370000000000004,5.0,0.05624775216985195,-0.042098153863260254,-0.0011893361234761339,4.999999996208719,0.06462678649955719,-0.04699274583519663,-0.005390107903517622,4.999999996208719,0.06462678649955719,-0.04699274583519663,-0.005390107903517622,0.0,0.0,5.0,0.05624775216985195,-0.042098153863260254,-0.0011893361234761339,0.0,0.0,4.999999996208719,0.06462678649955719,-0.04699274583519663,-0.005390107903517622,0.0,0.0,-3.791281066867214e-09,0.008379034329705243,-0.004894591971936375,-0.004200771780041488,0.14187590872294323,-0.11338172025785025,2.3907254782126635,0.12577666894736023,0.8724553283821234,0.33319812780578545,-0.3346355288263144,0.5992523639217054,-0.8039939781589113,0.8936189881542136,13.318594546576557,-1.043040396987427,-0.08477056446147152
180,0.5400000000000004,5.0,0.05549226446502432,-0.04152979495992689,-0.0008287203086619975,4.9999999966374356,0.0640097906026611,-0.0466756182334447,-0.005076607365393006,4.9999999966374356,0.0640097906026611,-0.0466756182334447,-0.005076607365393006,0.0,0.0,5.0,0.05549226446502432,-0.04152979495992689,-0.0008287203086619975,0.0,0.0,4.9999999966374356,0.0640097906026611,-0.0466756182334447,-0.005076607365393006,0.0,0.0,-3.362564449105321e-09,0.008517526137636781,-0.005145823273517813,-0.0042478870567310084,0.14365526625564182,-0.1158101278862682,2.3933786584136865,0.10873076220022879,0.874199538633977,0.32631037332417356,-0.34274528189974796,0.593119177566196,-0.8094692094726504,0.8843934003409974,13.399718564523894,-1.1189939789148304,-0.08917808505447432
181,0.5430000000000004,5.0,0.05472711570701802,-0.04094358220814287,-0.00046735076129191645,4.999999997017673,0.0633816507744098,-0.046338424570808306,-0.004758489582879336,4.999999997017673,0.0633816507744098,-0.046338424570808306,-0.004758489582879336,0.0,0.0,5.0,0.05472711570701802,-0.04094358220814287,-0.00046735076129191645,0.0,0.0,4.999999997017673,0.0633816507744098,-0.046338424570808306,-0.004758489582879336,0.0,0.0,-2.98232727402592e-09,0.008654535067391778,-0.005394842362665436,-0.0042911388215874195,0.14541516955164682,-0.11825390324654139,2.3960042617782804,0.09157030129118868,0.8755580217342508,0.3192410227105496,-0.3508535305750372,0.586634432001666,-0.8145917867577325,0.8752011215313538,13.479704478803852,-1.1945040681217913,-0.09332167415993468
182,0.5460000000000004,5.0,0.05395243910616273,-0.04033976762344644,-0.00010555615195565035,4.999999997354913,0.0627424763722385,-0.04598130980832769,-0.004436043888482611,4.999999997354913,0.0627424763722385,-0.04598130980832769,-0.004436043888482611,0.0,0.0,5.0,0.05395243910616273,-0.04033976762344644,-0.00010555615195565035,0.0,0.0,4.999999997354913,0.0627424763722385,-0.04598130980832769,-0.004436043888482611,0.0,0.0,-2.645086816244202e-09,0.008790037266075766,-0.005641542184881249,-0.004330487736526961,0.14715458473774085,-0.12071196009317836,2.398602439674637,0.0743022463438675,0.8765229396598884,0.3119926052266061,-0.35895309822058674,0.5798050620313452,-0.8193522822123216,0.8660592987855973,13.55853556941556,-1.2695314985401485,-0.09719771667315343
183,0.5490000000000004,5.0,0.05316836953155968,-0.03971861078848418,0.00025633446215736044,4.999999997654019,0.062092378674673064,-0.04560442747122106,-0.004109563551005177,4.999999997654019,0.062092378674673064,-0.04560442747122106,-0.004109563551005177,0.0,0.0,5.0,0.05316836953155968,-0.03971861078848418,0.00025633446215736044,0.0,0.0,4.999999997654019,0.062092378674673064,-0.04560442747122106,-0.004109563551005177,0.0,0.0,-2.3459811870907288e-09,0.008924009143113386,-0.005885816682736876,-0.004365898013162538,0.1488725011991394,-0.1231831852979242,2.401173395533315,0.056933835631535146,0.8770866990462333,0.3045678272708066,-0.3670366457290114,0.572638820466186,-0.823741734915279,0.856985286225948,13.636195517350552,-1.3440370465513034,-0.10080284070752708
184,0.5520000000000004,5.0,0.05237504348760155,-0.039080378741415234,0.0006179919365399745,4.999999997919302,0.061431470861956564,-0.045207939582882696,-0.0037793455088136144,4.999999997919302,0.061431470861956564,-0.045207939582882696,-0.0037793455088136144,0.0,0.0,5.0,0.05237504348760155,-0.039080378741415234,0.0006179919365399745,0.0,0.0,4.999999997919302,0.061431470861956564,-0.045207939582882696,-0.0037793455088136144,0.0,0.0,-2.080698280337856e-09,0.009056427374355011,-0.006127560841467462,-0.0043973374453535885,0.15056793404890959,-0.12566644035707192,2.403717385361453,0.03947258363038027,0.8772419677200677,0.2969695723087447,-0.37509667865088836,0.565144283256731,-0.8277516863825771,0.8479966093792868,13.712668408693498,-1.4179814550116219,-0.10413392066044552
185,0.5550000000000004,5.0,0.0515725990902072,-0.0384253458611104,0.0009790873387288518,4.999999998154586,0.0607598679963448,-0.04479201659522772,-0.0034456900997691196,4.999999998154586,0.0607598679963448,-0.04479201659522772,-0.0034456900997691196,0.0,0.0,5.0,0.0515725990902072,-0.0384253458611104,0.0009790873387288518,0.0,0.0,4.999999998154586,0.0607598679963448,-0.04479201659522772,-0.0034456900997691196,0.0,0.0,-1.845413599710355e-09,0.009187268906137601,-0.00636667073411732,-0.004424777438497972,0.15223992660578486,-0.128160563004613,2.406234718144583,0.021926278496995313,0.8769816911902413,0.28920090049099256,-0.38312555485581407,0.5573308522917629,-0.8313742158470272,0.8391109277099809,13.78793873808688,-1.4913254577604853,-0.10718808005520818
186,0.5580000000000004,5.0,0.05076117604277625,-0.0377537937491953,0.0013392922474731012,4.999999998363265,0.06007768700207416,-0.04435683731541349,-0.0031089007880660074,4.999999998363265,0.06007768700207416,-0.04435683731541349,-0.0031089007880660074,0.0,0.0,5.0,0.05076117604277625,-0.0377537937491953,0.0013392922474731012,0.0,0.0,4.999999998363265,0.06007768700207416,-0.04435683731541349,-0.0031089007880660074,0.0,0.0,-1.6367351918233908e-09,0.009316510959297905,-0.006603043566218193,-0.004448193035539109,0.1538875528730602,-0.13066436892996067,2.408725756130818,0.004302978958409741,0.8762991090536348,0.2812650479510148,-0.39111549271922513,0.5492087557584387,-0.8346019751158823,0.8303459954117357,13.861991411553639,-1.564029804586521,-0.10996269415637092
187,0.5610000000000004,5.0,0.04994091561186693,-0.03706601110898875,0.0016982790514378635,4.999999998548346,0.059385046645005345,-0.043902588828969115,-0.0027692838882267807,4.999999998548346,0.059385046645005345,-0.043902588828969115,-0.0027692838882267807,0.0,0.0,5.0,0.04994091561186693,-0.03706601110898875,0.0016982790514378635,0.0,0.0,4.999999998548346,0.059385046645005345,-0.043902588828969115,-0.0027692838882267807,0.0,0.0,-1.4516539081910196e-09,0.009444131033138417,-0.0068365777199803635,-0.004467562939664644,0.1555099200109558,-0.1331766535985299,2.4111909149924333,-0.013388989395647172,0.8751877712730864,0.27316542577656894,-0.3990585798317291,0.5407890459651966,-0.837428222856406,0.8217196205385264,13.93481174867345,-1.6360552866264764,-0.11245539235614986
188,0.5640000000000004,5.0,0.04911196060260212,-0.03636229362138773,0.0020557212471714274,4.999999998712498,0.05868206751194647,-0.043429466419366076,-0.0024271482865047874,4.999999998712498,0.05868206751194647,-0.043429466419366076,-0.0024271482865047874,0.0,0.0,5.0,0.04911196060260212,-0.03636229362138773,0.0020557212471714274,0.0,0.0,4.999999998712498,0.05868206751194647,-0.043429466419366076,-0.0024271482865047874,0.0,0.0,-1.2875016608404621e-09,0.009570106909344352,-0.007067172797978347,-0.004482869533676215,0.15710617079456424,-0.1356961941729968,2.413630663860131,-0.03114103842715328,0.8736415542829248,0.2649056186489095,-0.4069467822259222,0.5320835945361541,-0.8398468581556334,0.8132496225658423,14.006385484110062,-1.7073627621700869,-0.11466406032971152
189,0.5670000000000004,5.0,0.04827445533380718,-0.03564294381775289,0.0024112937360645393,4.9999999988580885,0.05796887198965915,-0.042937673484064603,-0.002082805159947868,4.9999999988580885,0.05796887198965915,-0.042937673484064603,-0.002082805159947868,0.0,0.0,5.0,0.04827445533380718,-0.03564294381775289,0.0024112937360645393,0.0,0.0,4.9999999988580885,0.05796887198965915,-0.042937673484064603,-0.002082805159947868,0.0,0.0,-1.1419114542832176e-09,0.009694416655851974,-0.007294729666311714,-0.004494098896012407,0.15867548604924622,-0.13822175153258887,2.416045525225585,-0.048944322378275104,0.8716546768769,0.2564893831450526,-0.41477195411385825,0.5231050848939972,-0.8418524531973587,0.8049537884846781,14.076698768488903,-1.7779131828432857,-0.11658684195739019
190,0.5700000000000004,5.0,0.047428545612884634,-0.03490827094984882,0.0027646731200321583,4.9999999989872155,0.057245584243551244,-0.04242742144707184,-0.0017365676933784931,4.9999999989872155,0.057245584243551244,-0.04242742144707184,-0.0017365676933784931,0.0,0.0,5.0,0.047428545612884634,-0.03490827094984882,0.0027646731200321583,0.0,0.0,4.9999999989872155,0.057245584243551244,-0.04242742144707184,-0.0017365676933784931,0.0,0.0,-1.0127845229135346e-09,0.00981703863066661,-0.007519150497223015,-0.0045012408134106514,0.16021708705511864,-0.14075207238727958,2.4184360747082105,-0.06678974341976279,0.8692217158325887,0.24792064569934047,-0.4225258481264719,0.5138670019574769,-0.8434402848969007,0.7968498275418475,14.145738168625938,-1.8476676201411246,-0.11822214101208624
191,0.5730000000000004,5.0,0.04657437871042931,-0.03415859085689551,0.0031155379956483934,4.999999999101741,0.056512330196059925,-0.04189892966804936,-0.001388750794547805,4.999999999101741,0.056512330196059925,-0.04189892966804936,-0.001388750794547805,0.0,0.0,5.0,0.04657437871042931,-0.03415859085689551,0.0031155379956483934,0.0,0.0,4.999999999101741,0.056512330196059925,-0.04189892966804936,-0.001388750794547805,0.0,0.0,-8.982592447637217e-10,0.009937951485630613,-0.007740338811153852,-0.004504288790196199,0.16173023791208732,-0.14328589148327706,2.420802940682464,-0.08466795782346358,0.866337621225793,0.23920350022156653,-0.4302001260443669,0.5043836189895615,-0.8446063653324932,0.7889553247512101,14.21349066711057,-1.9165872922808684,-0.11956862261031212
192,0.5760000000000004,5.0,0.04571210333458909,-0.033394225829787426,0.0034635692464674373,4.9999999992033155,0.055769237504728876,-0.041352425348009245,-0.001039670807722645,4.9999999992033155,0.055769237504728876,-0.041352425348009245,-0.001039670807722645,0.0,0.0,5.0,0.04571210333458909,-0.033394225829787426,0.0034635692464674373,0.0,0.0,4.9999999992033155,0.055769237504728876,-0.041352425348009245,-0.001039670807722645,0.0,0.0,-7.966844961515562e-10,0.010057134170139786,-0.007958199518221819,-0.0045032400541900825,0.16321424785671637,-0.1458219338957108,2.4231468037623975,-0.10256938276146195,0.8629977313880501,0.23034220536997688,-0.4377863700074575,0.4946699815430195,-0.8453474708112481,0.7812876933112166,14.279943661247183,-1.9846335913449085,-0.1206252144255654
193,0.5790000000000004,5.0,0.0448418696051751,-0.03261550447253934,0.0038084503332642943,4.999999999293404,0.05501643553998343,-0.04078814343163903,-0.0006896452259660428,4.999999999293404,0.05501643553998343,-0.04078814343163903,-0.0006896452259660428,0.0,0.0,5.0,0.0448418696051751,-0.03261550447253934,0.0038084503332642943,0.0,0.0,4.999999999293404,0.05501643553998343,-0.04078814343163903,-0.0006896452259660428,0.0,0.0,-7.065956708629528e-10,0.010174565934808331,-0.008172638959099691,-0.004498095559230337,0.16466847352210146,-0.14835891740393362,2.4254683961406216,-0.12048420373259963,0.8591977874601284,0.22134118147855134,-0.4452760941890098,0.48474188846169053,-0.8456611694076095,0.7738641260746983,14.34508496136175,-2.051768110682323,-0.12139110766292892
194,0.5820000000000004,5.0,0.04396382902752624,-0.03182276156101783,0.004149867581931655,4.999999999373306,0.054254055362607446,-0.040206326506297733,-0.00033899240237287356,4.999999999373306,0.054254055362607446,-0.040206326506297733,-0.00033899240237287356,0.0,0.0,5.0,0.04396382902752624,-0.03182276156101783,0.004149867581931655,0.0,0.0,4.999999999373306,0.054254055362607446,-0.040206326506297733,-0.00033899240237287356,0.0,0.0,-6.266942520483099e-10,0.010290226335081205,-0.008383564945279906,-0.004488859984304529,0.16609232113182518,-0.15089555494437284,2.4277685007793024,-0.13840238261531945,0.8549339474943234,0.2122050071390783,-0.45266075691767177,0.47461586990790683,-0.8455458468130798,0.7667015462269918,14.408902788481734,-2.1179526725372475,-0.12186575779401075
195,0.5850000000000004,5.0,0.04307813446613271,-0.031016337899019704,0.004487510468770749,4.999999999444172,0.053482229700926004,-0.039607224697726255,1.196873947670275e-05,4.999999999444172,0.053482229700926004,-0.039607224697726255,1.196873947670275e-05,0.0,0.0,5.0,0.04307813446613271,-0.031016337899019704,0.004487510468770749,0.0,0.0,4.999999999444172,0.053482229700926004,-0.039607224697726255,1.196873947670275e-05,0.0,0.0,-5.558282722972763e-10,0.010404095234793291,-0.008590886798706551,-0.004475541729294047,0.1674852486190234,-0.15343055713538623,2.430047950451317,-0.15631366634392194,0.8502028000584727,0.2029384154396731,-0.45993177322912565,0.4643091623994034,-0.8450007303377955,0.7598165573382002,14.471385771399342,-2.1831493558715396,-0.12204888505155698
196,0.5880000000000004,5.0,0.04218494011802247,-0.030196580171758854,0.004821071902917004,4.999999999507025,0.05270109292769769,-0.038991095562516995,0.0003629189955826539,4.999999999507025,0.05270109292769769,-0.038991095562516995,0.0003629189955826539,0.0,0.0,5.0,0.04218494011802247,-0.030196580171758854,0.004821071902917004,0.0,0.0,4.999999999507025,0.05270109292769769,-0.038991095562516995,0.0003629189955826539,0.0,0.0,-4.929754382487772e-10,0.010516152809675217,-0.00879451539075814,-0.00445815290733435,0.16884676766158105,-0.1559626348681081,2.4323076266302106,-0.17420759620342563,0.845001377294904,0.19354628986253805,-0.467080527827039,0.4538396808525486,-0.8440259109072956,0.753225392964574,14.53252294312993,-2.2473205243486607,-0.12194047468328877
197,0.5910000000000004,5.0,0.04128440148591616,-0.029363840796824688,0.005150248505643363,4.99999999956277,0.05191078103672064,-0.038358203977388976,0.0007135391718455413,4.99999999956277,0.05191078103672064,-0.038358203977388976,0.0007135391718455413,0.0,0.0,5.0,0.04128440148591616,-0.029363840796824688,0.005150248505643363,0.0,0.0,4.99999999956277,0.05191078103672064,-0.038358203977388976,0.0007135391718455413,0.0,0.0,-4.3722980791471855e-10,0.010626379550804477,-0.008994363180564287,-0.0044367093337978215,0.1701764456245094,-0.1584905019568128,2.4345484582281585,-0.19207351773628928,0.8393271673880025,0.18403365984492623,-0.4740983884310523,0.4432259876427799,-0.8426223629015654,0.746943865982567,14.592303736779204,-2.3104288544452065,-0.12154077696473173
198,0.5940000000000004,5.0,0.040376675351154294,-0.028518477772676222,0.005474740886287451,4.9999999996122115,0.05111143161915637,-0.03770882202531598,0.0010635103743779689,4.9999999996122115,0.05111143161915637,-0.03770882202531598,0.0010635103743779689,0.0,0.0,5.0,0.040376675351154294,-0.028518477772676222,0.005474740886287451,0.0,0.0,4.9999999996122115,0.05111143161915637,-0.03770882202531598,0.0010635103743779689,0.0,0.0,-3.877884680036914e-10,0.010734756268002077,-0.00919034425263976,-0.004411230511909482,0.1714739074006324,-0.1610128778418774,2.4367714201816995,-0.20990059125229463,0.833178126394754,0.17440569600843767,-0.48097671948762366,0.4324872587076679,-0.8407919616881965,0.7409873178469919,14.650717980834541,-2.3724373636560463,-0.12085030697102937
199,0.5970000000000004,5.0,0.039461919746402264,-0.02766085452473695,0.0057942539145515405,4.999999999656063,0.05030318383957552,-0.03704322887855674,0.0014125142995429932,4.999999999656063,0.05030318383957552,-0.03704322887855674,0.0014125142995429932,0.0,0.0,5.0,0.039461919746402264,-0.02766085452473695,0.0057942539145515405,0.0,0.0,4.999999999656063,0.05030318383957552,-0.03704322887855674,0.0014125142995429932,0.0,0.0,-3.439373230662568e-10,0.010841264093173257,-0.009382374353819788,-0.0043817396150085475,0.17273883714083135,-0.16352849033799918,2.438977531885615,-0.22767780293090537,0.8265526893934749,0.16466770506294595,-0.48770689621766844,0.421643246732987,-0.8385374987072571,0.7353705679718062,14.70775589389751,-2.4333094387587093,-0.11986984410794584
200,0.6000000000000004,5.0,0.03854029392813709,-0.02679133974915642,0.006108496988927563,4.999999999694955,0.049486178411729635,-0.03636171067863739,0.0017602335234556815,4.999999999694955,0.049486178411729635,-0.03636171067863739,0.0017602335234556815,0.0,0.0,5.0,0.03854029392813709,-0.02679133974915642,0.006108496988927563,0.0,0.0,4.999999999694955,0.049486178411729635,-0.03636171067863739,0.0017602335234556815,0.0,0.0,-3.05044878246008e-10,0.010945884483592544,-0.00957037092948097,-0.004348263465471881,0.17397097986526372,-0.16603607841991594,2.44116785547593,-0.24539397650342387,0.8194497809069863,0.15482512439261742,-0.4942803189730895,0.4107142414774553,-0.8358626939722549,0.730107863438303,14.763408078876344,-2.4930088641023276,-0.11860043140248644
201,0.6030000000000004,5.0,0.03761195834892149,-0.025910307254306316,0.006417184301003269,4.999999999729449,0.04866055757405326,-0.035664560413337834,0.002106351790684531,4.999999999729449,0.04866055757405326,-0.035664560413337834,0.002106351790684531,0.0,0.0,5.0,0.03761195834892149,-0.025910307254306316,0.006417184301003269,0.0,0.0,4.999999999729449,0.04866055757405326,-0.035664560413337834,0.002106351790684531,0.0,0.0,-2.7055069296011425e-10,0.011048599225131774,-0.009754253159031518,-0.0043108325103187375,0.17517014294718575,-0.168534395037494,2.4433434939636527,-0.26303778550026474,0.8118688245577382,0.14488351633263868,-0.5006884278725069,0.3997210273073409,-0.8327722058593559,0.7252128292408032,14.817665516658725,-2.5514998498862274,-0.11704337455378194
202,0.6060000000000004,5.0,0.036677074629469286,-0.025018135800078375,0.006720035095408845,4.9999999997600435,0.04782646506490064,-0.034952077790734885,0.002450554301890155,4.9999999997600435,0.04782646506490064,-0.034952077790734885,0.002450554301890155,0.0,0.0,5.0,0.036677074629469286,-0.025018135800078375,0.006720035095408845,0.0,0.0,4.9999999997600435,0.04782646506490064,-0.034952077790734885,0.002450554301890155,0.0,0.0,-2.3995649911512373e-10,0.011149390435431353,-0.00993394199065651,-0.00426948079351869,0.1763361974612692,-0.17102220995169148,2.4455055892215056,-0.28059776604666586,0.8038097519138182,0.13484856214640617,-0.5069227176847698,0.3886848380278134,-0.829271638065821,0.7206984192842711,14.87051955928686,-2.6087470603931155,-0.11520024074509834
203,0.6090000000000004,5.0,0.03573580553050795,-0.024115208935053836,0.007016773925167869,4.999999999787177,0.04698404609752119,-0.034224569110356325,0.0027925280001396325,4.999999999787177,0.04698404609752119,-0.034224569110356325,0.0027925280001396325,0.0,0.0,5.0,0.03573580553050795,-0.024115208935053836,0.007016773925167869,0.0,0.0,4.999999999787177,0.04698404609752119,-0.034224569110356325,0.0027925280001396325,0.0,0.0,-2.128226483932849e-10,0.011248240567013235,-0.010109360175302489,-0.004224245925028236,0.17746907938861017,-0.17349831258257664,2.44765531982656,-0.2980623301881682,0.7952730104864075,0.12472605571404716,-0.5129747529271801,0.377627309113661,-0.8253675436283855,0.716576868351535,14.921961922658333,-2.6647156421417018,-0.11307285721805486
204,0.6120000000000004,5.0,0.03478831492444212,-0.023201914831614136,0.0073071309022200714,4.999999999811243,0.046133447334778296,-0.033482347131501264,0.0031319618556361222,4.999999999811243,0.046133447334778296,-0.033482347131501264,0.0031319618556361222,0.0,0.0,5.0,0.03478831492444212,-0.023201914831614136,0.0073071309022200714,0.0,0.0,4.999999999811243,0.046133447334778296,-0.033482347131501264,0.0031319618556361222,0.0,0.0,-1.8875656593309031e-10,0.011345132410336176,-0.010280432299887128,-0.00417516904658395,0.17856879067098325,-0.17596151486028572,2.4497938987623398,-0.3154197797252247,0.7862595708410623,0.11452189694423132,-0.518836183143787,0.3665704274576867,-0.8210674259030256,0.7128596452599331,14.971984678777707,-2.7193712519236026,-0.11066330961034561
205,0.6150000000000004,5.0,0.033834767766824134,-0.022278646119063834,0.007590841942888308,4.999999999832588,0.04527481686361568,-0.032725730938783434,0.003468547148604756,4.999999999832588,0.04527481686361568,-0.032725730938783434,0.003468547148604756,0.0,0.0,5.0,0.033834767766824134,-0.022278646119063834,0.007590841942888308,0.0,0.0,4.999999999832588,0.04527481686361568,-0.032725730938783434,0.003468547148604756,0.0,0.0,-1.674118621508569e-10,0.011440049096791548,-0.0104470848197196,-0.004122294794283552,0.17963540010729517,-0.1784106540695433,2.451922570984624,-0.3326583205343555,0.7767709327871938,0.10424208492228708,-0.5244987583276329,0.35553647877063876,-0.816379736419195,0.7095574074281652,15.020580247585212,-2.772680084689372,-0.10797394005847767
206,0.6180000000000004,5.0,0.03287533006763544,-0.021345799714837486,0.007867649008066253,4.999999999851519,0.04440830416927585,-0.03195504580495522,0.003801977750077544,4.999999999851519,0.04440830416927585,-0.03195504580495522,0.003801977750077544,0.0,0.0,5.0,0.03287533006763544,-0.021345799714837486,0.007867649008066253,0.0,0.0,4.999999999851519,0.04440830416927585,-0.03195504580495522,0.003801977750077544,0.0,0.0,-1.4848122731336844e-10,0.011532974101640413,-0.010609246090117735,-0.004065671257988709,0.1806690440856406,-0.18084459567814562,2.4540426108558457,-0.34976607735135723,0.7668091306123022,0.09389271080865556,-0.5299543444494546,0.34454799278181397,-0.8113138695341084,0.7066799570738675,15.067741388390255,-2.8246089012486753,-0.1050073450672501
207,0.6210000000000004,5.0,0.03191016886238497,-0.020403776653863066,0.008137300337908583,4.999999999868309,0.043534060109275116,-0.031170623051071367,0.004131950400321899,4.999999999868309,0.043534060109275116,-0.031170623051071367,0.004131950400321899,0.0,0.0,5.0,0.03191016886238497,-0.020403776653863066,0.008137300337908583,0.0,0.0,4.999999999868309,0.043534060109275116,-0.031170623051071367,0.004131950400321899,0.0,0.0,-1.3169110246735727e-10,0.011623891246890145,-0.010766846397208301,-0.004005349937586685,0.18166992714485375,-0.18326223613962353,2.4561553194536283,-0.3667311089902113,0.7563767373298728,0.08347995050268894,-0.5351949390540742,0.33362768640438467,-0.805880153825972,0.7042361992608962,15.113461190938658,-2.8751250557497365,-0.10176637314791316
208,0.6240000000000004,5.0,0.03093945218302847,-0.01945298191615506,0.00839955068080998,4.9999999998832,0.0426522368871397,-0.030372799904052502,0.0044581649846595515,4.9999999998832,0.0426522368871397,-0.030372799904052502,0.0044581649846595515,0.0,0.0,5.0,0.03093945218302847,-0.01945298191615506,0.00839955068080998,0.0,0.0,4.9999999998832,0.0426522368871397,-0.030372799904052502,0.0044581649846595515,0.0,0.0,-1.1679990308266497e-10,0.011712784704111228,-0.010919817987897443,-0.0039413856961504285,0.18263832235998556,-0.1856625056601609,2.4582620217596656,-0.3835414239695237,0.7454768679123622,0.07301005708772539,-0.540212686884574,0.3227984050439343,-0.8000898401791277,0.702234102012486,15.157733066143782,-2.9241965229034736,-0.09825412222715456
209,0.6270000000000004,5.0,0.029963349028714822,-0.018493824252711934,0.00865416151646487,4.999999999896408,0.0417629880259075,-0.029561919351709716,0.004780324806424998,4.999999999896408,0.0417629880259075,-0.029561919351709716,0.004780324806424998,0.0,0.0,5.0,0.029963349028714822,-0.018493824252711934,0.00865416151646487,0.0,0.0,4.999999999896408,0.0417629880259075,-0.029561919351709716,0.004780324806424998,0.0,0.0,-1.035918018033044e-10,0.011799638997192677,-0.011068095098997782,-0.003873836710039872,0.18357457154671314,-0.1880443709197474,2.4603640637357724,-0.4001849965165782,0.7341131814833841,0.06248935307424503,-0.544999895493322,0.31208306224252735,-0.7939550865288357,0.7006806587023053,15.200550736512735,-2.971791924918003,-0.09447393682926873
210,0.6300000000000004,5.0,0.0289820293363635,-0.017526716009792085,0.008900901272804962,4.999999999908122,0.04086646834140017,-0.0287383299952925,0.005098136856815214,4.999999999908122,0.04086646834140017,-0.0287383299952925,0.005098136856815214,0.0,0.0,5.0,0.0289820293363635,-0.017526716009792085,0.008900901272804962,0.0,0.0,4.999999999908122,0.04086646834140017,-0.0287383299952925,0.005098136856815214,0.0,0.0,-9.187761662587945e-11,0.011884439005036669,-0.011211613985500416,-0.003802764415989748,0.1844790852803045,-0.19040683773749376,2.4624628092945624,-0.4166497829174032,0.7222898824460369,0.051924222458724384,-0.5495490507980405,0.30150457786377977,-0.7874889392487827,0.6995818529299521,15.241908226299866,-3.017880558109541,-0.09042940503407307
211,0.6330000000000005,5.0,0.027995663951079282,-0.016552072951644316,0.009139545536617177,4.999999999918512,0.039962833915270043,-0.027902385899623457,0.005411312081385207,4.999999999918512,0.039962833915270043,-0.027902385899623457,0.005411312081385207,0.0,0.0,5.0,0.027995663951079282,-0.016552072951644316,0.009139545536617177,0.0,0.0,4.999999999918512,0.039962833915270043,-0.027902385899623457,0.005411312081385207,0.0,0.0,-8.148770547222739e-11,0.011967169964190762,-0.011350312947979141,-0.0037282334552319694,0.18535234272541468,-0.19274895367103462,2.4645596371728042,-0.4329237381796513,0.7100117205272879,0.04132110261655786,-0.5538528325403673,0.29108581503672654,-0.7807053111802881,0.6989426260806328,15.281799851420683,-3.0624324191561745,-0.0861243552133362
212,0.6360000000000005,5.0,0.02700442459640834,-0.015570314081768892,0.00936987725765063,4.999999999927727,0.039052242067826794,-0.027054446440884186,0.005719565642947028,4.999999999927727,0.039052242067826794,-0.027054446440884186,0.005719565642947028,0.0,0.0,5.0,0.02700442459640834,-0.015570314081768892,0.00936987725765063,0.0,0.0,4.999999999927727,0.039052242067826794,-0.027054446440884186,0.005719565642947028,0.0,0.0,-7.227285436783859e-11,0.012047817471418455,-0.011484132359115294,-0.003650311614703602,0.18619489127367778,-0.19506981053999015,2.466655937716086,-0.44899483297357135,0.6972839897214345,0.03068647604809857,-0.5579041296037717,0.28084951608769576,-0.7736189563185059,0.6987668477606217,15.320220209160084,-3.105418230961388,-0.08156285254868739
213,0.6390000000000005,5.0,0.02600848384444172,-0.014581861462786031,0.009591686946026762,4.9999999999359,0.03813485133064834,-0.026194876152117796,0.006022617180633123,4.9999999999359,0.03813485133064834,-0.026194876152117796,0.006022617180633123,0.0,0.0,5.0,0.02600848384444172,-0.014581861462786031,0.009591686946026762,0.0,0.0,4.9999999999359,0.03813485133064834,-0.026194876152117796,0.006022617180633123,0.0,0.0,-6.409983654975804e-11,0.012126367486206619,-0.011613014689331765,-0.0035690697653936393,0.18700734598677718,-0.19736854686355287,2.468753109583958,-0.4648510708149299,0.6841125261188813,0.02002686199748377,-0.561696055147256,0.2708182376997977,-0.7662454411875734,0.6990572892906509,15.357164167709561,-3.146809468094784,-0.07674919533417293
214,0.6420000000000005,5.0,0.025008015085771163,-0.013587140034989254,0.00980477286277334,4.999999999943149,0.03721082141898095,-0.025324044566514478,0.006320191064888415,4.999999999943149,0.03721082141898095,-0.025324044566514478,0.006320191064888415,0.0,0.0,5.0,0.025008015085771163,-0.013587140034989254,0.00980477286277334,0.0,0.0,4.999999999943149,0.03721082141898095,-0.025324044566514478,0.006320191064888415,0.0,0.0,-5.6851412466585316e-11,0.01220280633320979,-0.011736904531525224,-0.0034845817978849253,0.18779038884342392,-0.19964435020241353,2.470852556385244,-0.48048050545241755,0.6705037046098112,0.009348807964449432,-0.5652219615110082,0.2610142855489169,-0.7586011129535537,0.6998156004286484,15.392626855568572,-3.186578381777963,-0.0716879110668217
215,0.6450000000000005,5.0,0.02400319249930195,-0.012586577433661645,0.010008941203308776,4.999999999949577,0.03628031320393326,-0.024442326058547473,0.006612016648159192,4.999999999949577,0.03628031320393326,-0.024442326058547473,0.006612016648159192,0.0,0.0,5.0,0.02400319249930195,-0.012586577433661645,0.010008941203308776,0.0,0.0,4.999999999949577,0.03628031320393326,-0.024442326058547473,0.006612016648159192,0.0,0.0,-5.042277706479581e-11,0.01227712070463131,-0.011855748624885828,-0.0033969245551495842,0.18854476778944343,-0.20189645939543663,2.4729556832536876,-0.4958712584208621,0.6564644344557417,-0.0013411188701995952,-0.5684754548500659,0.251459648673174,-0.7507030643410374,0.7010422894812565,15.426603650845829,-3.224698024384167,-0.06638375232877626
216,0.6480000000000005,5.0,0.022994191021929174,-0.011580603805233333,0.010204006273710122,4.999999999955279,0.03534348868446901,-0.02355009968302777,0.006897828511050789,4.999999999955279,0.03534348868446901,-0.02355009968302777,0.006897828511050789,0.0,0.0,5.0,0.022994191021929174,-0.011580603805233333,0.010204006273710122,0.0,0.0,4.999999999955279,0.03534348868446901,-0.02355009968302777,0.006897828511050789,0.0,0.0,-4.4720671610321006e-11,0.012349297662539834,-0.011969495877794438,-0.003306177762659333,0.18927129559096226,-0.20412416668174557,2.475063893374539,-0.511011536720471,0.6420021537254669,-0.012036340284415265,-0.5714504094521256,0.2421759338396076,-0.7425690954363131,0.7027367069503869,15.459090170496578,-3.2611422734209055,-0.06084169246473257
217,0.6510000000000005,5.0,0.021981186318081398,-0.010569651622359826,0.010389790659604204,4.999999999960337,0.034400510959203476,-0.022647749012146702,0.0071773667037301975,4.999999999960337,0.034400510959203476,-0.022647749012146702,0.0071773667037301975,0.0,0.0,5.0,0.021981186318081398,-0.010569651622359826,0.010389790659604204,0.0,0.0,4.999999999960337,0.034400510959203476,-0.022647749012146702,0.0071773667037301975,0.0,0.0,-3.966338368854849e-11,0.012419324641122078,-0.012078097389786876,-0.0032124239558740065,0.189970848491494,-0.20632681969917643,2.477178584473079,-0.5258896505813526,0.6271248225954539,-0.022730275698678838,-0.5741409816958765,0.23318430017724803,-0.7342176724769552,0.7048970328467505,15.49008225953229,-3.295885854965499,-0.05506692105862062
218,0.6540000000000005,5.0,0.0209643547491382,-0.009554155497999879,0.010566125387528491,4.999999999964822,0.03345154419800844,-0.02173566197057648,0.007450376982354019,4.999999999964822,0.03345154419800844,-0.02173566197057648,0.007450376982354019,0.0,0.0,5.0,0.0209643547491382,-0.009554155497999879,0.010566125387528491,0.0,0.0,4.999999999964822,0.03345154419800844,-0.02173566197057648,0.007450376982354019,0.0,0.0,-3.517808266906286e-11,0.012487189448870242,-0.012181506472576601,-0.003115748405174472,0.1906443646745432,-0.20850382335040968,2.4793011452764397,-0.5404940312717149,0.6118409155183777,-0.03341635088215461,-0.5765416236066604,0.2245053943497357,-0.7256678837444152,0.7075202677869072,15.519575980239239,-3.328904366524172,-0.04906483921363826
219,0.6570000000000005,5.0,0.019943873342725914,-0.008534551998573428,0.010732850078614752,4.9999999999688,0.032496753613430684,-0.020814230668699613,0.00771661104030676,4.9999999999688,0.032496753613430684,-0.020814230668699613,0.00771661104030676,0.0,0.0,5.0,0.019943873342725914,-0.008534551998573428,0.010732850078614752,0.0,0.0,4.9999999999688,0.032496753613430684,-0.020814230668699613,0.00771661104030676,0.0,0.0,-3.1199931527226e-11,0.01255288027070477,-0.012279678670126184,-0.0030162390383079926,0.19129284253417259,-0.21065464152848748,2.481432951960362,-0.554813248907427,0.5961594122671326,-0.04408800665952743,-0.5786470959668606,0.21615928654312883,-0.7169393926926018,0.7106022279740121,15.547567601442633,-3.3601742992861476,-0.04284105463993198
220,0.6600000000000005,5.0,0.01891991976189783,-0.007511279456279713,0.010889813094455879,4.999999999972328,0.031536305431928875,-0.019883851234038852,0.007975826734039114,4.999999999972328,0.031536305431928875,-0.019883851234038852,0.007975826734039114,0.0,0.0,5.0,0.01891991976189783,-0.007511279456279713,0.010889813094455879,0.0,0.0,4.999999999972328,0.031536305431928875,-0.019883851234038852,0.007975826734039114,0.0,0.0,-2.7672086844177102e-11,0.012616385670031045,-0.012372571777759139,-0.0029139863604167645,0.19191733875680905,-0.2127787986938717,2.4835753645927974,-0.5688360302200541,0.580089787865331,-0.0547387075967806,-0.5804524809392051,0.20816540754548954,-0.7080523884614044,0.7141375441451413,15.574053587852724,-3.389673059744899,-0.03640137655438926
221,0.6630000000000005,5.0,0.01789267227420328,-0.0064847777806562425,0.011036871675023084,4.999999999975457,0.030570366864934032,-0.018944923640960138,0.008227788303300877,4.999999999975457,0.030570366864934032,-0.018944923640960138,0.008227788303300877,0.0,0.0,5.0,0.01789267227420328,-0.0064847777806562425,0.011036871675023084,0.0,0.0,4.999999999975457,0.030570366864934032,-0.018944923640960138,0.008227788303300877,0.0,0.0,-2.454303427157356e-11,0.012677694590730752,-0.012460145860303896,-0.0028090833717222072,0.19251896621839168,-0.2148758812956902,2.4857297235864473,-0.5825512762400407,0.5636420014189695,-0.06536195064421071,-0.5819531941621261,0.20054248719420537,-0.6990275339395037,0.7181196645500063,15.59903058952929,-3.417378990659636,-0.029751810397183557
222,0.6660000000000005,5.0,0.016862309720652006,-0.005455488269459693,0.011173892068508131,4.9999999999782325,0.02959910607973845,-0.017997851538721805,0.008472266585568135,4.9999999999782325,0.02959910607973845,-0.017997851538721805,0.008472266585568135,0.0,0.0,5.0,0.016862309720652006,-0.005455488269459693,0.011173892068508131,0.0,0.0,4.9999999999782325,0.02959910607973845,-0.017997851538721805,0.008472266585568135,0.0,0.0,-2.176747671001067e-11,0.012736796359086443,-0.012542363269262113,-0.002701625482939996,0.19309889170178596,-0.21694553903035685,2.4878973461724687,-0.5959480798514323,0.5468264838676042,-0.0759512737151018,-0.5831449962774582,0.19330849446475973,-0.6898859115555448,0.7225408620070732,15.622495431500482,-3.4432713913308874,-0.022898552369874415
223,0.6690000000000005,5.0,0.015829011484578163,-0.004423853418950021,0.01130074965297246,4.999999999980694,0.02862269217021823,-0.017043042077943903,0.008709039224469748,4.999999999980694,0.02862269217021823,-0.017043042077943903,0.008709039224469748,0.0,0.0,5.0,0.015829011484578163,-0.004423853418950021,0.01130074965297246,0.0,0.0,4.999999999980694,0.02862269217021823,-0.017043042077943903,0.008709039224469748,0.0,0.0,-1.9306334309021622e-11,0.012793680685640067,-0.012619188658993882,-0.0025917104285027113,0.19365833344019837,-0.2189874859313289,2.49007952290766,-0.6090157431743889,0.5296541246770053,-0.08650026417869242,-0.5840240038520659,0.1864805794708027,-0.6806489669906837,0.7273922450637385,15.64444510357166,-3.467330537164949,-0.015847983800030743
224,0.6720000000000005,5.0,0.014792957460410426,-0.003390316733659129,0.01141732904969253,4.999999999982877,0.027641295127394487,-0.01608090573557229,0.008937890872023542,4.999999999982877,0.027641295127394487,-0.01608090573557229,0.008937890872023542,0.0,0.0,5.0,0.014792957460410426,-0.003390316733659129,0.01141732904969253,0.0,0.0,4.999999999982877,0.027641295127394487,-0.01608090573557229,0.008937890872023542,0.0,0.0,-1.7123191753398714e-11,0.012848337666984061,-0.012690589001913161,-0.0024794381776689876,0.194198558493118,-0.2210015012843846,2.492277514227462,-0.6217437947317573,0.5121362574988355,-0.0970025672463646,-0.5845866996564792,0.18007501763988426,-0.6713384510185597,0.732663773267372,15.664876750359287,-3.489537698502858,-0.008606665337501096
225,0.6750000000000005,5.0,0.013754328022352592,-0.002355322535726509,0.011523524228098396,4.999999999984813,0.026655085809838386,-0.015111856138412715,0.009158613384498266,4.999999999984813,0.026655085809838386,-0.015111856138412715,0.009158613384498266,0.0,0.0,5.0,0.013754328022352592,-0.002355322535726509,0.011523524228098396,0.0,0.0,4.999999999984813,0.026655085809838386,-0.015111856138412715,0.009158613384498266,0.0,0.0,-1.518696279845244e-11,0.012900757787485794,-0.012756533602686207,-0.0023649108436001303,0.19472087996208434,-0.22298743036345697,2.494492547057064,-0.6341220063561417,0.49428464482641915,-0.10745189423036115,-0.5848299422652611,0.17410715632210988,-0.661976359690797,0.7383442765338663,15.68378766158431,-3.509875158690486,-0.0011813309876103047
226,0.6780000000000005,5.0,0.012713303992981182,-0.0013193157738829466,0.011619238602209947,4.999999999986531,0.0256642359139251,-0.014136309885310751,0.009371006011723191,4.999999999986531,0.0256642359139251,-0.014136309885310751,0.009371006011723191,0.0,0.0,5.0,0.012713303992981182,-0.0013193157738829466,0.011619238602209947,0.0,0.0,4.999999999986531,0.0256642359139251,-0.014136309885310751,0.009371006011723191,0.0,0.0,-1.3469225734752399e-11,0.012950931920943917,-0.012816994111427804,-0.002248232590486756,0.19522665405432518,-0.22494518498274824,2.4967258114928037,-0.6461404097942323,0.47611146167909835,-0.11784203065479662,-0.5847509749456492,0.16859136408028333,-0.65258487309709,0.74442147857994,15.701175262658715,-3.528326231367269,0.006421118013293367
227,0.6810000000000005,5.0,0.01167006661176446,-0.0002827418321650747,0.011704385118483202,4.999999999988054,0.024668917943941965,-0.013154686368054055,0.009574875579673158,4.999999999988054,0.024668917943941965,-0.013154686368054055,0.009574875579673158,0.0,0.0,5.0,0.01167006661176446,-0.0002827418321650747,0.011704385118483202,0.0,0.0,4.999999999988054,0.024668917943941965,-0.013154686368054055,0.009574875579673158,0.0,0.0,-1.1945999744966684e-11,0.012998851332177505,-0.01287194453588898,-0.0021295095388100434,0.19571727700302474,-0.22687474386156434,2.4989784575658986,-0.6577893129656371,0.4576292783510131,-0.12816684419926314,-0.5843474338029793,0.16354098289984895,-0.643186292938702,0.7508820243649837,15.71703710559805,-3.544875276952053,0.014193619474368976
228,0.6840000000000005,5.0,0.01062479750350939,0.0007539536615572559,0.011778886334986702,4.999999999989405,0.023669305182055927,-0.012167407591073919,0.009770036666163023,4.999999999989405,0.023669305182055927,-0.012167407591073919,0.009770036666163023,0.0,0.0,5.0,0.01062479750350939,0.0007539536615572559,0.011778886334986702,0.0,0.0,4.999999999989405,0.023669305182055927,-0.012167407591073919,0.009770036666163023,0.0,0.0,-1.0595080368602794e-11,0.013044507678546537,-0.012921361252631176,-0.0020088496688236788,0.1961941818536603,-0.22877615279905247,2.501251592100302,-0.6690593158340932,0.438851042263366,-0.13842029245594428,-0.5836173551535139,0.1589682835451855,-0.633802979162711,0.7577115114678334,15.731370860291744,-3.5595077183055146,0.02212895667318518
229,0.6870000000000005,5.0,0.009577678646740993,0.0017903250271584328,0.011842674491836026,4.999999999990603,0.0226655716581456,-0.011174897990023625,0.009956311769491693,4.999999999990603,0.0226655716581456,-0.011174897990023625,0.009956311769491693,0.0,0.0,5.0,0.009577678646740993,0.0017903250271584328,0.011842674491836026,0.0,0.0,4.999999999990603,0.0226655716581456,-0.011174897990023625,0.009956311769491693,0.0,0.0,-9.396927680427325e-12,0.013087893011404606,-0.012965223017182058,-0.0018863627223443327,0.19665883512648707,-0.230649524656787,2.503546275676213,-0.6799413258497243,0.4197900589623298,-0.1485964304818335,-0.5825591820975614,0.15488442427559312,-0.6244572859115097,0.7648945253036529,15.744174306161966,-3.5722100555495846,0.030219764919152417
230,0.6900000000000005,5.0,0.008528892342020629,0.0028259267238570024,0.011895691572822328,4.999999999991665,0.021657892119503117,-0.01017758424931163,0.010133531469882369,4.999999999991665,0.021657892119503117,-0.01017758424931163,0.010133531469882369,0.0,0.0,5.0,0.008528892342020629,0.0028259267238570024,0.011895691572822328,0.0,0.0,4.999999999991665,0.021657892119503117,-0.01017758424931163,0.010133531469882369,0.0,0.0,-8.334666290465975e-12,0.013128999777482489,-0.013003510973168632,-0.001762160102939959,0.19711273336584625,-0.23249503914793052,2.5058635197104118,-0.6904265729219551,0.40045997230770936,-0.15868941812840448,-0.5811717702681547,0.15129941311972733,-0.615171497047833,0.7724146780662423,15.75544532424062,-3.582969880025315,0.038458538251516586
231,0.6930000000000005,5.0,0.007478621180207737,0.0038603135417556427,0.01193788935817889,4.999999999992608,0.020646442000411117,-0.009175895118667983,0.010301534583572176,4.999999999992608,0.020646442000411117,-0.009175895118667983,0.010301534583572176,0.0,0.0,5.0,0.007478621180207737,0.0038603135417556427,0.01193788935817889,0.0,0.0,4.999999999992608,0.020646442000411117,-0.009175895118667983,0.010301534583572176,0.0,0.0,-7.392308987164142e-12,0.01316782082020338,-0.013036208660423626,-0.0016363547746067134,0.1975573995875203,-0.2343129424324902,2.5082042836641967,-0.7005066238837798,0.38087474390026904,-0.16869352713189753,-0.5794543927330711,0.1482220738913521,-0.605967761519901,0.7802546512616935,15.765181889692691,-3.5917758873716052,0.04683763626582225
232,0.6960000000000005,5.0,0.006427048010671368,0.004893040793239106,0.011969229468437653,4.9999999999934435,0.019631397391600098,-0.008170261228822858,0.010460168309411016,4.9999999999934435,0.019631397391600098,-0.008170261228822858,0.010460168309411016,0.0,0.0,5.0,0.006427048010671368,0.004893040793239106,0.011969229468437653,0.0,0.0,4.9999999999934435,0.019631397391600098,-0.008170261228822858,0.010460168309411016,0.0,0.0,-6.5565330942263245e-12,0.01320434938092873,-0.013063302022061964,-0.0015090611590266364,0.19799437963585692,-0.23610354651899246,2.510569472389238,-0.7101733964093266,0.36104863179826174,-0.17860314794826052,-0.5774067440305973,0.145660016112205,-0.5968680288340794,0.7883962416805349,15.773382064812914,-3.598617889708258,0.05534929106263824
233,0.6990000000000005,5.0,0.005374355909456694,0.0059236645041471905,0.011989683399335893,4.999999999994185,0.018612935009591502,-0.0071611149063764345,0.010609288367836327,4.999999999994185,0.018612935009591502,-0.0071611149063764345,0.010609288367836327,0.0,0.0,5.0,0.005374355909456694,0.0059236645041471905,0.011989683399335893,0.0,0.0,4.999999999994185,0.018612935009591502,-0.0071611149063764345,0.010609288367836327,0.0,0.0,-5.81490411377672e-12,0.013238579100134807,-0.013084779410523625,-0.0013803950314995664,0.1984252384628257,-0.2378672284737037,2.5129599336211506,-0.7194191723480327,0.3409961685761407,-0.1884127963177134,-0.5750289433221628,0.14361960898958928,-0.587893984903747,0.7968204106374633,15.780043992521149,-3.6034868269078157,0.06398561431222602
234,0.7020000000000005,5.0,0.004320728147411727,0.006951741604641435,0.011999232547741219,4.999999999994842,0.017591232165931843,-0.006148889987939715,0.010748759132097331,4.999999999994842,0.017591232165931843,-0.006148889987939715,0.010748759132097331,0.0,0.0,5.0,0.004320728147411727,0.006951741604641435,0.011999232547741219,0.0,0.0,4.999999999994842,0.017591232165931843,-0.006148889987939715,0.010748759132097331,0.0,0.0,-5.157652083198627e-12,0.013270504018520115,-0.013100631592581149,-0.0012504734156438876,0.19885155634155716,-0.23960442943933208,2.5153764556300224,-0.7282366104402686,0.3207321387806877,-0.19811711954488648,-0.5723215366477752,0.14210595957715172,-0.5790669885427878,0.8055073362905867,15.785165890380354,-3.606374776941672,0.07273860442872608
235,0.7050000000000005,5.0,0.003266348158280642,0.007976830119682822,0.011997868228571391,4.999999999995426,0.01656646673632325,-0.005134021633626185,0.01087845375160944,4.999999999995426,0.01656646673632325,-0.005134021633626185,0.01087845375160944,0.0,0.0,5.0,0.003266348158280642,0.007976830119682822,0.011997868228571391,0.0,0.0,4.999999999995426,0.01656646673632325,-0.005134021633626185,0.01087845375160944,0.0,0.0,-4.574118861455645e-12,0.013300118578042608,-0.013110851753309007,-0.0011194144769619517,0.19927492502723904,-0.241315653465943,2.5178197650365304,-0.7366187583808982,0.3002715558418327,-0.20771090248150706,-0.5692854982730776,0.14112289522728952,-0.5704080088703062,0.8144364688359202,15.78874604515941,-3.6072749652870026,0.08160015384733826
236,0.7080000000000005,5.0,0.002211399506768173,0.008998489359038865,0.011985591682693522,4.999999999995943,0.015538817129655788,-0.0041169461399745,0.010998254267326606,4.999999999995943,0.015538817129655788,-0.0041169461399745,0.010998254267326606,0.0,0.0,5.0,0.002211399506768173,0.008998489359038865,0.011985591682693522,0.0,0.0,4.999999999995943,0.015538817129655788,-0.0041169461399745,0.010998254267326606,0.0,0.0,-4.057199021190172e-12,0.013327417622887614,-0.013115435499013364,-0.0009873374153669158,0.19969694387850767,-0.24300146615761234,2.5202905248016036,-0.7445590641990371,0.2796296384972744,-0.21718907319967526,-0.565922231119792,0.14067295042288167,-0.561937563889777,0.8235865883577956,15.7907828079613,-3.606181773382049,0.09056205639787791
237,0.7110000000000005,5.0,0.001156065856581779,0.010016280106738346,0.011962414075795482,4.999999999996402,0.01450846225694694,-0.0030981007523825876,0.011108051719026714,4.999999999996402,0.01450846225694694,-0.0030981007523825876,0.011108051719026714,0.0,0.0,5.0,0.001156065856581779,0.010016280106738346,0.011962414075795482,0.0,0.0,4.999999999996402,0.01450846225694694,-0.0030981007523825876,0.011108051719026714,0.0,0.0,-3.5980107782052073e-12,0.01335239640036516,-0.013114380859120934,-0.0008543623567687682,0.2001192159526718,-0.24466249313911512,2.5227893323969095,-0.7520513869241698,0.25882178679161655,-0.22654670834486812,-0.5622335662743129,0.14075735805470327,-0.5536756605009217,0.8329358651019747,15.791274589935378,-3.6030907461183728,0.09961601476800225
238,0.7140000000000005,5.0,0.00010053093845600484,0.011029764809892277,0.011928356488230568,4.999999999996809,0.013475581500193703,-0.0020779234771338786,0.011207746244412394,4.999999999996809,0.013475581500193703,-0.0020779234771338786,0.011207746244412394,0.0,0.0,5.0,0.00010053093845600484,0.011029764809892277,0.011928356488230568,0.0,0.0,4.999999999996809,0.013475581500193703,-0.0020779234771338786,0.011207746244412394,0.0,0.0,-3.19122506198255e-12,0.013375050561737697,-0.013107688287026156,-0.000720610243818174,0.20054334408823907,-0.2462994183477036,2.5253167181626868,-0.7590900065107955,0.2378635577121122,-0.23577903815893955,-0.5582217615722463,0.14137604518908914,-0.5456417361961625,0.8424619219257005,15.790219858590639,-3.597998598359721,0.10875364804932
239,0.7170000000000005,5.0,-0.0009550214818342587,0.012038507766799834,0.011883449895844618,4.999999999997169,0.01244035468114265,-0.0010568528930963938,0.011297247169937168,4.999999999997169,0.01244035468114265,-0.0010568528930963938,0.011297247169937168,0.0,0.0,5.0,-0.0009550214818342587,0.012038507766799834,0.011883449895844618,0.0,0.0,4.999999999997169,0.01244035468114265,-0.0010568528930963938,0.011297247169937168,0.0,0.0,-2.830624623584299e-12,0.013395376162976909,-0.013095360659896228,-0.0005862027259074497,0.200970926988284,-0.2479129821557604,2.52787314385869,-0.7656696329958825,0.21677064052425077,-0.24488145116453364,-0.5538894992597423,0.1425276333483145,-0.5378546026855975,0.8521418986677542,15.787617134724938,-3.5909032204781934,0.11796649935952139
240,0.7200000000000005,5.0,-0.002010407635467183,0.013042075314258678,0.011827735141803056,4.999999999997489,0.011402962029983466,-3.532796317568692e-05,0.011376473093274289,4.999999999997489,0.011402962029983466,-3.532796317568692e-05,0.011376473093274289,0.0,0.0,5.0,-0.002010407635467183,0.013042075314258678,0.011827735141803056,0.0,0.0,4.999999999997489,0.011402962029983466,-3.532796317568692e-05,0.011376473093274289,0.0,0.0,-2.510880392492254e-12,0.013413369665450649,-0.013077403277434365,-0.00045126204852876696,0.2014035553181957,-0.24950397933081572,2.5304590014132056,-0.7717854148656259,0.19555883187131864,-0.2538494985034973,-0.5492398827355321,0.1442094433039032,-0.5303323916851002,0.8619525181718991,15.783464989983168,-3.5818036828994426,0.127246043533597
241,0.7230000000000005,5.0,-0.0030654437825673735,0.014040036013998492,0.011761262899443473,4.999999999997773,0.01036358415397134,0.0009862121543973124,0.011445351957353278,4.999999999997773,0.01036358415397134,0.0009862121543973124,0.011445351957353278,0.0,0.0,5.0,-0.0030654437825673735,0.014040036013998492,0.011761262899443473,0.0,0.0,4.999999999997773,0.01036358415397134,0.0009862121543973124,0.011445351957353278,0.0,0.0,-2.226663298188214e-12,0.013429027936538713,-0.01305382385960118,-0.0003159109420901949,0.20184280783127811,-0.2510732568400901,2.533074611874272,-0.7774329466102954,0.17424401070272022,-0.2626788979230561,-0.5442764323806348,0.1464175043608069,-0.5230925030914512,0.8718701536889429,15.7777620450554,-3.5707002396497134,0.1365836948771514
242,0.7260000000000005,5.0,-0.004119946244194768,0.015031960838158435,0.011684093626187511,4.999999999998025,0.009322402005983747,0.0020073282948624284,0.011503821115896824,4.999999999998025,0.009322402005983747,0.0020073282948624284,0.011503821115896824,0.0,0.0,5.0,-0.004119946244194768,0.015031960838158435,0.011684093626187511,0.0,0.0,4.999999999998025,0.009322402005983747,0.0020073282948624284,0.011503821115896824,0.0,0.0,-1.9753088054130785e-12,0.013442348250178515,-0.013024632543296007,-0.00018027251029068686,0.20229024753554292,-0.25262171150735935,2.5357202245664006,-0.782608275448339,0.1528421130962515,-0.2713655374047029,-0.5390030804857293,0.14914656808827031,-0.5161515557564151,0.8818708973761034,15.770506968523913,-3.557594330898543,0.1459708149747594
243,0.7290000000000005,5.0,-0.005173731434322359,0.016017423353728133,0.011596297508554041,4.999999999998248,0.008279596853017029,0.0030275814757291753,0.011551827390398443,4.999999999998248,0.008279596853017029,0.0030275814757291753,0.011551827390398443,0.0,0.0,5.0,-0.005173731434322359,0.016017423353728133,0.011596297508554041,0.0,0.0,4.999999999998248,0.008279596853017029,0.0030275814757291753,0.011551827390398443,0.0,0.0,-1.752376022068347e-12,0.013453328287339389,-0.012989841877998957,-4.447011815559773e-05,0.202747417914837,-0.2541502875305348,2.538396016455223,-0.7873079072033505,0.131369107039676,-0.27990547843193264,-0.5334241652891898,0.1523901264313583,-0.5095253410584797,0.8919306296074421,15.761698476365947,-3.542488584492046,0.15539872054626533
244,0.7320000000000005,5.0,-0.006226615891798313,0.016995999905873176,0.011497954398323509,4.999999999998446,0.007235350244628315,0.004046533085497329,0.011589327118489059,4.999999999998446,0.007235350244628315,0.004046533085497329,0.011589327118489059,0.0,0.0,5.0,-0.006226615891798313,0.016995999905873176,0.011497954398323509,0.0,0.0,4.999999999998446,0.007235350244628315,0.004046533085497329,0.011589327118489059,0.0,0.0,-1.5543122344752192e-12,0.013461966136426627,-0.012949466820375847,9.137272016554975e-05,0.20321583921718414,-0.25565997386890477,2.541102091721641,-0.791528811320012,0.10984096723686129,-0.28829495889413675,-0.5275444241417275,0.1561404341157131,-0.5032287794566541,0.9020250888058894,15.751335332116925,-3.525386816472717,0.1648586913438797
245,0.7350000000000005,5.0,-0.007278416312285769,0.017967269800066268,0.011389153739911671,4.9999999999986215,0.006189843981328216,0.005063745072218031,0.011616286193648531,4.9999999999986215,0.006189843981328216,0.005063745072218031,0.011616286193648531,0.0,0.0,5.0,-0.007278416312285769,0.017967269800066268,0.011389153739911671,0.0,0.0,4.9999999999986215,0.006189843981328216,0.005063745072218031,0.011616286193648531,0.0,0.0,-1.3784529073745944e-12,0.013468260293613985,-0.012903524727848236,0.00022713245373686027,0.203697004822896,-0.2571518015094909,2.5438384815461585,-0.7952684250076724,0.08827365000339621,-0.2965303956251374,-0.5213689858164685,0.1603885352372823,-0.49727588019538566,0.9121299415058213,15.73941634769672,-3.5062940305828043,0.1743419780828919
246,0.7380000000000005,5.0,-0.008328949580175918,0.018930815482945725,0.011269994489018654,4.999999999998777,0.005143260082929866,0.006078780131814301,0.011632680096226007,4.999999999998777,0.005143260082929866,0.006078780131814301,0.011632680096226007,0.0,0.0,5.0,-0.008328949580175918,0.018930815482945725,0.011269994489018654,0.0,0.0,4.999999999998777,0.005143260082929866,0.006078780131814301,0.011632680096226007,0.0,0.0,-1.2230216839270724e-12,0.013472209663105784,-0.012852035351131424,0.0003626856072073536,0.2041923777046219,-0.25862684062243113,2.5466051441032245,-0.7985246565028123,0.0666830683160259,-0.30460838657599554,-0.5149033619861053,0.16512429390863734,-0.4916797043134077,0.9222208523552716,15.725940384899385,-3.4852164167493025,0.18383981039878647
247,0.7410000000000005,5.0,-0.009378032800467648,0.019886222721823527,0.011140585022627368,4.9999999999989155,0.004095780756859749,0.007091201896080067,0.011638493915740884,4.9999999999989155,0.004095780756859749,0.007091201896080067,0.011638493915740884,0.0,0.0,5.0,-0.009378032800467648,0.019886222721823527,0.011140585022627368,0.0,0.0,4.9999999999989155,0.004095780756859749,0.007091201896080067,0.011638493915740884,0.0,0.0,-1.084465850453853e-12,0.013473813557327397,-0.01279502082574346,0.0004979088931135155,0.2047033869910646,-0.26008619761570795,2.5494019647645305,-0.8012958874442613,0.04508506707941867,-0.3125257126228568,-0.5081534378914828,0.17033642881423286,-0.48645233109227837,0.9322735537686745,15.71090635754463,-3.4621613485497607,0.1933434048235269
248,0.7440000000000005,5.0,-0.01042548333060936,0.02083308078276601,0.01100104304043319,4.999999999999038,0.003047588366435891,0.008100575120276848,0.01163372236444409,4.999999999999038,0.003047588366435891,0.008100575120276848,0.01163372236444409,0.0,0.0,5.0,-0.01042548333060936,0.02083308078276601,0.01100104304043319,0.0,0.0,4.999999999999038,0.003047588366435891,0.008100575120276848,0.01163372236444409,0.0,0.0,-9.618972285352356e-13,0.013473071697045251,-0.01273250566248916,0.0006326793240109003,0.20523142464559055,-0.2615310120998959,2.552228756509364,-0.8035809743576661,0.023495398672719242,-0.32027933901170447,-0.5011254622285911,0.1760125515086483,-0.4816048280626457,0.9422639149444864,15.694313234287142,-3.4371373796590947,0.2028439727737533
249,0.7470000000000006,5.0,-0.011471118812296247,0.021770982607170013,0.010851495457794394,4.9999999999991465,0.001998865399118889,0.009106465870247453,0.011618369782127375,4.9999999999991465,0.001998865399118889,0.009106465870247453,0.011618369782127375,0.0,0.0,5.0,-0.011471118812296247,0.021770982607170013,0.010851495457794394,0.0,0.0,4.9999999999991465,0.001998865399118889,0.009106465870247453,0.011618369782127375,0.0,0.0,-8.535394613318203e-13,0.013469984211415136,-0.01266451673692256,0.0007668743243329813,0.20577784227041446,-0.2629624537738998,2.5550852605392653,-0.8053792492483449,0.001929698837056131,-0.3278664164429634,-0.49382603628344585,0.18213920827463445,-0.4771472246679858,0.9521680099671277,15.676160042077694,-3.410154239278729,0.21233272854362945
250,0.7500000000000006,5.0,-0.012514757203218634,0.022699524986759385,0.01069207829030096,4.999999999999243,0.0009497944347413483,0.01010844170896626,0.011592450132176201,4.999999999999243,0.0009497944347413483,0.01010844170896626,0.011592450132176201,0.0,0.0,5.0,-0.012514757203218634,0.022699524986759385,0.01069207829030096,0.0,0.0,4.999999999999243,0.0009497944347413483,0.01010844170896626,0.011592450132176201,0.0,0.0,-7.567280135845067e-13,0.013464551637959982,-0.012591083277793125,0.0009003718418752419,0.2063439480464397,-0.2643817192429003,2.5579711470934234,-0.8066905193042968,-0.019596537036339096,-0.3352842817999392,-0.4862621023467133,0.18870192534175403,-0.4730884896668447,0.9619621847193417,15.656445870267856,-3.381222826550439,0.2218008972950693
251,0.7530000000000006,5.0,-0.01355621680875496,0.02361830873692604,0.010522936530066454,4.9999999999993285,-9.94418862787852e-05,0.011106071882445862,0.011555986988869858,4.9999999999993285,-9.94418862787852e-05,0.011106071882445862,0.011555986988869858,0.0,0.0,5.0,-0.01355621680875496,0.02361830873692604,0.010522936530066454,0.0,0.0,4.9999999999993285,-9.94418862787852e-05,0.011106071882445862,0.011555986988869858,0.0,0.0,-6.714628852932947e-13,0.013456774922476175,-0.012512236854480177,0.0010330504588034039,0.2069310038181947,-0.2657900287799071,2.560886016460441,-0.807515065713751,-0.041067977159465266,-0.3425304585260772,-0.47844093144217953,0.19568525725166092,-0.4694365123355952,0.9716231223392455,15.635169875347984,-3.350355203958364,0.23123972303807896
252,0.7560000000000006,5.0,-0.014595316313604185,0.024526938868341217,0.010344224013855733,4.999999999999404,-0.0011486608947354124,0.01209892750492017,0.011509013515940324,4.999999999999404,-0.0011486608947354124,0.01209892750492017,0.011509013515940324,0.0,0.0,5.0,-0.014595316313604185,0.024526938868341217,0.010344224013855733,0.0,0.0,4.999999999999404,-0.0011486608947354124,0.01209892750492017,0.011509013515940324,0.0,0.0,-5.95967719618784e-13,0.013446655418868773,-0.012428011363421046,0.0011647895020845903,0.2075402223326228,-0.26718862304245067,2.563829400181339,-0.8078536416042308,-0.06246947608632797,-0.34960265665698714,-0.4703701104052621,0.2030728381426889,-0.46619808751452957,0.9811279069659755,15.612331286306071,-3.3175645897237422,0.2406404765939551
253,0.7590000000000006,5.0,-0.01563187481335257,0.025425024756763233,0.01015610328316828,4.9999999999994715,-0.0021976799244365136,0.013086581743224385,0.011451572436409398,4.9999999999994715,-0.0021976799244365136,0.013086581743224385,0.011451572436409398,0.0,0.0,5.0,-0.01563187481335257,0.025425024756763233,0.01015610328316828,0.0,0.0,4.9999999999994715,-0.0021976799244365136,0.013086581743224385,0.011451572436409398,0.0,0.0,-5.284661597215745e-13,0.013434194888916055,-0.012338443013538848,0.0012954691532411182,0.20817276463976628,-0.2685787597560133,2.5668007624379254,-0.8077074691126597,-0.08378609688326828,-0.35649877251408923,-0.4620575283497026,0.21084743571449407,-0.46337890452087294,0.9904540855288241,15.587929410593011,-3.282865349198018,0.2499944635340979
254,0.7620000000000006,5.0,-0.01666571184596835,0.02631218031096858,0.009958745436404463,4.999999999999531,-0.003246316344005821,0.014068610000292497,0.011383715993731527,4.999999999999531,-0.003246316344005821,0.014068610000292497,0.011383715993731527,0.0,0.0,5.0,-0.01666571184596835,0.02631218031096858,0.009958745436404463,0.0,0.0,4.999999999999531,-0.003246316344005821,0.014068610000292497,0.011383715993731527,0.0,0.0,-4.689582056016661e-13,0.01341939550196253,-0.012243570310676084,0.001424970557327064,0.20882973766263552,-0.2699617103758128,2.5697995016199666,-0.8070782355985425,-0.10500313267925376,-0.36321688806760666,-0.4535113625623609,0.21899100762307633,-0.4609835399331541,0.999579727347037,15.561963640677762,-3.2462729852610557,0.2592930320872211
255,0.7650000000000006,5.0,-0.017696647423219962,0.027188024138734324,0.00975232997324917,4.999999999999584,-0.0042943875886784595,0.015044590097693513,0.01130550590427765,4.999999999999584,-0.0042943875886784595,0.015044590097693513,0.01130550590427765,0.0,0.0,5.0,-0.017696647423219962,0.027188024138734324,0.00975232997324917,0.0,0.0,4.999999999999584,-0.0042943875886784595,0.015044590097693513,0.01130550590427765,0.0,0.0,-4.156675004196586e-13,0.013402259834541502,-0.012143434041040811,0.0015531759310284804,0.20951219194277845,-0.2713387567385101,2.5728249520639292,-0.8059680890147032,-0.126106127547012,-0.36975526997744,-0.44474006386764153,0.2274847600476467,-0.4590154542324313,1.008483481320902,15.534433461173963,-3.207804127732317,0.2685275810077653
256,0.7680000000000006,5.0,-0.018724502062011237,0.028052179710800446,0.009537044631414403,4.999999999999631,-0.005341711192084981,0.016014102457127893,0.01121701330120332,4.999999999999631,-0.005341711192084981,0.016014102457127893,0.01121701330120332,0.0,0.0,5.0,-0.018724502062011237,0.028052179710800446,0.009537044631414403,0.0,0.0,4.999999999999631,-0.005341711192084981,0.016014102457127893,0.01121701330120332,0.0,0.0,-3.6859404417555197e-13,0.013382790869926256,-0.012038077253672553,0.0016799686697889175,0.21022111956726908,-0.2727111877153119,2.575876385955457,-0.8043796324524377,-0.1470808966685136,-0.37611236832122125,-0.43575234150451614,0.236309208163543,-0.45747699226726934,1.0171446305092855,15.505338456517633,-3.1674765218039536,0.2776895673983628
257,0.7710000000000006,5.0,-0.019749096815629207,0.02890427552274133,0.009313085215889217,4.999999999999673,-0.006388104818018247,0.016976730280806176,0.011118318669752112,4.999999999999673,-0.006388104818018247,0.016976730280806176,0.011118318669752112,0.0,0.0,5.0,-0.019749096815629207,0.02890427552274133,0.009313085215889217,0.0,0.0,4.999999999999673,-0.006388104818018247,0.016976730280806176,0.011118318669752112,0.0,0.0,-3.268496584496461e-13,0.01336099199761096,-0.011927545241935154,0.001805233453862895,0.21095745228201834,-0.27408029587778554,2.57895301538717,-0.8023159178802532,-0.1679135457410816,-0.3822868150195498,-0.4265571475603616,0.24544423824975567,-0.45636938749121,1.02554314390428,15.4746783191737,-3.1253090155058705,0.2867705144792367
258,0.7740000000000006,5.0,-0.020770253304897953,0.029743945254677315,0.009080655420852351,4.9999999999997105,-0.007433386292177695,0.01793205973063225,0.01100951177405318,4.9999999999997105,-0.007433386292177695,0.01793205973063225,0.01100951177405318,0.0,0.0,5.0,-0.020770253304897953,0.029743945254677315,0.009080655420852351,0.0,0.0,4.9999999999997105,-0.007433386292177695,0.01793205973063225,0.01100951177405318,0.0,0.0,-2.8954616482224083e-13,0.013336867012720258,-0.011811885524045065,0.0019288563532008293,0.2117220597954852,-0.2754473741874972,2.5820539945628598,-0.7997804390975741,-0.18859048958330377,-0.3882774219690618,-0.4171636610068996,0.254869171155616,-0.4556927699038948,1.0336597252299644,15.442452858347373,-3.0813215462139434,0.29576201929747226
259,0.7770000000000006,5.0,-0.021787793749234226,0.030570827928757274,0.008839966644409607,4.999999999999743,-0.00847737363388537,0.018879680106114242,0.010890691575479552,4.999999999999743,-0.00847737363388537,0.018879680106114242,0.010890691575479552,0.0,0.0,5.0,-0.021787793749234226,0.030570827928757274,0.008839966644409607,0.0,0.0,4.999999999999743,-0.00847737363388537,0.018879680106114242,0.010890691575479552,0.0,0.0,-2.566835632933362e-13,0.013310420115348857,-0.011691147822643033,0.0020507249310699454,0.21251574827603167,-0.27681371272032745,2.585178422138688,-0.7967771239269299,-0.20909846990293737,-0.3940831788945732,-0.40758127138440375,0.2645628268488254,-0.4554461776100857,1.0414758586093544,15.408662009174611,-3.035535126213681,0.30465576036914693
260,0.7800000000000006,5.0,-0.022801540997598266,0.031384568064344615,0.008591237796324334,4.999999999999773,-0.009519885087768281,0.01981918402092653,0.010761966142641384,4.999999999999773,-0.009519885087768281,0.01981918402092653,0.010761966142641384,0.0,0.0,5.0,-0.022801540997598266,0.031384568064344615,0.008591237796324334,0.0,0.0,4.999999999999773,-0.009519885087768281,0.01981918402092653,0.010761966142641384,0.0,0.0,-2.2737367544323206e-13,0.013281655909829986,-0.011565384043418083,0.00217072834631705,0.2133392590453304,-0.27818059543601154,2.588325343691572,-0.7933103256701588,-0.22942457219211018,-0.3997032509320713,-0.3978195621810303,0.2745035897662489,-0.45562757189468545,1.048973850961293,15.373305842364298,-2.987971827332759,0.31344350524737263
261,0.7830000000000006,5.0,-0.023811318559335635,0.03218481583084006,0.008334695098915984,4.999999999999798,-0.010560739155401514,0.020750167578047,0.010623452553096078,4.999999999999798,-0.010560739155401514,0.020750167578047,0.010623452553096078,0.0,0.0,5.0,-0.023811318559335635,0.03218481583084006,0.008334695098915984,0.0,0.0,4.999999999999798,-0.010560739155401514,0.020750167578047,0.010623452553096078,0.0,0.0,-2.0161650127192843e-13,0.01325057940393412,-0.011434648252793063,0.0022887574541800935,0.21419326746939962,-0.2795492970031013,2.5914937543045933,-0.7893848138560801,-0.24955624171831906,-0.40513697595479853,-0.3878882939546255,0.2846694746897375,-0.45623385569658875,1.0561368710071706,15.336384574263247,-2.938654764656947,0.3221171180093651
262,0.7860000000000006,5.0,-0.024816950634903443,0.0329712271980754,0.008070571881307772,4.9999999999998215,-0.011599754626906622,0.02167223054339419,0.010475276786864624,4.9999999999998215,-0.011599754626906622,0.02167223054339419,0.010475276786864624,0.0,0.0,5.0,-0.024816950634903443,0.0329712271980754,0.008070571881307772,0.0,0.0,4.9999999999998215,-0.011599754626906622,0.02167223054339419,0.010475276786864624,0.0,0.0,-1.7852386235972517e-13,0.01321719600799682,-0.01129899665468121,0.0024047049055568523,0.21507838204801455,-0.2809210796891509,2.594682601258951,-0.7850057643088877,-0.269481298582996,-0.4103838616550887,-0.3777973872446676,0.29503819287164595,-0.45726089534986203,1.0629489847858626,15.29789857731361,-2.8876080793451013,0.3306685666557346
263,0.7890000000000006,5.0,-0.025818262146476884,0.03374346408421359,0.00779910836721068,4.999999999999842,-0.012636750612499767,0.022584976517889783,0.010317573611851035,4.999999999999842,-0.012636750612499767,0.022584976517889783,0.010317573611851035,0.0,0.0,5.0,-0.025818262146476884,0.03374346408421359,0.00779910836721068,0.0,0.0,4.999999999999842,-0.012636750612499767,0.022584976517889783,0.010317573611851035,0.0,0.0,-1.580957587066223e-13,0.013181511533977118,-0.011158487566323805,0.002518465244640355,0.21599514370243042,-0.2822971903254933,2.5978907868217327,-0.7801787485681951,-0.28918795182273144,-0.41544358239496815,-0.3675569053221188,0.3055872181386242,-0.4587035454474499,1.0693951875939711,15.257848390870967,-2.834856920559995,0.339089930415267
264,0.7920000000000006,5.0,-0.026815078768429514,0.03450119450109183,0.0075205514564365755,4.99999999999986,-0.013671546573984153,0.023488013107872352,0.010150486461269074,4.99999999999986,-0.013671546573984153,0.023488013107872352,0.010150486461269074,0.0,0.0,5.0,-0.026815078768429514,0.03450119450109183,0.0075205514564365755,0.0,0.0,4.99999999999986,-0.013671546573984153,0.023488013107872352,0.010150486461269074,0.0,0.0,-1.4033219031261979e-13,0.01314353219444536,-0.011013181393219475,0.002629935004832498,0.2169440252605533,-0.2836788573555044,2.6011171711185943,-0.7749097226932149,-0.3086648125316057,-0.4203159758388286,-0.3571770368248859,0.31629385270763327,-0.4605556766703874,1.0754614322872589,15.216234732350049,-2.78042742653291,0.3473734069485554
265,0.7950000000000006,5.0,-0.027807226957683163,0.03524409269694456,0.007235154500339543,4.999999999999876,-0.014703962356181224,0.0243809520937892,0.009974167303187767,4.999999999999876,-0.014703962356181224,0.0243809520937892,0.009974167303187767,0.0,0.0,5.0,-0.027807226957683163,0.03524409269694456,0.007235154500339543,0.0,0.0,4.999999999999876,-0.014703962356181224,0.0243809520937892,0.009974167303187767,0.0,0.0,-1.2434497875801753e-13,0.013103264601501938,-0.010863140603155363,0.0027390128028482244,0.21792543113791799,-0.28506728797474773,2.604360575080288,-0.7692050154849763,-0.32790090598646215,-0.42500103938171996,-0.3466680783263315,0.3271352924548884,-0.46281020641443116,1.081134653897919,15.173058508663928,-2.7243467047809866,0.35551131944392883
266,0.7980000000000006,5.0,-0.028794533983921018,0.03597183929644584,0.006943177071389224,4.99999999999989,-0.015733818218295212,0.025263409597093722,0.009788776502314356,4.99999999999989,-0.015733818218295212,0.025263409597093722,0.009788776502314356,0.0,0.0,5.0,-0.028794533983921018,0.03597183929644584,0.006943177071389224,0.0,0.0,4.99999999999989,-0.015733818218295212,0.025263409597093722,0.009788776502314356,0.0,0.0,-1.1013412404281553e-13,0.013060715765625806,-0.010708429699352116,0.0028455994309251314,0.2189396972120775,-0.28646366537085616,2.607619783451911,-0.7630713161617678,-0.3468856827603466,-0.4294989263869863,-0.336040416883834,0.3380886913865051,-0.4654591320361406,1.0864027905409321,15.128320827921407,-2.6666428114974905,0.3634961235992274
267,0.8010000000000006,5.0,-0.029776827959659805,0.03668412143801011,0.006644884727086139,4.999999999999902,-0.0167609348652055,0.026135006245276537,0.00959448267414037,4.999999999999902,-0.0167609348652055,0.026135006245276537,0.00959448267414037,0.0,0.0,5.0,-0.029776827959659805,0.03668412143801011,0.006644884727086139,0.0,0.0,4.999999999999902,-0.0167609348652055,0.026135006245276537,0.00959448267414037,0.0,0.0,-9.769962616701378e-14,0.013015893094454306,-0.01054911519273357,0.002949597947054231,0.21998709088728427,-0.28786914607045155,2.6108935478537143,-0.7565156615241341,-0.3656090288127219,-0.43380994224709984,-0.3253045126137772,0.3491312250689176,-0.4684935665317923,1.0912548006010838,15.082023011346424,-2.607344730136224,0.3713204144830739
268,0.8040000000000006,5.0,-0.030753937870174643,0.0373806329082929,0.006340548768433456,4.999999999999913,-0.017785133478681443,0.02699536733495946,0.009391462531583525,4.999999999999913,-0.017785133478681443,0.02699536733495946,0.009391462531583525,0.0,0.0,5.0,-0.030753937870174643,0.0373806329082929,0.006340548768433456,0.0,0.0,4.999999999999913,-0.017785133478681443,0.02699536733495946,0.009391462531583525,0.0,0.0,-8.704148513061227e-14,0.0129688043914932,-0.010385265573333444,0.003050913763150069,0.221067811345647,-0.2892848573998169,2.614180589882345,-0.749545422646764,-0.38406127454842975,-0.43793454028161427,-0.31447088133855894,0.36024015278757626,-0.47190377645511034,1.0956806762101619,15.034166605382417,-2.5464823492124316,0.37897693326940385
269,0.8070000000000006,5.0,-0.03172569360327252,0.038061074273833366,0.00603044599318499,4.999999999999923,-0.018806235748514116,0.027844122992982202,0.009179900724264875,4.999999999999923,-0.018806235748514116,0.027844122992982202,0.009179900724264875,0.0,0.0,5.0,-0.03172569360327252,0.038061074273833366,0.00603044599318499,0.0,0.0,4.999999999999923,-0.018806235748514116,0.027844122992982202,0.009179900724264875,0.0,0.0,-7.72715225139109e-14,0.012919457854758405,-0.010216951280851164,0.0031494547310798853,0.22218198998028868,-0.29071189506543793,2.6174796042414687,-0.7421682911354573,-0.40223320284069836,-0.4418733174861811,-0.30355007735025324,0.3713928782139023,-0.47567922187366984,1.0996714530412939,14.98475339394392,-2.48408643934363,0.3864585738391294
270,0.8100000000000006,5.0,-0.03269192597890811,0.038725153009781986,0.005714858444093783,4.999999999999932,-0.019824063903559657,0.028680908335412533,0.008959989670567442,4.999999999999932,-0.019824063903559657,0.028680908335412533,0.008959989670567442,0.0,0.0,5.0,-0.03269192597890811,0.038725153009781986,0.005714858444093783,0.0,0.0,4.999999999999932,-0.019824063903559657,0.028680908335412533,0.008959989670567442,0.0,0.0,-6.838973831690964e-14,0.012867862075348454,-0.010044244674369453,0.0032451312264736585,0.22332969100540737,-0.29215132085991485,2.6207892618908617,-0.7343922649880761,-0.4201160560167735,-0.4456270101465424,-0.29255267633444676,0.38256700837289365,-0.4798085981589763,1.1032192164642438,14.933785410777002,-2.420188629554866,0.39375838924293327
271,0.8130000000000006,5.0,-0.03365246677863778,0.03937258362565841,0.005394073152390488,4.99999999999994,-0.020838440742688726,0.029505363624411533,0.008731929382629034,4.99999999999994,-0.020838440742688726,0.029505363624411533,0.008731929382629034,0.0,0.0,5.0,-0.03365246677863778,0.03937258362565841,0.005394073152390488,0.0,0.0,4.99999999999994,-0.020838440742688726,0.029505363624411533,0.008731929382629034,0.0,0.0,-6.039613253960852e-14,0.012814026035949052,-0.009867220001246877,0.0033378562302385454,0.22451091223755842,-0.29360416049811977,2.6241082132032267,-0.7262256340989488,-0.4377015418079665,-0.4491964893313338,-0.28148925849650624,0.3937404107170191,-0.4842798794016456,1.1063171041216415,14.881264951889737,-2.354821382873969,0.40086959801931765
272,0.8160000000000006,5.0,-0.03460714877490585,0.0400030877880852,0.005068381876724269,4.999999999999947,-0.02184918966563676,0.03031713442288655,0.008495927284428453,4.999999999999947,-0.02184918966563676,0.03031713442288655,0.008495927284428453,0.0,0.0,5.0,-0.03460714877490585,0.0400030877880852,0.005068381876724269,0.0,0.0,4.999999999999947,-0.02184918966563676,0.03031713442288655,0.008495927284428453,0.0,0.0,-5.3290705182007514e-14,0.012757959109269093,-0.00968595336519865,0.0034275454077041844,0.22572558604193646,-0.2950714015878421,2.6274350911182314,-0.7176769654466162,-0.454981838269052,-0.4525827562774098,-0.27037039193112966,0.4048912681260083,-0.4890803632407856,1.1089593050015243,14.827194588013503,-2.288017971243409,0.4077855903621618
273,0.8190000000000006,5.0,-0.035555805760158425,0.040616394440444445,0.0047380808378044365,4.999999999999953,-0.02285613470374958,0.031115871746865323,0.008252198023130517,4.999999999999953,-0.02285613470374958,0.031115871746865323,0.008252198023130517,0.0,0.0,5.0,-0.035555805760158425,0.040616394440444445,0.0047380808378044365,0.0,0.0,4.999999999999953,-0.02285613470374958,0.031115871746865323,0.008252198023130517,0.0,0.0,-4.707345624410664e-14,0.012699671056408846,-0.009500522693579122,0.0035141171853260806,0.22697358043693663,-0.2965539917385289,2.6307685142835195,-0.7087550880050802,-0.4719495976750054,-0.45578693768123496,-0.25920661627449443,0.4159981316667234,-0.4941967168955994,1.111141055096104,14.771577177055663,-2.2198124497763962,0.41449993413217906
274,0.8220000000000006,5.0,-0.036498272575779825,0.041212239919406334,0.004403470448983593,4.999999999999958,-0.023859100550619083,0.031901232215525765,0.008000963273861508,4.999999999999958,-0.023859100550619083,0.031901232215525765,0.008000963273861508,0.0,0.0,5.0,-0.036498272575779825,0.041212239919406334,0.004403470448983593,0.0,0.0,4.999999999999958,-0.023859100550619083,0.031901232215525765,0.008000963273861508,0.0,0.0,-4.1744385725905886e-14,0.012639172025160742,-0.009311007703880568,0.003597492824877915,0.22825470034982379,-0.29805283681109096,2.6341070901727703,-0.6994690774188486,-0.4885979494060252,-0.45881028090968096,-0.2480084266766578,0.4270399709623802,-0.49961502418735304,1.1128586297503067,14.714415876504114,-2.1502396303858418,0.42100638070681023
275,0.8250000000000006,5.0,-0.037434385140846044,0.04179036806827923,0.004064855043027534,4.999999999999963,-0.024857912592603594,0.032672878198816965,0.007742451538092577,4.999999999999963,-0.024857912592603594,0.032672878198816965,0.007742451538092577,0.0,0.0,5.0,-0.037434385140846044,0.04179036806827923,0.004064855043027534,0.0,0.0,4.999999999999963,-0.024857912592603594,0.032672878198816965,0.007742451538092577,0.0,0.0,-3.730349362740526e-14,0.01257647254824245,-0.009117489869462266,0.0036775964950650428,0.22956868901593136,-0.2995687993111144,2.637449418171219,-0.6898282404820558,-0.504920501834633,-0.461654149143321,-0.23678625813008902,0.4379962220358534,-0.5053208333411436,1.114109332816279,14.655714155744151,-2.079335054815795,0.4272988706632297
276,0.8280000000000006,5.0,-0.038363980480691055,0.04235053034713259,0.003722542595320406,4.999999999999967,-0.025852396939227633,0.03343047796260788,0.007476897935814518,4.999999999999967,-0.025852396939227633,0.03343047796260788,0.007476897935814518,0.0,0.0,5.0,-0.038363980480691055,0.04235053034713259,0.003722542595320406,0.0,0.0,4.999999999999967,-0.025852396939227633,0.03343047796260788,0.007476897935814518,0.0,0.0,-3.2862601528904634e-14,0.012511583541463422,-0.008920052384524708,0.0037543553404941117,0.230915229513454,-0.3011026969271924,2.640794092619444,-0.6798420994617842,-0.5209113432313784,-0.46432001646503773,-0.2255504701883396,0.44884683250754465,-0.5112992053593216,1.1148914827416887,14.595475808248262,-2.007134967105908,0.43337153928929945
277,0.8310000000000006,5.0,-0.03928689675527997,0.0428924859396454,0.003376844443756843,4.999999999999971,-0.02684238045345579,0.03417370581130138,0.00720454399169288,4.999999999999971,-0.02684238045345579,0.03417370581130138,0.00720454399169288,0.0,0.0,5.0,-0.03928689675527997,0.0428924859396454,0.003376844443756843,0.0,0.0,4.999999999999971,-0.02684238045345579,0.03417370581130138,0.00720454399169288,0.0,0.0,-2.930988785010413e-14,0.012444516301824183,-0.008718780128344018,0.0038276995479360368,0.2322939464255866,-0.3026553012154781,2.644139705806635,-0.6695203763054263,-0.5365650417082771,-0.466809462906447,-0.2143113321068891,0.459572304044202,-0.5175347627619097,1.1152043957301951,14.53370496359973,-1.933676285520376,0.4392187219174598
278,0.8340000000000006,5.0,-0.04020297328738526,0.04341600185663423,0.0030280750055758105,4.999999999999974,-0.02782769078183539,0.03490224222785221,0.006925637415397952,4.999999999999974,-0.02782769078183539,0.03490224222785221,0.006925637415397952,0.0,0.0,5.0,-0.04020297328738526,0.04341600185663423,0.0030280750055758105,0.0,0.0,4.999999999999974,-0.02782769078183539,0.03490224222785221,0.006925637415397952,0.0,0.0,-2.5757174171303632e-14,0.012375282505549867,-0.008513759628782022,0.0038975624098221417,0.23370440762149974,-0.3042273364309597,2.6474848509050006,-0.6588729767715028,-0.5518766442215842,-0.46912416946429913,-0.2030790084361573,0.4701537319710489,-0.5240117384938622,1.1150483661219375,14.47040609931129,-1.8589965739737024,0.44483495907670384
279,0.8370000000000006,5.0,-0.041112050590559904,0.04392085303621633,0.002676551491393958,4.999999999999977,-0.028808156384502792,0.03561577401112889,0.006640431876309405,4.999999999999977,-0.028808156384502792,0.03561577401112889,0.006640431876309405,0.0,0.0,5.0,-0.041112050590559904,0.04392085303621633,0.002676551491393958,0.0,0.0,4.999999999999977,-0.028808156384502792,0.03561577401112889,0.006640431876309405,0.0,0.0,-2.3092638912203256e-14,0.012303894206057112,-0.008305079025087439,0.003963880384915446,0.23514612614742625,-0.3058194785053731,2.6508281248374512,-0.6479099745228076,-0.5668416746578322,-0.4712659130986542,-0.1918635450945557,0.4805728419755053,-0.5307140248044638,1.1144246441502192,14.405584052400606,-1.7831340129864572,0.450215001457954
280,0.8400000000000006,5.0,-0.04201397039690385,0.04440682244056482,0.0023225936166979366,4.99999999999998,-0.029783606565047985,0.03631399441056029,0.006349186772800485,4.99999999999998,-0.029783606565047985,0.03631399441056029,0.006349186772800485,0.0,0.0,5.0,-0.04201397039690385,0.04440682244056482,0.0023225936166979366,0.0,0.0,4.99999999999998,-0.029783606565047985,0.03631399441056029,0.006349186772800485,0.0,0.0,-2.042810365310288e-14,0.012230363831855863,-0.00809282803000453,0.004026593156102548,0.23661856221896596,-0.3074323541711046,2.6541681310711644,-0.6366415952200699,-0.5814561310292465,-0.47323656172423445,-0.18067485594727561,0.4908120238465665,-0.5376252219104974,1.1133354112377816,14.339244030684913,-1.706127370205014,0.4553538146883241
281,0.8430000000000006,5.0,-0.04290857568461776,0.04487370114921413,0.001966523311058916,4.999999999999982,-0.030753871500232396,0.03699660325800907,0.006052166996311616,4.999999999999982,-0.030753871500232396,0.03699660325800907,0.006052166996311616,0.0,0.0,5.0,-0.04290857568461776,0.04487370114921413,0.001966523311058916,0.0,0.0,4.999999999999982,-0.030753871500232396,0.03699660325800907,0.006052166996311616,0.0,0.0,-1.7763568394002505e-14,0.012154704184385367,-0.00787709789120506,0.0040856436852527,0.2381211253055943,-0.3090665402298905,2.6575034823301706,-0.6250782006535407,-0.5957164818066836,-0.47503806920594777,-0.1695227099142883,0.5008543622094447,-0.5447286862619599,1.1117837530021173,14.271391623758023,-1.6280159705199713,0.46024658390992423
282,0.8460000000000006,5.0,-0.04379571070534035,0.045321288448875965,0.0016086644253331575,4.999999999999984,-0.03171878226955464,0.03766330709681538,0.005749642690427983,4.999999999999984,-0.03171878226955464,0.03766330709681538,0.005749642690427983,0.0,0.0,5.0,-0.04379571070534035,0.045321288448875965,0.0016086644253331575,0.0,0.0,4.999999999999984,-0.03171878226955464,0.03766330709681538,0.005749642690427983,0.0,0.0,-1.5987211554602254e-14,0.012076928435785707,-0.007657981352060583,0.0041409782650948255,0.23965317629828517,-0.31072256296460143,2.6608328032206034,-0.6132302729490031,-0.6096196614201022,-0.47667247036914473,-0.15841671862877238,0.5106836642302949,-0.5520075782369808,1.109773630144216,14.202032813613586,-1.5488396658187042,0.4648887181590472
283,0.8490000000000006,5.0,-0.04467522101126347,0.04574939191972681,0.0012493424371151913,4.999999999999986,-0.032678170884659144,0.038313819307955195,0.005441889005180203,4.999999999999986,-0.032678170884659144,0.038313819307955195,0.005441889005180203,0.0,0.0,5.0,-0.04467522101126347,0.04574939191972681,0.0012493424371151913,0.0,0.0,4.999999999999986,-0.032678170884659144,0.038313819307955195,0.005441889005180203,0.0,0.0,-1.4210854715202004e-14,0.011997050126604326,-0.007435572611771614,0.004192546568065012,0.24121402975112713,-0.3124008976919049,2.6641547327628,-0.6011083988836974,-0.6231630649583042,-0.47814187603472746,-0.14736632466490157,0.5202844842806489,-0.5594449091011395,1.1073098473989351,14.131173984879606,-1.4686388044081238,0.46927585454175286
284,0.8520000000000006,5.0,-0.04554695348202135,0.046157827518130114,0.000888884154711454,4.999999999999988,-0.03363187031858243,0.038947860233259135,0.005129185846791593,4.999999999999988,-0.03363187031858243,0.038947860233259135,0.005129185846791593,0.0,0.0,5.0,-0.04554695348202135,0.046157827518130114,0.000888884154711454,0.0,0.0,4.999999999999988,-0.03363187031858243,0.038947860233259135,0.005129185846791593,0.0,0.0,-1.2434497875801753e-14,0.011915083163438915,-0.007209967284870979,0.004240301692080139,0.2428029561878236,-0.3141019684531314,2.6674679268249837,-0.5887232543465429,-0.6363445421012199,-0.47944846808877106,-0.13638079035162834,0.5296421455654943,-0.5670235870754925,1.1043980207278952,14.058821934630219,-1.3874542001443104,0.4734038622020525
285,0.8550000000000006,5.0,-0.04641075635134812,0.046546419655757475,0.0005276174199035793,4.999999999999989,-0.0345797145348321,0.0395651572956388,0.0048118176230995836,4.999999999999989,-0.0345797145348321,0.0395651572956388,0.0048118176230995836,0.0,0.0,5.0,-0.04641075635134812,0.046546419655757475,0.0005276174199035793,0.0,0.0,4.999999999999989,-0.0345797145348321,0.0395651572956388,0.0048118176230995836,0.0,0.0,-1.0658141036401503e-14,0.011831041816516022,-0.006981262360118673,0.0042842002031960045,0.24441918446402167,-0.31582614784023305,2.670771060453796,-0.5760855889758376,-0.6491623903194071,-0.48059449459584974,-0.12546918718679714,0.5387427587326904,-0.5747264623672346,1.1010445429374303,13.984983881741908,-1.3053271013062657,0.47726884607908643
286,0.8580000000000007,5.0,-0.047266479233500254,0.04691500127507487,0.00016587080977194672,4.99999999999999,-0.0355215385162933,0.04016544511626892,0.004490072984882869,4.99999999999999,-0.0355215385162933,0.04016544511626892,0.004490072984882869,0.0,0.0,5.0,-0.047266479233500254,0.04691500127507487,0.00016587080977194672,0.0,0.0,4.99999999999999,-0.0355215385162933,0.04016544511626892,0.004490072984882869,0.0,0.0,-9.769962616701378e-15,0.011744940717206956,-0.006749556158805951,0.004324202175110922,0.2460619041765053,-0.3175737569533139,2.67406283009751,-0.5632062110063244,-0.6616153473766512,-0.4815822649647834,-0.1146403858636286,0.5475732374945448,-0.5825363710269577,1.0972565479046994,13.909667475762667,-1.2222991592514625,0.480867150449876
287,0.8610000000000007,5.0,-0.04811397314943798,0.04726341392116146,-0.00019602666214996357,4.999999999999991,-0.03645717829395778,0.04074846562867488,0.004164244563329544,4.999999999999991,-0.03645717829395778,0.04074846562867488,0.004164244563329544,0.0,0.0,5.0,-0.04811397314943798,0.04726341392116146,-0.00019602666214996357,0.0,0.0,4.999999999999991,-0.03645717829395778,0.04074846562867488,0.004164244563329544,0.0,0.0,-8.881784197001252e-15,0.011656794855480199,-0.006514948292486576,0.004360271225479507,0.2477302681104198,-0.3193450654858344,2.677341955718294,-0.5500959723561532,-0.673702583172612,-0.48241414517504094,-0.10390304691933895,0.5561213113048256,-0.5904361775068397,1.0930418735946472,13.832880805263928,-1.1384123968913282,0.4841953622544301
288,0.8640000000000007,5.0,-0.048953090552762424,0.04759150780983007,-0.0005577458451177489,4.999999999999992,-0.03738647097547045,0.04131396818967672,0.0038346287038849955,4.999999999999992,-0.03738647097547045,0.04131396818967672,0.0038346287038849955,0.0,0.0,5.0,-0.048953090552762424,0.04759150780983007,-0.0005577458451177489,0.0,0.0,4.999999999999992,-0.03738647097547045,0.04131396818967672,0.0038346287038849955,0.0,0.0,-7.993605777301127e-15,0.011566619577291971,-0.006277539620153351,0.004392374549002744,0.24942339471585842,-0.3211402919332486,2.680607182790441,-0.536765753982821,-0.6854236909633553,-0.4830925530715498,-0.0932656120134095,0.5643755351462101,-0.5984088158047298,1.088409024049118,13.754632405646573,-1.053709177025128,0.4872503142001806
289,0.8670000000000007,5.0,-0.04978368535540279,0.047899141892020124,-0.0009189577505432704,4.999999999999993,-0.0383092547734885,0.04186170968714175,0.003501525196721638,4.999999999999993,-0.0383092547734885,0.04186170968714175,0.003501525196721638,0.0,0.0,5.0,-0.04978368535540279,0.047899141892020124,-0.0009189577505432704,0.0,0.0,4.999999999999993,-0.0383092547734885,0.04186170968714175,0.003501525196721638,0.0,0.0,-7.105427357601002e-15,0.011474430581914288,-0.0060374322048783735,0.004420482947264908,0.2511403706053408,-0.32295960392051837,2.6838572841820225,-0.5232264515356803,-0.6967786779983353,-0.4836199537351771,-0.08273629584080709,0.5723252964941229,-0.6064373290899152,1.0833671305271317,13.674931266373894,-0.9682321705709993,0.49002908764292374
290,0.8700000000000007,5.0,-0.05060561295305011,0.04818618391443521,-0.0012793338512143138,4.999999999999994,-0.03922536903384813,0.042391454644499595,0.0031652370040756027,4.999999999999994,-0.03922536903384813,0.042391454644499595,0.0031652370040756027,0.0,0.0,5.0,-0.05060561295305011,0.04818618391443521,-0.0012793338512143138,0.0,0.0,4.999999999999994,-0.03922536903384813,0.042391454644499595,0.0031652370040756027,0.0,0.0,-6.217248937900877e-15,0.011380243919201984,-0.005794729269935614,0.004444570855289916,0.25288025306393996,-0.3248031186436702,2.687091061917939,-0.5094889613310382,-0.7077679556129672,-0.4839988549356614,-0.07232307868328813,0.5799608195330663,-0.614504907717278,1.07792591197218,13.593786837606002,-0.8820243247331128,0.49252901524164794
291,0.8730000000000007,5.0,-0.05141873025033235,0.04845251047639946,-0.001638546380094622,4.999999999999995,-0.040134654263534,0.042902975321974623,0.002826069984698424,4.999999999999995,-0.040134654263534,0.042902975321974623,0.002826069984698424,0.0,0.0,5.0,-0.05141873025033235,0.04845251047639946,-0.001638546380094622,0.0,0.0,4.999999999999995,-0.040134654263534,0.042902975321974623,0.002826069984698424,0.0,0.0,-5.329070518200751e-15,0.011284075986798349,-0.005549535154424835,0.004464616364793046,0.25464207256407256,-0.3266709034203127,2.6903073488228744,-0.4955641666742729,-0.7183923288163415,-0.4842318026732944,-0.06203369959980258,0.5872731667108658,-0.6225949255475123,1.0720956349784494,13.51120903621183,-0.7951288311440698,0.49474768338483205
292,0.8760000000000007,5.0,-0.052222895685726856,0.048698007082908015,-0.0019962686284325797,4.999999999999996,-0.041036952158446556,0.04339605181449232,0.0024843326156742656,4.999999999999996,-0.041036952158446556,0.04339605181449232,0.0024843326156742656,0.0,0.0,5.0,-0.052222895685726856,0.048698007082908015,-0.0019962686284325797,0.0,0.0,4.999999999999996,-0.041036952158446556,0.04339605181449232,0.0024843326156742656,0.0,0.0,-4.440892098500626e-15,0.0111859435272803,-0.0053019552684156965,0.004480601244106845,0.2564248352772467,-0.3285629763438187,2.693505010043144,-0.4814629245517383,-0.7286529854138872,-0.48432137681517,-0.051875650254959584,0.5942542377247162,-0.6306909745020021,1.0658870734231864,13.427208251136761,-0.7075890940217027,0.49668293438600764
293,0.8790000000000007,5.0,-0.053017969256206054,0.048922568193848964,-0.0023521752429071607,4.9999999999999964,-0.041932105630962335,0.0438704721462175,0.002140335711855763,4.9999999999999964,-0.041932105630962335,0.0438704721462175,0.002140335711855763,0.0,0.0,5.0,-0.053017969256206054,0.048922568193848964,-0.0023521752429071607,0.0,0.0,4.9999999999999964,-0.041932105630962335,0.0438704721462175,0.002140335711855763,0.0,0.0,-3.552713678800501e-15,0.01108586362524372,-0.005052096047631467,0.004492510954762923,0.25822752557536827,-0.33047930703569406,2.696682944446925,-0.46719605271355436,-0.7385514847049077,-0.4842701868313507,-0.04185616938252926,0.6008967660405211,-0.6387768972917875,1.0593114679270543,13.341795348105618,-0.6194486983794555,0.4983328684465892
294,0.8820000000000007,5.0,-0.05380381254161134,0.04912609726937551,-0.00270594252154152,4.9999999999999964,-0.042819958837282485,0.04432603236168366,0.001794392143173625,4.9999999999999964,-0.042819958837282485,0.04432603236168366,0.001794392143173625,0.0,0.0,5.0,-0.05380381254161134,0.04912609726937551,-0.00270594252154152,0.0,0.0,4.9999999999999964,-0.042819958837282485,0.04432603236168366,0.001794392143173625,0.0,0.0,-3.552713678800501e-15,0.010983853704328854,-0.004800064907691852,0.004500334664715145,0.2600491085145295,-0.33241981749050625,2.69984008590282,-0.45277431716667244,-0.7480897457948752,-0.48408086763583297,-0.031982237879042474,0.6071943130537452,-0.6468368182707225,1.0523804852983443,13.25498167364272,-0.5307513783294102,0.49969584538418366
295,0.8850000000000007,5.0,-0.05458028872875189,0.04930850681140891,-0.0030572487081142337,4.9999999999999964,-0.043700357204564756,0.04476253661347439,0.001446816550077116,4.9999999999999964,-0.043700357204564756,0.04476253661347439,0.001446816550077116,0.0,0.0,5.0,-0.05458028872875189,0.04930850681140891,-0.0030572487081142337,0.0,0.0,4.9999999999999964,-0.043700357204564756,0.04476253661347439,0.001446816550077116,0.0,0.0,-3.552713678800501e-15,0.010879931524187134,-0.004545970197934519,0.00450406525819135,0.2618885322945471,-0.3343843830076264,2.7029754044371512,-0.4382084200958833,-0.7572700355621955,-0.48375607553674055,-0.02226057452071857,0.6131412600058636,-0.6548551723733759,1.0451061781103836,13.166779058392628,-0.4415409855168759,0.5007704861248102
296,0.8880000000000007,5.0,-0.05534726263522325,0.04946971840125429,-0.003405774284801072,4.9999999999999964,-0.044573147457834215,0.04517979724641906,0.0010979250573642245,4.9999999999999964,-0.044573147457834215,0.04517979724641906,0.0010979250573642245,0.0,0.0,5.0,-0.05534726263522325,0.04946971840125429,-0.003405774284801072,0.0,0.0,4.9999999999999964,-0.044573147457834215,0.04517979724641906,0.0010979250573642245,0.0,0.0,-3.552713678800501e-15,0.010774115177389035,-0.00428992115483523,0.004503699342165296,0.2637447306878736,-0.33637283320395167,2.7060879072708146,-0.4235089882287008,-0.7660949563188532,-0.483298484299726,-0.012697632295204476,0.6187327977754855,-0.6628167321084141,1.0375009445544658,13.077199819727197,-0.3518614577251914,0.5015556739576704
297,0.8910000000000007,5.0,-0.05610460073294244,0.04960966273331318,-0.0037512022627808595,4.9999999999999964,-0.045438177646668014,0.04557763487826663,0.000748034986661793,4.9999999999999964,-0.045438177646668014,0.04557763487826663,0.000748034986661793,0.0,0.0,5.0,-0.05610460073294244,0.04960966273331318,-0.0037512022627808595,0.0,0.0,4.9999999999999964,-0.045438177646668014,0.04557763487826663,0.000748034986661793,0.0,0.0,-3.552713678800501e-15,0.010666423086274426,-0.004032027855046548,0.004499237249442653,0.2656166254318757,-0.33838495310171585,2.709176639736924,-0.4086865616583194,-0.7745674332039104,-0.48271078132812867,-0.003299595337953022,0.6239649146673762,-0.6707066325880656,1.0295774887032085,12.98625676362651,-0.2617567876890837,0.502050555551326
298,0.8940000000000007,5.0,-0.05685217117139464,0.049728279644878345,-0.004093218470541193,4.9999999999999964,-0.04629529717164953,0.045955878476802915,0.00039746456781713477,4.9999999999999964,-0.04629529717164953,0.045955878476802915,0.00039746456781713477,0.0,0.0,5.0,-0.05685217117139464,0.049728279644878345,-0.004093218470541193,0.0,0.0,4.9999999999999964,-0.04629529717164953,0.045955878476802915,0.00039746456781713477,0.0,0.0,-3.552713678800501e-15,0.010556873999745114,-0.00377240116807543,0.0044906830383583275,0.26750312857885344,-0.3404204842854672,2.7122406860808583,-0.3937515831371079,-0.7826907013482807,-0.4819956639630109,0.005927623538492856,0.6288343823259077,-0.6785103945837709,1.0213487813114654,12.893963185823413,-0.1712709921544937,0.5022545417303617
299,0.8970000000000007,5.0,-0.05758984380058817,0.049825518141997975,-0.004431511839621757,4.9999999999999964,-0.04714435681058732,0.04631436543337809,4.653264946358069e-05,4.9999999999999964,-0.04714435681058732,0.04631436543337809,4.653264946358069e-05,0.0,0.0,5.0,-0.05758984380058817,0.049825518141997975,-0.004431511839621757,0.0,0.0,4.9999999999999964,-0.04714435681058732,0.04631436543337809,4.653264946358069e-05,0.0,0.0,-3.552713678800501e-15,0.010445486990000849,-0.0035111527086198885,0.004478044489085337,0.2694031447985593,-0.3424791261222888,2.71527917014468,-0.37871438785138034,-0.7904682928485319,-0.48115583590578737,0.01497838473550628,0.6333387399019637,-0.6862139456072192,1.0128280212738596,12.80033287220333,-0.08044808122230832,0.5021673080118226
300,0.9000000000000007,5.0,-0.05831749019371307,0.049901336421398226,-0.004765774687535427,4.9999999999999964,-0.047985208744494315,0.0466529416328129,-0.0003044415909767467,4.9999999999999964,-0.047985208744494315,0.0466529416328129,-0.0003044415909767467,0.0,0.0,5.0,-0.05831749019371307,0.049901336421398226,-0.004765774687535427,0.0,0.0,4.9999999999999964,-0.047985208744494315,0.0466529416328129,-0.0003044415909767467,0.0,0.0,-3.552713678800501e-15,0.010332281449218758,-0.0032483947885853237,0.004461333096558681,0.2713155736283714,-0.34456053703936274,2.718291255938229,-0.36358519368647807,-0.7979040235866988,-0.48019400376576243,0.02384732319423116,0.6374762766040337,-0.6938036390246383,1.0040285978497214,12.705380098453208,0.010667971987144642,0.5017887949009406
301,0.9030000000000007,5.0,-0.05903498366950011,0.049955701888454655,-0.005095702997609578,4.9999999999999964,-0.04881770658332269,0.046971461519653514,-0.0006551389375892029,4.9999999999999964,-0.04881770658332269,0.046971461519653514,-0.0006551389375892029,0.0,0.0,5.0,-0.05903498366950011,0.049955701888454655,-0.005095702997609578,0.0,0.0,4.9999999999999964,-0.04881770658332269,0.046971461519653514,-0.0006551389375892029,0.0,0.0,-3.552713678800501e-15,0.010217277086177416,-0.0029842403688011415,0.004440564060020375,0.27323931166666693,-0.346664335853024,2.7212761480995025,-0.3483740919895132,-0.8050019799322123,-0.47911287373450895,0.0325293491721024,0.6412460127651807,-0.7012662712204061,0.9949640537577663,12.609119628955497,0.10203326131264052,0.5011192079458756
302,0.9060000000000007,5.0,-0.059742199314275365,0.04998859117120477,-0.0054209966954936765,4.9999999999999964,-0.04964170539144999,0.047269788160746416,-0.0010052404262979008,4.9999999999999964,-0.04964170539144999,0.047269788160746416,-0.0010052404262979008,0.0,0.0,5.0,-0.059742199314275365,0.04998859117120477,-0.0054209966954936765,0.0,0.0,4.9999999999999964,-0.04964170539144999,0.047269788160746416,-0.0010052404262979008,0.0,0.0,-3.552713678800501e-15,0.010100493922825374,-0.002718803010458355,0.004415756269195776,0.2751732547053403,-0.34879010314352527,2.7242330922472053,-0.3330910388354696,-0.8117665053610937,-0.47791514838865234,0.041019648487002264,0.644647679557796,-0.7085890968337548,0.9856480492343017,12.511566714925122,0.19360397713815947,0.5001590175514227
303,0.9090000000000007,5.0,-0.060439014003707624,0.04999999013039577,-0.005741359922080891,4.9999999999999964,-0.05045706171291201,0.04754779330410664,-0.0013544276349679383,4.9999999999999964,-0.05045706171291201,0.04754779330410664,-0.0013544276349679383,0.0,0.0,5.0,-0.060439014003707624,0.04999999013039577,-0.005741359922080891,0.0,0.0,4.9999999999999964,-0.05045706171291201,0.04754779330410664,-0.0013544276349679383,0.0,0.0,-3.552713678800501e-15,0.009981952290795612,-0.002452196826289131,0.004386932287112953,0.2771162997978031,-0.3509373826698239,2.7271613752286257,-0.31774584680073564,-0.8182021870265042,-0.47660352362226976,0.049313682247071416,0.6476816974875999,-0.7157598420995469,0.9760943271401538,12.412737091789586,0.2853364355518919,0.49890895855185413
304,0.9120000000000007,5.0,-0.06112530642424378,0.049989893865563066,-0.006056501302596066,4.9999999999999964,-0.051263633596378116,0.047805357434053876,-0.001702382973014725,4.9999999999999964,-0.051263633596378116,0.047805357434053876,-0.001702382973014725,0.0,0.0,5.0,-0.06112530642424378,0.049989893865563066,-0.006056501302596066,0.0,0.0,4.9999999999999964,-0.051263633596378116,0.047805357434053876,-0.001702382973014725,0.0,0.0,-3.552713678800501e-15,0.009861672827865667,-0.0021845364315091903,0.004354118329581341,0.27906734725919485,-0.3531056828188162,2.7300603252662046,-0.3023481772465634,-0.8243138423136268,-0.47518068570977545,0.05740718608513463,0.6503491537972398,-0.7227667163307717,0.9663166791929183,12.312646975814324,0.3771871070443699,0.4973700295432804
305,0.9150000000000007,5.0,-0.06180095709422929,0.049958306717137,-0.006366134211605101,4.9999999999999964,-0.05206128061986455,0.04804236982259279,-0.002048789970257004,4.9999999999999964,-0.05206128061986455,0.04804236982259279,-0.002048789970257004,0.0,0.0,5.0,-0.06180095709422929,0.049958306717137,-0.006366134211605101,0.0,0.0,4.9999999999999964,-0.05206128061986455,0.04804236982259279,-0.002048789970257004,0.0,0.0,-3.552713678800501e-15,0.009739676474364738,-0.0019159368945442096,0.004317344241348097,0.28102530259591924,-0.3552944780835759,2.7329293120063824,-0.28690753311340994,-0.8301065054106578,-0.47364930849983883,0.06529616891753598,0.6526517789081352,-0.7295984215865549,0.9563289133926038,12.211313059977549,0.46911264471292613,0.49554349197613773
306,0.9180000000000007,5.0,-0.06246584838470971,0.04990524226457687,-0.006669977033704746,4.9999999999999964,-0.052849863915181566,0.048258728577015506,-0.002393333564750837,4.9999999999999964,-0.052849863915181566,0.048258728577015506,-0.002393333564750837,0.0,0.0,5.0,-0.06246584838470971,0.04990524226457687,-0.006669977033704746,0.0,0.0,4.9999999999999964,-0.052849863915181566,0.048258728577015506,-0.002393333564750837,0.0,0.0,-3.552713678800501e-15,0.009615984469528147,-0.0016465136875613642,0.004276643468953909,0.28298907836200005,-0.3575032105653011,2.735767746474483,-0.2714332522256299,-0.8355854139264348,-0.4720120507405728,0.07297691124790777,0.6545919220269448,-0.7362441605750696,0.9461448227003108,12.108752509100805,0.561069911940701,0.49343086900862543
307,0.9210000000000007,5.0,-0.06311986453990936,0.04983072332053311,-0.006967753419655718,4.9999999999999964,-0.05362924619210997,0.04845434068370575,-0.002735700389342801,4.9999999999999964,-0.05362924619210997,0.04845434068370575,-0.002735700389342801,0.0,0.0,5.0,-0.06311986453990936,0.04983072332053311,-0.006967753419655718,0.0,0.0,4.9999999999999964,-0.05362924619210997,0.04845434068370575,-0.002735700389342801,0.0,0.0,-3.552713678800501e-15,0.009490618347799393,-0.0013763826368273571,0.0042320530303129175,0.2849575959401208,-0.3597312914938385,2.738575080939547,-0.25593450110455135,-0.8407559955839188,-0.4702715535359375,0.08044596303702145,0.6561725260402513,-0.7426936428457929,0.9357781550213047,12.004982954243507,0.6530160095195487,0.4910339441221336
308,0.9240000000000007,5.0,-0.06376289169738425,0.04973478192103995,-0.00725919253772602,4.9999999999999964,-0.054399291762302994,0.04862912204812583,-0.0030755790566817367,4.9999999999999964,-0.054399291762302994,0.04862912204812583,-0.0030755790566817367,0.0,0.0,5.0,-0.06376289169738425,0.04973478192103995,-0.00725919253772602,0.0,0.0,4.9999999999999964,-0.054399291762302994,0.04862912204812583,-0.0030755790566817367,0.0,0.0,-3.552713678800501e-15,0.009363599935081256,-0.0011056598729141248,0.0041836134810442835,0.2869297872455742,-0.3619781027618287,2.7413508086931544,-0.24042026928658794,-0.8456238550173987,-0.46843043793302513,0.08770014116039059,0.6573971018177991,-0.7489370893300594,0.925242584535752,11.900022486371652,0.7449083021873536,0.4883547594999184
309,0.9270000000000007,5.0,-0.0643948179078451,0.04961745931174305,-0.00754402932001634,4.9999999999999964,-0.055159866562909256,0.04878299753096923,-0.003412660442429839,4.9999999999999964,-0.055159866562909256,0.04878299753096923,-0.003412660442429839,0.0,0.0,5.0,-0.0643948179078451,0.04961745931174305,-0.00754402932001634,0.0,0.0,4.9999999999999964,-0.055159866562909256,0.04878299753096923,-0.003412660442429839,0.0,0.0,-3.552713678800501e-15,0.009234951344935842,-0.0008344617807738222,0.004131368877586501,0.288904596351697,-0.3642429984677072,2.744094463746392,-0.22489936414172215,-0.8501947606998933,-0.46649130263962746,0.09473652647571537,0.6582697020409412,-0.7549652352928384,0.9145516844125117,11.793889649312824,0.8367044445515179,0.4853956141704987
310,0.9300000000000007,5.0,-0.06501553315464766,0.04947880593016776,-0.007822004703542827,4.9999999999999964,-0.05591083817991275,0.04891590098046339,-0.0037466379664155085,4.9999999999999964,-0.05591083817991275,0.04891590098046339,-0.0037466379664155085,0.0,0.0,5.0,-0.06501553315464766,0.04947880593016776,-0.007822004703542827,0.0,0.0,4.9999999999999964,-0.05591083817991275,0.04891590098046339,-0.0037466379664155085,0.0,0.0,-3.552713678800501e-15,0.009104694974734907,-0.0005629049497043737,0.004075366737127318,0.2908809810357037,-0.36652530646299347,2.746805620449193,-0.20938040618643464,-0.854474632025804,-0.4644567218712422,0.10155246052257971,0.6587948946688907,-0.7607693317620988,0.9037189009337656,11.686603432011495,0.9283624063716926,0.4821590619174584
311,0.9330000000000007,5.0,-0.06562492937294598,0.049318881384035826,-0.008092865865858485,4.9999999999999964,-0.056652075871185766,0.04902777526080863,-0.004077207871472248,4.9999999999999964,-0.056652075871185766,0.04902777526080863,-0.004077207871472248,0.0,0.0,5.0,-0.06562492937294598,0.049318881384035826,-0.008092865865858485,0.0,0.0,4.9999999999999964,-0.056652075871185766,0.04902777526080863,-0.004077207871472248,0.0,0.0,-3.552713678800501e-15,0.008972853501760213,-0.0002911061232271986,0.004015657994386237,0.29285791424415664,-0.36882432989950864,2.749483893036346,-0.1938718248839654,-0.8584695265724275,-0.4623292433264366,0.1081455418770372,0.6589777361509768,-0.766341145505051,0.8927575290509404,11.578183260100406,1.019840497176184,0.47864790895755616
312,0.9360000000000007,5.0,-0.06622290046850635,0.04913775442563974,-0.008356366454998676,4.9999999999999964,-0.05738345058925075,0.04911857227674108,-0.004404069499709999,4.9999999999999964,-0.05738345058925075,0.04911857227674108,-0.004404069499709999,0.0,0.0,5.0,-0.06622290046850635,0.04913775442563974,-0.008356366454998676,0.0,0.0,4.9999999999999964,-0.05738345058925075,0.04911857227674108,-0.004404069499709999,0.0,0.0,-3.552713678800501e-15,0.008839449879255598,-1.9182148898656826e-05,0.003952296955288677,0.2948343854776219,-0.37113934877237753,2.7521289351045017,-0.17838185492366654,-0.8621856275624712,-0.4601113862892696,0.1145136221838539,0.6588237444884207,-0.7716729576229688,0.8816806893853525,11.468648986805606,1.1110973901878847,0.4748652113892493
313,0.9390000000000007,5.0,-0.0668093423361782,0.04893550292228578,-0.008612266813541627,4.9999999999999964,-0.0581048350037471,0.04918825299420907,-0.004726925565967634,4.9999999999999964,-0.0581048350037471,0.04918825299420907,-0.004726925565967634,0.0,0.0,5.0,-0.0668093423361782,0.04893550292228578,-0.008612266813541627,0.0,0.0,4.9999999999999964,-0.0581048350037471,0.04918825299420907,-0.004726925565967634,0.0,0.0,-3.552713678800501e-15,0.008704507332431104,0.00025275007192328974,0.003885341247573993,0.2968094020943546,-0.3734696214548922,2.754740439024543,-0.16291853297015063,-0.8656292315482447,-0.4578056398572682,0.12065480188921955,0.6583388722442243,-0.776757560838224,0.8705013066803258,11.358020883204365,1.202092145537059,0.47081427241395263
314,0.9420000000000007,5.0,-0.06738415287801822,0.04871221382281865,-0.008860334196580168,4.9999999999999964,-0.05881610352359905,0.04923678745715405,-0.005045482428197918,4.9999999999999964,-0.05881610352359905,0.04923678745715405,-0.005045482428197918,0.0,0.0,5.0,-0.06738415287801822,0.04871221382281865,-0.008860334196580168,0.0,0.0,4.9999999999999964,-0.05881610352359905,0.04923678745715405,-0.005045482428197918,0.0,0.0,-3.552713678800501e-15,0.008568049354419169,0.0005245736343353971,0.0038148517683822504,0.2987819905331385,-0.37581438622153807,2.7573181352936587,-0.14748969487195393,-0.8688067363367178,-0.45541446129326046,0.12656742569669488,0.6575294795946258,-0.7815882555486173,0.8592320897051906,11.246319627856833,1.2927842327398282,0.46649863933255536
315,0.9450000000000007,5.0,-0.06794723202106547,0.04846798312024153,-0.009100342983406466,4.9999999999999964,-0.059517132318880735,0.04926415480038882,-0.005359450354539004,4.9999999999999964,-0.059517132318880735,0.04926415480038882,-0.005359450354539004,0.0,0.0,5.0,-0.06794723202106547,0.04846798312024153,-0.009100342983406466,0.0,0.0,4.9999999999999964,-0.059517132318880735,0.04926415480038882,-0.005359450354539004,0.0,0.0,-3.552713678800501e-15,0.00843009970218473,0.000796171680147291,0.0037408926288674624,0.30075119745566936,-0.3781728627557134,2.7598617918314754,-0.1321029733185196,-0.8717246291731623,-0.4529402744991911,0.1322500777690385,0.6564023075102948,-0.7861588447251028,0.847885512605604,11.133566295833846,1.3831335524227624,0.46192210031992736
316,0.9480000000000007,5.0,-0.06849848173476383,0.04820291581044853,-0.009332074882717051,4.9999999999999964,-0.06020779934237466,0.049270343258567585,-0.005668543786829559,4.9999999999999964,-0.06020779934237466,0.049270343258567585,-0.005668543786829559,0.0,0.0,5.0,-0.06849848173476383,0.04820291581044853,-0.009332074882717051,0.0,0.0,4.9999999999999964,-0.06020779934237466,0.049270343258567585,-0.005668543786829559,0.0,0.0,-3.552713678800501e-15,0.00829068239238917,0.0010674274481190585,0.0036635310958874926,0.30271609080911943,-0.3805442536389021,2.7623712132245424,-0.11676579593346434,-0.8743894751996233,-0.45038546860987794,0.13770157669835403,0.6549644511500217,-0.7904636277295727,0.8364737976890336,11.019782347164723,1.4731004572755833,0.4570886809803435
317,0.9510000000000007,5.0,-0.06903780604802895,0.047917125847086156,-0.009555319131151948,4.9999999999999964,-0.06088798435081977,0.049255350171243925,-0.005972481600327847,4.9999999999999964,-0.06088798435081977,0.049255350171243925,-0.005972481600327847,0.0,0.0,5.0,-0.06903780604802895,0.047917125847086156,-0.009555319131151948,0.0,0.0,4.9999999999999964,-0.06088798435081977,0.049255350171243925,-0.005972481600327847,0.0,0.0,-3.552713678800501e-15,0.00814982169720918,0.001338224324157769,0.003582837530824101,0.30467576080975195,-0.38292774581829075,2.7648462399234295,-0.10148538379132203,-0.8768079062030113,-0.44775239670451583,0.1429209702667226,0.6532233335441661,-0.7944973931295458,0.8250088996290363,10.904989614730315,1.5626457722156342,0.45200264068695956
318,0.9540000000000007,5.0,-0.06956511106595628,0.0476107360925645,-0.009769872684986738,4.9999999999999964,-0.06155756892584547,0.049219181984014516,-0.006270987359398567,4.9999999999999964,-0.06155756892584547,0.049219181984014516,-0.006270987359398567,0.0,0.0,5.0,-0.06956511106595628,0.0476107360925645,-0.009769872684986738,0.0,0.0,4.9999999999999964,-0.06155756892584547,0.049219181984014516,-0.006270987359398567,0.0,0.0,-3.552713678800501e-15,0.008007542140110811,0.001608445891450018,0.003498885325588171,0.30662932084867073,-0.3853225120500499,2.7672867473966307,-0.08626875034426185,-0.8789866096661654,-0.4450433746335933,0.14790753001914084,0.6511866796395884,-0.7982554105863924,0.8135024910671409,10.789210291627843,1.6517308137494195,0.4466684687086645
319,0.9570000000000007,5.0,-0.07008030498616821,0.04728387826523771,-0.009975540404803664,4.9999999999999964,-0.06221643649458798,0.049161854245748184,-0.006563789568934872,4.9999999999999964,-0.06221643649458798,0.049161854245748184,-0.006563789568934872,0.0,0.0,5.0,-0.07008030498616821,0.04728387826523771,-0.009975540404803664,0.0,0.0,4.9999999999999964,-0.06221643649458798,0.049161854245748184,-0.006563789568934872,0.0,0.0,-3.552713678800501e-15,0.007863868491580231,0.0018779759805104754,0.0034117508358687924,0.3085759083209874,-0.3877277123157294,2.769692645245391,-0.07112270074465266,-0.8809323181338226,-0.442260679958757,0.15266074567017637,0.6488624907722341,-0.801733421893164,0.801965949586713,10.67246691803526,1.7403174085182096,0.4410908801278306
320,0.9600000000000007,5.0,-0.07058329811479637,0.04693669288277799,-0.01017213523297362,4.9999999999999964,-0.06286447234998532,0.04908339160190132,-0.006850621921286923,4.9999999999999964,-0.06286447234998532,0.04908339160190132,-0.006850621921286923,0.0,0.0,5.0,-0.07058329811479637,0.04693669288277799,-0.01017213523297362,0.0,0.0,4.9999999999999964,-0.06286447234998532,0.04908339160190132,-0.006850621921286923,0.0,0.0,-3.552713678800501e-15,0.007718825764811046,0.002146698719123326,0.003321513311686697,0.3105146853798714,-0.390142495209441,2.7720638762834784,-0.05605383154879275,-0.8826517989040401,-0.43940655100304205,0.15718031936528384,0.6462590196280075,-0.8049276312372027,0.79041034602914,10.554782367604018,1.828367911016433,0.43527481155267106
321,0.9630000000000007,5.0,-0.07107400288209736,0.04656932920176629,-0.010359478363787646,4.9999999999999964,-0.06350156367074751,0.04898382778392272,-0.007131223538472358,4.9999999999999964,-0.06350156367074751,0.04898382778392272,-0.007131223538472358,0.0,0.0,5.0,-0.07107400288209736,0.04656932920176629,-0.010359478363787646,0.0,0.0,4.9999999999999964,-0.06350156367074751,0.04898382778392272,-0.007131223538472358,0.0,0.0,-3.552713678800501e-15,0.0075724392113498545,0.0024144985821564283,0.003228254825315288,0.31244483961711267,-0.3925659992937255,2.7744004155858355,-0.04106853078664064,-0.8841518440542551,-0.4364831860087773,0.16146615981720194,0.6433847457470879,-0.8078346947615049,0.778846434119024,10.436179833410103,1.9158452204732763,0.4292254166281037
322,0.9660000000000007,5.0,-0.07155233385769816,0.04618194515352622,-0.010537399406083206,4.9999999999999964,-0.06412759954099846,0.048863205594752275,-0.0074053392094484295,4.9999999999999964,-0.06412759954099846,0.048863205594752275,-0.0074053392094484295,0.0,0.0,5.0,-0.07155233385769816,0.04618194515352622,-0.010537399406083206,0.0,0.0,4.9999999999999964,-0.06412759954099846,0.048863205594752275,-0.0074053392094484295,0.0,0.0,-3.552713678800501e-15,0.0074247343166996965,0.0026812604412260535,0.003132060196634777,0.31436558467197695,-0.3949973544222175,2.776702269509921,-0.026172978381969993,-0.8854392608098458,-0.4334927424003795,0.16551837633727895,0.6402483516214292,-0.8104517094973411,0.7672846413618012,10.316682813494175,2.002712796889657,0.4229480613491997
323,0.9690000000000007,5.0,-0.07201820776546942,0.04577470727622864,-0.010705736538217226,4.9999999999999964,-0.06474247096958612,0.0487215768904198,-0.0076727196222299635,4.9999999999999964,-0.06474247096958612,0.0487215768904198,-0.0076727196222299635,0.0,0.0,5.0,-0.07201820776546942,0.04577470727622864,-0.010705736538217226,0.0,0.0,4.9999999999999964,-0.06474247096958612,0.0487215768904198,-0.0076727196222299635,0.0,0.0,-3.552713678800501e-15,0.007275736795883309,0.002946869614191161,0.003033016915987263,0.3162761607702666,-0.3974356830274342,2.7789694746934437,-0.011373146907026167,-0.8865208622617714,-0.4304373361491601,0.16933727278095567,0.6368586994298757,-0.8127762017389033,0.7557350611743139,10.196315096022438,2.0889346762244845,0.41644831918148
324,0.9720000000000008,5.0,-0.07247154349802364,0.04534779064329618,-0.010864336655245228,4.9999999999999964,-0.06534607090905752,0.04855900255775187,-0.00793312159064205,4.9999999999999964,-0.06534607090905752,0.04855900255775187,-0.00793312159064205,0.0,0.0,5.0,-0.07247154349802364,0.04534779064329618,-0.010864336655245228,0.0,0.0,4.9999999999999964,-0.06534607090905752,0.04855900255775187,-0.00793312159064205,0.0,0.0,-3.552713678800501e-15,0.00712547258896612,0.0032112119144556903,0.002931215064603178,0.31817583519561704,-0.39988010137222063,2.781202097032063,0.0033251973445166134,-0.8874034584386186,-0.4273190412371936,0.1729233414259767,0.6332248084501426,-0.8148061149288022,0.7442074462063376,10.075100744100617,2.174475484725828,0.4097319659924926
325,0.9750000000000008,5.0,-0.07291226213083572,0.04490137878813836,-0.011013055508172312,4.9999999999999964,-0.06593829427429548,0.04837555248819629,-0.008186308275501231,4.9999999999999964,-0.06593829427429548,0.04837555248819629,-0.008186308275501231,0.0,0.0,5.0,-0.07291226213083572,0.04490137878813836,-0.011013055508172312,0.0,0.0,4.9999999999999964,-0.06593829427429548,0.04837555248819629,-0.008186308275501231,0.0,0.0,-3.552713678800501e-15,0.006973967856540239,0.0034741737000579323,0.0028267472326710813,0.32006390269516266,-0.40232972076358386,2.7834002306404892,0.0179164929827127,-0.8880938477371871,-0.4241398892172253,0.17627725680120598,0.6293558331818643,-0.816539797121083,0.7327112028088946,9.953064080274062,2.2593004524043887,0.4028049747992811
326,0.9780000000000008,5.0,-0.07334028693598352,0.04443566362524973,-0.011151757835149623,4.9999999999999964,-0.06651903796081365,0.04817130554777549,-0.008432049400023995,4.9999999999999964,-0.06651903796081365,0.04817130554777549,-0.008432049400023995,0.0,0.0,5.0,-0.07334028693598352,0.04443566362524973,-0.011151757835149623,0.0,0.0,4.9999999999999964,-0.06651903796081365,0.04817130554777549,-0.008432049400023995,0.0,0.0,-3.552713678800501e-15,0.0068212489751698635,0.003735641922525762,0.0027197084351256277,0.3219396858217928,-0.40478364872784217,2.7855639968002994,0.03239538186118353,-0.8885988087145844,-0.4209018688655367,0.17939986948319758,0.6252610422100331,-0.8179759880861017,0.7212553866033605,9.830229670747515,2.34337542564834,0.39567351033651676
327,0.9810000000000008,5.0,-0.07375554339550591,0.043950845367704966,-0.011280317484496873,4.9999999999999964,-0.06708820086270667,0.047946349543181596,-0.0086701214592667,4.9999999999999964,-0.06708820086270667,0.047946349543181596,-0.0086701214592667,0.0,0.0,5.0,-0.07375554339550591,0.043950845367704966,-0.011280317484496873,0.0,0.0,4.9999999999999964,-0.06708820086270667,0.047946349543181596,-0.0086701214592667,0.0,0.0,-3.552713678800501e-15,0.006667342532799242,0.00399550417547663,0.0026101960252301725,0.3238025352152931,-0.4072409901461995,2.787693542897611,0.046756707148294815,-0.888925092243693,-0.41760692592463494,0.18229219987692052,0.6209497978334465,-0.8191138061191254,0.7098486991038779,9.706622309358512,2.4266668789803516,0.3883439234502357
328,0.9840000000000008,5.0,-0.07415795921437625,0.043447132441086334,-0.011398617529439034,4.9999999999999964,-0.06764568389025248,0.04770078118402799,-0.008900307923406394,4.9999999999999964,-0.06764568389025248,0.04770078118402799,-0.008900307923406394,0.0,0.0,5.0,-0.07415795921437625,0.043447132441086334,-0.011398617529439034,0.0,0.0,4.9999999999999964,-0.06764568389025248,0.04770078118402799,-0.008900307923406394,0.0,0.0,-3.552713678800501e-15,0.006512275324123767,0.004253648742941658,0.0024983096060326396,0.3256518298247279,-0.4097008483500353,2.789789041353644,0.060995511146362646,-0.8890794140328176,-0.41425696293258824,0.18495543199626205,0.6164315364782619,-0.8199527346119193,0.698499485344408,9.582267001338737,2.5091419259592747,0.3808227453222763
329,0.9870000000000008,5.0,-0.07454746433308873,0.04292474139388065,-0.011506550374452865,4.9999999999999964,-0.06819138998716355,0.04743470604127338,-0.009122399434677684,4.9999999999999964,-0.06819138998716355,0.04743470604127338,-0.009122399434677684,0.0,0.0,5.0,-0.07454746433308873,0.04292474139388065,-0.011506550374452865,0.0,0.0,4.9999999999999964,-0.06819138998716355,0.04743470604127338,-0.009122399434677684,0.0,0.0,-3.552713678800501e-15,0.006356074345925181,0.004509964647392728,0.002384150939775181,0.3274869770744652,-0.4121623261753669,2.7918506885510266,0.07510703287555623,-0.8890684475093052,-0.4108538391357923,0.18739090725914237,0.6117157499124474,-0.8204926084438693,0.6872157324608783,9.457188946897888,2.590768329230616,0.37311668153066685
330,0.9900000000000008,5.0,-0.07492399093985548,0.04238389680438387,-0.011604017853126475,4.9999999999999964,-0.06872522414748414,0.04714823850183635,-0.009336193997786511,4.9999999999999964,-0.06872522414748414,0.04714823850183635,-0.009336193997786511,0.0,0.0,5.0,-0.07492399093985548,0.04238389680438387,-0.011604017853126475,0.0,0.0,4.9999999999999964,-0.06872522414748414,0.04714823850183635,-0.009336193997786511,0.0,0.0,-3.552713678800501e-15,0.0061987667923713435,0.004764341697452483,0.002267823855339964,0.32930741297628363,-0.41462452697610613,2.7938787037585615,0.08908670543908882,-0.8888988170659781,-0.4073993704819232,0.18960011831126738,0.6068119672728094,-0.8207336002464024,0.6760050691782868,9.331413524664718,2.6715145097315864,0.3652326059513678
331,0.9930000000000008,5.0,-0.07528747348241248,0.04182483118415434,-0.011690931317443106,4.9999999999999964,-0.06924709343213055,0.04684150171941993,-0.009541497163627653,4.9999999999999964,-0.06924709343213055,0.04684150171941993,-0.009541497163627653,0.0,0.0,5.0,-0.07528747348241248,0.04182483118415434,-0.011690931317443106,0.0,0.0,4.9999999999999964,-0.06924709343213055,0.04684150171941993,-0.009541497163627653,0.0,0.0,-3.552713678800501e-15,0.006040380050281929,0.00501667053526559,0.002149434153815454,0.3311126021900208,-0.417086555595881,2.7958733280570183,0.10293015318616228,-0.8885770916683148,-0.4038953296898092,0.19158470289173146,0.6017297379123934,-0.820676206591609,0.6648747661522981,9.204966275020006,2.7513495550580775,0.3571775545069089
332,0.9960000000000008,5.0,-0.07563784867943203,0.04124778487805431,-0.011767211718407673,4.9999999999999964,-0.06975690698507159,0.046514627561567226,-0.009738122206138877,4.9999999999999964,-0.06975690698507159,0.046514627561567226,-0.009738122206138877,0.0,0.0,5.0,-0.07563784867943203,0.04124778487805431,-0.011767211718407673,0.0,0.0,4.9999999999999964,-0.06975690698507159,0.046514627561567226,-0.009738122206138877,0.0,0.0,-3.552713678800501e-15,0.005880941694360445,0.005266842683512914,0.0020290895122687964,0.332902038035238,-0.4195475192983402,2.7978348232683627,0.11663318868895668,-0.8881097788194605,-0.4003434463929369,0.19334643775286053,0.5964786150723859,-0.8203212341530765,0.6538317371147911,9.077872883356116,2.8302432270024895,0.3489587187676083
333,0.9990000000000008,5.0,-0.07597505553153984,0.04065300596092541,-0.011832789677942934,4.9999999999999964,-0.07025457604914634,0.046167756552971,-0.009925890292130861,4.9999999999999964,-0.07025457604914634,0.046167756552971,-0.009925890292130861,0.0,0.0,5.0,-0.07597505553153984,0.04065300596092541,-0.011832789677942934,0.0,0.0,4.9999999999999964,-0.07025457604914634,0.046167756552971,-0.009925890292130861,0.0,0.0,-3.552713678800501e-15,0.005720479482393501,0.005514750592045592,0.0019068993858120734,0.33467524245637564,-0.4220065286559923,2.7997634708906816,0.13019180954973802,-0.8875033188793532,-0.3967454073532991,0.19488723264586272,0.5910681403792131,-0.8196697858840212,0.6428825407729781,8.950159163297684,2.908165968272848,0.340583439411191
334,1.0020000000000007,5.0,-0.0762990353319348,0.0400407501309393,-0.01188760555198981,4.9999999999999964,-0.07074001398151658,0.045801037815061424,-0.010104630643938455,4.9999999999999964,-0.07074001398151658,0.045801037815061424,-0.010104630643938455,0.0,0.0,5.0,-0.0762990353319348,0.0400407501309393,-0.01188760555198981,0.0,0.0,4.9999999999999964,-0.07074001398151658,0.045801037815061424,-0.010104630643938455,0.0,0.0,-3.552713678800501e-15,0.0055590213504182195,0.005760287684122123,0.001782974908051356,0.3364317659438686,-0.4244626983977569,2.801659571040918,0.1436021950538954,-0.8867640797335014,-0.39310285674228257,0.19620912438303137,0.5855078291643171,-0.8187232472548746,0.6320333834120839,8.821851039917727,2.985088908405104,0.332059199546754
335,1.0050000000000006,5.0,-0.07660973167660982,0.0394112805996725,-0.011931609484754465,4.9999999999999964,-0.07121313626875102,0.04541462900189811,-0.010274180694745316,4.9999999999999964,-0.07121313626875102,0.04541462900189811,-0.010274180694745316,0.0,0.0,5.0,-0.07660973167660982,0.0394112805996725,-0.011931609484754465,0.0,0.0,4.9999999999999964,-0.07121313626875102,0.04541462900189811,-0.010274180694745316,0.0,0.0,-3.552713678800501e-15,0.005396595407858806,0.0060033484022256126,0.001657428790009149,0.3381711874136719,-0.42691514821552556,2.8035234414073744,0.15686070268442065,-0.885898351806264,-0.38941739648529994,0.19731427098642831,0.5798071566011123,-0.8174832725895599,0.6212901221521504,8.69297453298312,3.060983868881948,0.32339361790914894
336,1.0080000000000005,5.0,-0.07690709047417149,0.0387648679789503,-0.01196476145405286,4.9999999999999964,-0.07167386054153889,0.045008696232393945,-0.010434386236440676,4.9999999999999964,-0.07167386054153889,0.045008696232393945,-0.010434386236440676,0.0,0.0,5.0,-0.07690709047417149,0.0387648679789503,-0.01196476145405286,0.0,0.0,4.9999999999999964,-0.07167386054153889,0.045008696232393945,-0.010434386236440676,0.0,0.0,-3.552713678800501e-15,0.005233229932632602,0.006243828253443648,0.001530375217612184,0.3398931140476245,-0.42936300353013596,2.8053554162138052,0.16996386451300627,-0.8849123434128349,-0.38569058666687395,0.1982049459321647,0.5739755446508723,-0.8159517715367934,0.610658268810282,8.563555740263032,3.1358233674728,0.3145944419299708
337,1.0110000000000003,5.0,-0.07719105995525731,0.03810179016450938,-0.011987031307711464,4.9999999999999964,-0.07212210658903022,0.04458341401889974,-0.01058510155987375,4.9999999999999964,-0.07212210658903022,0.04458341401889974,-0.01058510155987375,0.0,0.0,5.0,-0.07719105995525731,0.03810179016450938,-0.011987031307711464,0.0,0.0,4.9999999999999964,-0.07212210658903022,0.04458341401889974,-0.01058510155987375,0.0,0.0,-3.552713678800501e-15,0.005068953366227091,0.006481623854390356,0.001401929747837715,0.34159718109704484,-0.4318053962172656,2.807155845196767,0.1829083834825688,-0.8838121764435537,-0.38192394599289237,0.1988835324985978,0.5680223498067682,-0.8141308957098822,0.6001429943205653,8.433620820933328,3.2095806218109892,0.30566954069145397
338,1.0140000000000002,5.0,-0.07746159068154848,0.03742233221652929,-0.011998398790991086,4.9999999999999964,-0.0725577963728003,0.044138965192180635,-0.010726189587378204,4.9999999999999964,-0.0725577963728003,0.044138965192180635,-0.010726189587378204,0.0,0.0,5.0,-0.07746159068154848,0.03742233221652929,-0.011998398790991086,0.0,0.0,4.9999999999999964,-0.0725577963728003,0.044138965192180635,-0.010726189587378204,0.0,0.0,-3.552713678800501e-15,0.004903794308748183,0.006716632975651345,0.0012722092036128816,0.34328305165191375,-0.4342414652938426,2.808925092597762,0.19569112959560567,-0.8826038823736204,-0.3781189523067717,0.1993525182259758,0.5619568516229768,-0.8120230255256726,0.5897491336649623,8.303195979109452,3.2822295522253295,0.2966268977696827
339,1.0170000000000001,5.0,-0.07771863555437719,0.03672678623708387,-0.01199885356500882,4.9999999999999964,-0.07298085404043599,0.0436755408228163,-0.010857521997446206,4.9999999999999964,-0.07298085404043599,0.0436755408228163,-0.010857521997446206,0.0,0.0,5.0,-0.07771863555437719,0.03672678623708387,-0.01199885356500882,0.0,0.0,4.9999999999999964,-0.07298085404043599,0.0436755408228163,-0.010857521997446206,0.0,0.0,-3.552713678800501e-15,0.0047377815139412055,0.006948754585732429,0.0011413315675626139,0.3449504163779548,-0.43667035756565425,2.8106635361715706,0.20830913602236534,-0.8812933985908088,-0.37427704315628446,0.19961448949429178,0.5557882420136893,-0.8096307572705481,0.5794811912696697,8.172307447539602,3.3537447838445305,0.2874746039736261
340,1.02,5.0,-0.07796214982292617,0.03601545124456514,-0.011988395216141427,4.9999999999999964,-0.07339120593874139,0.0431933401390588,-0.010978979341438589,4.9999999999999964,-0.07339120593874139,0.0431933401390588,-0.010978979341438589,0.0,0.0,5.0,-0.07796214982292617,0.03601545124456514,-0.011988395216141427,0.0,0.0,4.9999999999999964,-0.07339120593874139,0.0431933401390588,-0.010978979341438589,0.0,0.0,-3.552713678800501e-15,0.004570943884184775,0.00717788889449366,0.0010094158747028376,0.3465989932238697,-0.4390912282369103,2.8123715662120388,0.22075959514236043,-0.8798865650333324,-0.3703996164078339,0.19967212622535593,0.5495256153049771,-0.8069568904186818,0.5693433468227496,8.040981471489275,3.4241016479939645,0.27822084998659885
341,1.023,5.0,-0.07819209109201979,0.03528863304513382,-0.01196703325640151,4.9999999999999964,-0.07378878062656073,0.042692570441183506,-0.011090451152225048,4.9999999999999964,-0.07378878062656073,0.042692570441183506,-0.011090451152225048,0.0,0.0,5.0,-0.07819209109201979,0.03528863304513382,-0.01196703325640151,0.0,0.0,4.9999999999999964,-0.07378878062656073,0.042692570441183506,-0.011090451152225048,0.0,0.0,-3.552713678800501e-15,0.004403310465459054,0.007403937396049685,0.0008765821041764616,0.34822852710093216,-0.44150324148258574,2.8140495845964497,0.23303985453227868,-0.8783891211296252,-0.36648803090498683,0.19952819671436134,0.5431779590208057,-0.8040044152251394,0.5593394614702489,7.909244292847507,3.4932761829053782,0.26887391891684115
342,1.0259999999999998,5.0,-0.07840841932950494,0.03454664410125193,-0.011934787114786223,4.9999999999999964,-0.07417350888721598,0.042173447012369705,-0.011191836044655516,4.9999999999999964,-0.07417350888721598,0.042173447012369705,-0.011191836044655516,0.0,0.0,5.0,-0.07840841932950494,0.03454664410125193,-0.011934787114786223,0.0,0.0,4.9999999999999964,-0.07417350888721598,0.042173447012369705,-0.011191836044655516,0.0,0.0,-3.552713678800501e-15,0.004234910442288964,0.0076268029111177735,0.0007429510701307072,0.3498387895370812,-0.44390557098442746,2.8156980038494983,0.24514741291285513,-0.8768067030314557,-0.3625436071681103,0.19918555259550863,0.5367541453830145,-0.8007765006138985,0.5494730843495194,7.777122134484201,3.561245133761118,0.2594421787639933
343,1.0289999999999997,5.0,-0.07861109687322046,0.03378980339735395,-0.011891686119606313,4.9999999999999964,-0.07454532374055736,0.04163619302614942,-0.011283041807771352,4.9999999999999964,-0.07454532374055736,0.04163619302614942,-0.011283041807771352,0.0,0.0,5.0,-0.07861109687322046,0.03378980339735395,-0.011891686119606313,0.0,0.0,4.9999999999999964,-0.07454532374055736,0.04163619302614942,-0.011283041807771352,0.0,0.0,-3.552713678800501e-15,0.0040657731326630975,0.00784638962879547,0.0006086443118349608,0.35142957830759264,-0.4462974004315627,2.8173172462277583,0.25707991606675873,-0.875144841131489,-0.3585676281319946,0.19864712394556616,0.5302629235038131,-0.7972764823784102,0.53974745942002,7.644641184887062,3.6279859520953424,0.249934074808315
344,1.0319999999999996,5.0,-0.07880008843755407,0.033018436302713776,-0.01183776947181163,4.9999999999999964,-0.07490416045462439,0.04108103945046406,-0.01136398548867249,4.9999999999999964,-0.07490416045462439,0.04108103945046406,-0.01136398548867249,0.0,0.0,5.0,-0.07880008843755407,0.033018436302713776,-0.01183776947181163,0.0,0.0,4.9999999999999964,-0.07490416045462439,0.04108103945046406,-0.01136398548867249,0.0,0.0,-3.552713678800501e-15,0.0038959279829296756,0.008062603147750286,0.00047378398313913973,0.3530007170443374,-0.44867792398669265,2.818907742825419,0.2688351527390249,-0.8734089578561579,-0.35456133991838645,0.19791591452858015,0.5237129122482447,-0.7935078517099896,0.5301655325535117,7.511827583105628,3.6934767945755342,0.2403581219295733
345,1.0349999999999995,5.0,-0.0789753611195855,0.03223287443156688,-0.01177308620933732,4.9999999999999964,-0.07524995655691553,0.040508224948370294,-0.011434593467964237,4.9999999999999964,-0.07524995655691553,0.040508224948370294,-0.011434593467964237,0.0,0.0,5.0,-0.0789753611195855,0.03223287443156688,-0.01177308620933732,0.0,0.0,4.9999999999999964,-0.07524995655691553,0.040508224948370294,-0.011434593467964237,0.0,0.0,-3.552713678800501e-15,0.0037254045626699678,0.008275350516803413,0.0003384927413730837,0.35455205482556684,-0.4510463467188939,2.8204699327019607,0.2804110505310306,-0.8716043657244821,-0.3505259526404007,0.19699499718431213,0.517112593743157,-0.7894742440670758,0.5207299588472247,7.378707404028873,3.7576965211883957,0.2307228968625838
346,1.0379999999999994,5.0,-0.07913688440481481,0.03143345550054795,-0.011697695162503147,4.9999999999999964,-0.0755826518452645,0.039917995775437656,-0.011494801526715132,4.9999999999999964,-0.0755826518452645,0.039917995775437656,-0.011494801526715132,0.0,0.0,5.0,-0.07913688440481481,0.03143345550054795,-0.011697695162503147,0.0,0.0,4.9999999999999964,-0.0755826518452645,0.039917995775437656,-0.011494801526715132,0.0,0.0,-3.552713678800501e-15,0.0035542325595503133,0.008484540274889707,0.00020289363578801511,0.35608346574809224,-0.4534018850040827,2.8220042620323365,0.291805671798465,-0.8697362656633032,-0.34646264123582815,0.19588750936237165,0.5104703075084701,-0.7851794283962665,0.5114431101252879,7.245306644021726,3.8206246928548864,0.22103703039644976
347,1.0409999999999993,5.0,-0.07928463017247485,0.030620523183505107,-0.011611664900506496,4.9999999999999964,-0.07590218839832126,0.03931060567388217,-0.011544554904864956,4.9999999999999964,-0.07590218839832126,0.03931060567388217,-0.011544554904864956,0.0,0.0,5.0,-0.07928463017247485,0.030620523183505107,-0.011611664900506496,0.0,0.0,4.9999999999999964,-0.07590218839832126,0.03931060567388217,-0.011544554904864956,0.0,0.0,-3.552713678800501e-15,0.0033824417741535884,0.008690082490377064,6.710999564154066e-05,0.3575948484836501,-0.4557437668942247,2.823511183280123,0.3030172095632012,-0.8678097455692574,-0.34237254632640607,0.1945966488034303,0.503794245185942,-0.7806272967139981,0.5023070825954391,7.111651206944742,3.8822415684997917,0.21130919952459426
348,1.0439999999999992,5.0,-0.07941857270042696,0.029794426963752837,-0.011515073669057768,4.9999999999999964,-0.07620851058563605,0.03868631576348144,-0.011583808351029751,4.9999999999999964,-0.07620851058563605,0.03868631576348144,-0.011583808351029751,0.0,0.0,5.0,-0.07941857270042696,0.029794426963752837,-0.011515073669057768,0.0,0.0,4.9999999999999964,-0.07620851058563605,0.03868631576348144,-0.011583808351029751,0.0,0.0,-3.552713678800501e-15,0.0032100621147909125,0.0088918887997286,-6.873468197198321e-05,0.35908612582117067,-0.45807123245639214,2.8249911543940125,0.31404398344841783,-0.8658297791077103,-0.338256775100176,0.19312566936835046,0.49709244584018936,-0.7758218540558185,0.49332370462977987,6.977766890579945,3.9425281016017397,0.20154811955272525
349,1.046999999999999,5.0,-0.07953868866963927,0.028955521983827344,-0.011408009319214766,4.9999999999999964,-0.07650156507734443,0.038045394429318036,-0.011612526163658588,4.9999999999999964,-0.07650156507734443,0.038045394429318036,-0.011612526163658588,0.0,0.0,5.0,-0.07953868866963927,0.028955521983827344,-0.011408009319214766,0.0,0.0,4.9999999999999964,-0.07650156507734443,0.038045394429318036,-0.011612526163658588,0.0,0.0,-3.552713678800501e-15,0.003037123592294841,0.009089872445490692,-0.00020451684444382223,0.3605572441965899,-0.4603835340827873,2.8264446380279327,0.32488443564576536,-0.8638012247388032,-0.33411640221410766,0.19147787701553853,0.49037279180642057,-0.7707672087983847,0.4844945446400814,6.843679373484629,4.001465936250056,0.191762536171912
350,1.049999999999999,5.0,-0.07964495716824636,0.0281041688928093,-0.011290569227481027,4.9999999999999964,-0.07678130085345188,0.03738811720639955,-0.011630682223504612,4.9999999999999964,-0.07678130085345188,0.03738811720639955,-0.011630682223504612,0.0,0.0,5.0,-0.07964495716824636,0.0281041688928093,-0.011290569227481027,0.0,0.0,4.9999999999999964,-0.07678130085345188,0.03738811720639955,-0.011630682223504612,0.0,0.0,-3.552713678800501e-15,0.0028636563147944882,0.009283948313590248,-0.00034011299602358484,0.3620081732117674,-0.4626799367728602,2.8278721007849925,0.3355371269228154,-0.8617288249607269,-0.32995247071423106,0.18965662592633836,0.4836430050591672,-0.765467563357612,0.47582091901989537,6.7094142022936865,4.059037402735227,0.1819612175039833
351,1.0529999999999988,5.0,-0.07973735969519001,0.027240733691279325,-0.011162860207240496,4.9999999999999964,-0.07704766921271625,0.03671476666120478,-0.011638260017380867,4.9999999999999964,-0.07704766921271625,0.03671476666120478,-0.011638260017380867,0.0,0.0,5.0,-0.07973735969519001,0.027240733691279325,-0.011162860207240496,0.0,0.0,4.9999999999999964,-0.07704766921271625,0.03671476666120478,-0.011638260017380867,0.0,0.0,-3.552713678800501e-15,0.002689690482473764,0.009474032969925456,-0.00047539981014037107,0.3634389051439962,-0.4649597183886546,2.829274012485375,0.3460007326784756,-0.8596172057603282,-0.32576599297058,0.18766531477781653,0.4769106440762502,-0.7599272052648056,0.46730390012744677,6.574996779489681,4.115225512700072,0.17215294612648338
352,1.0559999999999987,5.0,-0.07981588016344014,0.026365587573972494,-0.01102499841160929,4.9999999999999964,-0.07730062378112652,0.03602563227020719,-0.011635252653179258,4.9999999999999964,-0.07730062378112652,0.03602563227020719,-0.011635252653179258,0.0,0.0,5.0,-0.07981588016344014,0.026365587573972494,-0.01102499841160929,0.0,0.0,4.9999999999999964,-0.07730062378112652,0.03602563227020719,-0.011635252653179258,0.0,0.0,-3.552713678800501e-15,0.0025152563823136187,0.009660044696234698,-0.0006102542415699682,0.36484945444751304,-0.4672221698845179,2.83065084545823,0.3562740390535045,-0.8574708762611798,-0.32155795162431866,0.18550738316185755,0.47018310117227985,-0.7541504986211165,0.4589443242849965,6.440452351658588,4.170013953878936,0.16234651108443887
353,1.0589999999999986,5.0,-0.07988050490279558,0.025479106770199902,-0.010877109227792857,4.9999999999999964,-0.07754012051997639,0.0353210102954276,-0.011621662866139025,4.9999999999999964,-0.07754012051997639,0.0353210102954276,-0.011621662866139025,0.0,0.0,5.0,-0.07988050490279558,0.025479106770199902,-0.010877109227792857,0.0,0.0,4.9999999999999964,-0.07754012051997639,0.0353210102954276,-0.011621662866139025,0.0,0.0,-3.552713678800501e-15,0.002340384382819194,0.009841903525227697,-0.0007445536383461678,0.3662398572483415,-0.4694665955123058,2.832003073857546,0.3663559391027127,-0.8552942285592872,-0.3173293005444885,0.1831863081490818,0.46346760027615325,-0.7481418759292862,0.45074279977204157,6.305805998247778,4.223387084452425,0.15255069989620443
354,1.0619999999999985,5.0,-0.07993122266226395,0.024581672382106096,-0.010719327163044513,4.9999999999999964,-0.07776611773353126,0.034601203657069805,-0.011597503016359,4.9999999999999964,-0.07776611773353126,0.034601203657069805,-0.011597503016359,0.0,0.0,5.0,-0.07993122266226395,0.024581672382106096,-0.010719327163044513,0.0,0.0,4.9999999999999964,-0.07776611773353126,0.034601203657069805,-0.011597503016359,0.0,0.0,-3.552713678800501e-15,0.002165104928732689,0.01001953127496371,-0.0008781758533144869,0.3676101708337233,-0.4716923130032069,2.83333117300192,0.3762454290349007,-0.8530915377366827,-0.31308096579188655,0.18070560099572605,0.45677119512727604,-0.7419058303003669,0.44269971479136905,6.1710826208414495,4.275329927045271,0.14277429056065744
355,1.0649999999999984,5.0,-0.0799680246120205,0.02367367022083168,-0.010551795722329338,4.9999999999999964,-0.07797857607628743,0.03386652180329378,-0.011562795077555931,4.9999999999999964,-0.07797857607628743,0.03386652180329378,-0.011562795077555931,0.0,0.0,5.0,-0.0799680246120205,0.02367367022083168,-0.010551795722329338,0.0,0.0,4.9999999999999964,-0.07797857607628743,0.03386652180329378,-0.011562795077555931,0.0,0.0,-3.552713678800501e-15,0.001989448535733074,0.010192851582462102,-0.0010109993552265932,0.36896047313732006,-0.4738986537273027,2.834635618738086,0.38594160452605286,-0.8508669620432484,-0.3088138465876578,0.1780688039912803,0.4501007678655781,-0.7354469080319345,0.43481524538858995,6.0363069329673396,4.325828162394942,0.13302604357301406
356,1.0679999999999983,5.0,-0.0799909043449453,0.02275549064065119,-0.01037466727780437,4.9999999999999964,-0.07817745855982194,0.03311728057718254,-0.011517570617079082,4.9999999999999964,-0.07817745855982194,0.03311728057718254,-0.011517570617079082,0.0,0.0,5.0,-0.0799909043449453,0.02275549064065119,-0.01037466727780437,0.0,0.0,4.9999999999999964,-0.07817745855982194,0.03311728057718254,-0.011517570617079082,0.0,0.0,-3.552713678800501e-15,0.001813445785123352,0.010361789936531345,-0.0011429033392747114,0.3702908622212925,-0.47608496283196244,2.835916886828008,0.395443657110786,-0.8486245432372308,-0.3045288162842601,0.17527948744435962,0.44346302799081844,-0.7287697015532384,0.42708936330734715,5.90150345044713,4.374868122718597,0.12331469395652839
357,1.0709999999999982,5.0,-0.07999985787773871,0.02182752837115788,-0.010188102930234031,4.9999999999999964,-0.07836273055923226,0.03235380208095972,-0.011461870767199291,4.9999999999999964,-0.07836273055923226,0.03235380208095972,-0.011461870767199291,0.0,0.0,5.0,-0.07999985787773871,0.02182752837115788,-0.010188102930234031,0.0,0.0,4.9999999999999964,-0.07836273055923226,0.03235380208095972,-0.011461870767199291,0.0,0.0,-3.552713678800501e-15,0.0016371273185064456,0.010526273709801838,-0.0012737678369652596,0.371601455756294,-0.47825059936015774,2.8371754523592996,0.4047508706565453,-0.8463682070750399,-0.3002267233365385,0.1723412468040021,0.4368645116671668,-0.721878842731764,0.41952184376391255,5.766696482301597,4.422436784805839,0.11364894331732396
358,1.073999999999998,5.0,-0.07999488365161488,0.02089018234756777,-0.009992272362466774,4.9999999999999964,-0.0785343598191643,0.0315764145375164,-0.011395746187698608,4.9999999999999964,-0.0785343598191643,0.0315764145375164,-0.011395746187698608,0.0,0.0,5.0,-0.07999488365161488,0.02089018234756777,-0.009992272362466774,0.0,0.0,4.9999999999999964,-0.0785343598191643,0.0315764145375164,-0.011395746187698608,0.0,0.0,-3.552713678800501e-15,0.001460523832450572,0.010686232189948627,-0.0014034738252318348,0.3728923905003428,-0.48039493634976216,2.8384117891786786,0.4138626179245398,-0.8441017639410865,-0.2959083922707246,0.16925769991332493,0.4303115813496041,-0.714778996534799,0.41211227312636045,5.631910122220098,4.4685217628645875,0.10403745192958476
359,1.076999999999998,5.0,-0.07997598253257313,0.01994385553921578,-0.009787353685106196,4.9999999999999964,-0.07869231645942804,0.03078545214930651,-0.011319257019794518,4.9999999999999964,-0.07869231645942804,0.03078545214930651,-0.011319257019794518,0.0,0.0,5.0,-0.07997598253257313,0.01994385553921578,-0.009787353685106196,0.0,0.0,4.9999999999999964,-0.07869231645942804,0.03078545214930651,-0.011319257019794518,0.0,0.0,-3.552713678800501e-15,0.00128366607314509,0.01084159661009073,-0.0015319033346883216,0.37416382177747065,-0.4825173609148786,2.8396263693481334,0.4227783572209303,-0.8418289096085725,-0.2915746246492583,0.1660324843922385,0.4238104257092933,-0.7074748550388144,0.4048600564849226,5.497168240602633,4.5131113011471164,0.09448883085830663
360,1.0799999999999979,5.0,-0.07994315781124717,0.018988954776317204,-0.009573533274516908,4.9999999999999964,-0.07883657298019955,0.029981254954671764,-0.011232472831440672,4.9999999999999964,-0.07883657298019955,0.029981254954671764,-0.011232472831440672,0.0,0.0,5.0,-0.07994315781124717,0.018988954776317204,-0.009573533274516908,0.0,0.0,4.9999999999999964,-0.07883657298019955,0.029981254954671764,-0.011232472831440672,0.0,0.0,-3.552713678800501e-15,0.0011065848310476134,0.01099230017835456,-0.001658939556923764,0.37541592295697784,-0.4846172743102149,2.840819662623438,0.4314976291413117,-0.8395532261223414,-0.2872262000294127,0.16266925514571334,0.41736705983572586,-0.6999711317787658,0.39776442510149557,5.362494477181281,4.556194266383035,0.08501163412677408
361,1.0829999999999977,5.0,-0.07989641520233223,0.018025890575069366,-0.009351005603312793,4.9999999999999964,-0.0789671042668087,0.029164168681657568,-0.011135472554053881,4.9999999999999964,-0.0789671042668087,0.029164168681657568,-0.011135472554053881,0.0,0.0,5.0,-0.07989641520233223,0.018025890575069366,-0.009351005603312793,0.0,0.0,4.9999999999999964,-0.0789671042668087,0.029164168681657568,-0.011135472554053881,0.0,0.0,-3.552713678800501e-15,0.0009293109355235363,0.011138278106588202,-0.0017844669507410885,0.3766488849340603,-0.4866940919795013,2.8419921359546207,0.4400200534110782,-0.8372781827950874,-0.28286387691378695,0.15917168199391482,0.41098732569414836,-0.6922725564288122,0.39082444372757685,5.227912234226385,4.597760140045628,0.0756143509358885
362,1.0859999999999976,5.0,-0.0798357628435901,0.017055076961169018,-0.009119973063481389,4.9999999999999964,-0.07908388759411145,0.028334544599382967,-0.011028344410724903,4.9999999999999964,-0.07908388759411145,0.028334544599382967,-0.011028344410724903,0.0,0.0,5.0,-0.0798357628435901,0.017055076961169018,-0.009119973063481389,0.0,0.0,4.9999999999999964,-0.07908388759411145,0.028334544599382967,-0.011028344410724903,0.0,0.0,-3.552713678800501e-15,0.000751875249478659,0.011279467638213948,-0.0019083713472435142,0.3778629156125128,-0.4887472435889175,2.843144253007964,0.4483453258238246,-0.8350071373084336,-0.2784883936908199,0.15554344742036624,0.40467689281750063,-0.684383869805409,0.3840390177811588,5.093444670341536,4.637799010477551,0.06630539794242575
363,1.0889999999999975,5.0,-0.07976121129443244,0.01607693129182094,-0.008880645782305605,4.9999999999999964,-0.07918690263044632,0.027492739367028427,-0.010911185835978313,4.9999999999999964,-0.07918690263044632,0.027492739367028427,-0.010911185835978313,0.0,0.0,5.0,-0.07976121129443244,0.01607693129182094,-0.008880645782305605,0.0,0.0,4.9999999999999964,-0.07918690263044632,0.027492739367028427,-0.010911185835978313,0.0,0.0,-3.552713678800501e-15,0.0005743086639861117,0.011415808075207486,-0.0020305400536727077,0.3790582393901514,-0.49077617304646737,2.844276473709087,0.4564732152795126,-0.8327433369106074,-0.2741004695635616,0.15178824443416983,0.3984412592128562,-0.6763098191832765,0.3774069003742963,4.95911469484995,4.6763015649014354,0.057093111603248266
364,1.0919999999999974,5.0,-0.07967277353408232,0.015091874076314033,-0.00863324143125006,4.9999999999999964,-0.0792761314411741,0.02663911488050646,-0.010784103387154477,4.9999999999999964,-0.0792761314411741,0.02663911488050646,-0.010784103387154477,0.0,0.0,5.0,-0.07967277353408232,0.015091874076314033,-0.00863324143125006,0.0,0.0,4.9999999999999964,-0.0792761314411741,0.02663911488050646,-0.010784103387154477,0.0,0.0,-3.552713678800501e-15,0.0003966420929082254,0.011547240804192428,-0.002150861955904417,0.3802350966475408,-0.49278033850821046,2.8453892538066397,0.46440356092373125,-0.8304899197026693,-0.2697008054650327,0.14790977454220738,0.39228575246313596,-0.668055153914361,0.37092669918419974,4.8249449627735155,4.713259081340428,0.047985740592435745
365,1.0949999999999973,5.0,-0.07957046495931469,0.014100328795242274,-0.00837798502798591,4.9999999999999964,-0.0793515584918001,0.025774038116880914,-0.010647212647494159,4.9999999999999964,-0.0793515584918001,0.025774038116880914,-0.010647212647494159,0.0,0.0,5.0,-0.07957046495931469,0.014100328795242274,-0.00837798502798591,0.0,0.0,4.9999999999999964,-0.0793515584918001,0.025774038116880914,-0.010647212647494159,0.0,0.0,-3.552713678800501e-15,0.00021890646751458742,0.01167370932163864,-0.002269227619508249,0.38139374324055775,-0.4947592123722292,2.846483044456125,0.4721362693889918,-0.8282499160054845,-0.26529008495858825,0.143911745827157,0.3862155310056596,-0.6596246213395831,0.3645968831617724,4.690957870404392,4.748663420473125,0.03899143829823342
366,1.0979999999999972,5.0,-0.07945430338177574,0.013102721718448644,-0.008115108731734051,4.9999999999999964,-0.07941317065067881,0.024897880976601835,-0.010500638121013985,4.9999999999999964,-0.07941317065067881,0.024897880976601835,-0.010500638121013985,0.0,0.0,5.0,-0.07945430338177574,0.013102721718448644,-0.008115108731734051,0.0,0.0,4.9999999999999964,-0.07941317065067881,0.024897880976601835,-0.010500638121013985,0.0,0.0,-3.552713678800501e-15,4.1132731096932273e-05,0.011795159258153191,-0.0023855293892799338,0.3825344499972675,-0.49671228126117795,2.8475582918233426,0.4796713121386309,-0.8260262497998732,-0.260868975121794,0.1397978711270966,0.38023558556991277,-0.6510229629829204,0.3584157890725279,4.557175551467754,4.782507017446799,0.030118255406643594
367,1.100999999999997,5.0,-0.079324309024882,0.012099481721769953,-0.00784485163211329,4.9999999999999964,-0.07946095719129996,0.02401102012362377,-0.010344513119268319,4.9999999999999964,-0.07946095719129996,0.02401102012362377,-0.010344513119268319,0.0,0.0,5.0,-0.079324309024882,0.012099481721769953,-0.00784485163211329,0.0,0.0,4.9999999999999964,-0.07946095719129996,0.02401102012362377,-0.010344513119268319,0.0,0.0,-3.552713678800501e-15,-0.00013664816641796584,0.011911538401853815,-0.0024996614871550284,0.38365750221954065,-0.4986390459942295,2.84861543670694,0.4870087229135481,-0.8238217402326167,-0.25643812741241667,0.13557186631242105,0.37435074075771846,-0.6422549110171747,0.352381627865773,4.423619873872927,4.814782873672103,0.021374132578407562
368,1.103999999999997,5.0,-0.07918050452029944,0.011091040102660987,-0.007567459531684909,4.9999999999999964,-0.07949490979415606,0.023113836823476227,-0.010178979640100557,4.9999999999999964,-0.07949490979415606,0.023113836823476227,-0.010178979640100557,0.0,0.0,5.0,-0.07918050452029944,0.011091040102660987,-0.007567459531684909,0.0,0.0,4.9999999999999964,-0.07949490979415606,0.023113836823476227,-0.010178979640100557,0.0,0.0,-3.552713678800501e-15,-0.00031440527385662165,0.01202279672081524,-0.002611520108415648,0.38476319918979013,-0.5005390215492014,2.8496549141795464,0.4941485952816696,-0.8216391031812509,-0.25199817851521805,0.13123744865577233,0.36856565674982267,-0.633325184990641,0.34649249086883865,4.290312437048888,4.8454845486218145,0.012766893226039952
369,1.1069999999999969,5.0,-0.07902291490400343,0.010077830394777583,-0.007283184722391879,4.9999999999999964,-0.07951502254819078,0.022206716779355894,-0.01000418823849414,4.9999999999999964,-0.07951502254819078,0.022206716779355894,-0.01000418823849414,0.0,0.0,5.0,-0.07902291490400343,0.010077830394777583,-0.007283184722391879,0.0,0.0,4.9999999999999964,-0.07951502254819078,0.022206716779355894,-0.01000418823849414,0.0,0.0,-3.552713678800501e-15,-0.0004921076441873479,0.01212888638457831,-0.0027210035161022612,0.38585185368316127,-0.5024117370156128,2.8506771532469584,0.501091080289723,-0.8194809528708322,-0.24754975116833916,0.1267983352906746,0.3628848311237207,-0.6242384888038096,0.3407463558039789,4.1572745698588465,4.87460615165544,0.004304236397487211
370,1.1099999999999968,5.0,-0.07885156761192004,0.009060288181598718,-0.006992285756095888,4.9999999999999964,-0.07952129195182801,0.021290049966311043,-0.009820297889640712,4.9999999999999964,-0.07952129195182801,0.021290049966311043,-0.009820297889640712,0.0,0.0,5.0,-0.07885156761192004,0.009060288181598718,-0.006992285756095888,0.0,0.0,4.9999999999999964,-0.07952129195182801,0.021290049966311043,-0.009820297889640712,0.0,0.0,-3.552713678800501e-15,-0.0006697243399079733,0.012229761784712325,-0.002828012133544824,0.38692379148546635,-0.5042567355393884,2.8516825765248375,0.5078363842166113,-0.8173498035361165,-0.2430934549681504,0.12225824175457334,0.3573126007683642,-0.6149995079251991,0.33514109262633784,4.02452732908738,4.902142333890726,-0.004006270227116481
371,1.1129999999999967,5.0,-0.07866649247514942,0.008038850909167342,-0.006695027209420723,4.9999999999999964,-0.07951371691358156,0.020364230463589483,-0.00962747584434999,4.9999999999999964,-0.07951371691358156,0.020364230463589483,-0.00962747584434999,0.0,0.0,5.0,-0.07866649247514942,0.008038850909167342,-0.006695027209420723,0.0,0.0,4.9999999999999964,-0.07951371691358156,0.020364230463589483,-0.00962747584434999,0.0,0.0,-3.552713678800501e-15,-0.0008472244384321315,0.012325379554422141,-0.002932448634929266,0.38797935091711294,-0.5060735742598947,2.8526715999323837,0.5143847664274026,-0.8152480711228512,-0.23862988715153832,0.11762088061200167,0.3518531438821922,-0.605612906835429,0.3296744691821133,3.892091498492392,4.928088280142382,-0.012157197219223759
372,1.1159999999999966,5.0,-0.07846772171477243,0.007013957698030163,-0.0063916794431163795,4.9999999999999964,-0.07949229875224509,0.01942965628522211,-0.009425897476932841,4.9999999999999964,-0.07949229875224509,0.01942965628522211,-0.009425897476932841,0.0,0.0,5.0,-0.07846772171477243,0.007013957698030163,-0.0063916794431163795,0.0,0.0,4.9999999999999964,-0.07949229875224509,0.01942965628522211,-0.009425897476932841,0.0,0.0,-3.552713678800501e-15,-0.0010245770374726626,0.012415698587191947,-0.0030342180338164618,0.3890188823632381,-0.5078618242399608,2.853644632402444,0.5207365373266977,-0.8131780750221379,-0.23415963335469178,0.11288996015363466,0.3465104820417272,-0.5960833266886905,0.3243441566867165,3.7599875884130105,4.95243970094748,-0.02014126015991674
373,1.1189999999999964,5.0,-0.0782552899362409,0.005986049154457543,-0.006082518356162096,4.9999999999999964,-0.07945704119666257,0.018486729208914855,-0.009215746125695942,4.9999999999999964,-0.07945704119666257,0.018486729208914855,-0.009215746125695942,0.0,0.0,5.0,-0.0782552899362409,0.005986049154457543,-0.006082518356162096,0.0,0.0,4.9999999999999964,-0.07945704119666257,0.018486729208914855,-0.009215746125695942,0.0,0.0,-3.552713678800501e-15,-0.0012017512604216712,0.01250068005445731,-0.003133227769533846,0.39004274781022436,-0.5096210703895034,2.854602075607514,0.5268920564098981,-0.811142039832081,-0.22968326834754282,0.10806918316704328,0.3412884823287536,-0.5864153831808641,0.3191477350233503,3.6282358359233755,4.975192824696177,-0.027951326266069415
374,1.1219999999999963,5.0,-0.07802923412335298,0.00495556718102502,-0.005767825134832455,4.9999999999999964,-0.07940795038507907,0.0175358546033226,-0.008997212926193042,4.9999999999999964,-0.07940795038507907,0.0175358546033226,-0.008997212926193042,0.0,0.0,5.0,-0.07802923412335298,0.00495556718102502,-0.005767825134832455,0.0,0.0,4.9999999999999964,-0.07940795038507907,0.0175358546033226,-0.008997212926193042,0.0,0.0,-3.552713678800501e-15,-0.0013787162617260873,0.012580287422297581,-0.0032293877913605867,0.39105132038873897,-0.5113509113833444,2.855544323701103,0.5328517304106876,-0.8091420971411969,-0.2252013567431097,0.10316224577502335,0.33619085950486544,-0.5766136646136591,0.31408269786299786,3.4968562055211843,4.99634438988555,-0.035580420878601936
375,1.1249999999999962,5.0,-0.07778959363181444,0.003922954786637555,-0.005447885996954594,4.9999999999999964,-0.07934503486407216,0.01657744125377934,-0.00877049663738455,4.9999999999999964,-0.07934503486407216,0.01657744125377934,-0.00877049663738455,0.0,0.0,5.0,-0.07778959363181444,0.003922954786637555,-0.005447885996954594,0.0,0.0,4.9999999999999964,-0.07934503486407216,0.01657744125377934,-0.00877049663738455,0.0,0.0,-3.552713678800501e-15,-0.0015554412322577177,0.012654486467141785,-0.0033226106404299566,0.3920449839234077,-0.5130509595737773,2.856471763073925,0.5386160115428295,-0.8071802873283135,-0.2207144536810813,0.09817283633744865,0.331221178222914,-0.5666827301443017,0.30914645760733783,3.3658683903388003,5.015891637513459,-0.04302173380692297
376,1.1279999999999961,5.0,-0.07753641018238679,0.0028886558960778044,-0.005122991931589172,4.9999999999999964,-0.07926830558706388,0.015611901186559519,-0.00853580346086351,4.9999999999999964,-0.07926830558706388,0.015611901186559519,-0.00853580346086351,0.0,0.0,5.0,-0.07753641018238679,0.0028886558960778044,-0.005122991931589172,0.0,0.0,4.9999999999999964,-0.07926830558706388,0.015611901186559519,-0.00853580346086351,0.0,0.0,-3.552713678800501e-15,-0.0017318954046770946,0.012723245290481714,-0.0034128115292743387,0.39302413248920454,-0.5147208408984087,2.857384772124395,0.5441853958342149,-0.8052585613739432,-0.21622310548507273,0.09310463441268221,0.32638285526561545,-0.5566271082104822,0.3043363501565774,3.2352918138636664,5.0338323036284605,-0.05026862552378922
377,1.130999999999996,5.0,-0.07726972785362388,0.001853115159160651,-0.004793438434371655,4.9999999999999964,-0.07917777591241387,0.01463964949174606,-0.00829334685331241,4.9999999999999964,-0.07917777591241387,0.01463964949174606,-0.00829334685331241,0.0,0.0,5.0,-0.07726972785362388,0.001853115159160651,-0.004793438434371655,0.0,0.0,4.9999999999999964,-0.07917777591241387,0.01463964949174606,-0.00829334685331241,0.0,0.0,-3.552713678800501e-15,-0.0019080480587899962,0.01278653433258541,-0.0034999084189407557,0.39398916997461136,-0.5163601947837702,2.8582837210429086,0.549560421550921,-0.803378782678367,-0.21172785029307142,0.08796130977467277,0.3216791618022841,-0.5464512951204831,0.29964963950462753,3.1051456321538358,5.0501646120509145,-0.05731463320494537
378,1.133999999999996,5.0,-0.07698959307419799,0.0008167777595763968,-0.00445952523875519,4.9999999999999964,-0.07907346160109369,0.013661104144781215,-0.00804334733236139,4.9999999999999964,-0.07907346160109369,0.013661104144781215,-0.00804334733236139,0.0,0.0,5.0,-0.07698959307419799,0.0008167777595763968,-0.00445952523875519,0.0,0.0,4.9999999999999964,-0.07907346160109369,0.013661104144781215,-0.00804334733236139,0.0,0.0,-3.552713678800501e-15,-0.0020838685268956963,0.012844326385204819,-0.0035838220936061996,0.3949405096515774,-0.5179686740451661,2.8591689716094018,0.554741667708905,-0.8015427288819109,-0.20722921866068253,0.08274652148196464,0.31711322565534084,-0.5361597537986345,0.29508352216443295,2.9754487365334157,5.064887267279481,-0.0641534766080503
379,1.1369999999999958,5.0,-0.07669605461481666,-0.0002199107764955629,-0.004121556043398733,4.9999999999999964,-0.07895538081394282,0.012676685826777022,-0.007786032276024403,4.9999999999999964,-0.07895538081394282,0.012676685826777022,-0.007786032276024403,0.0,0.0,5.0,-0.07669605461481666,-0.0002199107764955629,-0.004121556043398733,0.0,0.0,4.9999999999999964,-0.07895538081394282,0.012676685826777022,-0.007786032276024403,0.0,0.0,-3.552713678800501e-15,-0.002259326199126166,0.012896596603272584,-0.0036644762326256703,0.39587857375228414,-0.5195459447831956,2.860040877003682,0.5597297526708228,-0.799752093683154,-0.20272773413686956,0.07746391699495846,0.31268803356890557,-0.5257569126764972,0.2906351314266201,2.846219756751863,5.077999447596315,-0.07077906378554052
380,1.1399999999999957,5.0,-0.0763891635797319,-0.001256504771920652,-0.0037798382359489737,4.9999999999999964,-0.07882355410850701,0.011686817743662588,-0.007521635715895786,4.9999999999999964,-0.07882355410850701,0.011686817743662588,-0.007521635715895786,0.0,0.0,5.0,-0.0763891635797319,-0.001256504771920652,-0.0037798382359489737,0.0,0.0,4.9999999999999964,-0.07882355410850701,0.011686817743662588,-0.007521635715895786,0.0,0.0,-3.552713678800501e-15,-0.0024343905287751155,0.012943322515583241,-0.003741797479946812,0.3968037930527014,-0.5210916862773569,2.8608997816280466,0.564525332825348,-0.7980084886510236,-0.1982239138119694,0.07211713133787237,0.30840643347241953,-0.5152471647204365,0.28630154145493586,2.717477064590181,5.089500798383322,-0.07718549662623407
381,1.1429999999999956,5.0,-0.07606897339784296,-0.002292558590207929,-0.0034346826134670663,4.9999999999999964,-0.07867800443545918,0.010691925444245935,-0.007250398124295289,4.9999999999999964,-0.07867800443545918,0.010691925444245935,-0.007250398124295289,0.0,0.0,5.0,-0.07606897339784296,-0.002292558590207929,-0.0034346826134670663,0.0,0.0,4.9999999999999964,-0.07867800443545918,0.010691925444245935,-0.007250398124295289,0.0,0.0,-3.552713678800501e-15,-0.0026090310376162135,0.012984484034453864,-0.003815715510828223,0.39771660646289997,-0.5226055908771166,2.8617460209417134,0.5691291013462856,-0.796313445027007,-0.19371826883785098,0.06670978630197613,0.30427113673285117,-0.5046348665865312,0.28207977122222433,2.5892387778962465,5.09939142566092,-0.08336707622063287
382,1.1459999999999955,5.0,-0.07573553981339468,-0.003327626827091068,-0.0030864030997542523,4.9999999999999964,-0.0785187571346038,0.009692436637268594,-0.006972566195555177,4.9999999999999964,-0.0785187571346038,0.009692436637268594,-0.006972566195555177,0.0,0.0,5.0,-0.07573553981339468,-0.003327626827091068,-0.0030864030997542523,0.0,0.0,4.9999999999999964,-0.0785187571346038,0.009692436637268594,-0.006972566195555177,0.0,0.0,-3.552713678800501e-15,-0.0027832173212091194,0.013020063464359662,-0.0038861630958009243,0.39861746062406883,-0.5240873638907987,2.8625799213065863,0.573541787028675,-0.7946684155139102,-0.18921130492016225,0.06124548968679082,0.30028472038962567,-0.4939243378940518,0.2779667882909305,2.461522765030707,5.107671889859811,-0.08931830804504237
383,1.1489999999999954,5.0,-0.07538892087627237,-0.004361264502009513,-0.002735316459834074,4.9999999999999964,-0.07834583993046529,0.008688781007531676,-0.0066883926216483374,4.9999999999999964,-0.07834583993046529,0.008688781007531676,-0.0066883926216483374,0.0,0.0,5.0,-0.07538892087627237,-0.004361264502009513,-0.002735316459834074,0.0,0.0,4.9999999999999964,-0.07834583993046529,0.008688781007531676,-0.0066883926216483374,0.0,0.0,-3.552713678800501e-15,-0.0029569190541929163,0.01305004550954119,-0.003953076161814263,0.39950680951216977,-0.5255367234726258,2.8634017998439134,0.5777641531990271,-0.7930747760478423,-0.18470352278269525,0.0557278345760762,0.2964496293669751,-0.4831198606090463,0.2739595124423253,2.3343466497041847,5.114343199835347,-0.09503390695979262
384,1.1519999999999953,5.0,-0.0750291769318957,-0.005393027249407828,-0.002381742011850054,4.9999999999999964,-0.0781592829274613,0.007681390031172429,-0.006398135862361446,4.9999999999999964,-0.0781592829274613,0.007681390031172429,-0.006398135862361446,0.0,0.0,5.0,-0.0750291769318957,-0.005393027249407828,-0.002381742011850054,0.0,0.0,4.9999999999999964,-0.0781592829274613,0.007681390031172429,-0.006398135862361446,0.0,0.0,-3.552713678800501e-15,-0.0031301059955655963,0.013074417280580257,-0.004016393850511392,0.4003851140481466,-0.5269534005082155,2.86421196430139,0.5817969966967823,-0.7915338275503212,-0.18019541860397462,0.050160398645556346,0.2927681786589389,-0.47222567852987635,0.270054819158826,2.2077278161857863,5.119406807133144,-0.10050880201701298
385,1.1549999999999951,5.0,-0.0746563706107125,-0.006422471509770652,-0.0020260013366414768,4.9999999999999964,-0.07795911860466155,0.006670696790170676,-0.0061020599102222205,4.9999999999999964,-0.07795911860466155,0.006670696790170676,-0.0061020599102222205,0.0,0.0,5.0,-0.0746563706107125,-0.006422471509770652,-0.0020260013366414768,0.0,0.0,4.9999999999999964,-0.07795911860466155,0.006670696790170676,-0.0061020599102222205,0.0,0.0,-3.552713678800501e-15,-0.0033027479939490567,0.013093168299941327,-0.004076058573580744,0.40125284171459485,-0.528337138498816,2.8650107129302818,0.5856411469240427,-0.7900467976576201,-0.17568748442625115,0.04454674349946602,0.2892425554827488,-0.461245996866862,0.2662495429639342,2.0816834148623045,5.122864600513659,-0.10573814107358698
386,1.157999999999995,5.0,-0.07427056681729517,-0.007449154720310873,-0.0016684179852611794,4.9999999999999964,-0.07774538181013335,0.005657135786164874,-0.005800434050394578,4.9999999999999964,-0.07774538181013335,0.005657135786164874,-0.005800434050394578,0.0,0.0,5.0,-0.07427056681729517,-0.007449154720310873,-0.0016684179852611794,0.0,0.0,4.9999999999999964,-0.07774538181013335,0.005657135786164874,-0.005800434050394578,0.0,0.0,-3.552713678800501e-15,-0.0034748149928381794,0.013106290506475746,-0.004132016065133399,0.4021104661787853,-0.5296876934445416,2.865798334372155,0.5892974649606075,-0.7886148424246839,-0.1711802085371554,0.038890414033132426,0.28587482139681325,-0.4501849819085115,0.2625404806244366,1.9562303681268887,5.124718900742563,-0.11071729520509074
387,1.160999999999995,5.0,-0.07387183271904083,-0.00847263550522878,-0.0013093171847014453,4.9999999999999964,-0.07751810975487462,0.004641142753657882,-0.005493532615760052,4.9999999999999964,-0.07751810975487462,0.004641142753657882,-0.005493532615760052,0.0,0.0,5.0,-0.07387183271904083,-0.00847263550522878,-0.0013093171847014453,0.0,0.0,4.9999999999999964,-0.07751810975487462,0.004641142753657882,-0.005493532615760052,0.0,0.0,-3.552713678800501e-15,-0.0036462770358337976,0.013113778258886662,-0.004184215431058607,0.4029584669219252,-0.5310048337268429,2.866575107554814,0.5927668427413313,-0.7872390480011608,-0.16667407582433594,0.03319493781894003,0.28266691437996794,-0.4390467607671284,0.25892439421961183,1.8313853765753976,5.124972455652789,-0.11544186291669917
388,1.1639999999999948,5.0,-0.07346023773447767,-0.009492473865462578,-0.000949025542095398,4.9999999999999964,-0.0772773420063356,0.00362315447269272,-0.005181634737408262,4.9999999999999964,-0.0772773420063356,0.00362315447269272,-0.005181634737408262,0.0,0.0,5.0,-0.07346023773447767,-0.009492473865462578,-0.000949025542095398,0.0,0.0,4.9999999999999964,-0.0772773420063356,0.00362315447269272,-0.005181634737408262,0.0,0.0,-3.552713678800501e-15,-0.0038171042718579268,0.013115628338155298,-0.004232609195312864,0.40379732887453246,-0.5322883399904337,2.867341301597061,0.5960502022928237,-0.7859204322772929,-0.16216956810347483,0.027463824513158454,0.2796206508690876,-0.4278354211969119,0.2553980140822627,1.7071649254881673,5.123628435483273,-0.11990767414722918
389,1.1669999999999947,5.0,-0.07303585352117949,-0.010508231367845301,-0.0005878707476635617,4.9999999999999964,-0.07702312048153019,0.0026036085810788433,-0.0048650240907633325,4.9999999999999964,-0.07702312048153019,0.0026036085810788433,-0.0048650240907633325,0.0,0.0,5.0,-0.07303585352117949,-0.010508231367845301,-0.0005878707476635617,0.0,0.0,4.9999999999999964,-0.07702312048153019,0.0026036085810788433,-0.0048650240907633325,0.0,0.0,-3.552713678800501e-15,-0.003987266960350705,0.013111839948924144,-0.0042771533430997705,0.4046275420577901,-0.5335380050248676,2.86809717572191,0.5991484950265256,-0.7846599464976134,-0.15766716442013695,0.02170056528124516,0.2767377277525568,-0.4165550114779794,0.2519580416164459,1.5835852915744182,5.120690428498484,-0.12411079406267775
390,1.1699999999999946,5.0,-0.07259875396329016,-0.011519471333589574,-0.0002261812766749139,4.9999999999999964,-0.07675548943973841,0.0015829433862496228,-0.00454398863757718,4.9999999999999964,-0.07675548943973841,0.0015829433862496228,-0.00454398863757718,0.0,0.0,5.0,-0.07259875396329016,-0.011519471333589574,-0.0002261812766749139,0.0,0.0,4.9999999999999964,-0.07675548943973841,0.0015829433862496228,-0.00454398863757718,0.0,0.0,-3.552713678800501e-15,-0.004156735476448251,0.013102414719839197,-0.004317807360902266,0.40544960123074253,-0.5347536336459477,2.8688429791779004,0.602062701085217,-0.783458476840591,-0.15316734132597115,0.015908632239364708,0.2740197243174739,-0.4052095403600593,0.24860115199680813,1.460662549956148,5.116162436891986,-0.12804752663580313
391,1.1729999999999945,5.0,-0.0721490151586607,-0.01252575902601713,0.00013571390930586176,4.9999999999999964,-0.07647449547480087,0.0005615976768319731,-0.004218820364024328,4.9999999999999964,-0.07647449547480087,0.0005615976768319731,-0.004218820364024328,0.0,0.0,5.0,-0.0721490151586607,-0.01252575902601713,0.00013571390930586176,0.0,0.0,4.9999999999999964,-0.07647449547480087,0.0005615976768319731,-0.004218820364024328,0.0,0.0,-3.552713678800501e-15,-0.004325480316140162,0.013087356702849103,-0.004354534273330189,0.406264005543189,-0.5359350425771274,2.869578951168164,0.6047938287400477,-0.7823168459625492,-0.14867057312983928,0.01009147790999448,0.2714681041488179,-0.393802977059913,0.245323996754453,1.3384125813680101,5.11004887297637,-0.13171441800849334
392,1.1759999999999944,5.0,-0.0716867154056008,-0.013526661837455132,0.0004974856616134576,4.9999999999999964,-0.076180187507007,-0.0004599894659908215,-0.0038898150151364546,4.9999999999999964,-0.076180187507007,-0.0004599894659908215,-0.0038898150151364546,0.0,0.0,5.0,-0.0716867154056008,-0.013526661837455132,0.0004974856616134576,0.0,0.0,4.9999999999999964,-0.076180187507007,-0.0004599894659908215,-0.0038898150151364546,0.0,0.0,-3.552713678800501e-15,-0.004493472101406201,0.01306667237146431,-0.004387300676749912,0.4070712581941264,-0.537082060331048,2.870305320786927,0.6073429138352227,-0.781235814504376,-0.14417733212450326,0.0042525346896124215,0.26908421697913565,-0.38233925130685004,0.24212320625426503,1.2168510795492633,5.102354555661102,-0.1351082596338631
393,1.1789999999999943,5.0,-0.07121193518924727,-0.014521749475215482,0.0008588049438471524,4.9999999999999964,-0.07587261677457811,-0.0014813788572421759,-0.0035572718258181915,4.9999999999999964,-0.07587261677457811,-0.0014813788572421759,-0.0035572718258181915,0.0,0.0,5.0,-0.07121193518924727,-0.014521749475215482,0.0008588049438471524,0.0,0.0,4.9999999999999964,-0.07587261677457811,-0.0014813788572421759,-0.0035572718258181915,0.0,0.0,-3.552713678800501e-15,-0.004660681585330839,0.013040370617973307,-0.004416076769665344,0.40787186609558923,-0.538194527091341,2.8710223069631327,0.609711019277527,-0.7802160825597122,-0.13968808878955188,-0.0016047856734149853,0.26686930048761714,-0.3708222534310025,0.23899539206860243,1.0959935588037342,5.093084707218917,-0.13822609119522072
394,1.1819999999999942,5.0,-0.07072475716755189,-0.015510594146579971,0.0012193431311341282,4.9999999999999964,-0.07555183682474698,-0.002502131396959808,-0.0032214932486888644,4.9999999999999964,-0.07555183682474698,-0.002502131396959808,-0.0032214932486888644,0.0,0.0,5.0,-0.07072475716755189,-0.015510594146579971,0.0012193431311341282,0.0,0.0,4.9999999999999964,-0.07555183682474698,-0.002502131396959808,-0.0032214932486888644,0.0,0.0,-3.552713678800501e-15,-0.004827079657195088,0.013008462749620163,-0.004440836379822993,0.40866633954173237,-0.539272294594809,2.8717301184108894,0.6118992345679346,-0.7792582911034899,-0.1352033119712956,-0.007477092592506862,0.26482448204771025,-0.35925583448931914,0.2359371492522432,0.9758553617033953,5.08224495034063,-0.14106520329924982
395,1.184999999999994,5.0,-0.07022526615689073,-0.016492770742709634,0.0015787723090180715,4.9999999999999964,-0.0752179035044354,-0.0035218082589668367,-0.002882784678997657,4.9999999999999964,-0.0752179035044354,-0.0035218082589668367,-0.002882784678997657,0.0,0.0,5.0,-0.07022526615689073,-0.016492770742709634,0.0015787723090180715,0.0,0.0,4.9999999999999964,-0.0752179035044354,-0.0035218082589668367,-0.002882784678997657,0.0,0.0,-3.552713678800501e-15,-0.004992637347544668,0.012970962483742797,-0.0044615569880157285,0.40945519188300045,-0.5403152260140826,2.8724289535864598,0.6139086753726083,-0.7783630233798472,-0.13072346904040197,-0.013361017149750899,0.2629507804226924,-0.3476438064245238,0.23294505852342973,0.8564516669110438,5.0698413054773805,-0.14362313994095596
396,1.187999999999994,5.0,-0.06971354911729806,-0.017467857021402005,0.0019367655717020663,4.9999999999999964,-0.0748708749505314,-0.004539971079525099,-0.0025414541768624182,4.9999999999999964,-0.0748708749505314,-0.004539971079525099,-0.0025414541768624182,0.0,0.0,5.0,-0.06971354911729806,-0.017467857021402005,0.0019367655717020663,0.0,0.0,4.9999999999999964,-0.0748708749505314,-0.004539971079525099,-0.0025414541768624182,0.0,0.0,-3.552713678800501e-15,-0.005157325833233334,0.012927885941876906,-0.004478219748564485,0.410238939205227,-0.5413231958408402,2.8731190006515273,0.6157404831306776,-0.7775308062486235,-0.1262490260280836,-0.019253212597530052,0.2612491074088612,-0.33598994225256296,0.2300156883558063,0.7377974970974228,5.0558801884685645,-0.1458977007381363
397,1.1909999999999938,5.0,-0.06918969513732665,-0.01843543378861427,0.0022929973193738847,4.9999999999999964,-0.07451081157976774,-0.005556182145789784,-0.0021978121870847344,4.9999999999999964,-0.07451081157976774,-0.005556182145789784,-0.0021978121870847344,0.0,0.0,5.0,-0.06918969513732665,-0.01843543378861427,0.0022929973193738847,0.0,0.0,4.9999999999999964,-0.07451081157976774,-0.005556182145789784,-0.0021978121870847344,0.0,0.0,-3.552713678800501e-15,-0.005321116442441098,0.012879251642824486,-0.004490809506458619,0.41101810001350575,-0.5422960897696633,2.873800437442485,0.6173958246962531,-0.7767621114897852,-0.12178044774168609,-0.025150354856320428,0.25972026942623216,-0.32429797627433393,0.22714559698598447,0.6199077269280174,5.040368408452906,-0.14788694293333904
398,1.1939999999999937,5.0,-0.06865379541853776,-0.019395085078677064,0.0026471435543434663,4.9999999999999964,-0.07413777607820361,-0.006570004583984162,-0.0018521712567961014,4.9999999999999964,-0.07413777607820361,-0.006570004583984162,-0.0018521712567961014,0.0,0.0,5.0,-0.06865379541853776,-0.019395085078677064,0.0026471435543434663,0.0,0.0,4.9999999999999964,-0.07413777607820361,-0.006570004583984162,-0.0018521712567961014,0.0,0.0,-3.552713678800501e-15,-0.005483980659665849,0.012825080494692902,-0.004499314811139568,0.4117931949206763,-0.5432338045825865,2.874473431445509,0.6188758920122239,-0.7760573570652954,-0.11731819786055656,-0.031049143009984802,0.2583649690568386,-0.31257160430774666,0.22433133434140176,0.5027970910947623,5.023313166059381,-0.1495891831614926
399,1.1969999999999936,5.0,-0.06810594325962326,-0.020346398333119332,0.002998882175723458,4.9999999999999964,-0.07375183339031104,-0.007581002547213636,-0.0015048457511919837,4.9999999999999964,-0.07375183339031104,-0.007581002547213636,-0.0015048457511919837,0.0,0.0,5.0,-0.06810594325962326,-0.020346398333119332,0.002998882175723458,0.0,0.0,4.9999999999999964,-0.07375183339031104,-0.007581002547213636,-0.0015048457511919837,0.0,0.0,-3.552713678800501e-15,-0.005645890130687781,0.012765395785905697,-0.004503727926915442,0.4125647463402691,-0.5441362480343958,2.8751381397771882,0.6201819018134732,-0.7754169083380819,-0.11286273901309975,-0.03694629979978786,0.25718380653092043,-0.3008144839364191,0.22156944389306366,0.3864801923678697,5.004722051873948,-0.15100299898159625
400,1.1999999999999935,5.0,-0.06754623404016245,-0.02128896457803009,0.00334789327238416,4.9999999999999964,-0.07335305070766829,-0.00858874140283825,-0.0011561515676123447,4.9999999999999964,-0.07335305070766829,-0.00858874140283825,-0.0011561515676123447,0.0,0.0,5.0,-0.06754623404016245,-0.02128896457803009,0.00334789327238416,0.0,0.0,4.9999999999999964,-0.07335305070766829,-0.00858874140283825,-0.0011561515676123447,0.0,0.0,-3.552713678800501e-15,-0.005806816667505835,0.01270022317519184,-0.004504044839996505,0.4133332781837535,-0.5450033387387104,2.8757947091705014,0.6213150953572361,-0.7748410792479059,-0.10841453283595359,-0.04283857211826571,0.25617728116146277,-0.28903023477154666,0.21885646443767495,0.27097150964303374,4.984603045177312,-0.1521272301710791
401,1.2029999999999934,5.0,-0.06697476520401685,-0.02222237859987752,0.0036938594139172844,4.9999999999999964,-0.07294149745726201,-0.009592787919323305,-0.0008064058482286525,4.9999999999999964,-0.07294149745726201,-0.009592787919323305,-0.0008064058482286525,0.0,0.0,5.0,-0.06697476520401685,-0.02222237859987752,0.0036938594139172844,0.0,0.0,4.9999999999999964,-0.07294149745726201,-0.009592787919323305,-0.0008064058482286525,0.0,0.0,-3.552713678800501e-15,-0.005966732253245163,0.012629590680554215,-0.004500265262145937,0.4140993155619366,-0.5458350060548816,2.876443275965942,0.6222767381784219,-0.7743301334440734,-0.1039740400162357,-0.04872273150399353,0.25534579272770414,-0.2772224387237153,0.2161889318135789,0.15628540595944007,4.962964512948268,-0.1529609797816507
402,1.2059999999999933,5.0,-0.06639163624236548,-0.023146239119712444,0.0040364659393432485,4.9999999999999964,-0.07251724528940016,-0.01059271045248756,-0.0004559266915986988,4.9999999999999964,-0.07251724528940016,-0.01059271045248756,-0.0004559266915986988,0.0,0.0,5.0,-0.06639163624236548,-0.023146239119712444,0.0040364659393432485,0.0,0.0,4.9999999999999964,-0.07251724528940016,-0.01059271045248756,-0.0004559266915986988,0.0,0.0,-3.552713678800501e-15,-0.006125609047034686,0.012553528667224884,-0.0044923926309419476,0.4148633844903617,-0.5466311899757265,2.8770839661076066,0.6230681198678212,-0.7738842853750617,-0.09954172031782804,-0.05459557463821182,0.2546896428083806,-0.2653946402816425,0.21356338055482743,0.04243613646403817,4.939815209126437,-0.15350361495568277
403,1.2089999999999932,5.0,-0.06579694867638362,-0.02406014896567933,0.004375401243299675,4.9999999999999964,-0.07208036806523789,-0.011588079131069042,-0.00010503286335157601,4.9999999999999964,-0.07208036806523789,-0.011588079131069042,-0.00010503286335157601,0.0,0.0,5.0,-0.06579694867638362,-0.02406014896567933,0.004375401243299675,0.0,0.0,4.9999999999999964,-0.07208036806523789,-0.011588079131069042,-0.00010503286335157601,0.0,0.0,-3.552713678800501e-15,-0.006283419388854267,0.01247206983461029,-0.0044804341066512505,0.4156260115985585,-0.5473918410161116,2.8777168951440695,0.6236905538712129,-0.7735037013352678,-0.09511803259267883,-0.06045392384419257,0.25420903606560336,-0.2535503467950404,0.21097634548760852,-0.07056214370214821,4.915164274127559,-0.15375476750237968
404,1.211999999999993,5.0,-0.06519080603956832,-0.02496371524376326,0.0047103570594507335,4.9999999999999964,-0.0716309418439185,-0.012578466041528623,0.0002459564937340759,4.9999999999999964,-0.0716309418439185,-0.012578466041528623,0.0002459564937340759,0.0,0.0,5.0,-0.06519080603956832,-0.02496371524376326,0.0047103570594507335,0.0,0.0,4.9999999999999964,-0.0716309418439185,-0.012578466041528623,0.0002459564937340759,0.0,0.0,-3.552713678800501e-15,-0.006440135804350169,0.012385249202234638,-0.004464400565716658,0.41638772384299966,-0.5481169201023885,2.878342168233889,0.6241453773074934,-0.7731885004692088,-0.09070343477810813,-0.0662946275901537,0.253904081480389,-0.24169302875898865,0.20842436327315467,-0.1826953716197634,4.8890212346038515,-0.1537143342332145
405,1.214999999999993,5.0,-0.06457331385971352,-0.025856549506696205,0.005041028740859782,4.9999999999999964,-0.07116904486933175,-0.013563445412012046,0.0005967221499948148,4.9999999999999964,-0.07116904486933175,-0.013563445412012046,0.0005967221499948148,0.0,0.0,5.0,-0.06457331385971352,-0.025856549506696205,0.005041028740859782,0.0,0.0,4.9999999999999964,-0.07116904486933175,-0.013563445412012046,0.0005967221499948148,0.0,0.0,-3.552713678800501e-15,-0.00659573100961823,0.012293104094684159,-0.004444306590864967,0.4171490482236226,-0.5488063984626808,2.8789598801555925,0.6244339508040476,-0.7729387557336257,-0.08629838388110829,-0.07211456099646092,0.2537747935409691,-0.22982612009739029,0.20590397390115153,-0.29394956893263957,4.861396003441302,-0.15338247705632527
406,1.2179999999999929,5.0,-0.06394457964053778,-0.02673826792095258,0.005367115537069723,4.9999999999999964,-0.07069475755649184,-0.014542593795391186,0.0009469450792261854,4.9999999999999964,-0.07069475755649184,-0.014542593795391186,0.0009469450792261854,0.0,0.0,5.0,-0.06394457964053778,-0.02673826792095258,0.005367115537069723,0.0,0.0,4.9999999999999964,-0.07069475755649184,-0.014542593795391186,0.0009469450792261854,0.0,0.0,-3.552713678800501e-15,-0.006750177915954059,0.012195674125561395,-0.0044201704578435376,0.4179105115037779,-0.5494602575180105,2.879570115322005,0.624557658347683,-0.7727544948180585,-0.08190333595062874,-0.07791062634779283,0.2538210933851072,-0.21795301844325665,0.20341172213755837,-0.4043108343385613,4.832298879985124,-0.1527596228297863
407,1.2209999999999928,5.0,-0.06330471284296854,-0.027608491431760473,0.0056883208676398525,4.9999999999999964,-0.07020816247753733,-0.015515490251305905,0.0012963067488414549,4.9999999999999964,-0.07020816247753733,-0.015515490251305905,0.0012963067488414549,0.0,0.0,5.0,-0.06330471284296854,-0.027608491431760473,0.0056883208676398525,0.0,0.0,4.9999999999999964,-0.07020816247753733,-0.015515490251305905,0.0012963067488414549,0.0,0.0,-3.552713678800501e-15,-0.006903449634568792,0.012093001180454569,-0.004392014118798398,0.4186726399334711,-0.5500784887742517,2.8801729477987967,0.6245179071495508,-0.7726357010245736,-0.07751874603883224,-0.08367975361088587,0.2540428098977395,-0.2060770854137311,0.20094415893064266,-0.5137653362523059,4.8017405504840225,-0.15184646297388868
408,1.2239999999999926,5.0,-0.06265382486608485,-0.028466845926059872,0.006004352591889822,4.9999999999999964,-0.06970934434735562,-0.016481716527128185,0.0016444894095813951,4.9999999999999964,-0.06970934434735562,-0.016481716527128185,0.0016444894095813951,0.0,0.0,5.0,-0.06265382486608485,-0.028466845926059872,0.006004352591889822,0.0,0.0,4.9999999999999964,-0.06970934434735562,-0.016481716527128185,0.0016444894095813951,0.0,0.0,-3.552713678800501e-15,-0.0070555194812707694,0.011985129398931687,-0.004359863182308427,0.41943595897576713,-0.5506610937148855,2.8807684413271333,0.624316127522577,-0.7725823141074337,-0.07314506815230058,-0.08941890095842157,0.25443968076533824,-0.1942016468779125,0.1984978427789197,-0.6222993056636217,4.769732088743331,-0.1506439528427825
409,1.2269999999999925,5.0,-0.06199202902772331,-0.02931296239333499,0.006314923274605587,4.9999999999999964,-0.06919839000883424,-0.01744085723777091,0.0019911763845116147,4.9999999999999964,-0.06919839000883424,-0.01744085723777091,0.0019911763845116147,0.0,0.0,5.0,-0.06199202902772331,-0.02931296239333499,0.006314923274605587,0.0,0.0,4.9999999999999964,-0.06919839000883424,-0.01744085723777091,0.0019911763845116147,0.0,0.0,-3.552713678800501e-15,-0.0072063609811109305,0.01187210515556408,-0.004323746890093972,0.42020099303623254,-0.5512080836945326,2.881356649350327,0.6239537727700237,-0.772594231073601,-0.06878275519415679,-0.0951250552995691,0.2550113534884723,-0.1823299932156816,0.1960693410645758,-0.7298990292123286,4.736284956976482,-0.14915331085605393
410,1.2299999999999924,5.0,-0.06131944054474973,-0.030146477084253904,0.006619750447465836,4.9999999999999964,-0.06867538841774178,-0.01839250004426378,0.0023360523570446134,4.9999999999999964,-0.06867538841774178,-0.01839250004426378,0.0023360523570446134,0.0,0.0,5.0,-0.06131944054474973,-0.030146477084253904,0.006619750447465836,0.0,0.0,4.9999999999999964,-0.06867538841774178,-0.01839250004426378,0.0023360523570446134,0.0,0.0,-3.552713678800501e-15,-0.007355947872992048,0.011753977039990125,-0.0042836980904212224,0.42096826519529484,-0.5517194798332301,2.8819376150443947,0.6234323190838988,-0.7726713069450696,-0.06443225889805577,-0.10079523281765007,0.25575738635410533,-0.17046537956586452,0.19365523135583992,-0.8365508425022168,4.701411006843761,-0.14737601739102632
411,1.2329999999999923,5.0,-0.060636176513000094,-0.030967031667045414,0.006918556865950621,4.9999999999999964,-0.06814043062724091,-0.019336235831019725,0.0026788036577245567,4.9999999999999964,-0.06814043062724091,-0.019336235831019725,0.0026788036577245567,0.0,0.0,5.0,-0.060636176513000094,-0.030967031667045414,0.006918556865950621,0.0,0.0,4.9999999999999964,-0.06814043062724091,-0.019336235831019725,0.0026788036577245567,0.0,0.0,-3.552713678800501e-15,-0.00750425411424082,0.011630795836025689,-0.004239753208226065,0.42173829694340254,-0.5521953129114167,2.8825113713524395,0.6227532654520261,-0.7728133554841138,-0.06009402975497658,-0.106426479515352,0.25667724936923686,-0.1586110260621894,0.19125210268165432,-0.9422411236748841,4.665122480666722,-0.14531381343679464
412,1.2359999999999922,5.0,-0.05994235588689472,-0.03177427338154843,0.007211070761499212,4.9999999999999964,-0.06759360977203632,-0.02027165888171554,0.003019118549513977,4.9999999999999964,-0.06759360977203632,-0.02027165888171554,0.003019118549513977,0.0,0.0,5.0,-0.05994235588689472,-0.03177427338154843,0.007211070761499212,0.0,0.0,4.9999999999999964,-0.06759360977203632,-0.02027165888171554,0.003019118549513977,0.0,0.0,-3.552713678800501e-15,-0.007651253885141603,0.011502614499832892,-0.004191952211985235,0.42251160791887515,-0.5526356232655835,2.883077941022785,0.6219181335726774,-0.7730201498826358,-0.05576851693372755,-0.11201587176787899,0.2577703251575484,-0.1467701180556042,0.1888565567818796,-1.046956287264064,4.62743201280615,-0.1429686990112174
413,1.238999999999992,5.0,-0.059238099458728315,-0.032567855190864546,0.007497026088687314,4.9999999999999964,-0.06703502105216015,-0.021198367053711205,0.0033566875113229125,4.9999999999999964,-0.06703502105216015,-0.021198367053711205,0.0033566875113229125,0.0,0.0,5.0,-0.059238099458728315,-0.032567855190864546,0.007497026088687314,0.0,0.0,4.9999999999999964,-0.06703502105216015,-0.021198367053711205,0.0033566875113229125,0.0,0.0,-3.552713678800501e-15,-0.007796921593431837,0.011369488137153341,-0.004140338577364401,0.4232887156483375,-0.5530404606845484,2.8836373366507937,0.6209284677757566,-0.7732914234168808,-0.05145616819605068,-0.1175605168843946,0.2590359098207699,-0.13494580632162634,0.1864652093361541,-1.1506827783503586,4.588352631190946,-0.1403429313423068
414,1.241999999999992,5.0,-0.0585235298376405,-0.03334743593055111,0.007776162767199058,4.9999999999999964,-0.06646476171639798,-0.022115961950932853,0.0036912035195226034,4.9999999999999964,-0.06646476171639798,-0.022115961950932853,0.0036912035195226034,0.0,0.0,5.0,-0.0585235298376405,-0.03334743593055111,0.007776162767199058,0.0,0.0,4.9999999999999964,-0.06646476171639798,-0.022115961950932853,0.0036912035195226034,0.0,0.0,-3.552713678800501e-15,-0.007941231878757476,0.011231473979618257,-0.004084959247676455,0.42407013528963705,-0.5534098843063029,2.884189560724317,0.6197858349496105,-0.7736268700688734,-0.047157429807183,-0.12305755367808156,0.2604732137665334,-0.12314120725148966,0.18407469117441175,-1.253407067035651,4.547897758984815,-0.13743902281567213
415,1.244999999999992,5.0,-0.05779877142826998,-0.03411268045528881,0.0080482269183736,4.9999999999999964,-0.06588293104535803,-0.023024049095145056,0.004022362327187734,4.9999999999999964,-0.06588293104535803,-0.023024049095145056,0.004022362327187734,0.0,0.0,5.0,-0.05779877142826998,-0.03411268045528881,0.0080482269183736,0.0,0.0,4.9999999999999964,-0.06588293104535803,-0.023024049095145056,0.004022362327187734,0.0,0.0,-3.552713678800501e-15,-0.008084159617088048,0.011088631360143757,-0.0040258645911858655,0.42485637937715065,-0.5537439625153807,2.8847346056727328,0.6184918244726196,-0.7740261451160085,-0.0428727464427021,-0.12850415304511553,0.2620813625045267,-0.11135940302593936,0.18168164947194587,-1.355115643255727,4.506081216377184,-0.1342597386898835
416,1.2479999999999918,5.0,-0.057063950409095884,-0.034863259782963014,0.0083129710961114,4.9999999999999964,-0.06528963033418672,-0.023922238095538777,0.004349862740813195,4.9999999999999964,-0.06528963033418672,-0.023922238095538777,0.004349862740813195,0.0,0.0,5.0,-0.057063950409095884,-0.034863259782963014,0.0083129710961114,0.0,0.0,4.9999999999999964,-0.06528963033418672,-0.023922238095538777,0.004349862740813195,0.0,0.0,-3.552713678800501e-15,-0.008225679925090837,0.010941021687424238,-0.003963108355298206,0.42564795756938906,-0.5540427728406925,2.8852724539195282,0.6170480481487992,-0.7744888656903062,-0.03860256109244877,-0.1338975185528258,0.26385939741280734,-0.09960344177060451,0.17928274893179053,-1.4557950119489127,4.462917222484326,-0.1308080945818355
417,1.2509999999999917,5.0,-0.056319194710470456,-0.035598851236094096,0.008570154511929669,4.9999999999999964,-0.06468496287493344,-0.024810142816562217,0.004673406894253736,4.9999999999999964,-0.06468496287493344,-0.024810142816562217,0.004673406894253736,0.0,0.0,5.0,-0.056319194710470456,-0.035598851236094096,0.008570154511929669,0.0,0.0,4.9999999999999964,-0.06468496287493344,-0.024810142816562217,0.004673406894253736,0.0,0.0,-3.552713678800501e-15,-0.008365768164462987,0.010788708419531879,-0.003896747617675933,0.4264453763988176,-0.5543064018537683,2.8858030779383994,0.6154561401467105,-0.775014611308914,-0.03434731496228377,-0.13923488703729364,0.26580627647617916,-0.08787633769194854,0.17687467295707324,-1.5554316885977628,4.418420397346225,-0.12708735372439783
418,1.2539999999999916,5.0,-0.05556463399234694,-0.03631913858055826,0.008819543253962935,4.9999999999999964,-0.06406903393856768,-0.02568738154392223,0.004992700519637337,4.9999999999999964,-0.06406903393856768,-0.02568738154392223,0.004992700519637337,0.0,0.0,5.0,-0.05556463399234694,-0.03631913858055826,0.008819543253962935,0.0,0.0,4.9999999999999964,-0.06406903393856768,-0.02568738154392223,0.004992700519637337,0.0,0.0,-3.552713678800501e-15,-0.008504399946220736,0.010631757036636033,-0.003826842734325598,0.4272491390238133,-0.5545349450673469,2.886326440312847,0.613717756941048,-0.7756029243775057,-0.03010744737439682,-0.14451352921061908,0.2679208749985774,-0.07618107119286227,0.17445412481587655,-1.6540121951599696,4.372605764004308,-0.12310102399884838
419,1.2569999999999915,5.0,-0.05480039962170578,-0.03702381216153752,0.009060910499709099,4.9999999999999964,-0.06344195075665163,-0.026553577148685045,0.005307453215005895,4.9999999999999964,-0.06344195075665163,-0.026553577148685045,0.005307453215005895,0.0,0.0,5.0,-0.05480039962170578,-0.03702381216153752,0.009060910499709099,0.0,0.0,4.9999999999999964,-0.06344195075665163,-0.026553577148685045,0.005307453215005895,0.0,0.0,-3.552713678800501e-15,-0.00864155113494585,0.010470235012852477,-0.0037534572847032037,0.4280597449826876,-0.554728506834248,2.88684249379925,0.6118345772563342,-0.7762533106682918,-0.02588339566684544,-0.14973075027806879,0.2702019862914509,-0.06452058896702245,0.17201782880102726,-1.7515230564038562,4.325488750644778,-0.11885285474478897
420,1.2599999999999913,5.0,-0.054026624649684225,-0.03771256903664248,0.009294036722327616,4.9999999999999964,-0.06280382250267147,-0.027408357249405692,0.005617378708439814,4.9999999999999964,-0.06280382250267147,-0.027408357249405692,0.005617378708439814,0.0,0.0,5.0,-0.054026624649684225,-0.03771256903664248,0.009294036722327616,0.0,0.0,4.9999999999999964,-0.06280382250267147,-0.027408357249405692,0.005617378708439814,0.0,0.0,-3.552713678800501e-15,-0.008777197852987244,0.01030421178723679,-0.0036766580138878025,0.42887768994970815,-0.5548872002464615,2.8873511813934116,0.6098083020121997,-0.776965239774419,-0.02167559509295826,-0.1548838905653012,0.2726483223401705,-0.05289780407119085,0.16956253138711477,-1.8479507966629132,4.277085192791884,-0.11434683335044536
421,1.2629999999999912,5.0,-0.05324344378841244,-0.03838511310614812,0.009518709890302166,4.9999999999999964,-0.06215476027303057,-0.02825135437221651,0.005922195118426271,4.9999999999999964,-0.06215476027303057,-0.02825135437221651,0.005922195118426271,0.0,0.0,5.0,-0.05324344378841244,-0.03838511310614812,0.009518709890302166,0.0,0.0,4.9999999999999964,-0.06215476027303057,-0.02825135437221651,0.005922195118426271,0.0,0.0,-3.552713678800501e-15,-0.008911316484618126,0.010133758733931606,-0.0035965147718758942,0.42970346549305977,-0.5550111470343856,2.887852436400572,0.6076406542697883,-0.7777381455425877,-0.017484478721193308,-0.1599703261558491,0.27525851445053573,-0.04131559597467775,0.1670850023869206,-1.9432819370228631,4.2274113355351375,-0.10958718162645412
422,1.2659999999999911,5.0,-0.05245099338756039,-0.03904115524028867,0.00973472566028635,4.9999999999999964,-0.06149487706770788,-0.029082206108805842,0.006221625210234336,4.9999999999999964,-0.06149487706770788,-0.029082206108805842,0.006221625210234336,0.0,0.0,5.0,-0.05245099338756039,-0.03904115524028867,0.00973472566028635,0.0,0.0,4.9999999999999964,-0.06149487706770788,-0.029082206108805842,0.006221625210234336,0.0,0.0,-3.552713678800501e-15,-0.00904388368014749,0.00995894913148283,-0.003513100450052014,0.43053755883469225,-0.5551004774661413,2.8883461825089003,0.6053333791788623,-0.7785714264857765,-0.013310477335995717,-0.1649874695390257,0.2780311138774941,-0.029776810585235125,0.16458203610932123,-2.037502992953876,4.17648383577411,-0.10457835196643513
423,1.268999999999991,5.0,-0.05164941141060001,-0.039680413403555395,0.009941887562956612,4.9999999999999964,-0.06082428777058496,-0.029900555272219027,0.006515396648063782,4.9999999999999964,-0.06082428777058496,-0.029900555272219027,0.006515396648063782,0.0,0.0,5.0,-0.05164941141060001,-0.039680413403555395,0.009941887562956612,0.0,0.0,4.9999999999999964,-0.06082428777058496,-0.029900555272219027,0.006515396648063782,0.0,0.0,-3.552713678800501e-15,-0.00917487635998495,0.009779858131336368,-0.00342649091489283,0.4313804526120069,-0.5551553302468933,2.8888323338664623,0.6028882439252281,-0.7794644461780028,-0.009154019340152255,-0.1699327702684048,0.2809645924382294,-0.018284260250685688,0.16205045252060662,-2.130600472399489,4.124319764464145,-0.09932502329784258
424,1.271999999999991,5.0,-0.05083883741078574,-0.0403026127759456,0.010140007181703927,4.9999999999999964,-0.06014310912944501,-0.03070605005041466,0.006803242242738261,4.9999999999999964,-0.06014310912944501,-0.03070605005041466,0.006803242242738261,0.0,0.0,5.0,-0.05083883741078574,-0.0403026127759456,0.010140007181703927,0.0,0.0,4.9999999999999964,-0.06014310912944501,-0.03070605005041466,0.006803242242738261,0.0,0.0,-3.552713678800501e-15,-0.009304271718659274,0.00959656272553094,-0.0033367649389656664,0.4322326246413424,-0.5551758524181002,2.8893107951616956,0.6003070376781329,-0.780416533633101,-0.0050155306590917974,-0.17480371563101232,0.28405734311181946,-0.006840723735629521,0.15948709841103414,-2.222560874332785,4.070936608846027,-0.09383209682677798
425,1.2749999999999908,5.0,-0.050019412506858964,-0.04090748587110854,0.010328904324001267,4.9999999999999964,-0.059451459735647375,-0.031498344157510245,0.007084900194717541,4.9999999999999964,-0.059451459735647375,-0.031498344157510245,0.007084900194717541,0.0,0.0,5.0,-0.050019412506858964,-0.04090748587110854,0.010328904324001267,0.0,0.0,4.9999999999999964,-0.059451459735647375,-0.031498344157510245,0.007084900194717541,0.0,0.0,-3.552713678800501e-15,-0.00943204722878841,0.009409141713598294,-0.003244004129283726,0.43309454768322553,-0.555162199256618,2.8897814617074005,0.5975915715373136,-0.7814269836695356,-0.0008954346475319465,-0.1795978313273514,0.28730768062770756,0.004551053827396527,0.15688884856831511,-2.3133706877893685,4.0163522746423315,-0.08810469158063643
426,1.2779999999999907,5.0,-0.04919127935847953,-0.041494772651339266,0.010508407185291165,4.9999999999999964,-0.05874946000348113,-0.032277096982652055,0.007360114332207798,4.9999999999999964,-0.05874946000348113,-0.032277096982652055,0.007360114332207798,0.0,0.0,5.0,-0.04919127935847953,-0.041494772651339266,0.010508407185291165,0.0,0.0,4.9999999999999964,-0.05874946000348113,-0.032277096982652055,0.007360114332207798,0.0,0.0,-3.552713678800501e-15,-0.0095581806450016,0.009217675668687211,-0.0031482928530833674,0.4339666892093614,-0.5551145341735794,2.890244219528279,0.5947436784794008,-0.7824950572633025,0.003205848001177667,-0.1843126821623677,0.2907138420452779,0.015888361012900035,0.15425260695960677,-2.403016391385587,3.9605850882029854,-0.08214813975264061
427,1.2809999999999906,5.0,-0.04835458214138904,-0.04206422063936958,0.01067835250524443,4.9999999999999964,-0.05803723214920125,-0.03304197373644531,0.007628634344153411,4.9999999999999964,-0.05803723214920125,-0.03304197373644531,0.007628634344153411,0.0,0.0,5.0,-0.04835458214138904,-0.04206422063936958,0.01067835250524443,0.0,0.0,4.9999999999999964,-0.05803723214920125,-0.03304197373644531,0.007628634344153411,0.0,0.0,-3.552713678800501e-15,-0.00968265000781221,0.009022246902924268,-0.003049718161091019,0.43484951117134196,-0.555033028612967,2.8906989454520495,0.5917652133033948,-0.7836199818910085,0.007287899342714737,-0.18894587274744584,0.2942739873268692,0.027168520204117343,0.1515753079234563,-2.4914844533293086,3.903653798582267,-0.07596798185249783
428,1.2839999999999905,5.0,-0.04750946652231047,-0.04261558502690982,0.010838585716247528,4.9999999999999964,-0.05731490016975114,-0.03379264559488162,0.007890216007898307,4.9999999999999964,-0.05731490016975114,-0.03379264559488162,0.007890216007898307,0.0,0.0,5.0,-0.04750946652231047,-0.04261558502690982,0.010838585716247528,0.0,0.0,4.9999999999999964,-0.05731490016975114,-0.03379264559488162,0.007890216007898307,0.0,0.0,-3.552713678800501e-15,-0.009805433647440666,0.0088229394320282,-0.0029483697083492206,0.4357434697710618,-0.5549178619498012,2.8911455072041687,0.5886580525749473,-0.7848009518652405,0.01135030426619572,-0.1934950482135098,0.2979861999066099,0.038388887721935536,0.1488539173730159,-2.5787613319295275,3.8455775795293174,-0.06956996166759116
429,1.2869999999999904,5.0,-0.04665607963358763,-0.04314862877989262,0.010988961083984053,4.9999999999999964,-0.056582589821175054,-0.03452878984070197,0.00814462141130984,4.9999999999999964,-0.056582589821175054,-0.03452878984070197,0.00814462141130984,0.0,0.0,5.0,-0.04665607963358763,-0.04314862877989262,0.010988961083984053,0.0,0.0,4.9999999999999964,-0.056582589821175054,-0.03452878984070197,0.00814462141130984,0.0,0.0,-3.552713678800501e-15,-0.009926510187587424,0.008619838939190647,-0.0028443396726742128,0.43664901523283434,-0.5547692213878566,2.891583763506204,0.5854240945691829,-0.7860371286643634,0.015392650575138727,-0.1979578949352817,0.30184848725750296,0.04954685398155685,0.1460854340117177,-2.6648334766098554,3.786376031374019,-0.06296002103928844
430,1.2899999999999903,5.0,-0.04579457004757011,-0.04366312274037512,0.011129341839982074,4.9999999999999964,-0.055840428596724334,-0.035250090002134346,0.008391619169163162,4.9999999999999964,-0.055840428596724334,-0.035250090002134346,0.008391619169163162,0.0,0.0,5.0,-0.04579457004757011,-0.04366312274037512,0.011129341839982074,0.0,0.0,4.9999999999999964,-0.055840428596724334,-0.035250090002134346,0.008391619169163162,0.0,0.0,-3.552713678800501e-15,-0.010045858549154227,0.008413032738240775,-0.0027377226708189123,0.43756659157721206,-0.5545873018568244,2.892013564177891,0.5820652592118,-0.7873276412589053,0.019414529064826866,-0.2023321412667316,0.3058587814592374,0.06063984367738094,0.14326689056246633,-2.7496873294297988,3.726069182789952,-0.0561442944591206
431,1.2929999999999902,5.0,-0.04492508775074706,-0.04415884572505472,0.01125960030600695,4.9999999999999964,-0.055088545704661165,-0.03595623598894638,0.00863098463358927,4.9999999999999964,-0.055088545704661165,-0.03595623598894638,0.00863098463358927,0.0,0.0,5.0,-0.04492508775074706,-0.04415884572505472,0.01125960030600695,0.0,0.0,4.9999999999999964,-0.055088545704661165,-0.03595623598894638,0.00863098463358927,0.0,0.0,-3.552713678800501e-15,-0.010163457953914108,0.00820260973610834,-0.0026286156724176796,0.4384966363965198,-0.5543723059088347,2.892434750242925,0.5785834880181836,-0.7886715864366991,0.02341553359597008,-0.20661555828772857,0.31001493976925093,0.07166531599655164,0.14039535501127187,-2.8333093271166097,3.6646774924159935,-0.04912910348974507
432,1.29599999999999,5.0,-0.04404778411763509,-0.044635584620357244,0.01137961801018643,4.9999999999999964,-0.05432707204576378,-0.03664692422575454,0.008862500098395358,4.9999999999999964,-0.05432707204576378,-0.03664692422575454,0.008862500098395358,0.0,0.0,5.0,-0.04404778411763509,-0.044635584620357244,0.01137961801018643,0.0,0.0,4.9999999999999964,-0.05432707204576378,-0.03664692422575454,0.008862500098395358,0.0,0.0,-3.552713678800501e-15,-0.01027928792812869,0.007988660394602706,-0.0025171179117910707,0.43943958063211863,-0.55412444361425,2.892847154038523,0.5749807440302538,-0.7900680291289629,0.02739526116461186,-0.21080596056187698,0.31431474519961566,0.08262076486158207,0.13746793186611006,-2.915685903609189,3.6022218503180405,-0.0419209510157688
433,1.29899999999999,5.0,-0.043162811884424224,-0.04509313447405512,0.011489285794762508,4.9999999999999964,-0.053556140190536984,-0.037321857782532594,0.009085954997071587,4.9999999999999964,-0.053556140190536984,-0.037321857782532594,0.009085954997071587,0.0,0.0,5.0,-0.043162811884424224,-0.04509313447405512,0.011489285794762508,0.0,0.0,4.9999999999999964,-0.053556140190536984,-0.037321857782532594,0.009085954997071587,0.0,0.0,-3.552713678800501e-15,-0.01039332830611276,0.007771276691522527,-0.0024033307976909207,0.4403958483534257,-0.5538439324566427,2.893250599328818,0.5712590117507608,-0.7915160027395068,0.031353311968274414,-0.21490120690549447,0.3187559071023658,0.09350371920244051,0.1344817634316573,-2.9968034931144265,3.5387235792722325,-0.034526515329660584
434,1.3019999999999898,5.0,-0.04227032512238719,-0.04553129858337747,0.011588503915371836,4.9999999999999964,-0.05277588435613199,-0.0379807465022632,0.00930114609430424,4.9999999999999964,-0.05277588435613199,-0.0379807465022632,0.00930114609430424,0.0,0.0,5.0,-0.04227032512238719,-0.04553129858337747,0.011588503915371836,0.0,0.0,4.9999999999999964,-0.05277588435613199,-0.0379807465022632,0.00930114609430424,0.0,0.0,-3.552713678800501e-15,-0.010505559233744799,0.00755055208111427,-0.002287357821067596,0.4413658565387235,-0.5535309972268673,2.893644901422119,0.5674202970747193,-0.7930145094792508,0.035289289468382216,-0.2188992011676563,0.32333606176593277,0.10431174325844272,0.1314340311004066,-3.0766485336750318,3.4742044358510333,-0.026952644058132035
435,1.3049999999999897,5.0,-0.04137047921105569,-0.04594988857957316,0.011677182131764642,4.9999999999999964,-0.05198644038297955,-0.0386233071256777,0.009507877670821039,4.9999999999999964,-0.05198644038297955,-0.0386233071256777,0.009507877670821039,0.0,0.0,5.0,-0.04137047921105569,-0.04594988857957316,0.011677182131764642,0.0,0.0,4.9999999999999964,-0.05198644038297955,-0.0386233071256777,0.009507877670821039,0.0,0.0,-3.552713678800501e-15,-0.010615961171923864,0.0073265814538954616,-0.002169304460943603,0.4423500148577997,-0.5531858699161365,2.8940298672921005,0.5634666272176526,-0.7945625207082391,0.039202800449048246,-0.22279789302119707,0.32805277302539826,0.11504243691025982,0.12832195666052637,-3.1552074712467735,3.4086866112934944,-0.019206347934511547
436,1.3079999999999896,5.0,-0.04046343081116949,-0.04634872450889191,0.01175523978987948,4.9999999999999964,-0.051187945711140555,-0.039249263413030575,0.009705961701400532,4.9999999999999964,-0.051187945711140555,-0.039249263413030575,0.009705961701400532,0.0,0.0,5.0,-0.04046343081116949,-0.04634872450889191,0.01175523978987948,0.0,0.0,4.9999999999999964,-0.051187945711140555,-0.039249263413030575,0.009705961701400532,0.0,0.0,-3.552713678800501e-15,-0.010724514899971067,0.007099461095861334,-0.002049278088478948,0.44334872545646764,-0.5528087896080096,2.8944052957029625,0.5594000506402917,-0.7961589772873223,0.043093455072350774,-0.2265952787645231,0.3329035328893186,0.12569343604230884,0.12514280362067626,-3.232466764281722,3.34219273214105,-0.011294794422775997
437,1.3109999999999895,5.0,-0.03954933783740214,-0.046727634909946886,0.011822605895199198,4.9999999999999964,-0.05038053935637803,-0.039858346262856184,0.009895218025883615,4.9999999999999964,-0.05038053935637803,-0.039858346262856184,0.009895218025883615,0.0,0.0,5.0,-0.03954933783740214,-0.046727634909946886,0.011822605895199198,0.0,0.0,4.9999999999999964,-0.05038053935637803,-0.039858346262856184,0.009895218025883615,0.0,0.0,-3.552713678800501e-15,-0.010831201518975896,0.006869288647090702,-0.0019273878693155822,0.44436238274302536,-0.5524000023692024,2.894770977338618,0.5552226369693433,-0.7978027899416683,0.04696086693026965,-0.23028940213404828,0.3378857621859153,0.13626241293574928,0.12189387855184562,-3.3084128888129154,3.2747458606202478,-0.0032253011990392016
438,1.3139999999999894,5.0,-0.038628359430868356,-0.04708645688742688,0.011879219177321465,4.9999999999999964,-0.04956436188595492,-0.04045029382765673,0.010075474513031696,4.9999999999999964,-0.04956436188595492,-0.04045029382765673,0.010075474513031696,0.0,0.0,5.0,-0.038628359430868356,-0.04708645688742688,0.011879219177321465,0.0,0.0,4.9999999999999964,-0.04956436188595492,-0.04045029382765673,0.010075474513031696,0.0,0.0,-3.552713678800501e-15,-0.010936002455086566,0.006636163059770148,-0.0018037446642897685,0.44539137317671973,-0.5519597611391256,2.895126694935956,0.5509364769139126,-0.7994928396382394,0.05080465309349059,-0.23387835512702157,0.34299681123146447,0.1467470766922605,0.11857253244612675,-3.383032344034565,3.206369494753902,0.0049946705035736946
439,1.3169999999999893,5.0,-0.037700655931418296,-0.047425036182125506,0.011925028145684994,4.9999999999999964,-0.048739555394161686,-0.04102485162647168,0.01024656721708242,4.9999999999999964,-0.048739555394161686,-0.04102485162647168,0.01024656721708242,0.0,0.0,5.0,-0.037700655931418296,-0.047425036182125506,0.011925028145684994,0.0,0.0,4.9999999999999964,-0.048739555394161686,-0.04102485162647168,0.01024656721708242,0.0,0.0,-3.552713678800501e-15,-0.01103889946274339,0.006400184555653825,-0.0016784609286025747,0.44643607505829097,-0.5514883256180594,2.8954722234222325,0.5465436821771283,-0.8012279779793533,0.05462443415732345,-0.23736027883446678,0.3482339605237535,0.15714517368872244,0.11517616209218,-3.4563116583707063,3.137087568182275,0.013357522680613028
440,1.3199999999999892,5.0,-0.03676638884972242,-0.047743227237258316,0.01195999113640096,4.9999999999999964,-0.047906263477578065,-0.04158177265428026,0.010408340526860606,4.9999999999999964,-0.047906263477578065,-0.04158177265428026,0.010408340526860606,0.0,0.0,5.0,-0.03676638884972242,-0.047743227237258316,0.01195999113640096,0.0,0.0,4.9999999999999964,-0.047906263477578065,-0.04158177265428026,0.010408340526860606,0.0,0.0,-3.552713678800501e-15,-0.011139874627855643,0.006161454582978058,-0.0015516506095403539,0.4474968583226815,-0.5509859621538707,2.8958073300566336,0.5420463853624812,-0.8030070276144126,0.05841983428501545,-0.24073336428390346,0.3535944214635035,0.16745448806286614,0.11170221146699028,-3.5282373960239455,3.0669244496760664,0.021855527466380652
441,1.322999999999989,5.0,-0.03582572083915317,-0.0480408932610381,0.011984076350146863,4.9999999999999964,-0.04706463121007331,-0.04212081748819008,0.010560647307308763,4.9999999999999964,-0.04706463121007331,-0.04212081748819008,0.010560647307308763,0.0,0.0,5.0,-0.03582572083915317,-0.0480408932610381,0.011984076350146863,0.0,0.0,4.9999999999999964,-0.04706463121007331,-0.04212081748819008,0.010560647307308763,0.0,0.0,-3.552713678800501e-15,-0.01123891037092014,0.0059200757728480255,-0.0014234290428380997,0.44857408433400153,-0.550452943627181,2.8961317745760637,0.537446739874349,-0.8048287826718498,0.06219048124877309,-0.2439958532914628,0.35907533710668355,0.17767284222989868,0.10814817314335377,-3.5987961639947277,2.995904942323164,0.030480834162110514
442,1.325999999999989,5.0,-0.03487881566746737,-0.048317906285482194,0.011997261881088461,4.9999999999999964,-0.04621480511754921,-0.042641754390366125,0.010703349033308445,4.9999999999999964,-0.04621480511754921,-0.042641754390366125,0.010703349033308445,0.0,0.0,5.0,-0.03487881566746737,-0.048317906285482194,0.011997261881088461,0.0,0.0,4.9999999999999964,-0.04621480511754921,-0.042641754390366125,0.010703349033308445,0.0,0.0,-3.552713678800501e-15,-0.011335989450081844,0.005676151895116069,-0.0012939128477800158,0.44966810568285354,-0.5498895493348909,2.896445309345201,0.5327469198121401,-0.8066920092133034,0.06593600646883684,-0.2471460393229537,0.3646737829506627,0.18779809743004164,0.10451158971237111,-3.6679746195602774,2.9240542823713844,0.039225476375861476
443,1.3289999999999889,5.0,-0.03392583818829469,-0.048574147221426785,0.011999535736803417,4.9999999999999964,-0.045356933152430334,-0.043144359407655916,0.010836315915670771,4.9999999999999964,-0.045356933152430334,-0.043144359407655916,0.010836315915670771,0.0,0.0,5.0,-0.03392583818829469,-0.048574147221426785,0.011999535736803417,0.0,0.0,4.9999999999999964,-0.045356933152430334,-0.043144359407655916,0.010836315915670771,0.0,0.0,-3.552713678800501e-15,-0.011431094964135642,0.0054297878137708686,-0.0011632198211326463,0.45077926598612506,-0.5492960648719704,2.8967476795108613,0.5279491198574471,-0.8085954457119839,0.06965604505098012,-0.2501822683633711,0.3703867677571638,0.1978281543068516,0.10079005522005795,-3.7357594782012233,2.85139813770967,0.048081379267628864
444,1.3319999999999887,5.0,-0.03296695431243729,-0.04880950590972369,0.011990895849188585,4.9999999999999964,-0.04449116466790592,-0.04362841646786794,0.01095942701918147,4.9999999999999964,-0.04449116466790592,-0.04362841646786794,0.01095942701918147,0.0,0.0,5.0,-0.03296695431243729,-0.04880950590972369,0.011990895849188585,0.0,0.0,4.9999999999999964,-0.04449116466790592,-0.04362841646786794,0.01095942701918147,0.0,0.0,-3.552713678800501e-15,-0.011524210355468627,0.005181089441855746,-0.0010314688300071158,0.45190789968937,-0.548672782011422,2.8970386231607126,0.5230555551535578,-0.810537803557142,0.07335023582282924,-0.2531029397942736,0.3762112344149886,0.20776095351611537,0.09698121661701727,-3.8021375219626345,2.777962605970563,0.05704036689308515
445,1.3349999999999886,5.0,-0.032002330978984854,-0.049023881168598335,0.01197135007634097,4.9999999999999964,-0.043617650391927866,-0.04409371747266214,0.011072570372593132,4.9999999999999964,-0.043617650391927866,-0.04409371747266214,0.011072570372593132,0.0,0.0,5.0,-0.032002330978984854,-0.049023881168598335,0.01197135007634097,0.0,0.0,4.9999999999999964,-0.043617650391927866,-0.04409371747266214,0.011072570372593132,0.0,0.0,-3.552713678800501e-15,-0.011615319412943012,0.004930163695936192,-0.0008987797037478384,0.45305433187190647,-0.5480199985823269,2.8973178714863725,0.518068461176633,-0.8125177675864965,0.0770182213694226,-0.2559065072783875,0.3821440608454901,0.21759447636503196,0.09308277521994891,-3.867095608235062,2.7037742122371196,0.06609416963927112
446,1.3379999999999885,5.0,-0.031032136126251143,-0.04921718083714818,0.01194091619541068,4.9999999999999964,-0.04273654240096943,-0.04454006238701231,0.011175643070464609,4.9999999999999964,-0.04273654240096943,-0.04454006238701231,0.011175643070464609,0.0,0.0,5.0,-0.031032136126251143,-0.04921718083714818,0.01194091619541068,0.0,0.0,4.9999999999999964,-0.04273654240096943,-0.04454006238701231,0.011175643070464609,0.0,0.0,-3.552713678800501e-15,-0.011704406274718283,0.004677118450135874,-0.0007652731249460712,0.45421887805476774,-0.5473380183458829,2.8975851489509235,0.5129900935978122,-0.8145339966484113,0.08065964806844732,-0.2585914796507208,0.38818206095375785,0.22732674548130796,0.08909248818360163,-3.9306206789399933,2.628859906337841,0.07523443174547459
447,1.3409999999999884,5.0,-0.030056538662536374,-0.04938932181496328,0.011899621886432366,4.9999999999999964,-0.0418479940935491,-0.044967259325202034,0.011268551366754923,4.9999999999999964,-0.0418479940935491,-0.044967259325202034,0.011268551366754923,0.0,0.0,5.0,-0.030056538662536374,-0.04938932181496328,0.011899621886432366,0.0,0.0,4.9999999999999964,-0.0418479940935491,-0.044967259325202034,0.011268551366754923,0.0,0.0,-3.552713678800501e-15,-0.011791455431012725,0.004422062489761243,-0.0006310705196774426,0.4554018440116532,-0.5466271508693478,2.8978401734608683,0.5078227281354762,-0.8165851241955457,0.08427416612560697,-0.2611564218153976,0.39432198562847204,0.23695582551170208,0.08500816998160202,-3.9926997701029854,2.553247059713652,0.0844527189024573
448,1.3439999999999883,5.0,-0.029075708436720728,-0.04954023009785137,0.011847504707149849,4.9999999999999964,-0.04095216016352434,-0.0453751246333173,0.011351210760086591,4.9999999999999964,-0.04095216016352434,-0.0453751246333173,0.011351210760086591,0.0,0.0,5.0,-0.029075708436720728,-0.04954023009785137,0.011847504707149849,0.0,0.0,4.9999999999999964,-0.04095216016352434,-0.0453751246333173,0.011351210760086591,0.0,0.0,-3.552713678800501e-15,-0.011876451726803613,0.004165105464534073,-0.0004962939470632578,0.45660352558303324,-0.5458877113977993,2.8980826565425515,0.5025686603968474,-0.8186697589116282,0.08786142961058786,-0.26359995564734,0.4005605237933555,0.24647982384945952,0.08082769389442261,-4.053320021796628,2.476963461841442,0.09374052592311836
449,1.3469999999999882,5.0,-0.028089816208694045,-0.04966984080965273,0.011784612058856841,4.9999999999999964,-0.04004919657315982,-0.045763482968200105,0.01142354607060079,4.9999999999999964,-0.04004919657315982,-0.045763482968200105,0.01142354607060079,0.0,0.0,5.0,-0.028089816208694045,-0.04966984080965273,0.011784612058856841,0.0,0.0,4.9999999999999964,-0.04004919657315982,-0.045763482968200105,0.01142354607060079,0.0,0.0,-3.552713678800501e-15,-0.011959380364465776,0.003906357841452622,-0.0003610659882560506,0.45782420849357264,-0.5451200207236294,2.8983123035230594,0.49723020570807563,-0.8207864853729204,0.0914210964941014,-0.2659207608978486,0.40689430351312245,0.25589689138997673,0.0765489935025797,-4.112468688434404,2.4000373161992354,0.1030892844776185
450,1.349999999999988,5.0,-0.027099033619627257,-0.04977809823013058,0.011711001143284784,4.9999999999999964,-0.03913926052597479,-0.046132167372829304,0.011485491508334483,4.9999999999999964,-0.03913926052597479,-0.046132167372829304,0.011485491508334483,0.0,0.0,5.0,-0.027099033619627257,-0.04977809823013058,0.011711001143284784,0.0,0.0,4.9999999999999964,-0.03913926052597479,-0.046132167372829304,0.011485491508334483,0.0,0.0,-3.552713678800501e-15,-0.01204022690634753,0.003645930857301277,-0.00022550963495030114,0.45906416817304296,-0.5443244050536876,2.8985288137156084,0.4918096989319217,-0.8229338647458595,0.09495282868648718,-0.26811757610304404,0.41331989315677803,0.26520522331393237,0.07217006418297925,-4.170133149395449,2.3224972357586378,0.11249037088593086
451,1.352999999999988,5.0,-0.026103533162089746,-0.049864955818925666,0.011626738910577122,4.9999999999999964,-0.03822251043937436,-0.046481019348096175,0.011536990733057284,4.9999999999999964,-0.03822251043937436,-0.046481019348096175,0.011536990733057284,0.0,0.0,5.0,-0.026103533162089746,-0.049864955818925666,0.011626738910577122,0.0,0.0,4.9999999999999964,-0.03822251043937436,-0.046481019348096175,0.011536990733057284,0.0,0.0,-3.552713678800501e-15,-0.012118977277284611,0.0033839364708294906,-8.974817751983798e-05,0.46032366958090615,-0.5435011958739966,2.898731880609427,0.48630949427211434,-0.8251104355222676,0.09845629207836558,-0.2701891994940489,0.41983380262107023,0.27440305989701175,0.06768896460615866,-4.226300919959198,2.2443722379908344,0.12193511396073081
452,1.3559999999999879,5.0,-0.025103488150019084,-0.049930376235564025,0.011531901998397213,4.9999999999999964,-0.0372991059170695,-0.04680988892094392,0.011577996905513692,4.9999999999999964,-0.0372991059170695,-0.04680988892094392,0.011577996905513692,0.0,0.0,5.0,-0.025103488150019084,-0.049930376235564025,0.011531901998397213,0.0,0.0,4.9999999999999964,-0.0372991059170695,-0.04680988892094392,0.011577996905513692,0.0,0.0,-3.552713678800501e-15,-0.012195617767050419,0.003120487314620106,4.609490711647915e-05,0.4616029670347566,-0.5426507298119608,2.898921192064123,0.4807319650634293,-0.8273147142934258,0.10193115658383001,-0.27213448990770106,0.42643248461682914,0.2834886873452389,0.0631038182320018,-4.280959662527943,2.1656917393730946,0.13141480289349325
453,1.3589999999999878,5.0,-0.0240990726885475,-0.049974331355509875,0.011426576662225298,4.9999999999999964,-0.03636920772129044,-0.047118634708841776,0.011608472730024027,4.9999999999999964,-0.03636920772129044,-0.047118634708841776,0.011608472730024027,0.0,0.0,5.0,-0.0240990726885475,-0.049974331355509875,0.011426576662225298,0.0,0.0,4.9999999999999964,-0.03636920772129044,-0.047118634708841776,0.011608472730024027,0.0,0.0,-3.552713678800501e-15,-0.012270135032742938,0.002855696646668099,0.00018189606779872927,0.4629023040428192,-0.5417733484959963,2.8990964305085267,0.4750795035465117,-0.829545196564207,0.10537709618666673,-0.2739523676964994,0.4331123360208522,0.29246043865481464,0.058412814801337636,-4.334097198114355,2.0864855493834664,0.1409206951766253
454,1.3619999999999877,5.0,-0.023090461643690594,-0.049996802282256475,0.01131085869690799,4.9999999999999964,-0.035432977744798366,-0.047407123980566,0.011628390488405374,4.9999999999999964,-0.035432977744798366,-0.047407123980566,0.011628390488405374,0.0,0.0,5.0,-0.023090461643690594,-0.049996802282256475,0.01131085869690799,0.0,0.0,4.9999999999999964,-0.035432977744798366,-0.047407123980566,0.011628390488405374,0.0,0.0,-3.552713678800501e-15,-0.012342516101107773,0.002589678301690476,0.00031753179149738436,0.4642219131407069,-0.5408693984125106,2.8992572731439887,0.46935452062643873,-0.8318003576083504,0.10879378899008538,-0.275641815636394,0.43986969929590425,0.30131669449523824,0.05361421182066686,-4.385701518070146,2.0067838639721054,0.15044402455443
455,1.3649999999999876,5.0,-0.02207783061190387,-0.04999777935544984,0.011184853349531463,4.9999999999999964,-0.03449057898270041,-0.04767523271326163,0.011637732065181648,4.9999999999999964,-0.03449057898270041,-0.04767523271326163,0.011637732065181648,0.0,0.0,5.0,-0.02207783061190387,-0.04999777935544984,0.011184853349531463,0.0,0.0,4.9999999999999964,-0.03449057898270041,-0.04767523271326163,0.011637732065181648,0.0,0.0,-3.552713678800501e-15,-0.012412748370796537,0.002322546642188214,0.00045287871565018525,0.46556201573265077,-0.5399392307601675,2.8994033921521,0.4635594456140043,-0.8340786533658521,0.11218091727043585,-0.2772018798309419,0.44670086398129905,0.3100558841143696,0.04870633603709925,-4.4357607960312135,1.9266172584984904,0.15997600899567055
456,1.3679999999999874,5.0,-0.021061355889511496,-0.04997726215504174,0.011048675223697872,4.9999999999999964,-0.03354217550407256,-0.047922845645760465,0.011636488964059867,4.9999999999999964,-0.03354217550407256,-0.047922845645760465,0.011636488964059867,0.0,0.0,5.0,-0.021061355889511496,-0.04997726215504174,0.011048675223697872,0.0,0.0,4.9999999999999964,-0.03354217550407256,-0.047922845645760465,0.011636488964059867,0.0,0.0,-3.552713678800501e-15,-0.012480819614561066,0.0020544165092812733,0.0005878137403619952,0.46692282193742,-0.5389832013013756,2.899534454906801,0.4576967259486888,-0.8363785213833241,0.11553816753537609,-0.2786316706102575,0.45360206825641247,0.31867648626396133,0.04368758490042628,-4.484263400053781,1.8460166801246622,0.169507858680485
457,1.3709999999999873,5.0,-0.02004121444201384,-0.04993525950147029,0.010902448175291736,4.9999999999999964,-0.03258793242339575,-0.0481498563281324,0.011624662315657657,4.9999999999999964,-0.03258793242339575,-0.0481498563281324,0.011624662315657657,0.0,0.0,5.0,-0.02004121444201384,-0.04993525950147029,0.010902448175291736,0.0,0.0,4.9999999999999964,-0.03258793242339575,-0.0481498563281324,0.011624662315657657,0.0,0.0,-3.552713678800501e-15,-0.012546717981381909,0.0017854031733378906,0.0007222141403659208,0.4683045304391581,-0.5380016702109434,2.8996501241908286,0.45176882690227355,-0.8386983817980509,0.11886523058694227,-0.27993036342309835,0.460569500579351,0.3271770301440671,0.03855642800909978,-4.531197904915352,1.7650134396554789,0.1790307839943886
458,1.3739999999999872,5.0,-0.019017583873278204,-0.04987178945186803,0.010746305199831312,4.9999999999999964,-0.0316280158718098,-0.0483561671674487,0.01160226287647493,4.9999999999999964,-0.0316280158718098,-0.0483561671674487,0.01160226287647493,0.0,0.0,5.0,-0.019017583873278204,-0.04987178945186803,0.010746305199831312,0.0,0.0,4.9999999999999964,-0.0316280158718098,-0.0483561671674487,0.01160226287647493,0.0,0.0,-3.552713678800501e-15,-0.012610431998531596,0.0015156222844193296,0.0008559576766436171,0.46970732834336665,-0.5369950019218496,2.899750058416439,0.445778231262051,-0.8410366383663432,0.12216180158995671,-0.281097199720336,0.46759930140285366,0.3355560963646004,0.03331140853673987,-4.576553104553558,1.6836392028178748,0.18853600352209357
459,1.3769999999999871,5.0,-0.017990642394618377,-0.04978687929229904,0.010580388311507342,4.9999999999999964,-0.030662592968190495,-0.04854168946973766,0.011569311019110705,4.9999999999999964,-0.030662592968190495,-0.04854168946973766,0.011569311019110705,0.0,0.0,5.0,-0.017990642394618377,-0.04978687929229904,0.010580388311507342,0.0,0.0,4.9999999999999964,-0.030662592968190495,-0.04854168946973766,0.011569311019110705,0.0,0.0,-3.552713678800501e-15,-0.012671950573572118,0.0012451898225613808,0.0009889227076033628,0.4711313910382747,-0.535963564968083,2.899833911850346,0.43972743899258754,-0.8433916795366586,0.12542758014618988,-0.2821314878279729,0.47468756496935144,0.34381231792219297,0.027951144635652892,-4.620318024615405,1.6019259809720539,0.19801475203387775
460,1.379999999999987,5.0,-0.016960568793768838,-0.049680565526028564,0.0104048484140192,4.9999999999999964,-0.029691831790054617,-0.048706343478114554,0.011525836713733945,4.9999999999999964,-0.029691831790054617,-0.048706343478114554,0.011525836713733945,0.0,0.0,5.0,-0.016960568793768838,-0.049680565526028564,0.0104048484140192,0.0,0.0,4.9999999999999964,-0.029691831790054617,-0.048706343478114554,0.011525836713733945,0.0,0.0,-3.552713678800501e-15,-0.01273126299628578,0.0009742220479140098,0.0011209882997147442,0.4725768820618355,-0.5349077318245118,2.899901334842787,0.43361896687500057,-0.8457618795678125,0.12866227037467248,-0.28303260380778233,0.48183034118693585,0.35194438119037136,0.022474330813705916,-4.662481935088807,1.5199061212486094,0.20745828845723932
461,1.382999999999987,5.0,-0.01592754240375785,-0.04955289385783005,0.010219845163325825,4.9999999999999964,-0.028715901344298106,-0.04885005840706949,0.011471879500825274,4.9999999999999964,-0.028715901344298106,-0.04885005840706949,0.011471879500825274,0.0,0.0,5.0,-0.01592754240375785,-0.04955289385783005,0.010219845163325825,0.0,0.0,4.9999999999999964,-0.028715901344298106,-0.04885005840706949,0.011471879500825274,0.0,0.0,-3.552713678800501e-15,-0.012788358940540256,0.0007028354507605597,0.0012520343374994494,0.47404395297459895,-0.5338278787437489,2.8999519740606297,0.42745534812272795,-0.8481455996924685,0.13186558099852902,-0.2837999923035606,0.48902363758780615,0.3599510269209415,0.016879739280776723,-4.703034362987859,1.4376122961065934,0.21685790382658848
462,1.3859999999999868,5.0,-0.014891743071686354,-0.04940391917433658,0.01002554682243653,4.9999999999999964,-0.027734971537772407,-0.0489727724728984,0.011407488455214372,4.9999999999999964,-0.027734971537772407,-0.0489727724728984,0.011407488455214372,0.0,0.0,5.0,-0.014891743071686354,-0.04940391917433658,0.01002554682243653,0.0,0.0,4.9999999999999964,-0.027734971537772407,-0.0489727724728984,0.011407488455214372,0.0,0.0,-3.552713678800501e-15,-0.012843228466086053,0.0004311467014381787,0.0013819416327778417,0.47553274323871064,-0.5327243855899859,2.899985472724412,0.4212391319727869,-0.850541189325944,0.1350372254386797,-0.2844331673709044,0.49626342137056323,0.36783105125434606,0.01116622126088026,-4.741965105062806,1.355077492308691,0.22620492920374727
463,1.3889999999999867,5.0,-0.013853351127417016,-0.04923370552044467,0.00982213010837341,4.9999999999999964,-0.026749213147704166,-0.049074432920264144,0.011332722141445727,4.9999999999999964,-0.026749213147704166,-0.049074432920264144,0.011332722141445727,0.0,0.0,5.0,-0.013853351127417016,-0.04923370552044467,0.00982213010837341,0.0,0.0,4.9999999999999964,-0.026749213147704166,-0.049074432920264144,0.011332722141445727,0.0,0.0,-3.552713678800501e-15,-0.01289586202028715,0.0001592726001805253,0.0015105920330723173,0.47704338010329317,-0.531597635669776,2.90000147084921,0.4149728832515458,-0.8529469873202193,0.13817692191472894,-0.28493171328834455,0.5035456215275093,0.37558330673663287,0.005332708265963593,-4.7792642405053485,1.2723349993107678,0.23549074356205513
464,1.3919999999999866,5.0,-0.012812547352179258,-0.04904232607178122,0.009609780031444772,4.9999999999999964,-0.02575879779196335,-0.0491549960448763,0.011247648560513386,4.9999999999999964,-0.02575879779196335,-0.0491549960448763,0.011247648560513386,0.0,0.0,5.0,-0.012812547352179258,-0.04904232607178122,0.009609780031444772,0.0,0.0,4.9999999999999964,-0.02575879779196335,-0.0491549960448763,0.011247648560513386,0.0,0.0,-3.552713678800501e-15,-0.01294625043978409,-0.00011266997309507948,0.0016378685290686142,0.4785759784964668,-0.5304480155597544,2.899999605489192,0.4086591819140673,-0.8553613232628806,0.14128439355332975,-0.28529528534759724,0.5108661310578833,0.38320670334055035,-0.0006217866727371932,-4.814922143619607,1.1894183970642433,0.24470678162691048
465,1.3949999999999865,5.0,-0.011769512947095695,-0.048829863103244865,0.009388689726975756,4.9999999999999964,-0.024763897899185074,-0.04921442721227978,0.011152345088013108,4.9999999999999964,-0.024763897899185074,-0.04921442721227978,0.011152345088013108,0.0,0.0,5.0,-0.011769512947095695,-0.048829863103244865,0.009388689726975756,0.0,0.0,4.9999999999999964,-0.024763897899185074,-0.04921442721227978,0.011152345088013108,0.0,0.0,-3.552713678800501e-15,-0.012994384952089379,-0.00038456410903491695,0.0017636553610373522,0.48013064092427,-0.5292759149312899,2.899979510985732,0.40230062255611976,-0.8577825188205725,0.14435936850428094,-0.28552361062062376,0.5182208092677256,0.3907002094881684,-0.006698167819971818,-4.848929496428867,1.1063615432309373,0.2538445416656191
466,1.3979999999999864,5.0,-0.010724429501635767,-0.048596407953635845,0.009159060279648962,4.9999999999999964,-0.023764686678750216,-0.049252700872744415,0.011046898403768187,4.9999999999999964,-0.023764686678750216,-0.049252700872744415,0.011046898403768187,0.0,0.0,5.0,-0.010724429501635767,-0.048596407953635845,0.009159060279648962,0.0,0.0,4.9999999999999964,-0.023764686678750216,-0.049252700872744415,0.011046898403768187,0.0,0.0,-3.552713678800501e-15,-0.01304025717711445,-0.0006562929191085698,0.0018878381241192246,0.4817074573767404,-0.528081726372073,2.899940819218924,0.3958998138980015,-0.8602088891263746,0.14740158006458245,-0.2856164887011267,0.5256054841568111,0.39806285307230693,-0.012897255602651196,-4.881277301188059,1.0231985598112694,0.26289559321946554
467,1.4009999999999863,5.0,-0.009677478962001098,-0.04834206098638873,0.008921100540615333,4.9999999999999964,-0.022761338090630145,-0.04926980057224883,0.010931404412992963,4.9999999999999964,-0.022761338090630145,-0.04926980057224883,0.010931404412992963,0.0,0.0,5.0,-0.009677478962001098,-0.04834206098638873,0.008921100540615333,0.0,0.0,4.9999999999999964,-0.022761338090630145,-0.04926980057224883,0.010931404412992963,0.0,0.0,-3.552713678800501e-15,-0.013083859128629046,-0.0009277395858601004,0.00201030387237763,0.4833065052414189,-0.5268658452046511,2.8998831598623305,0.38945937823937676,-0.8626387442103467,0.1504107668106385,-0.28557379241805425,0.5330159548928264,0.4052937224739458,-0.019219785531254953,-4.911956892771905,0.9399638191879319,0.27185158477097626
468,1.4039999999999861,5.0,-0.008628843599449428,-0.04806693154642591,0.008675026937541042,4.9999999999999964,-0.02175402681510075,-0.049265718959554144,0.010805968159065706,4.9999999999999964,-0.02175402681510075,-0.049265718959554144,0.010805968159065706,0.0,0.0,5.0,-0.008628843599449428,-0.04806693154642591,0.008675026937541042,0.0,0.0,4.9999999999999964,-0.02175402681510075,-0.049265718959554144,0.010805968159065706,0.0,0.0,-3.552713678800501e-15,-0.013125183215651322,-0.0011987874131282328,0.002130941221524664,0.48492784922453697,-0.525628669301933,2.899806160640788,0.38298195088438103,-0.8650703904723339,0.15338667273876314,-0.2853954685186314,0.5404479943726906,0.41239196757268526,-0.02566640718085095,-4.940959950908635,0.8566919295884466,0.28070425133940335
469,1.406999999999986,5.0,-0.007578705978561606,-0.04777113791314964,0.00842106327776356,4.9999999999999964,-0.02074292822233108,-0.04924045778936429,0.01067070372799021,4.9999999999999964,-0.02074292822233108,-0.04924045778936429,0.01067070372799021,0.0,0.0,5.0,-0.007578705978561606,-0.04777113791314964,0.00842106327776356,0.0,0.0,4.9999999999999964,-0.02074292822233108,-0.04924045778936429,0.01067070372799021,0.0,0.0,-3.552713678800501e-15,-0.013164222243769477,-0.001469319876214653,0.00224964045022665,0.48657154128014884,-0.5243705988996913,2.89970944759108,0.3764701795363236,-0.867502132195941,0.15632904741410625,-0.2850815383183953,0.5478973518706297,0.41935680074722953,-0.032237683236141006,-4.968278512229275,0.7734177199713164,0.2894454219975207
470,1.409999999999986,5.0,-0.0065272489254575294,-0.04745480724959336,0.008159440544735806,4.9999999999999964,-0.019728218341851875,-0.049194027921571654,0.010525734144633005,4.9999999999999964,-0.019728218341851875,-0.049194027921571654,0.010525734144633005,0.0,0.0,5.0,-0.0065272489254575294,-0.04745480724959336,0.008159440544735806,0.0,0.0,4.9999999999999964,-0.019728218341851875,-0.049194027921571654,0.010525734144633005,0.0,0.0,-3.552713678800501e-15,-0.013200969416394346,-0.0017392206719782921,0.0023662935998972,0.4882376205474658,-0.5230920364061029,2.899592645325265,0.36992672366138557,-0.8699322731024285,0.15923764612808,-0.2846320983156731,0.5553597557723187,0.4261874978627756,-0.03893408860496629,-4.993904982102716,0.6901762243417683,0.29806702730289875
471,1.4129999999999858,5.0,-0.005474655495966888,-0.047118075547753435,0.007890396687943538,4.9999999999999964,-0.018710073831909306,-0.04912644931658837,0.010371191260830536,4.9999999999999964,-0.018710073831909306,-0.04912644931658837,0.010371191260830536,0.0,0.0,5.0,-0.005474655495966888,-0.047118075547753435,0.007890396687943538,0.0,0.0,4.9999999999999964,-0.018710073831909306,-0.04912644931658837,0.010371191260830536,0.0,0.0,-3.552713678800501e-15,-0.013235418335942419,-0.002008373768834934,0.002480794572886998,0.4899261132966481,-0.5217933862083766,2.8994553772964506,0.36335425382079467,-0.8723591179431056,0.1621122300643282,-0.2840473207679146,0.5628309163940961,0.43288339924210745,-0.045756009604708825,-5.017832146226986,0.6070026655044374,0.3065611066368991
472,1.4159999999999857,5.0,-0.004421108943759212,-0.046761087570125794,0.00761417640648688,4.9999999999999964,-0.017688671948709243,-0.04903775102676523,0.010207215635468099,4.9999999999999964,-0.017688671948709243,-0.04903775102676523,0.010207215635468099,0.0,0.0,5.0,-0.004421108943759212,-0.046761087570125794,0.00761417640648688,0.0,0.0,4.9999999999999964,-0.017688671948709243,-0.04903775102676523,0.010207215635468099,0.0,0.0,-3.552713678800501e-15,-0.01326756300495003,-0.0022766634566394398,0.0025930392289812186,0.4916370328833059,-0.5204750544765252,2.8992972660667724,0.3567554509710445,-0.8747809741286281,0.16495256647324172,-0.2833274542272701,0.570306528885941,0.43944391061712396,-0.05270374322601219,-5.040053181947509,0.5239324382616571,0.3149198154447167
473,1.4189999999999856,5.0,-0.003366792688440194,-0.04638399678747171,0.007331030926523312,4.9999999999999964,-0.016664190515557425,-0.048927971183901985,0.0100339564066396,4.9999999999999964,-0.016664190515557425,-0.048927971183901985,0.0100339564066396,0.0,0.0,5.0,-0.003366792688440194,-0.04638399678747171,0.007331030926523312,0.0,0.0,4.9999999999999964,-0.016664190515557425,-0.048927971183901985,0.0100339564066396,0.0,0.0,-3.552713678800501e-15,-0.013297397827117231,-0.002543974396430275,0.002702925480116289,0.49337037971195563,-0.5191374489643528,2.8991179335773376,0.35013300573181716,-0.8771961533934405,0.16775842885498438,-0.28247282403279433,0.5777822762165759,0.44586850405746464,-0.05977749647821392,-5.060561669273544,0.44100109206737587,0.32313543236988485
474,1.4219999999999855,5.0,-0.0023118902836187527,-0.045986965312840314,0.00704121777277388,4.9999999999999964,-0.01563680789190092,-0.048797156982854244,0.0098515711560044,4.9999999999999964,-0.01563680789190092,-0.048797156982854244,0.0098515711560044,0.0,0.0,5.0,-0.0023118902836187527,-0.045986965312840314,0.00704121777277388,0.0,0.0,4.9999999999999964,-0.01563680789190092,-0.048797156982854244,0.0098515711560044,0.0,0.0,-3.552713678800501e-15,-0.013324917608282168,-0.00281019167001393,0.00281035338323052,0.4951261412086718,-0.5177809788077342,2.8989170014198753,0.3434896176213696,-0.8796029734934289,0.17052959715095464,-0.28148383275665545,0.5852538322387315,0.45215671887284486,-0.06697738582083371,-5.079351601564502,0.35824431314804706,0.33120036627675614
475,1.4249999999999854,5.0,-0.001256585384950782,-0.045570163831875087,0.006745000534300944,4.9999999999999964,-0.014606702942276199,-0.048645364661244264,0.009660225765464618,4.9999999999999964,-0.014606702942276199,-0.048645364661244264,0.009660225765464618,0.0,0.0,5.0,-0.001256585384950782,-0.045570163831875087,0.006745000534300944,0.0,0.0,4.9999999999999964,-0.014606702942276199,-0.048645364661244264,0.009660225765464618,0.0,0.0,-3.552713678800501e-15,-0.013350117557325417,-0.0030752008293691777,0.0029152252311636746,0.49690429180316864,-0.5164060543202772,2.898694091109819,0.3368279942592451,-0.8819997599346863,0.17326585794356922,-0.2803609606017369,0.5927168648322735,0.45830816248567047,-0.07430343668539527,-5.0964173958584364,0.2756979061031867,0.33910716315457323
476,1.4279999999999853,5.0,-0.00020106171816547798,-0.04513377152943551,0.006442648624770288,4.9999999999999964,-0.013574055005169346,-0.048472659475284084,0.009460094266293259,4.9999999999999964,-0.013574055005169346,-0.048472659475284084,0.009460094266293259,0.0,0.0,5.0,-0.00020106171816547798,-0.04513377152943551,0.006442648624770288,0.0,0.0,4.9999999999999964,-0.013574055005169346,-0.048472659475284084,0.009460094266293259,0.0,0.0,-3.552713678800501e-15,-0.013372993287003868,-0.003338887945848572,0.0030174456415229707,0.49870479292053627,-0.5150130867864657,2.898448824360544,0.33015085053628374,-0.8843848477311249,0.17596700466421616,-0.2791047657480376,0.6001670391225487,0.4643225112704718,-0.08175558309177396,-5.111753902815634,0.1933977749996296,0.34684851289685115
477,1.4309999999999852,5.0,0.0008544969529212382,-0.044677976012564624,0.006134437037415708,4.9999999999999964,-0.012539043861793674,-0.0482791156717216,0.009251358680850355,4.9999999999999964,-0.012539043861793674,-0.0482791156717216,0.009251358680850355,0.0,0.0,5.0,0.0008544969529212382,-0.044677976012564624,0.006134437037415708,0.0,0.0,4.9999999999999964,-0.012539043861793674,-0.0482791156717216,0.009251358680850355,0.0,0.0,-3.552713678800501e-15,-0.013393540814714913,-0.0036011396591569753,0.0031169216434346466,0.5005275929828492,-0.5136024882523957,2.8981808233584543,0.32346090775201736,-0.886756583188505,0.17863283780918635,-0.27771588464530694,0.6076000207709709,0.47019951135667953,-0.08933366736315856,-5.125356416251018,0.11137990397484368,0.354417255949907
478,1.433999999999985,5.0,0.0019099068583992205,-0.04420297322983613,0.0058206460949287294,4.9999999999999964,-0.011501849704790323,-0.048064816455921554,0.00903420885703113,4.9999999999999964,-0.011501849704790323,-0.048064816455921554,0.00903420885703113,0.0,0.0,5.0,0.0019099068583992205,-0.04420297322983613,0.0058206460949287294,0.0,0.0,4.9999999999999964,-0.011501849704790323,-0.048064816455921554,0.00903420885703113,0.0,0.0,-3.552713678800501e-15,-0.013411756563189544,-0.003861843226085425,0.003213562762102401,0.5023726274208528,-0.512174671314222,2.8978897110386237,0.31676089271965513,-0.8891133257122897,0.18126316516335503,-0.2761950322493885,0.61501147933452,0.47593897939125956,-0.09703743994359204,-5.137220682229886,0.029680337365950674,0.36180638982449
479,1.436999999999985,5.0,0.002964984254258013,-0.0437089673871148,0.005501561194501465,4.9999999999999964,-0.010462653106857197,-0.047829853956095174,0.008808842295596721,4.9999999999999964,-0.010462653106857197,-0.047829853956095174,0.008808842295596721,0.0,0.0,5.0,0.002964984254258013,-0.0437089673871148,0.005501561194501465,0.0,0.0,4.9999999999999964,-0.010462653106857197,-0.047829853956095174,0.008808842295596721,0.0,0.0,-3.552713678800501e-15,-0.01342763736111521,-0.004120886568980374,0.0033072811010952568,0.5042398186959243,-0.5107300489044488,2.897575111360658,0.3100535368389868,-0.8914534496365787,0.18385780203134733,-0.2745430021998014,0.6223970916904872,0.48154080325773396,-0.10486655932191258,-5.147342907702404,-0.051664840617571844,0.36900907546459205
480,1.4399999999999848,5.0,0.004019545454376185,-0.043196170859767714,0.005177472548253788,4.9999999999999964,-0.009421634989311747,-0.047574329183693816,0.008575463970544503,4.9999999999999964,-0.009421634989311747,-0.047574329183693816,0.008575463970544503,0.0,0.0,5.0,0.004019545454376185,-0.043196170859767714,0.005177472548253788,0.0,0.0,4.9999999999999964,-0.009421634989311747,-0.047574329183693816,0.008575463970544503,0.0,0.0,-3.552713678800501e-15,-0.013441180443687932,-0.004378158323926101,0.003397991422290715,0.5061290763324916,-0.5092690340762044,2.8972366495844604,0.30334157513765747,-0.8937753460712199,0.186416571475887,-0.2727606669361455,0.6297525455224569,0.4870049427481369,-0.11282059206575462,-5.155719768653276,-0.13261952665829105,0.37601864346764563
481,1.4429999999999847,5.0,0.005073406862500661,-0.04266480410136299,0.004848674919281441,4.9999999999999964,-0.008378976590593076,-0.04729835198998369,0.00833428614268141,4.9999999999999964,-0.008378976590593076,-0.04729835198998369,0.00833428614268141,0.0,0.0,5.0,0.005073406862500661,-0.04266480410136299,0.004848674919281441,0.0,0.0,4.9999999999999964,-0.008378976590593076,-0.04729835198998369,0.00833428614268141,0.0,0.0,-3.552713678800501e-15,-0.013452383453093738,-0.0046335478886207,0.003485611223399969,0.5080402969610811,-0.5077920397856509,2.896873952545553,0.2966277452813963,-0.896077424764048,0.18893930456299096,-0.2708489777509965,0.6370735428631817,0.492331430184492,-0.12089901296908664,-5.162348417744052,-0.2131476195118372,0.3828286001504536
482,1.4459999999999846,5.0,0.006126385004210044,-0.04211509554889609,0.004515467353564971,4.9999999999999964,-0.007334859434708797,-0.04700204101882029,0.008085528166569812,4.9999999999999964,-0.007334859434708797,-0.04700204101882029,0.008085528166569812,0.0,0.0,5.0,0.006126385004210044,-0.04211509554889609,0.004515467353564971,0.0,0.0,4.9999999999999964,-0.007334859434708797,-0.04700204101882029,0.008085528166569812,0.0,0.0,-3.552713678800501e-15,-0.01346124443891884,-0.0048869454699241935,0.0035700608130048404,0.5099733643721501,-0.5062994786726915,2.8964866489296033,0.2899147865539125,-0.8983581159750591,0.19142584061364054,-0.26880896477703653,0.644355803689673,0.49752037098644986,-0.12910120531656138,-5.167226491426684,-0.29321304158286166,0.38943263345533446
483,1.4489999999999845,5.0,0.007178296558857444,-0.04154728152458326,0.004178152907983126,4.9999999999999964,-0.006289465299632199,-0.04668552365564289,0.007829416291021499,4.9999999999999964,-0.006289465299632199,-0.04668552365564289,0.007829416291021499,0.0,0.0,5.0,0.007178296558857444,-0.04154728152458326,0.004178152907983126,0.0,0.0,4.9999999999999964,-0.006289465299632199,-0.04668552365564289,0.007829416291021499,0.0,0.0,-3.552713678800501e-15,-0.013467761858489642,-0.00513824213105963,0.003651263383038373,0.5119281495808466,-0.5047917628401462,2.8960743695458,0.28320543880730564,-0.9006158723591912,0.19387602746152652,-0.2666417369062674,0.6515950695655041,0.5025719441817905,-0.1374264612677334,-5.170352116508125,-0.3727797608730583,0.39582461869111135
484,1.4519999999999844,5.0,0.008228958391485826,-0.040961606134265784,0.0038370383746786805,4.9999999999999964,-0.005242976185655198,-0.046348935972710927,0.007566183453321274,4.9999999999999964,-0.005242976185655198,-0.046348935972710927,0.007566183453321274,0.0,0.0,5.0,0.008228958391485826,-0.040961606134265784,0.0038370383746786805,0.0,0.0,4.9999999999999964,-0.005242976185655198,-0.046348935972710927,0.007566183453321274,0.0,0.0,-3.552713678800501e-15,-0.013471934577141024,-0.005387329838445143,0.003729145078642594,0.5139045109028216,-0.5032693036315764,2.8956367475987084,0.2765024413839694,-0.90284917085425,0.1962897217164354,-0.26434848163925867,0.6587871073250112,0.5074864028565789,-0.14587398236395863,-5.171723916147055,-0.4518118132772343,0.40199862410372506
485,1.4549999999999843,5.0,0.009278187584711375,-0.04035832116246768,0.0034924340020265877,4.9999999999999964,-0.004195574283702571,-0.04599242267060592,0.00729606906736728,4.9999999999999964,-0.004195574283702571,-0.04599242267060592,0.00729606906736728,0.0,0.0,5.0,0.009278187584711375,-0.04035832116246768,0.0034924340020265877,0.0,0.0,4.9999999999999964,-0.004195574283702571,-0.04599242267060592,0.00729606906736728,0.0,0.0,-3.552713678800501e-15,-0.013473761868413946,-0.005634101508138242,0.003803635065340692,0.5159022940412029,-0.5017325114079508,2.8951734189582266,0.26980853201110566,-0.9050565145703966,0.19866678903281465,-0.2619304648625049,0.6659277127937686,0.5122640745418576,-0.154442880160533,-5.171341015265125,-0.5302733252023247,0.4079489162714036
486,1.4579999999999842,5.0,0.010325801470568998,-0.039737685964152725,0.003144653212458843,4.9999999999999964,-0.003147441943613008,-0.04561613701602406,0.007019318805920749,4.9999999999999964,-0.003147441943613008,-0.04561613701602406,0.007019318805920749,0.0,0.0,5.0,0.010325801470568998,-0.039737685964152725,0.003144653212458843,0.0,0.0,4.9999999999999964,-0.003147441943613008,-0.04561613701602406,0.007019318805920749,0.0,0.0,-3.552713678800501e-15,-0.013473243414182006,-0.005878451051871333,0.0038746655934619057,0.5179213321848212,-0.5001817953233492,2.8946840224272674,0.26312644566909693,-0.9072364346774997,0.201007104383028,-0.2593890305520959,0.6730127145394217,0.5169053615338767,-0.16313217698634996,-5.169203045356536,-0.6081285364831771,0.4136699653194833
487,1.460999999999984,5.0,0.011371617662314029,-0.039099967353225976,0.002794012317402458,4.9999999999999964,-0.002098761642392521,-0.04522024077588611,0.006736184377163246,4.9999999999999964,-0.002098761642392521,-0.04522024077588611,0.006736184377163246,0.0,0.0,5.0,0.011371617662314029,-0.039099967353225976,0.002794012317402458,0.0,0.0,4.9999999999999964,-0.002098761642392521,-0.04522024077588611,0.006736184377163246,0.0,0.0,-3.552713678800501e-15,-0.01347037930470655,-0.006120273422660132,0.003942172059760788,0.5199614461177612,-0.49861756309991423,2.894168200006768,0.25645891343512106,-0.9093874922865437,0.20331055233478598,-0.2567256004020475,0.6800379776466843,0.5214107411449845,-0.17194080683306398,-5.165310148681204,-0.6853418235679398,0.4191564499501372
488,1.463999999999984,5.0,0.0124154540861757,-0.038445439487829663,0.002440830229589891,4.9999999999999964,-0.0010497159524456624,-0.044804904147793104,0.00644692329576459,4.9999999999999964,-0.0010497159524456624,-0.044804904147793104,0.00644692329576459,0.0,0.0,5.0,0.0124154540861757,-0.038445439487829663,0.002440830229589891,0.0,0.0,4.9999999999999964,-0.0010497159524456624,-0.044804904147793104,0.00644692329576459,0.0,0.0,-3.552713678800501e-15,-0.013465170038621362,-0.00635946465996344,0.004006093066174699,0.5220224443402913,-0.4970402208022669,2.8936255971576417,0.24980866130352325,-0.9115082803211907,0.20557702733221367,-0.2539416733757903,0.6869994075100425,0.5257807658824524,-0.18086761637543597,-5.159662981828282,-0.7618777229449251,0.42440326228243747
489,1.4669999999999839,5.0,0.013457129013055407,-0.037774383752481155,0.0020854281730033563,4.9999999999999964,-4.875097901744542e-07,-0.04437030568685762,0.0061517986486697195,4.9999999999999964,-4.875097901744542e-07,-0.04437030568685762,0.0061517986486697195,0.0,0.0,5.0,0.013457129013055407,-0.037774383752481155,0.0020854281730033563,0.0,0.0,4.9999999999999964,-4.875097901744542e-07,-0.04437030568685762,0.0061517986486697195,0.0,0.0,-3.552713678800501e-15,-0.013457616522845581,-0.006595921934376463,0.004066370475666364,0.5241041232012037,-0.4954501726116089,2.893055863059269,0.24317840898459178,-0.9135974253755014,0.20780643397999624,-0.2510388251794817,0.693892953637461,0.5300160635526605,-0.18991136612421064,-5.152262718638349,-0.837700954781938,0.4294055124983494
490,1.4699999999999838,5.0,0.014496461090165325,-0.03708708863710489,0.0017281293907174201,4.9999999999999964,0.0010487410177394483,-0.043916632228942085,0.005851078855817484,4.9999999999999964,0.0010487410177394483,-0.043916632228942085,0.005851078855817484,0.0,0.0,5.0,0.014496461090165325,-0.03708708863710489,0.0017281293907174201,0.0,0.0,4.9999999999999964,0.0010487410177394483,-0.043916632228942085,0.005851078855817484,0.0,0.0,-3.552713678800501e-15,-0.013447720072425878,-0.006829543591837198,0.004122949465100063,0.5262062670415781,-0.49384782059974414,2.8924586508641315,0.2365708686835085,-0.9156535895537442,0.20999868733002322,-0.24801870765597456,0.7007146134581614,0.534117337288249,-0.19907073171253498,-5.143111052474207,-0.9127764467482083,0.43415853329043147
491,1.4729999999999837,5.0,0.015533269372601511,-0.036383849613008584,0.0013692588509048066,4.9999999999999964,0.0020977869622939432,-0.04344407881033724,0.0055450374260090024,4.9999999999999964,0.0020977869622939432,-0.04344407881033724,0.0055450374260090024,0.0,0.0,5.0,0.015533269372601511,-0.036383849613008584,0.0013692588509048066,0.0,0.0,4.9999999999999964,0.0020977869622939432,-0.04344407881033724,0.0055450374260090024,0.0,0.0,-3.552713678800501e-15,-0.013435482410307568,-0.007060229197328655,0.004175778575104196,0.5283286483499602,-0.49223356450325606,2.8918336179481816,0.22998874386137227,-0.917675472288151,0.2121537131699361,-0.24488304809846384,0.7074604361273381,0.5380853654960239,-0.20834430531657178,-5.132210197831857,-0.9870693579883162,0.4386578841071957
492,1.4759999999999835,5.0,0.016567373354845635,-0.035664969005859234,0.001009142951273398,4.9999999999999964,0.0031464676878112325,-0.042952848583915106,0.0052339527081476395,4.9999999999999964,0.0031464676878112325,-0.042952848583915106,0.0052339527081476395,0.0,0.0,5.0,0.016567373354845635,-0.035664969005859234,0.001009142951273398,0.0,0.0,4.9999999999999964,0.0031464676878112325,-0.042952848583915106,0.0052339527081476395,0.0,0.0,-3.552713678800501e-15,-0.013420905667034404,-0.007287879578055871,0.004224809756874242,0.5304710279289216,-0.49060780149808525,2.89118042615655,0.22343472798031078,-0.9196618121304218,0.21427144831296766,-0.24163364848302002,0.7141265263204899,0.5419210017236125,-0.2177305972105953,-5.119562891284894,-1.0605451032167668,0.4428993551922675
493,1.4789999999999834,5.0,0.01759859300219093,-0.03493075586571164,0.0006481092222030571,4.9999999999999964,0.004194600621812893,-0.04244315273179265,0.0049181076380768384,4.9999999999999964,0.004194600621812893,-0.04244315273179265,0.0049181076380768384,0.0,0.0,5.0,0.01759859300219093,-0.03493075586571164,0.0006481092222030571,0.0,0.0,4.9999999999999964,0.004194600621812893,-0.04244315273179265,0.0049181076380768384,0.0,0.0,-3.552713678800501e-15,-0.013403992380378038,-0.00751239686608101,0.004269998415873781,0.5326331550729513,-0.488970925974756,2.8904987420441803,0.21691150323481126,-0.9216113885127327,0.21635184088844966,-0.23827238461942127,0.72070904800989,0.5456251744430747,-0.2272280374564767,-5.105172391757299,-1.1331693769012614,0.4468789714136703
494,1.4819999999999833,5.0,0.018626748782085464,-0.03418152583414695,0.00028648602885206,4.9999999999999964,0.005242003287189527,-0.04191521037454363,0.004597789481246053,4.9999999999999964,0.005242003287189527,-0.04191521037454363,0.004597789481246053,0.0,0.0,5.0,0.018626748782085464,-0.03418152583414695,0.00028648602885206,0.0,0.0,4.9999999999999964,0.005242003287189527,-0.04191521037454363,0.004597789481246053,0.0,0.0,-3.552713678800501e-15,-0.013384745494895937,-0.007733684540396676,0.004311303452393993,0.5348147677575981,-0.4873233293145063,2.889788237110999,0.21042173927151056,-0.9235230234739705,0.2183948506323547,-0.23480120521990355,0.7272042282155796,0.5491988867499092,-0.2368349777270792,-5.089042480121346,-1.2049081775021362,0.45059299587975216
495,1.4849999999999832,5.0,0.019651661695388345,-0.03341760100857607,-7.539772749529297e-05,4.9999999999999964,0.006288493333969524,-0.041369248476997654,0.004273289571438873,4.9999999999999964,0.006288493333969524,-0.041369248476997654,0.004273289571438873,0.0,0.0,5.0,0.019651661695388345,-0.03341760100857607,-7.539772749529297e-05,0.0,0.0,4.9999999999999964,0.006288493333969524,-0.041369248476997654,0.004273289571438873,0.0,0.0,-3.552713678800501e-15,-0.01336316836141882,-0.007951647468421585,0.004348687298934166,0.5370155928397675,-0.4856653996665779,2.889048588031211,0.20396809189978757,-0.9253955833468887,0.22040044917722929,-0.23122213088566254,0.7336083607231634,0.5526432159761305,-0.24654969326268394,-5.071177458119062,-1.2757278317349359,0.45403793333846537
496,1.4879999999999831,5.0,0.020673153307532985,-0.0326393098037691,-0.00043721290856910355,4.9999999999999964,0.007333888571065716,-0.04080550175066699,0.0039449030458009226,4.9999999999999964,0.007333888571065716,-0.04080550175066699,0.0039449030458009226,0.0,0.0,5.0,0.020673153307532985,-0.0326393098037691,-0.00043721290856910355,0.0,0.0,4.9999999999999964,0.007333888571065716,-0.04080550175066699,0.0039449030458009226,0.0,0.0,-3.552713678800501e-15,-0.013339264736467269,-0.00816619194689789,0.004382115954370026,0.5392353462690493,-0.4839975217269289,2.888279476876334,0.19755320179559666,-0.9272279804018747,0.2223686203408697,-0.22753725301116362,0.739917809760605,0.5559593132163448,-0.2563703849591653,-5.051582146607518,-1.3455950188226973,0.4572105333569051
497,1.490999999999983,5.0,0.021691045779592133,-0.031846986810668006,-0.000798630438469631,4.9999999999999964,0.008378006997994321,-0.040224212552842975,0.0036129285764085538,4.9999999999999964,0.008378006997994321,-0.040224212552842975,0.0036129285764085538,0.0,0.0,5.0,0.021691045779592133,-0.031846986810668006,-0.000798630438469631,0.0,0.0,4.9999999999999964,0.008378006997994321,-0.040224212552842975,0.0036129285764085538,0.0,0.0,-3.552713678800501e-15,-0.013313038781597812,-0.00837722574217497,0.004411559014878184,0.5414737333099279,-0.48232007651863085,2.8874805913315753,0.19117969320107117,-0.9290191744430192,0.2242993604130883,-0.22374873260654252,0.746129013626169,0.5591484027660175,-0.2662951815862227,-5.030261883129949,-1.4144767947041552,0.4601077932782165
498,1.493999999999983,5.0,0.02270516189923891,-0.031040972652545008,-0.0011593216029663633,4.9999999999999964,0.009420666836560763,-0.039625630782405524,0.003277668098622477,4.9999999999999964,0.009420666836560763,-0.039625630782405524,0.003277668098622477,0.0,0.0,5.0,0.02270516189923891,-0.031040972652545008,-0.0011593216029663633,0.0,0.0,4.9999999999999964,0.009420666836560763,-0.039625630782405524,0.003277668098622477,0.0,0.0,-3.552713678800501e-15,-0.013284495062678148,-0.008584658129860517,0.0044369897015888405,0.5437304487747068,-0.4806334411742167,2.886651624905175,0.18485017262250444,-0.9307681743521887,0.22619267843991503,-0.2198587990386111,0.7522384882596337,0.562211781471392,-0.276322142133564,-5.007222518816564,-1.4823406161638457,0.4627269609531789
499,1.4969999999999828,5.0,0.023715325111599368,-0.03022161383856628,-0.0015189583484681044,4.9999999999999964,0.010461686562506758,-0.03901001377239048,0.0029394265364733694,4.9999999999999964,0.010461686562506758,-0.03901001377239048,0.0029394265364733694,0.0,0.0,5.0,0.023715325111599368,-0.03022161383856628,-0.0015189583484681044,0.0,0.0,4.9999999999999964,0.010461686562506758,-0.03901001377239048,0.0029394265364733694,0.0,0.0,-3.552713678800501e-15,-0.01325363854909261,-0.0087883999338242,0.0044583848849414735,0.5460051772669535,-0.4789379887202443,2.885792277130327,0.17856722752939067,-0.9324740395768383,0.22804859650458154,-0.21586974869121842,0.7582428307489082,0.5651508179908019,-0.2864492582825191,-4.98247041462062,-1.5491543648498742,0.4650655372439812
500,1.4999999999999827,5.0,0.02472135954998996,-0.029389262614826595,-0.0018772135803924103,4.9999999999999964,0.01150088493711319,-0.038377626179360955,0.002598511525329276,4.9999999999999964,0.01150088493711319,-0.038377626179360955,0.002598511525329276,0.0,0.0,5.0,0.02472135954998996,-0.029389262614826595,-0.0018772135803924103,0.0,0.0,4.9999999999999964,0.01150088493711319,-0.038377626179360955,0.002598511525329276,0.0,0.0,-3.552713678800501e-15,-0.013220474612876771,-0.00898836356453436,0.0044757251057216865,0.5482975934352462,-0.47723408786434207,2.8849022537593267,0.17233342505726923,-0.9341358815573356,0.22986715000463484,-0.2117839435459547,0.7641387227642278,0.5679669519674052,-0.2966744570001473,-4.956012436897189,-1.6148863711450467,0.46712127829791156
501,1.5029999999999826,5.0,0.025723090066535538,-0.028544276812916852,-0.002233761460662372,4.9999999999999964,0.01253808103875329,-0.03772873986963025,0.0022552331320969932,4.9999999999999964,0.01253808103875329,-0.03772873986963025,0.0022552331320969932,0.0,0.0,5.0,0.025723090066535538,-0.028544276812916852,-0.002233761460662372,0.0,0.0,4.9999999999999964,0.01253808103875329,-0.03772873986963025,0.0022552331320969932,0.0,0.0,-3.552713678800501e-15,-0.013185009027782248,-0.009184463056713395,0.0044889945927593655,0.5506073622369827,-0.47552210278500107,2.8839812669495695,0.16615131071717065,-0.9357528650896251,0.23164838792453463,-0.207603809684427,0.769922933912172,0.5706616931136591,-0.30699560325248687,-4.927855952333778,-1.6795054378570158,0.4688921975888907
502,1.5059999999999825,5.0,0.026720342262662157,-0.027687019696091227,-0.0025882777040610113,4.9999999999999964,0.013573094294390603,-0.037063633802385275,0.0019099035732119372,4.9999999999999964,0.013573094294390603,-0.037063633802385275,0.0019099035732119372,0.0,0.0,5.0,0.026720342262662157,-0.027687019696091227,-0.0025882777040610113,0.0,0.0,4.9999999999999964,0.013573094294390603,-0.037063633802385275,0.0019099035732119372,0.0,0.0,-3.552713678800501e-15,-0.013147247968271554,-0.009376614106294048,0.004498181277272948,0.5529341392119883,-0.4738023929243766,2.8830290354410697,0.1600234071145056,-0.9373242096191259,0.2333923731030926,-0.20333183571357524,0.7755923250018559,0.5732366202081555,-0.3174105028331862,-4.898008822243712,-1.7429808636931696,0.4703765677249922
503,1.5089999999999824,5.0,0.02771294251945915,-0.02681785980309776,-0.002940439873173117,4.9999999999999964,0.014605744511016244,-0.03638259390976079,0.0015628369306729896,4.9999999999999964,0.014605744511016244,-0.03638259390976079,0.0015628369306729896,0.0,0.0,5.0,0.02771294251945915,-0.02681785980309776,-0.002940439873173117,0.0,0.0,4.9999999999999964,0.014605744511016244,-0.03638259390976079,0.0015628369306729896,0.0,0.0,-3.552713678800501e-15,-0.013107198008442907,-0.009564734106663031,0.0045032768038461065,0.5552775707656357,-0.4720753127843594,2.8820452847251596,0.15395221268027234,-0.9388491904618389,0.23509918249512154,-0.1989705711157386,0.7811438512157776,0.5756933800057334,-0.3279169053033478,-4.866479396234945,-1.8052824664861387,0.47157292202030254
504,1.5119999999999822,5.0,0.02870071802790611,-0.02593717078974246,-0.0032899276716465277,4.9999999999999964,0.015635851907020038,-0.03568591297391582,0.0012143488663805889,4.9999999999999964,0.015635851907020038,-0.03568591297391582,0.0012143488663805889,0.0,0.0,5.0,0.02870071802790611,-0.02593717078974246,-0.0032899276716465277,0.0,0.0,4.9999999999999964,0.015635851907020038,-0.03568591297391582,0.0012143488663805889,0.0,0.0,-3.552713678800501e-15,-0.013064866120886073,-0.009748742184173362,0.0045042765380271165,0.5576372944611696,-0.4703412117261731,2.8810297472040456,0.14794020041747974,-0.94032713994873,0.23676890742667092,-0.1945226245254211,0.7865745651779784,0.5780336860620914,-0.3385125070380209,-4.833276505268651,-1.8663806061360164,0.4724800558296919
505,1.5149999999999821,5.0,0.029683496818958214,-0.025045331268252653,-0.0036364232355060363,4.9999999999999964,0.016663237143490005,-0.03497389050116526,0.000864756335037862,4.9999999999999964,0.016663237143490005,-0.03497389050116526,0.000864756335037862,0.0,0.0,5.0,0.029683496818958214,-0.025045331268252653,-0.0036364232355060363,0.0,0.0,4.9999999999999964,0.016663237143490005,-0.03497389050116526,0.000864756335037862,0.0,0.0,-3.552713678800501e-15,-0.013020259675468208,-0.00992855923291261,0.004501179570543898,0.5600129393209067,-0.4686004337737498,2.8799821623409225,0.14198981666569516,-0.9417574484895634,0.23840165384323803,-0.18999066193494357,0.7918816199123688,0.580259317474422,-0.3491949543743862,-4.798409454123582,-1.9262462072356783,0.4730970276452788
506,1.517999999999982,5.0,0.03066110779348561,-0.024142724644510474,-0.003979611422255231,4.9999999999999964,0.01768772135543478,-0.03424683259322075,0.0005143772958759636,4.9999999999999964,0.01768772135543478,-0.03424683259322075,0.0005143772958759636,0.0,0.0,5.0,0.03066110779348561,-0.024142724644510474,-0.003979611422255231,0.0,0.0,4.9999999999999964,0.01768772135543478,-0.03424683259322075,0.0005143772958759636,0.0,0.0,-3.552713678800501e-15,-0.012973386438050832,-0.010104107948710275,0.004493988718131194,0.5624041261359596,-0.4668533174211301,2.878902276800354,0.13610347988662688,-0.9431395655524769,0.239997542550356,-0.18537740483140125,0.7970622716843063,0.5823721175398977,-0.3599618468563005,-4.761888013283869,-1.984850781346019,0.4734231599535898
507,1.520999999999982,5.0,0.03163338075206139,-0.023229738953224017,-0.004319180097502695,4.9999999999999964,0.018709126182923523,-0.03350505181559618,0.00016353042346576267,4.9999999999999964,0.018709126182923523,-0.03350505181559618,0.00016353042346576267,0.0,0.0,5.0,0.03163338075206139,-0.023229738953224017,-0.004319180097502695,0.0,0.0,4.9999999999999964,0.018709126182923523,-0.03350505181559618,0.00016353042346576267,0.0,0.0,-3.552713678800501e-15,-0.012924254569137865,-0.010275312862372165,0.004482710520968458,0.5648104677841159,-0.46510019544412773,2.877789844578645,0.13028357947363847,-0.9444730005557171,0.24155670944597457,-0.1806856282675767,0.8021138827187774,0.5843739923341327,-0.3708107405695,-4.723722410269429,-2.0421664488883167,0.4734580398526337
508,1.5239999999999818,5.0,0.032600146424592615,-0.02230676669111006,-0.004654820418852707,4.9999999999999964,0.019727273802137894,-0.03274886706323435,-0.000187465182121077,4.9999999999999964,0.019727273802137894,-0.03274886706323435,-0.000187465182121077,0.0,0.0,5.0,0.032600146424592615,-0.02230676669111006,-0.004654820418852707,0.0,0.0,4.9999999999999964,0.019727273802137894,-0.03274886706323435,-0.000187465182121077,0.0,0.0,-3.552713678800501e-15,-0.01287287262245472,-0.010442100372124289,0.00446735523673163,0.5672315695554824,-0.4633413947164916,2.876644627123961,0.12453247458807132,-0.9457573236681044,0.2430793057440656,-0.1759181588696812,0.807033923788828,0.5862669092120466,-0.381739151561411,-4.683923320429741,-2.098165960621553,0.4732015194283262
509,1.5269999999999817,5.0,0.03356123649979012,-0.02137420464815759,-0.004986227116801624,4.9999999999999964,0.02074198695633071,-0.03197860342341252,-0.0005382902855380154,4.9999999999999964,0.02074198695633071,-0.03197860342341252,-0.0005382902855380154,0.0,0.0,5.0,0.03356123649979012,-0.02137420464815759,-0.004986227116801624,0.0,0.0,4.9999999999999964,0.02074198695633071,-0.03197860342341252,-0.0005382902855380154,0.0,0.0,-3.552713678800501e-15,-0.01281924954345941,-0.01060439877525493,0.004447936831263609,0.569667029485487,-0.4615772360307901,2.8754663934459432,0.11885249302521554,-0.9469921665149398,0.244565498188901,-0.17107787278501477,0.8118199766682113,0.5880528952338436,-0.39274455933918234,-4.642501857223176,-2.1528227186730695,0.4726537158899224
510,1.5299999999999816,5.0,0.03451648365447085,-0.020432453737046663,-0.005313098772384663,4.9999999999999964,0.02175308898668586,-0.03119459203598595,-0.0008886258065125838,4.9999999999999964,0.02175308898668586,-0.03119459203598595,-0.0008886258065125838,0.0,0.0,5.0,0.03451648365447085,-0.020432453737046663,-0.005313098772384663,0.0,0.0,4.9999999999999964,0.02175308898668586,-0.03119459203598595,-0.0008886258065125838,0.0,0.0,-3.552713678800501e-15,-0.012763394667784995,-0.010762138298939287,0.004424472965872079,0.5721164386948147,-0.45980803392423275,2.8742549202146255,0.11324593011272414,-0.9481772227862403,0.2460154692594699,-0.16616769357284408,0.8164697364425755,0.5897340355191065,-0.4038244104392319,-4.599469562005481,-2.206110797091672,0.47181501146432964
511,1.5329999999999815,5.0,0.035465721582688396,-0.0194819188207932,-0.0056351380913207665,4.9999999999999964,0.02276040386307412,-0.030397169951029385,-0.0012381531100543104,4.9999999999999964,0.02276040386307412,-0.030397169951029385,-0.0012381531100543104,0.0,0.0,5.0,0.035465721582688396,-0.0194819188207932,-0.0056351380913207665,0.0,0.0,4.9999999999999964,0.02276040386307412,-0.030397169951029385,-0.0012381531100543104,0.0,0.0,-3.552713678800501e-15,-0.012705317719614275,-0.010915251130236184,0.004396984981266457,0.5745793817358363,-0.4580340965096359,2.8730099918484417,0.10771504764420639,-0.9493122487443567,0.2474294173635191,-0.1611905900419991,0.8209810136738935,0.5913124715322825,-0.4149761220613064,-4.554838393352345,-2.2580049618930285,0.47068605304939776
512,1.5359999999999814,5.0,0.03640878502468642,-0.018523008538697216,-0.005952052174405623,4.9999999999999964,0.023763756214699557,-0.029586679983937644,-0.0015865542962576256,4.9999999999999964,0.023763756214699557,-0.029586679983937644,-0.0015865542962576256,0.0,0.0,5.0,0.03640878502468642,-0.018523008538697216,-0.005952052174405623,0.0,0.0,4.9999999999999964,0.023763756214699557,-0.029586679983937644,-0.0015865542962576256,0.0,0.0,-3.552713678800501e-15,-0.012645028809986861,-0.011063671445240428,0.004365497878147997,0.5770554369450761,-0.4562557253117266,2.8717314005911625,0.1022620728506674,-0.9503970636282191,0.24880755702072152,-0.1561495740388793,0.8253517364132437,0.5927903993031033,-0.42619708575977083,-4.508620715942251,-2.3084806905680515,0.46926775162649836
513,1.5389999999999813,5.0,0.03734550979567001,-0.01755613513066656,-0.006263552783907685,4.9999999999999964,0.024762971360631048,-0.02876347056804774,-0.001933512489436218,4.9999999999999964,0.024762971360631048,-0.02876347056804774,-0.001933512489436218,0.0,0.0,5.0,0.03734550979567001,-0.01755613513066656,-0.006263552783907685,0.0,0.0,4.9999999999999964,0.024762971360631048,-0.02876347056804774,-0.001933512489436218,0.0,0.0,-3.552713678800501e-15,-0.01258253843503896,-0.011207335437381179,0.004330040294471467,0.5795441768012486,-0.4544732151089694,2.8704189465776087,0.09688919741237909,-0.9514315499516467,0.2501501190344961,-0.15104769818974131,0.8295799520574808,0.5941700675857394,-0.4374846711845914,-4.460829289027002,-2.357514191025842,0.4675612814329256
514,1.5419999999999812,5.0,0.03827573281438955,-0.01658171425999378,-0.00656935660572433,4.9999999999999964,0.025757875340213815,-0.027927895604845772,-0.0022787121263258435,4.9999999999999964,0.025757875340213815,-0.027927895604845772,-0.0022787121263258435,0.0,0.0,5.0,0.03827573281438955,-0.01658171425999378,-0.00656935660572433,0.0,0.0,4.9999999999999964,0.025757875340213815,-0.027927895604845772,-0.0022787121263258435,0.0,0.0,-3.552713678800501e-15,-0.012517857474175734,-0.011346181344851991,0.004290644479398487,0.5820451682883859,-0.4526868537810872,2.869072437888016,0.09159857651367553,-0.9524156536933623,0.2514573506520239,-0.1458880536013083,0.8336638290457924,0.5954537759607306,-0.44883622986424154,-4.41147725451839,-2.4050824199437173,0.46556807889486956
515,1.544999999999981,5.0,0.039199292131533094,-0.015600164834659563,-0.006869185507059939,4.9999999999999964,0.026748294943355476,-0.027080314311823114,-0.002621839243093464,4.9999999999999964,0.026748294943355476,-0.027080314311823114,-0.002621839243093464,0.0,0.0,5.0,0.039199292131533094,-0.015600164834659563,-0.006869185507059939,0.0,0.0,4.9999999999999964,0.026748294943355476,-0.027080314311823114,-0.002621839243093464,0.0,0.0,-3.552713678800501e-15,-0.012450997188177618,-0.01148014947716355,0.0042473462639664745,0.5845579732635637,-0.4508969221624353,2.8676916905909486,0.08639232794306144,-0.953349384376565,0.25272951571202534,-0.1406737675238975,0.8376016583926071,0.5966438728839651,-0.46024909902255456,-4.3605781247205355,-2.451163100497892,0.4632898413219311
516,1.547999999999981,5.0,0.04011602695792107,-0.014611908827242968,-0.007162766789391487,4.9999999999999964,0.02773405774068146,-0.026221091068047132,-0.0029625817608917,4.9999999999999964,0.02773405774068146,-0.026221091068047132,-0.0029625817608917,0.0,0.0,5.0,0.04011602695792107,-0.014611908827242968,-0.007162766789391487,0.0,0.0,4.9999999999999964,0.02773405774068146,-0.026221091068047132,-0.0029625817608917,0.0,0.0,-3.552713678800501e-15,-0.012381969217239608,-0.011609182240804164,0.004200185028499787,0.5870821488287252,-0.4491036939013737,2.8662765287746845,0.08127253124090845,-0.9542328150361304,0.25396689477988466,-0.13540800098140543,0.8413918550538192,0.5977427536871976,-0.47172060542136174,-4.308145769738336,-2.4957347394494174,0.46072852536436193
517,1.5509999999999808,5.0,0.04102577769249925,-0.013617371093513124,-0.007449833436491742,4.9999999999999964,0.0287149921135545,-0.025350595257512962,-0.003300629769698833,4.9999999999999964,0.0287149921135545,-0.025350595257512962,-0.003300629769698833,0.0,0.0,5.0,0.04102577769249925,-0.013617371093513124,-0.007449833436491742,0.0,0.0,4.9999999999999964,0.0287149921135545,-0.025350595257512962,-0.003300629769698833,0.0,0.0,-3.552713678800501e-15,-0.012310785578944751,-0.011733224163999838,0.00414920366679291,0.5896172477060966,-0.44730743532576933,2.8648267845670228,0.07624122689688868,-0.955066082071736,0.25516978526972844,-0.13009394637261826,0.8450329591238014,0.5987528585347897,-0.4832480692206014,-4.254194404593305,-2.53877664356113,0.4578863452344339
518,1.5539999999999807,5.0,0.041928385950125026,-0.012616979189782504,-0.007730124357284007,4.9999999999999964,0.02969092728395297,-0.024469201110343643,-0.0036356758101862537,4.9999999999999964,0.02969092728395297,-0.024469201110343643,-0.0036356758101862537,0.0,0.0,5.0,0.041928385950125026,-0.012616979189782504,-0.007730124357284007,0.0,0.0,4.9999999999999964,0.02969092728395297,-0.024469201110343643,-0.0036356758101862537,0.0,0.0,-3.552713678800501e-15,-0.012237458666172055,-0.011852221920561139,0.004094448547097753,0.5921628186166802,-0.4455084053147447,2.8633422981434804,0.07130041559915978,-0.9558493849854395,0.256338501553086,-0.12473482504842998,0.8485236368612067,0.5996766703415441,-0.4948288078474535,-4.1987385760788305,-2.580268935322527,0.4547657706935502
519,1.5569999999999806,5.0,0.04282369458914149,-0.011611163189097475,-0.008003384623308185,4.9999999999999964,0.03066169334420287,-0.023577287541906918,-0.003967415153356961,4.9999999999999964,0.03066169334420287,-0.023577287541906918,-0.003967415153356961,0.0,0.0,5.0,0.04282369458914149,-0.011611163189097475,-0.008003384623308185,0.0,0.0,4.9999999999999964,0.03066169334420287,-0.023577287541906918,-0.003967415153356961,0.0,0.0,-3.552713678800501e-15,-0.012162001244938617,-0.011966124352809443,0.004035969469951224,0.5947184066613065,-0.4437068551767747,2.8618229177238828,0.06645205753717139,-0.956582986002474,0.2574733750537798,-0.1193338848696474,0.8518626815420949,0.6005167126566643,-0.5064601398659551,-4.141793149387547,-2.620192567960708,0.4513695248069286
520,1.5599999999999805,5.0,0.04371154773873576,-0.010600355496348616,-0.008269365700581713,4.9999999999999964,0.0316271212865583,-0.02267523798991774,-0.004295546077700794,4.9999999999999964,0.0316271212865583,-0.02267523798991774,-0.004295546077700794,0.0,0.0,5.0,0.04371154773873576,-0.010600355496348616,-0.008269365700581713,0.0,0.0,4.9999999999999964,0.0316271212865583,-0.02267523798991774,-0.004295546077700794,0.0,0.0,-3.552713678800501e-15,-0.012084426452177464,-0.012074882493569123,0.0039738196228809195,0.5972835537037249,-0.4419030285342177,2.8602684995573675,0.06169807175980852,-0.957267209574264,0.25857475432871446,-0.11389439775014475,0.8550490141394691,0.6012755475190132,-0.5181393888384778,-4.083373294544031,-2.6585293397167704,0.4477005814678978
521,1.5629999999999804,5.0,0.044591790826075506,-0.00958499066237754,-0.008527825675644607,4.9999999999999964,0.032587043032625246,-0.021763440249596668,-0.004619770143614298,4.9999999999999964,0.032587043032625246,-0.021763440249596668,-0.004619770143614298,0.0,0.0,5.0,0.044591790826075506,-0.00958499066237754,-0.008527825675644607,0.0,0.0,4.9999999999999964,0.032587043032625246,-0.021763440249596668,-0.004619770143614298,0.0,0.0,-3.552713678800501e-15,-0.01200474779345026,-0.012178449587219128,0.003908055532030309,0.5998577987552115,-0.4400971612143508,2.858678907895856,0.05704033559042569,-0.9579024417629104,0.25964300513425326,-0.10841965719019488,0.8580816838288645,0.6019557732889753,-0.5298638871704056,-4.023494472676524,-2.695261907368358,0.443762162694055
522,1.5659999999999803,5.0,0.04546427060321959,-0.008565505197162197,-0.008778529475583214,4.9999999999999964,0.033541291462623586,-0.020842286306954907,-0.004939792464835682,4.9999999999999964,0.033541291462623586,-0.020842286306954907,-0.004939792464835682,0.0,0.0,5.0,0.04546427060321959,-0.008565505197162197,-0.008778529475583214,0.0,0.0,4.9999999999999964,0.033541291462623586,-0.020842286306954907,-0.004939792464835682,0.0,0.0,-3.552713678800501e-15,-0.011922979140596007,-0.01227678110979271,0.0038387370107475314,0.6024406783601721,-0.4382894811469638,2.857054014956068,0.05248068410015413,-0.958489129506641,0.26067851047788865,-0.10291297580485305,0.8609598683201896,0.6025600224623215,-0.5416309799293332,-3.9621724221616894,-2.7303737989803736,0.43955773569774303
523,1.5689999999999802,5.0,0.04632883517379827,-0.007542337382158204,-0.009021249081832087,4.9999999999999964,0.034489700444482185,-0.019912172170277794,-0.005255321976647926,4.9999999999999964,0.034489700444482185,-0.019912172170277794,-0.005255321976647926,0.0,0.0,5.0,0.04632883517379827,-0.007542337382158204,-0.009021249081832087,0.0,0.0,4.9999999999999964,0.034489700444482185,-0.019912172170277794,-0.005255321976647926,0.0,0.0,-3.552713678800501e-15,-0.011839134729316088,-0.01236983478811959,0.0037659271051841605,0.6050317269822219,-0.4364802082685491,2.8553937008701777,0.0480209096406876,-0.959027779765967,0.261681670654934,-0.0973776828522995,0.8636828740165847,0.6030909594715634,-0.5534380286301211,-3.899423144676691,-2.7638494258672424,0.4350910097335097
524,1.57199999999998,5.0,0.0471853340194577,-0.0065159270818801575,-0.009255763737560145,4.9999999999999964,0.03543210486276203,-0.01897349769987897,-0.0055660717006061605,4.9999999999999964,0.03543210486276203,-0.01897349769987897,-0.0055660717006061605,0.0,0.0,5.0,0.0471853340194577,-0.0065159270818801575,-0.009255763737560145,0.0,0.0,4.9999999999999964,0.03543210486276203,-0.01897349769987897,-0.0055660717006061605,0.0,0.0,-3.552713678800501e-15,-0.011753229156695674,-0.012457570617998813,0.0036896920369539846,0.6076304773902267,-0.43466955443310806,2.853697853625246,0.04366276143756698,-0.9595189585505381,0.2626529032699798,-0.09181712176706022,0.866250136001627,0.6035512784803398,-0.5652824149771826,-3.8352628911929845,-2.79567409375148,0.43036593272541385
525,1.57499999999998,5.0,0.048033618026065074,-0.0054867155548024025,-0.009481860148452023,4.9999999999999964,0.03636834064740238,-0.01802666643619862,-0.005871759005548524,4.9999999999999964,0.03636834064740238,-0.01802666643619862,-0.005871759005548524,0.0,0.0,5.0,0.048033618026065074,-0.0054867155548024025,-0.009481860148452023,0.0,0.0,4.9999999999999964,0.03636834064740238,-0.01802666643619862,-0.005871759005548524,0.0,0.0,-3.552713678800501e-15,-0.011665277378662693,-0.012539950881396218,0.003610101142903499,0.610236461043797,-0.43285772332957884,2.8519663689915795,0.03940794524479295,-0.9599632898269358,0.26359264324287524,-0.08623464770301983,0.8686612178567679,0.6039437011764164,-0.5771615445554459,-3.7697081479462664,-2.82583401310473,0.42538668767724497
526,1.5779999999999799,5.0,0.04887353950966882,-0.0044551452636589495,-0.009699332676702196,4.9999999999999964,0.03729824480228495,-0.01707208542631958,-0.006172105864653103,4.9999999999999964,0.03729824480228495,-0.01707208542631958,-0.006172105864653103,0.0,0.0,5.0,0.04887353950966882,-0.0044551452636589495,-0.009699332676702196,0.0,0.0,4.9999999999999964,0.03729824480228495,-0.01707208542631958,-0.006172105864653103,0.0,0.0,-3.552713678800501e-15,-0.011575294707383874,-0.012616940162660632,0.0035272268120490925,0.6128492084777314,-0.4310449104058722,2.850199150440195,0.035258123061400644,-0.9603614543078933,0.2645013427990118,-0.08063362509111753,0.8709158113114477,0.6042709745688917,-0.5890728504615362,-3.702775622416946,-2.8543163086588486,0.42015768886891997
527,1.5809999999999798,5.0,0.049704952242210006,-0.003421659685227424,-0.00990798352804537,4.9999999999999964,0.038221655433611064,-0.016110165048976003,-0.00646683910830717,4.9999999999999964,0.038221655433611064,-0.016110165048976003,-0.00646683910830717,0.0,0.0,5.0,0.049704952242210006,-0.003421659685227424,-0.00990798352804537,0.0,0.0,4.9999999999999964,0.038221655433611064,-0.016110165048976003,-0.00646683910830717,0.0,0.0,-3.552713678800501e-15,-0.011483296808598942,-0.012688505363748579,0.0034411444197382,0.615468249684918,-0.42923130279948657,2.8483961090495944,0.03121491291042847,-0.960714188123675,0.2653794714437005,-0.07501742521657516,0.8730137357288771,0.604535868795195,-0.6010137968668401,-3.634482229355318,-2.8811090280760543,0.4146835778425128
528,1.5839999999999796,5.0,0.05052771147698023,-0.002386703119676023,-0.010107622931653203,4.9999999999999964,0.03913841177808694,-0.015141318838129591,-0.006755690672558705,4.9999999999999964,0.03913841177808694,-0.015141318838129591,-0.006755690672558705,0.0,0.0,5.0,0.05052771147698023,-0.002386703119676023,-0.010107622931653203,0.0,0.0,4.9999999999999964,0.03913841177808694,-0.015141318838129591,-0.006755690672558705,0.0,0.0,-3.552713678800501e-15,-0.011389299698893289,-0.012754615718453568,0.0033519322590944978,0.618093114497211,-0.4274170792746563,2.8465571634020814,0.027279888680508936,-0.9610222813765938,0.2662275159204482,-0.06938942382044663,0.8749549374310112,0.6047411749434252,-0.6129818825042666,-3.564845076885344,-2.9062011497685933,0.4089692191815691
529,1.5869999999999795,5.0,0.051341673973821715,-0.0013507204995575539,-0.010298069312733337,4.9999999999999964,0.04004835423091214,-0.014165963305189475,-0.007038397842924265,4.9999999999999964,0.04004835423091214,-0.014165963305189475,-0.007038397842924265,0.0,0.0,5.0,0.051341673973821715,-0.0013507204995575539,-0.010298069312733337,0.0,0.0,4.9999999999999964,0.04004835423091214,-0.014165963305189475,-0.007038397842924265,0.0,0.0,-3.552713678800501e-15,-0.011293319742909577,-0.01281524280563192,0.0032596714698090723,0.6207233329638113,-0.42560241016596967,2.8446822394698694,0.02345458003010131,-0.9612865765798817,0.2670459801529504,-0.06375299873020036,0.876739488866768,0.6048897028955261,-0.6249746440706958,-3.4938814527205526,-2.929582589859812,0.4030196960875407
530,1.5899999999999794,5.0,0.052146698024064804,-0.00031415719852983495,-0.010479149457674282,4.9999999999999964,0.04095132437356633,-0.013184517759952111,-0.007314703493331432,4.9999999999999964,0.04095132437356633,-0.013184517759952111,-0.007314703493331432,0.0,0.0,5.0,0.052146698024064804,-0.00031415719852983495,-0.010479149457674282,0.0,0.0,4.9999999999999964,0.04095132437356633,-0.013184517759952111,-0.007314703493331432,0.0,0.0,-3.552713678800501e-15,-0.011195373650498476,-0.012870360561422276,0.0031644459643428505,0.6233584357266955,-0.4237874573283795,2.8427712704912573,0.019740472354175472,-0.9615079669823684,0.2678353851706311,-0.05811152752394999,0.8783675876280485,0.6049842791967149,-0.6369896595373012,-3.4216088105250804,-2.9512442082799755,0.3968403057573631
531,1.5929999999999793,5.0,0.05294264347519939,0.0007225411601117646,-0.010650698671585536,4.9999999999999964,0.041847165001389526,-0.012197404130338024,-0.007584356319978519,4.9999999999999964,0.041847165001389526,-0.012197404130338024,-0.007584356319978519,0.0,0.0,5.0,0.05294264347519939,0.0007225411601117646,-0.010650698671585536,0.0,0.0,4.9999999999999964,0.041847165001389526,-0.012197404130338024,-0.007584356319978519,0.0,0.0,-3.552713678800501e-15,-0.011095478473809865,-0.012919945290449788,0.0030663423516070166,0.6259979543926513,-0.4219723740935101,2.840824196837177,0.016139006812944206,-0.9616873947806498,0.26859626901756756,-0.05246838523283577,0.8798395553186081,0.6050277449564723,-0.6490245513601537,-3.348044756452295,-2.971177813991616,0.39043655456637943
532,1.5959999999999792,5.0,0.05372937175527488,0.001758928895010168,-0.01081256092808994,4.9999999999999964,0.042735720150951,-0.011205046781003085,-0.00784711106989885,4.9999999999999964,0.042735720150951,-0.011205046781003085,-0.00784711106989885,0.0,0.0,5.0,0.05372937175527488,0.001758928895010168,-0.01081256092808994,0.0,0.0,4.9999999999999964,0.042735720150951,-0.011205046781003085,-0.00784711106989885,0.0,0.0,-3.552713678800501e-15,-0.010993651604323883,-0.012963975676013253,0.0029654498581910913,0.6286414219014952,-0.4201573052321513,2.8388409658684255,0.012651580422028338,-0.961825849220657,0.26932918664465005,-0.046826942085927845,0.8811558362812991,0.6050229537862828,-0.6610769895837592,-3.273207035892734,-2.989376169340609,0.3838141530609885
533,1.598999999999979,5.0,0.05450674589702519,0.002794560458346331,-0.010964589011231709,4.9999999999999964,0.04361683512720208,-0.010207872330902198,-0.008102728764021717,4.9999999999999964,0.04361683512720208,-0.010207872330902198,-0.008102728764021717,0.0,0.0,5.0,0.05450674589702519,0.002794560458346331,-0.010964589011231709,0.0,0.0,4.9999999999999964,0.04361683512720208,-0.010207872330902198,-0.008102728764021717,0.0,0.0,-3.552713678800501e-15,-0.01088991076982311,-0.013002432789248529,0.002861860247209991,0.6312883728900641,-0.4183423869228138,2.8368215317839343,0.009279546203226059,-0.9619243645907515,0.270034709784832,-0.04119056130187529,0.8823169961896512,0.6049727697791644,-0.6731446948304438,-3.197113520462335,-3.0058329935306194,0.37697901076557244
534,1.601999999999979,5.0,0.05527463056171453,0.0038289906273833497,-0.011106644649371443,4.9999999999999964,0.044490356530408164,-0.009206309469883916,-0.008350976914527143,4.9999999999999964,0.044490356530408164,-0.009206309469883916,-0.008350976914527143,0.0,0.0,5.0,0.05527463056171453,0.0038289906273833497,-0.011106644649371443,0.0,0.0,4.9999999999999964,0.044490356530408164,-0.009206309469883916,-0.008350976914527143,0.0,0.0,-3.552713678800501e-15,-0.010784274031306364,-0.013035300097267265,0.0027556677348443,0.6339383440515947,-0.41652774672620624,2.834765855460428,0.006024213394845341,-0.9619840181086883,0.27071342681133215,-0.03556259693136079,0.883323720510183,0.6048800655358534,-0.6852254411687799,-3.119782195261031,-3.0205429652199425,0.36993723080842605
535,1.6049999999999789,5.0,0.05603289206269921,0.004861774695869035,-0.011238598640946083,4.9999999999999964,0.04535613228285516,-0.00820078877439466,-0.008591629736296758,4.9999999999999964,0.04535613228285516,-0.00820078877439466,-0.008591629736296758,0.0,0.0,5.0,0.05603289206269921,0.004861774695869035,-0.011238598640946083,0.0,0.0,4.9999999999999964,0.04535613228285516,-0.00820078877439466,-0.008591629736296758,0.0,0.0,-3.552713678800501e-15,-0.010676759779844044,-0.013062563470263695,0.0026469689046493255,0.6365908744901214,-0.41471350356547926,2.832673904283864,0.0028868477203474277,-0.9620059277049902,0.2713659425786572,-0.029946391754241155,0.8841768128422348,0.6047477202423247,-0.6973170588545454,-3.0412311464308366,-3.0335017242411753,0.36269510437157204
536,1.6079999999999788,5.0,0.05678139838870247,0.005892468665217519,-0.011360330971979506,4.9999999999999964,0.04621401165532585,-0.007191742522371957,-0.00882446835226848,4.9999999999999964,0.04621401165532585,-0.007191742522371957,-0.00882446835226848,0.0,0.0,5.0,0.05678139838870247,0.005892468665217519,-0.011360330971979506,0.0,0.0,4.9999999999999964,0.04621401165532585,-0.007191742522371957,-0.00882446835226848,0.0,0.0,-3.552713678800501e-15,-0.010567386733376621,-0.013084211187589477,0.0025358626197110254,0.6392455060695489,-0.41289976771206993,2.83054565197305,-0.0001313282861594669,-0.9619912497054725,0.27199287824631496,-0.02434527523505919,0.8848771931424814,0.6045786178031117,-0.7094174369380214,-2.9614785490414843,-3.0447058724455043,0.3552591049695123
537,1.6109999999999787,5.0,0.05752001922679713,0.006920629435385562,-0.011471730925236885,4.9999999999999964,0.047063845293341386,-0.006179604507406166,-0.009049280992508232,4.9999999999999964,0.047063845293341386,-0.006179604507406166,-0.009049280992508232,0.0,0.0,5.0,0.05752001922679713,0.006920629435385562,-0.011471730925236885,0.0,0.0,4.9999999999999964,0.047063845293341386,-0.006179604507406166,-0.009049280992508232,0.0,0.0,-3.552713678800501e-15,-0.010456173933455742,-0.013100233942791728,0.002422449932728653,0.6419017837570737,-0.41108664077696594,2.828381078395855,-0.003029134899242979,-0.9619411764158492,0.2725948710850913,-0.018762561540403268,0.8854258958416285,0.6043756450346622,-0.7215245257317585,-2.8805426553305407,-3.0541529736747424,0.34763588256211664
538,1.6139999999999786,5.0,0.05824862598509267,0.007945814995364347,-0.011572697180923592,4.9999999999999964,0.047905485243163556,-0.005164809852250688,-0.00926586318681761,4.9999999999999964,0.047905485243163556,-0.005164809852250688,-0.00926586318681761,0.0,0.0,5.0,0.05824862598509267,0.007945814995364347,-0.011572697180923592,0.0,0.0,4.9999999999999964,0.047905485243163556,-0.005164809852250688,-0.00926586318681761,0.0,0.0,-3.552713678800501e-15,-0.010343140741929116,-0.013110624847615035,0.0023068339941059827,0.644559255960657,-0.4092742157071978,2.826180169378455,-0.005805434768155043,-0.9618569336115268,0.2731725742657653,-0.013201547621368222,0.885824067861101,0.6041416899227132,-0.73363633913328,-2.798441783323719,-3.0618415528655785,0.33983225750700313
539,1.6169999999999785,5.0,0.05896709181512286,0.008967584613201329,-0.01166313790883687,4.9999999999999964,0.0487387849775531,-0.0041477948217606515,-0.009474017950702348,4.9999999999999964,0.0487387849775531,-0.0041477948217606515,-0.009474017950702348,0.0,0.0,5.0,0.05896709181512286,0.008967584613201329,-0.01166313790883687,0.0,0.0,4.9999999999999964,0.0487387849775531,-0.0041477948217606515,-0.009474017950702348,0.0,0.0,-3.552713678800501e-15,-0.010228306837569756,-0.01311537943496198,0.002189119958134523,0.6472174748602705,-0.4074625767873556,2.8239429165080625,-0.008459132431593061,-0.9617397779358607,0.273726656630137,-0.007665511364135689,0.8860729665378134,0.6038796399474038,-0.7457509567975363,-2.7151943058598107,-3.0677710942917673,0.3318552143569086
540,1.6199999999999783,5.0,0.0596752916339295,0.00998549902547325,-0.011742970851886726,4.9999999999999964,0.04956359942127971,-0.003128996635340676,-0.009673555964532446,4.9999999999999964,0.04956359942127971,-0.003128996635340676,-0.009673555964532446,0.0,0.0,5.0,0.0596752916339295,0.00998549902547325,-0.011742970851886726,0.0,0.0,4.9999999999999964,0.04956359942127971,-0.003128996635340676,-0.009673555964532446,0.0,0.0,-3.552713678800501e-15,-0.010111692212649785,-0.013114495660813926,0.0020694148873542807,0.6498759967326665,-0.4056517996459169,2.8216693169296,-0.010989173783473964,-0.9615909942103156,0.27425780244423964,-0.0021577098114447203,0.8861739574653529,0.6035923804795559,-0.757866526154282,-2.630818640043296,-3.0719420389512715,0.32371189550769275
541,1.6229999999999782,5.0,0.06037310214583932,0.010999120626126808,-0.011812123400909867,4.9999999999999964,0.05037978497637923,-0.0021088532789822374,-0.009864295745730972,4.9999999999999964,0.05037978497637923,-0.0021088532789822374,-0.009864295745730972,0.0,0.0,5.0,0.06037310214583932,0.010999120626126808,-0.011812123400909867,0.0,0.0,4.9999999999999964,0.05037978497637923,-0.0021088532789822374,-0.009864295745730972,0.0,0.0,-3.552713678800501e-15,-0.009993317169460086,-0.013107973905109045,0.0019478276551788947,0.6525343822694468,-0.4038419512661631,2.8193593731368023,-0.013394545492168815,-0.9614118926601127,0.27476671113360673,0.0033186225425348246,0.8861285122601179,0.6032827932512563,-0.7699812642659031,-2.5453332371462802,-3.0743557811065574,0.3154095947027498
542,1.6259999999999781,5.0,0.06106040186392926,0.012008013654608537,-0.011870532660708743,4.9999999999999964,0.05118719954715368,-0.0010878033169715513,-0.010046063813834978,4.9999999999999964,0.05118719954715368,-0.0010878033169715513,-0.010046063813834978,0.0,0.0,5.0,0.06106040186392926,0.012008013654608537,-0.011870532660708743,0.0,0.0,4.9999999999999964,0.05118719954715368,-0.0010878033169715513,-0.010046063813834978,0.0,0.0,-3.552713678800501e-15,-0.009873202316775583,-0.013095816971580089,0.0018244688468737648,0.6551921968882302,-0.4020330900014525,2.8170130927582373,-0.0156742743758269,-0.9612038060590947,0.27525409700046083,0.008760275381681799,0.8859382062611278,0.6029537549035549,-0.7820934595215936,-2.4587565729799064,-3.075014663987467,0.3069557503997374
543,1.628999999999978,5.0,0.06173707113117703,0.013011744383199556,-0.011918145507255609,4.9999999999999964,0.05198570256490974,-6.628570334871902e-05,-0.010218694848278373,4.9999999999999964,0.05198570256490974,-6.628570334871902e-05,-0.010218694848278373,0.0,0.0,5.0,0.06173707113117703,0.013011744383199556,-0.011918145507255609,0.0,0.0,4.9999999999999964,0.05198570256490974,-6.628570334871902e-05,-0.010218694848278373,0.0,0.0,-3.552713678800501e-15,-0.009751368566267293,-0.013078030086548275,0.0016994506589772355,0.6578490110367472,-0.4002252655946112,2.8146304883387447,-0.01782742673659271,-0.9609680867976639,0.27572068892268514,0.014164064119789046,0.8856047161723581,0.6026081356137672,-0.7942014731641387,-2.3711071387538585,-3.073921974667214,0.2983579390056547
544,1.631999999999978,5.0,0.06240299214129308,0.014009881303477453,-0.011954918636009533,4.9999999999999964,0.05277515501243137,0.0009552604068005946,-0.010382031838753261,4.9999999999999964,0.05277515501243137,0.0009552604068005946,-0.010382031838753261,0.0,0.0,5.0,0.06240299214129308,0.014009881303477453,-0.011954918636009533,0.0,0.0,4.9999999999999964,0.05277515501243137,0.0009552604068005946,-0.010382031838753261,0.0,0.0,-3.552713678800501e-15,-0.009627837128861706,-0.013054620896676859,0.0015728867972562722,0.6605044004897169,-0.3984185192011976,2.812211577116807,-0.019853107656686474,-0.9607061038777706,0.27616723003443455,0.01952683137313231,0.8851298176565568,0.6022487978045286,-0.806303740645937,-2.282403432440979,-3.0710819381231733,0.28962386798642237
545,1.6349999999999778,5.0,0.0630580489592304,0.015001995311823025,-0.011980818601302496,4.9999999999999964,0.05355541944818233,0.0019763958461399577,-0.010535926228012976,4.9999999999999964,0.05355541944818233,0.0019763958461399577,-0.010535926228012976,0.0,0.0,5.0,0.0630580489592304,0.015001995311823025,-0.011980818601302496,0.0,0.0,4.9999999999999964,0.05355541944818233,0.0019763958461399577,-0.010535926228012976,0.0,0.0,-3.552713678800501e-15,-0.009502629511048064,-0.013025599465683067,0.0014448923732895205,0.6631579466383856,-0.3966128834163884,2.809756380798373,-0.02175046025947813,-0.960419239839041,0.2765944773882348,0.024845448352352414,0.8845153828895647,0.6018785949363915,-0.8183987728112541,-2.1926639506623884,-3.0664997104952,0.2807613688572313
546,1.6379999999999777,5.0,0.06370212754136834,0.015987659893894928,-0.01199582184675868,4.9999999999999964,0.054326360030234375,0.002996681623882152,-0.010680238046986954,4.9999999999999964,0.054326360030234375,0.002996681623882152,-0.010680238046986954,0.0,0.0,5.0,0.06370212754136834,0.015987659893894928,-0.01199582184675868,0.0,0.0,4.9999999999999964,0.054326360030234375,0.002996681623882152,-0.010680238046986954,0.0,0.0,-3.552713678800501e-15,-0.009375767511133962,-0.012990978270012776,0.0013155837997717267,0.6658092367726381,-0.3948083823052322,2.807264925327667,-0.023518664938835802,-0.9601088876202285,0.277003201598413,0.030116816172557882,0.8837633780841874,0.6015003703854022,-0.8304851569020648,-2.1019071811068217,-3.060181371555247,0.27177839006003596
547,1.6409999999999776,5.0,0.06433511575536753,0.016966451307989443,-0.011999914726719315,4.9999999999999964,0.055087842539916984,0.004015679114513382,-0.010814836042084533,4.9999999999999964,0.055087842539916984,0.004015679114513382,-0.010814836042084533,0.0,0.0,5.0,0.06433511575536753,0.016966451307989443,-0.011999914726719315,0.0,0.0,4.9999999999999964,0.055087842539916984,0.004015679114513382,-0.010814836042084533,0.0,0.0,-3.552713678800501e-15,-0.009247273215450547,-0.01295077219347606,0.001185078684634782,0.6684578643556162,-0.39300503143601206,2.8047372406555113,-0.025156938560172048,-0.9597764473602654,0.2773941864656927,0.035337867080857274,0.8828758609926626,0.6011169564067148,-0.8425615573852002,-2.0101515954961835,-3.0521339164030388,0.2626829897346695
548,1.6439999999999775,5.0,0.06495690339969168,0.0179379487672093,-0.011993093518653606,4.9999999999999964,0.05583973440518446,0.005032950246360362,-0.010939597794571905,4.9999999999999964,0.05583973440518446,0.005032950246360362,-0.010939597794571905,0.0,0.0,5.0,0.06495690339969168,0.0179379487672093,-0.011993093518653606,0.0,0.0,4.9999999999999964,0.05583973440518446,0.005032950246360362,-0.010939597794571905,0.0,0.0,-3.552713678800501e-15,-0.009117168994507222,-0.01290499852084894,0.0010534957240817006,0.6711034292908064,-0.39120283791645727,2.802173360505715,-0.026664533636744304,-0.9594233231432705,0.2777682285827795,0.04050556560083589,0.8818549783967161,0.6007311731849297,-0.8546267165988626,-1.9174156431075953,-3.0423652464034894,0.25348332839015764
549,1.6469999999999774,5.0,0.06556738222279339,0.01890173462036124,-0.011975364426544406,4.9999999999999964,0.056581904723696355,0.006048057689919349,-0.01105440983191364,4.9999999999999964,0.056581904723696355,0.006048057689919349,-0.01105440983191364,0.0,0.0,5.0,0.06556738222279339,0.01890173462036124,-0.011975364426544406,0.0,0.0,4.9999999999999964,0.056581904723696355,0.006048057689919349,-0.01105440983191364,0.0,0.0,-3.552713678800501e-15,-0.008985477499097033,-0.012853676930441892,0.0009209545946307664,0.6737455381815887,-0.3894018004325429,2.799573322140064,-0.028040737484889618,-0.9590509196919387,0.27812613692075305,0.04561690959379943,0.880702963594122,0.6003458279714531,-0.8666794552169199,-1.8237177448604431,-3.0308841593824782,0.24418766148289386
550,1.6499999999999773,5.0,0.06616644594196046,0.01985739453150716,-0.011946743575245632,4.9999999999999964,0.05731422428560724,0.00706056504586603,-0.011159167730977528,4.9999999999999964,0.05731422428560724,0.00706056504586603,-0.011159167730977528,0.0,0.0,5.0,0.06616644594196046,0.01985739453150716,-0.011946743575245632,0.0,0.0,4.9999999999999964,0.05731422428560724,0.00706056504586603,-0.011159167730977528,0.0,0.0,-3.552713678800501e-15,-0.008852221656353215,-0.01279682948564113,0.0007875758442681038,0.6763838045832603,-0.3876019092896165,2.7969371661224747,-0.029284871361987555,-0.9586606390137988,0.278468732396073,0.05066893123691616,0.8794221338905626,0.5999637143087916,-0.8787186725297231,-1.7290762879751662,-3.0177003390984325,0.23480433190843053
551,1.6529999999999772,5.0,0.06675399026181932,0.02080451765808835,-0.011907256995816464,4.9999999999999964,0.058036565596061754,0.008070037032665652,-0.011253776213008854,4.9999999999999964,0.058036565596061754,0.008070037032665652,-0.011253776213008854,0.0,0.0,5.0,0.06675399026181932,0.02080451765808835,-0.011907256995816464,0.0,0.0,4.9999999999999964,0.058036565596061754,0.008070037032665652,-0.011253776213008854,0.0,0.0,-3.552713678800501e-15,-0.008717424665757562,-0.012734480625422697,0.0006534807828076101,0.6790178492475766,-0.3858031464555926,2.794264936082853,-0.030396289591048738,-0.9582538770048781,0.27879684741799465,0.055658697918698034,0.8780148881054316,0.599587611341299,-0.8907433465405133,-1.6335096212087363,-3.0028243440079914,0.22534176241371098
552,1.655999999999977,5.0,0.0673299128924928,0.021742696827548914,-0.011856940601845754,4.9999999999999964,0.05874880289739113,0.009076039673702511,-0.011338149230287742,4.9999999999999964,0.05874880289739113,0.009076039673702511,-0.011338149230287742,0.0,0.0,5.0,0.0673299128924928,0.021742696827548914,-0.011856940601845754,0.0,0.0,4.9999999999999964,0.05874880289739113,0.009076039673702511,-0.011338149230287742,0.0,0.0,-3.552713678800501e-15,-0.008581109995101664,-0.012666657153846402,0.0005187913715580111,0.6816473003598766,-0.3840054856059581,2.7915566784812227,-0.03137437867591978,-0.9578320200153555,0.2791113254161826,0.06058331305256926,0.8764837041000354,0.5992202832114996,-0.9027525338767997,-1.5370360506699932,-2.986267595344787,0.21580844793664822
553,1.658999999999977,5.0,0.06789411356740833,0.022671528712380484,-0.011795840156788116,4.9999999999999964,0.05945081219100727,0.01007814048384851,-0.011412210044390747,4.9999999999999964,0.05945081219100727,0.01007814048384851,-0.011412210044390747,0.0,0.0,5.0,0.06789411356740833,0.022671528712380484,-0.011795840156788116,0.0,0.0,4.9999999999999964,0.05945081219100727,0.01007814048384851,-0.011412210044390747,0.0,0.0,-3.552713678800501e-15,-0.008443301376401063,-0.012593388228531975,0.0003836301123973686,0.6842717937688859,-0.38220889217033593,2.7888124423726737,-0.032218556411178115,-0.9573964413818222,0.2794130203482984,0.06543991680957649,0.8748311363364255,0.5988644785407157,-0.9147453695163885,-1.439673836216207,-2.9680423645311205,0.20621294788001485
554,1.6619999999999768,5.0,0.06844649406075416,0.023590614003515507,-0.011724011232341442,4.9999999999999964,0.06014247125899057,0.01107590865539042,-0.011475891295985502,4.9999999999999964,0.06014247125899057,0.01107590865539042,-0.011475891295985502,0.0,0.0,5.0,0.06844649406075416,0.023590614003515507,-0.011724011232341442,0.0,0.0,4.9999999999999964,0.06014247125899057,0.01107590865539042,-0.011475891295985502,0.0,0.0,-3.552713678800501e-15,-0.008304022801763594,-0.012514705348125087,0.00024811993635594047,0.6868909732093105,-0.38041332338035894,2.7860322791736896,-0.03292827099086179,-0.956948497930792,0.27970279618732996,0.07022568677159714,0.8730598134748416,0.5985229299923334,-0.9267210663280303,-1.3414411884304667,-2.9481617599429675,0.19656387832667324
555,1.6649999999999767,5.0,0.06898695820458017,0.024499557581991387,-0.011641519157903641,4.9999999999999964,0.0608236596853677,0.012068915243236151,-0.01152913506609497,4.9999999999999964,0.0608236596853677,0.012068915243236151,-0.01152913506609497,0.0,0.0,5.0,0.06898695820458017,0.024499557581991387,-0.011641519157903641,0.0,0.0,4.9999999999999964,0.0608236596853677,0.012068915243236151,-0.01152913506609497,0.0,0.0,-3.552713678800501e-15,-0.008163298519212471,-0.012430642338755236,0.00011238409180867187,0.6895044905173628,-0.37861872831861204,2.783216242430409,-0.03350300012024039,-0.9564895264581298,0.27998152638841994,0.07493783850670059,0.8711724360174561,0.5981983539156409,-0.9386789144269236,-1.2423562661777148,-2.926639713049416,0.1868699042032276
556,1.6679999999999766,5.0,0.06951541190554043,0.025397968688814263,-0.011548438961154699,4.9999999999999964,0.06149425887707574,0.013056733349320181,-0.011571892928775541,4.9999999999999964,0.06149425887707574,0.013056733349320181,-0.011571892928775541,0.0,0.0,5.0,0.06951541190554043,0.025397968688814263,-0.011548438961154699,0.0,0.0,4.9999999999999964,0.06149425887707574,0.013056733349320181,-0.011571892928775541,0.0,0.0,-3.552713678800501e-15,-0.008021153028464692,-0.012341235339494081,-2.3453967620842495e-05,0.6921120058393803,-0.37682504796840866,2.780364387589372,-0.033942250134883015,-0.9560208401890777,0.2802500933349422,0.07957362606860942,0.8691717740057946,0.5978934500677875,-0.9506182803455753,-1.1424371747354962,-2.9034909639482125,0.17713973139922407
557,1.6709999999999765,5.0,0.0700317631612747,0.02628546109294745,-0.011444855299817938,4.9999999999999964,0.062154152084608866,0.014038938306129007,-0.011604125995161111,4.9999999999999964,0.062154152084608866,0.014038938306129007,-0.011604125995161111,0.0,0.0,5.0,0.0700317631612747,0.02628546109294745,-0.011444855299817938,0.0,0.0,4.9999999999999964,0.062154152084608866,0.014038938306129007,-0.011604125995161111,0.0,0.0,-3.552713678800501e-15,-0.007877611076665833,-0.012246522786818445,-0.00015927069534317322,0.6947131878337168,-0.37503221526417563,2.77747677177131,-0.03424555513131757,-0.9555437252235668,0.280509387763565,0.08413034242249434,0.8670606647788599,0.5976109014110157,-0.9625386060207566,-1.04170196449378,-2.8787310463196647,0.16738209884906877
558,1.6739999999999764,5.0,0.07053592207642569,0.027161653257354874,-0.011330862384662656,4.9999999999999964,0.06280322442234416,0.01501510785926758,-0.01162580494883303,4.9999999999999964,0.06280322442234416,0.01501510785926758,-0.01162580494883303,0.0,0.0,5.0,0.07053592207642569,0.027161653257354874,-0.011330862384662656,0.0,0.0,4.9999999999999964,0.06280322442234416,0.01501510785926758,-0.01162580494883303,0.0,0.0,-3.552713678800501e-15,-0.007732697654081522,-0.012146545398087294,-0.00029494256417037304,0.6973077138661127,-0.3732401551422298,2.7745534535485175,-0.034412476113603326,-0.9550594369715055,0.28076030816803377,0.08860531979961511,0.86484201079861,0.5973533739819392,-0.9744394075975255,-0.9401686302164821,-2.852376271821654,0.15760577058386566
559,1.6769999999999763,5.0,0.07102780087828965,0.028026168503024945,-0.01120656389381815,4.9999999999999964,0.0634413628885429,0.01598482234898847,-0.011636910072483792,4.9999999999999964,0.0634413628885429,0.01598482234898847,-0.011636910072483792,0.0,0.0,5.0,0.07102780087828965,0.028026168503024945,-0.01120656389381815,0.0,0.0,4.9999999999999964,0.0634413628885429,0.01598482234898847,-0.011636910072483792,0.0,0.0,-3.552713678800501e-15,-0.007586437989746758,-0.012041346154036476,-0.00043034617866564116,0.6998952701987597,-0.371448784591742,2.771594492726363,-0.03444260016015433,-0.954569196582736,0.28100376018139794,0.09299592998359027,0.8625187775490395,0.5971235168292556,-0.9863202740514959,-0.8378551108556855,-2.8244437139489893,0.14781952776040336
560,1.6799999999999762,5.0,0.07150731393209732,0.0288786351709069,-0.011072072878476962,4.9999999999999964,0.06406845638502377,0.016947664890605472,-0.011637431265850201,4.9999999999999964,0.06406845638502377,0.016947664890605472,-0.011637431265850201,0.0,0.0,5.0,0.07150731393209732,0.0288786351709069,-0.011072072878476962,0.0,0.0,4.9999999999999964,0.06406845638502377,0.016947664890605472,-0.011637431265850201,0.0,0.0,-3.552713678800501e-15,-0.007438857547073546,-0.011930970280301427,-0.0005653583873732396,0.7024755521733038,-0.36965801270569426,2.768599950129471,-0.03433553961515627,-0.9540741873763423,0.28124065593639996,0.09729958453133974,0.8600939915146834,0.5969239620159107,-0.9981808656307353,-0.7347792899078979,-2.7949511913807634,0.13803216067454305
561,1.682999999999976,5.0,0.0719743777559228,0.029718686781688115,-0.01092751166007335,4.9999999999999964,0.06468439573650486,0.01790322155371427,-0.0116273680548997,4.9999999999999964,0.06468439573650486,0.01790322155371427,-0.0116273680548997,0.0,0.0,5.0,0.0719743777559228,0.029718686781688115,-0.01092751166007335,0.0,0.0,4.9999999999999964,0.06468439573650486,0.01790322155371427,-0.0116273680548997,0.0,0.0,-3.552713678800501e-15,-0.00728998201941794,-0.011815465227973845,-0.0006998563948263509,0.7050482643880356,-0.3678677407316502,2.7655698873931147,-0.034090931308912664,-0.9535755512739847,0.28147191340374156,0.10151373493199556,0.8575707382439113,0.5967573246813652,-1.0100209121188513,-0.6309589963001316,-2.7639172508397807,0.12825246076627006
562,1.685999999999976,5.0,0.07242891103521736,0.030545962193346154,-0.010773011719030199,4.9999999999999964,0.06528907370961073,0.018851081540142933,-0.011606729592261507,4.9999999999999964,0.06528907370961073,0.018851081540142933,-0.011606729592261507,0.0,0.0,5.0,0.07242891103521736,0.030545962193346154,-0.010773011719030199,0.0,0.0,4.9999999999999964,0.06528907370961073,0.018851081540142933,-0.011606729592261507,0.0,0.0,-3.552713678800501e-15,-0.007139837325606621,-0.011694880653203222,-0.0008337178732313079,0.7076131208695413,-0.3660778621221724,2.7625043667603517,-0.03370843581143815,-0.9530743852419253,0.28169845570793606,0.10563587270731584,0.8549521605019034,0.5966262031592537,-1.0218402109209999,-0.5264120057920352,-2.7313611494884724,0.11848921262368409
563,1.6889999999999759,5.0,0.07287083463696625,0.031360105756404764,-0.010608713575175776,4.9999999999999964,0.06588238503154147,0.019790837360556,-0.011575534648902172,4.9999999999999964,0.06588238503154147,0.019790837360556,-0.011575534648902172,0.0,0.0,5.0,0.07287083463696625,0.031360105756404764,-0.010608713575175776,0.0,0.0,4.9999999999999964,0.06588238503154147,0.019790837360556,-0.011575534648902172,0.0,0.0,-3.552713678800501e-15,-0.0069884496054247874,-0.011569268395848764,-0.0009668210737263962,0.7101698452390944,-0.3642882625847363,2.7594034508854275,-0.03318773672358789,-0.9525717377463936,0.2819212104204562,0.109663529457366,0.8522414565177012,0.5965331791453776,-1.033638624974699,-0.4211560428788347,-2.6973028368860397,0.10875118599319833
564,1.6919999999999757,5.0,0.07330007162346551,0.03216076746682947,-0.010434766659939006,4.9999999999999964,0.06646422640840037,0.02072208500963598,-0.01153381159705313,4.9999999999999964,0.06646422640840037,0.02072208500963598,-0.01153381159705313,0.0,0.0,5.0,0.07330007162346551,0.03216076746682947,-0.010434766659939006,0.0,0.0,4.9999999999999964,0.06646422640840037,0.02072208500963598,-0.01153381159705313,0.0,0.0,-3.552713678800501e-15,-0.006835845215065139,-0.01143868245719349,-0.0010990449371141246,0.7127181708740821,-0.3624988201310044,2.756267202643965,-0.03252854000997128,-0.9520686052269294,0.28214110882988513,0.11359427685544679,0.8494418783292103,0.5964808179106312,-1.0454160804874755,-0.31520878317841916,-2.6617629365318582,0.09904712780321835
565,1.6949999999999756,5.0,0.07371654726571653,0.03294760311649541,-0.010251329180439549,4.9999999999999964,0.06703449654317717,0.021644424139767096,-0.011481598384405758,4.9999999999999964,0.06703449654317717,0.021644424139767096,-0.011481598384405758,0.0,0.0,5.0,0.07371654726571653,0.03294760311649541,-0.010251329180439549,0.0,0.0,4.9999999999999964,0.06703449654317717,0.021644424139767096,-0.011481598384405758,0.0,0.0,-3.552713678800501e-15,-0.006682050722539357,-0.011303178976728313,-0.0012302692039662094,0.7152578410647705,-0.360709405125345,2.7530956849504546,-0.031730573377846856,-0.9515659285923198,0.2823590851887796,0.11742572659645184,0.8465567302294953,0.5964716685531322,-1.0571725645035,-0.20858785628453946,-2.62476272702043,0.08938575420855363
566,1.6979999999999755,5.0,0.07412018905643628,0.03372027444116476,-0.010058567975596152,4.9999999999999964,0.06759309615338356,0.022557458233146494,-0.011418942499597429,4.9999999999999964,0.06759309615338356,0.022557458233146494,-0.011418942499597429,0.0,0.0,5.0,0.07412018905643628,0.03372027444116476,-0.010058567975596152,0.0,0.0,4.9999999999999964,0.06759309615338356,0.022557458233146494,-0.011418942499597429,0.0,0.0,-3.552713678800501e-15,-0.006527092903052714,-0.011162816208018265,-0.0013603745240012774,0.717788609166722,-0.3589198803324945,2.7498889605835504,-0.030793585706132803,-0.9510645897437362,0.28257607593695927,0.12115553030302618,0.8435893673171547,0.5965082642835037,-1.0689081223014822,-0.10131084906679232,-2.586324122833376,0.07977574266280058
567,1.7009999999999754,5.0,0.07451092672268048,0.03447844926590755,-0.009856658364384482,4.9999999999999964,0.068139927988338,0.02346079477224913,-0.011345900929019942,4.9999999999999964,0.068139927988338,0.02346079477224913,-0.011345900929019942,0.0,0.0,5.0,0.07451092672268048,0.03447844926590755,-0.009856658364384482,0.0,0.0,4.9999999999999964,0.068139927988338,0.02346079477224913,-0.011345900929019942,0.0,0.0,-3.552713678800501e-15,-0.006370998734342478,-0.011017654493658418,-0.00148924256463546,0.720310238749181,-0.35713010096428366,2.7466470920196717,-0.029717346528593785,-0.9505654081296586,0.28279301890093994,0.1247813793940723,0.8405431941529934,0.5965931227369525,-1.0806228546262096,0.006604690603173077,-2.5464696547941674,0.07022572402590585
568,1.7039999999999753,5.0,0.07488869223807813,0.03522180164790541,-0.00964578398638201,4.9999999999999964,0.06867489684609678,0.02435404540857281,-0.011262540104989609,4.9999999999999964,0.06867489684609678,0.02435404540857281,-0.011262540104989609,0.0,0.0,5.0,0.07488869223807813,0.03522180164790541,-0.00964578398638201,0.0,0.0,4.9999999999999964,0.06867489684609678,0.02435404540857281,-0.011262540104989609,0.0,0.0,-3.552713678800501e-15,-0.006213795391981358,-0.010867756239332598,-0.0016167561186075981,0.7228225037397549,-0.3553399147253672,2.743370141275403,-0.028501645575180357,-0.9500691373371624,0.28301085246923874,0.1283010049203096,0.8374216635246279,0.5967287463054872,-1.0923169147562044,0.11514124972093359,-2.5052224502114298,0.06074427471409107
569,1.7069999999999752,5.0,0.07525341983467455,0.03595001201657542,-0.009426136634745312,4.9999999999999964,0.06919790959002844,0.025236826129591005,-0.011168935845326152,4.9999999999999964,0.06919790959002844,0.025236826129591005,-0.011168935845326152,0.0,0.0,5.0,0.07525341983467455,0.03595001201657542,-0.009426136634745312,0.0,0.0,4.9999999999999964,0.06919790959002844,0.025236826129591005,-0.011168935845326152,0.0,0.0,-3.552713678800501e-15,-0.006055510244646109,-0.010713185886984413,-0.0017427992105808407,0.725325188565715,-0.3535491618579172,2.740058169759173,-0.027146292375402302,-0.9495764617241291,0.2832305147432886,0.131712177371738,0.8342282753200644,0.5969176224833392,-1.1039905054100745,0.2242813456368631,-2.462606212736797,0.051339908899278947
570,1.709999999999975,5.0,0.0756050460143815,0.0366627673109557,-0.009197916081771557,4.9999999999999964,0.06970887516502865,0.02610875742384155,-0.01106517328439535,4.9999999999999964,0.06970887516502865,0.02610875742384155,-0.01106517328439535,0.0,0.0,5.0,0.0756050460143815,0.0366627673109557,-0.009197916081771557,0.0,0.0,4.9999999999999964,0.06970887516502865,0.02610875742384155,-0.01106517328439535,0.0,0.0,-3.552713678800501e-15,-0.005896170849352858,-0.010554009887114149,-0.0018672572026237934,0.727818088292247,-0.351757675185262,2.73671123813269,-0.025651115927511087,-0.9490879930969337,0.2834529426637124,0.1350127064619842,0.8309665755106799,0.5971622242183808,-1.115643875494209,0.3340075211858,-2.4186452019633706,0.042021070765116006
571,1.712999999999975,5.0,0.07594350956003201,0.03735976111429122,-0.008961329897202755,4.9999999999999964,0.07020770461337256,0.026969464444080382,-0.010951346795678146,4.9999999999999964,0.07020770461337256,0.026969464444080382,-0.010951346795678146,0.0,0.0,5.0,0.07594350956003201,0.03735976111429122,-0.008961329897202755,0.0,0.0,4.9999999999999964,0.07020770461337256,0.026969464444080382,-0.010951346795678146,0.0,0.0,-3.552713678800501e-15,-0.005735804946659456,-0.010390296670210838,-0.0019900168984753903,0.7303010087579773,-0.3499652801544758,2.7333294061826066,-0.024015964437150452,-0.9486042674381522,0.2836790711117263,0.13820044089462263,0.8276401552434209,0.597465010262078,-1.1272773166945578,0.4443023394835371,-2.3733642127909205,0.032796126826635894
572,1.7159999999999749,5.0,0.076268751546038,0.038040693785764045,-0.008716593259438361,4.9999999999999964,0.07069431109020217,0.02781857716843009,-0.010827559905936679,4.9999999999999964,0.07069431109020217,0.02781857716843009,-0.010827559905936679,0.0,0.0,5.0,0.076268751546038,0.038040693785764045,-0.008716593259438361,0.0,0.0,4.9999999999999964,0.07069431109020217,0.02781857716843009,-0.010827559905936679,0.0,0.0,-3.552713678800501e-15,-0.005574440455835827,-0.010222116617333955,-0.0021109666464983173,0.7327737667081016,-0.348171794877945,2.7299127327028607,-0.022240705129007263,-0.9481257416888295,0.2839098319854569,0.14127326811665694,0.8242526500414078,0.5978284255102744,-1.138891159915308,0.5551483784157227,-2.3267885545839855,0.023673358320551424
573,1.7189999999999748,5.0,0.07658071534864928,0.03870527258930978,-0.008463928759827453,4.9999999999999964,0.07116860987864577,0.028655730559454008,-0.010693925201055257,4.9999999999999964,0.07116860987864577,0.028655730559454008,-0.010693925201055257,0.0,0.0,5.0,0.07658071534864928,0.03870527258930978,-0.008463928759827453,0.0,0.0,4.9999999999999964,0.07116860987864577,0.028655730559454008,-0.010693925201055257,0.0,0.0,-3.552713678800501e-15,-0.005412105470003509,-0.010049542029855772,-0.002229996441227804,0.735236189925436,-0.3463770301739643,2.7264612753881585,-0.02032522413485751,-0.9476527905898477,0.28414615325098386,0.14422911406442868,0.8208077391114968,0.5982549013268801,-1.1504857715673524,0.666528224845503,-2.2789440301490473,0.014660953673094258
574,1.7219999999999747,5.0,0.07687934665581145,0.03935321181946688,-0.008203566200218854,4.9999999999999964,0.07163051840456691,0.029480564721087434,-0.010550564223641947,4.9999999999999964,0.07163051840456691,0.029480564721087434,-0.010550564223641947,0.0,0.0,5.0,0.07687934665581145,0.03935321181946688,-0.008203566200218854,0.0,0.0,4.9999999999999964,0.07163051840456691,0.029480564721087434,-0.010550564223641947,0.0,0.0,-3.552713678800501e-15,-0.005248828251244536,-0.009872647098379449,-0.0023469980234230928,0.7376881173597062,-0.34458078960643734,2.72297509073903,-0.01826942646125508,-0.9471857035869348,0.28438895796794256,0.14706594290727967,0.8173091447567161,0.598746855842328,-1.1620615497095188,0.7784244685669157,-2.2298569145569522,0.005767001052255635
575,1.7249999999999746,5.0,0.07716459347662148,0.03998423292420224,-0.00793574238395317,4.9999999999999964,0.07207995625094035,0.030292725053358636,-0.010397607362483895,4.9999999999999964,0.07207995625094035,0.030292725053358636,-0.010397607362483895,0.0,0.0,5.0,0.07716459347662148,0.03998423292420224,-0.00793574238395317,0.0,0.0,4.9999999999999964,0.07207995625094035,0.030292725053358636,-0.010397607362483895,0.0,0.0,-3.552713678800501e-15,-0.0050846372256811295,-0.0096915078708436,-0.0024618649785307246,0.7401293992553787,-0.34278286952378195,2.719454233978893,-0.01607323603995333,-0.9467246818038639,0.28463916328955297,0.1497817567943397,0.8137606318908426,0.5993066942184692,-1.1736189200456146,0.8908196960316523,-2.179553933836666,-0.0030005189887970327
576,1.7279999999999744,5.0,0.07743640615037926,0.040598064624662214,-0.0076607009004869345,4.9999999999999964,0.07251684517185242,0.03109186240483299,-0.010235193733956916,4.9999999999999964,0.07251684517185242,0.03109186240483299,-0.010235193733956916,0.0,0.0,5.0,0.07743640615037926,0.040598064624662214,-0.0076607009004869345,0.0,0.0,4.9999999999999964,0.07251684517185242,0.03109186240483299,-0.010235193733956916,0.0,0.0,-3.552713678800501e-15,-0.004919560978526846,-0.009506202219829223,-0.0025744928334699817,0.7425598972783339,-0.34098305909716775,2.7158987589835517,-0.01373659586398212,-0.9462698350884036,0.2848976794369733,0.1523745956098375,0.8101660076517428,0.599936808871404,-1.1851583317804288,1.003696483877276,-2.1280622435664336,-0.011633740770437315
577,1.7309999999999743,5.0,0.07769473735523334,0.041194443031796216,-0.007378691903844487,4.9999999999999964,0.07294110910612343,0.03187763322271479,-0.01006347105549724,4.9999999999999964,0.07294110910612343,0.03187763322271479,-0.01006347105549724,0.0,0.0,5.0,0.07769473735523334,0.041194443031796216,-0.007378691903844487,0.0,0.0,4.9999999999999964,0.07294110910612343,0.03187763322271479,-0.01006347105549724,0.0,0.0,-3.552713678800501e-15,-0.004753628249109909,-0.00931680980908143,-0.002684779151652753,0.7449794846416623,-0.339181140358237,2.712308718223538,-0.011259468212125465,-0.9458211791355929,0.2851654086479149,0.1548425367423416,0.8065291211094479,0.6006395796435898,-1.196680253337924,1.117037392285425,-2.075409407388271,-0.020124920640826677
578,1.7339999999999742,5.0,0.07793954211641954,0.041773111759804464,-0.007089971885099647,4.9999999999999964,0.07335267419054976,0.032649699700542094,-0.009882595511250465,4.9999999999999964,0.07335267419054976,0.032649699700542094,-0.009882595511250465,0.0,0.0,5.0,0.07793954211641954,0.041773111759804464,-0.007089971885099647,0.0,0.0,4.9999999999999964,0.07335267419054976,0.032649699700542094,-0.009882595511250465,0.0,0.0,-3.552713678800501e-15,-0.004586867925869778,-0.00912341205926237,-0.002792623626150818,0.7473880462308552,-0.3373768882364877,2.7086841627197034,-0.008641834964357924,-0.9453786326929394,0.2854432440994954,0.1571836948733294,0.8028538630642819,0.6014173739164289,-1.2081851679449593,1.2308249581988455,-2.021623375471623,-0.028466444019185244
579,1.7369999999999741,5.0,0.07817077781409094,0.04233382203635897,-0.006794803439093401,4.9999999999999964,0.07375146877276317,0.03340772992341135,-0.009692731610019918,4.9999999999999964,0.07375146877276317,0.03340772992341135,-0.009692731610019918,0.0,0.0,5.0,0.07817077781409094,0.04233382203635897,-0.006794803439093401,0.0,0.0,4.9999999999999964,0.07375146877276317,0.03340772992341135,-0.009692731610019918,0.0,0.0,-3.552713678800501e-15,-0.004419309041327771,-0.00892609211294762,-0.002897928170926517,0.7497854787286443,-0.33557007059652444,2.705025142012451,-0.005883698010600938,-0.9449420148521598,0.28573206880535407,0.15939622179045454,0.7991441659297135,0.6022725466544228,-1.2196735690839997,1.3450416884263274,-1.9667324629518543,-0.036650832321677394
580,1.739999999999974,5.0,0.07838840419073792,0.04287633280955211,-0.006493455025600316,4.9999999999999964,0.07413742342370536,0.03415139801066909,-0.00949405203564363,4.9999999999999964,0.07413742342370536,0.03415139801066909,-0.00949405203564363,0.0,0.0,5.0,0.07838840419073792,0.04287633280955211,-0.006493455025600316,0.0,0.0,4.9999999999999964,0.07413742342370536,0.03415139801066909,-0.00949405203564363,0.0,0.0,-3.552713678800501e-15,-0.004250980767032564,-0.008724934798883019,-0.003000597010043314,0.7521716907397261,-0.3337604482754088,2.701331704144996,-0.0029850797549539555,-0.9445110424321128,0.2860327544871007,0.16147830623084009,0.7954040036939505,0.6032074403718831,-1.231145955818391,1.4596700526647732,-1.9107653283690986,-0.04467074976361485
581,1.742999999999974,5.0,0.0785923833581968,0.043400410851525545,-0.006186200725160655,4.9999999999999964,0.07451047094971529,0.03488038425600951,-0.009286737489936006,4.9999999999999964,0.07451047094971529,0.03488038425600951,-0.009286737489936006,0.0,0.0,5.0,0.0785923833581968,0.043400410851525545,-0.006186200725160655,0.0,0.0,4.9999999999999964,0.07451047094971529,0.03488038425600951,-0.009286737489936006,0.0,0.0,-3.552713678800501e-15,-0.004081912408481506,-0.008520026595516032,-0.0031005367647753516,0.7545466029155871,-0.33194777512036944,2.6976038956610138,5.397628266062289e-05,-0.9440853274576065,0.286346160420226,0.1634281737596601,0.7916373919536507,0.6042243850131165,-1.2426028279939334,1.5746924764676977,-1.853750952132744,-0.05251901003178807
582,1.7459999999999738,5.0,0.07878267980424614,0.04390583085873654,-0.005873319989800397,4.9999999999999964,0.0748705464042275,0.035594375264917676,-0.009070976528337021,4.9999999999999964,0.0748705464042275,0.035594375264917676,-0.009070976528337021,0.0,0.0,5.0,0.07878267980424614,0.04390583085873654,-0.005873319989800397,0.0,0.0,4.9999999999999964,0.0748705464042275,0.035594375264917676,-0.009070976528337021,0.0,0.0,-3.552713678800501e-15,-0.003912133400018641,-0.008311455593818864,-0.0031976565385366243,0.7569101480796245,-0.3301317980271586,2.693841761617052,0.003233404765724949,-0.9436643747388035,0.2866731322546588,0.1652440866891933,0.7878483880124815,0.605325697736945,-1.2540446813206396,1.690091334189412,-1.7957186150366562,-0.060188582820857164
583,1.7489999999999737,5.0,0.0789592603987893,0.04439237554881659,-0.005555097388865604,4.9999999999999964,0.0752175870990791,0.03629306408939924,-0.008846965388418455,4.9999999999999964,0.0752175870990791,0.03629306408939924,-0.008846965388418455,0.0,0.0,5.0,0.0789592603987893,0.04439237554881659,-0.005555097388865604,0.0,0.0,4.9999999999999964,0.0752175870990791,0.03629306408939924,-0.008846965388418455,0.0,0.0,-3.552713678800501e-15,-0.003741673299710202,-0.00809931145941735,-0.0032918679995528515,0.7592622713527344,-0.3283122569793694,2.6900453456100357,0.006553117739746318,-0.943247579555982,0.28701450081021784,0.1669243440434335,0.784041091036624,0.6065136825964026,-1.2654720023387533,1.8058489419340438,-1.7366978768499608,-0.06767260022785812
584,1.7519999999999736,5.0,0.07912209439962224,0.044859835753982266,-0.005231822350202898,4.9999999999999964,0.07555153261542358,0.03697615035993881,-0.008614907811403111,4.9999999999999964,0.07555153261542358,0.03697615035993881,-0.008614907811403111,0.0,0.0,5.0,0.07912209439962224,0.044859835753982266,-0.005231822350202898,0.0,0.0,4.9999999999999964,0.07555153261542358,0.03697615035993881,-0.008614907811403111,0.0,0.0,-3.552713678800501e-15,-0.003570561784198664,-0.007883685394043459,-0.0033830854612002135,0.7616029302795104,-0.32648888508905605,2.6862146898202157,0.010013003729035073,-0.9428342254544629,0.28737108084727564,0.16846728157322585,0.7802196422586896,0.6077906301044401,-1.2768852632733008,1.9219475505383528,-1.67671855500795,-0.07496436299900548
585,1.7549999999999735,5.0,0.07927115345778583,0.0453080105109571,-0.004903788896920696,4.9999999999999964,0.07587232481424963,0.037643340414630175,-0.008375014856859361,4.9999999999999964,0.07587232481424963,0.037643340414630175,-0.008375014856859361,0.0,0.0,5.0,0.07927115345778583,0.0453080105109571,-0.004903788896920696,0.0,0.0,4.9999999999999964,0.07587232481424963,0.037643340414630175,-0.008375014856859361,0.0,0.0,-3.552713678800501e-15,-0.003398828643536203,-0.007664670096326924,-0.0034712259599386655,0.7639320949551731,-0.32466140863902654,2.6823498350698705,0.013612926730656652,-0.9424234821545548,0.2877436698130226,0.1698712718267639,0.7763882252208947,0.6091588166764984,-1.2882849167816814,2.038369338617009,-1.6158107034273537,-0.08205734662311155
586,1.7579999999999734,5.0,0.0794064116225011,0.04573670714736707,-0.00457129537997117,4.9999999999999964,0.07617990784650294,0.03829434742542287,-0.008127504710739558,4.9999999999999964,0.07617990784650294,0.03829434742542287,-0.008127504710739558,0.0,0.0,5.0,0.0794064116225011,0.04573670714736707,-0.00457129537997117,0.0,0.0,4.9999999999999964,0.07617990784650294,0.03829434742542287,-0.008127504710739558,0.0,0.0,-3.552713678800501e-15,-0.00322650377599816,-0.007442359721944201,-0.003556209330768388,0.7662497481533164,-0.32282954712720396,2.6784508208980733,0.017352725104835962,-0.9420144035814221,0.28813304656379785,0.1711347242801324,0.7725510660477333,0.6106205039408601,-1.2996713905990542,2.155096405698647,-1.5540045914699128,-0.08894520726607853
587,1.7609999999999733,5.0,0.07952784534568735,0.04614574136457105,-0.004234644206795983,4.9999999999999964,0.07647422816280937,0.038928891521430885,-0.007872602486936902,4.9999999999999964,0.07647422816280937,0.038928891521430885,-0.007872602486936902,0.0,0.0,5.0,0.07952784534568735,0.04614574136457105,-0.004234644206795983,0.0,0.0,4.9999999999999964,0.07647422816280937,0.038928891521430885,-0.007872602486936902,0.0,0.0,-3.552713678800501e-15,-0.003053617182877985,-0.007216849843140166,-0.0036379582801409184,0.7685558854545297,-0.3209930133134806,2.674517685651814,0.021232210361362493,-0.9416059260198324,0.288539970064035,0.17225608553241195,0.7687124337377835,0.6121779379077711,-1.3110450820865536,2.2721107654805692,-1.4913306830778192,-0.09562178754106596
588,1.7639999999999731,5.0,0.07963543348606175,0.046534937316891754,-0.0038941415662823824,4.9999999999999964,0.07675523452279777,0.03954669990925044,-0.007610540022541238,4.9999999999999964,0.07675523452279777,0.03954669990925044,-0.007610540022541238,0.0,0.0,5.0,0.07963543348606175,0.046534937316891754,-0.0038941415662823824,0.0,0.0,4.9999999999999964,0.07675523452279777,0.03954669990925044,-0.007610540022541238,0.0,0.0,-3.552713678800501e-15,-0.002880198963263983,-0.006988237407641311,-0.0037163984562588554,0.7708505153759208,-0.3191515132695153,2.6705504665937507,0.025251165841823228,-0.9411968663987932,0.28896517806245725,0.17323383956967653,0.7648766404637062,0.6138333479884347,-1.3224063526876835,2.389394339229449,-1.4278196161042083,-0.10208112210908403
589,1.766999999999973,5.0,0.07972915731282001,0.046904127687212326,-0.0035500971502804243,4.9999999999999964,0.07702287800402076,0.040147506990235136,-0.0073415556669800385,4.9999999999999964,0.07702287800402076,0.040147506990235136,-0.0073415556669800385,0.0,0.0,5.0,0.07972915731282001,0.046904127687212326,-0.0035500971502804243,0.0,0.0,4.9999999999999964,0.07702287800402076,0.040147506990235136,-0.0073415556669800385,0.0,0.0,-3.552713678800501e-15,-0.002706279308799256,-0.006756620696977189,-0.0037914585166996142,0.7731336595015275,-0.31730474643194995,2.666549200026855,0.029409345297777577,-0.9407859207111391,0.2894093857462493,0.17406650810201377,0.7610480418689177,0.6155889458551239,-1.3337555222985717,2.506928949354802,-1.3635021818614805,-0.10831744310492057
590,1.769999999999973,5.0,0.07980900050889736,0.04725315375890716,-0.003202823871933806,4.9999999999999964,0.07727711201047205,0.040731054474677945,-0.007065894065236302,4.9999999999999964,0.07727711201047205,0.040731054474677945,-0.007065894065236302,0.0,0.0,5.0,0.07980900050889736,0.04725315375890716,-0.003202823871933806,0.0,0.0,4.9999999999999964,0.07727711201047205,0.040731054474677945,-0.007065894065236302,0.0,0.0,-3.552713678800501e-15,-0.002531888498425311,-0.006522099284229213,-0.003863070193302496,0.7754053526135741,-0.31545240565954846,2.6625139214361804,0.03370647136528378,-0.9403716625731865,0.28987328437402665,0.17475265097747866,0.7572310373488746,0.6174469241338345,-1.3450928635581383,2.624696313181311,-1.2984093049097973,-0.11432518538346421
591,1.7729999999999728,5.0,0.07987494917380925,0.047581865484074615,-0.002852637581081079,4.9999999999999964,0.07751789228069862,0.041297091492851226,-0.0067838059353405675,4.9999999999999964,0.07751789228069862,0.041297091492851226,-0.0067838059353405675,0.0,0.0,5.0,0.07987494917380925,0.047581865484074615,-0.002852637581081079,0.0,0.0,4.9999999999999964,0.07751789228069862,0.041297091492851226,-0.0067838059353405675,0.0,0.0,-3.552713678800501e-15,-0.0023570568931106234,-0.0062847739912233885,-0.003931168354259489,0.7776656428244872,-0.3135941772947851,2.6584446656479863,0.038142233936489564,-0.9399525419296244,0.29035753988852714,0.17529086667665728,0.7534300703043689,0.6194094549211129,-1.3564185960646358,2.7426780369453834,-1.2325720231076054,-0.1200989915816523
592,1.7759999999999727,5.0,0.07992699182607148,0.047890121548043424,-0.0024998567769858654,4.9999999999999964,0.07774517689550656,0.041845374702856715,-0.00649554784033941,4.9999999999999964,0.07774517689550656,0.041845374702856715,-0.00649554784033941,0.0,0.0,5.0,0.07992699182607148,0.047890121548043424,-0.0024998567769858654,0.0,0.0,4.9999999999999964,0.07774517689550656,0.041845374702856715,-0.00649554784033941,0.0,0.0,-3.552713678800501e-15,-0.002181814930564921,-0.006044746845186709,-0.003995691063353545,0.7799145917095485,-0.3117297412304343,2.65434146700641,0.042716288429310835,-0.9395268839088561,0.29086279151005195,0.17567979289126676,0.749649628353726,0.6214786881169425,-1.367732880525454,2.8608556100405083,-1.166021467945578,-0.12563371699144055
593,1.7789999999999726,5.0,0.07996511940519903,0.04817778943012427,-0.0021448023186574233,4.9999999999999964,0.07795892628525905,0.04237566839523934,-0.006201381954947795,4.9999999999999964,0.07795892628525905,0.04237566839523934,-0.006201381954947795,0.0,0.0,5.0,0.07996511940519903,0.04817778943012427,-0.0021448023186574233,0.0,0.0,4.9999999999999964,0.07795892628525905,0.04237566839523934,-0.006201381954947795,0.0,0.0,-3.552713678800501e-15,-0.002006193119939978,-0.005802121034884929,-0.004056579636290372,0.7821522744400194,-0.3098587709817367,2.6502043595678675,0.04742825395654063,-0.9390928878340565,0.29138965031179515,0.17591810718995193,0.7458942434903088,0.6236567495658586,-1.3790358128475506,2.9792103995351087,-1.0987888451848173,-0.13092443423936084
594,1.7819999999999725,5.0,0.07998932527328348,0.04844474546058142,-0.001787797133024785,4.9999999999999964,0.07815910323676538,0.04288774459431977,-0.005901575827097572,4.9999999999999964,0.07815910323676538,0.04288774459431977,-0.005901575827097572,0.0,0.0,5.0,0.07998932527328348,0.04844474546058142,-0.001787797133024785,0.0,0.0,4.9999999999999964,0.07815910323676538,0.04288774459431977,-0.005901575827097572,0.0,0.0,-3.552713678800501e-15,-0.0018302220365181004,-0.005557000866261645,-0.004113778694072787,0.7843787799165333,-0.30798093376474034,2.6460333773133384,0.052277711396056255,-0.9386486263952502,0.29193869777831133,0.17600452777415737,0.7421684921712711,0.6259457389987894,-1.3903274181763747,3.097723644985694,-1.0309054158196,-0.13596643776841016
595,1.7849999999999724,5.0,0.07999960521614863,0.04869087487379861,-0.0014291659212305077,4.9999999999999964,0.07834567289975962,0.043381383156202234,-0.005596402134598936,4.9999999999999964,0.07834567289975962,0.043381383156202234,-0.005596402134598936,0.0,0.0,5.0,0.07999960521614863,0.04869087487379861,-0.0014291659212305077,0.0,0.0,4.9999999999999964,0.07834567289975962,0.043381383156202234,-0.005596402134598936,0.0,0.0,-3.552713678800501e-15,-0.001653932316389009,-0.005309491717596378,-0.004167236213368428,0.7865942109025025,-0.3060958905814349,2.6418285543786633,0.057264201364125064,-0.93819204498775,0.2925104843484935,0.17593781432665864,0.7384769953230705,0.6283477277684908,-1.4016076448916899,3.216376453567112,-0.9624024773843839,-0.1407552481181958
596,1.7879999999999723,5.0,0.07999595744408425,0.04891607185761751,-0.0010692348633103378,4.9999999999999964,0.07851860279296796,0.04385637186341534,-0.005286138437136193,4.9999999999999964,0.07851860279296796,0.04385637186341534,-0.005286138437136193,0.0,0.0,5.0,0.07999595744408425,0.04891607185761751,-0.0010692348633103378,0.0,0.0,4.9999999999999964,0.07851860279296796,0.04385637186341534,-0.005286138437136193,0.0,0.0,-3.552713678800501e-15,-0.001477354651116286,-0.005059699994202173,-0.004216903573825855,0.7887986841572491,-0.3042032963123193,2.6375899253029553,0.062387222094148154,-0.9377209612223282,0.2931055279445507,0.17571676895502605,0.7348244182488514,0.6308647563718546,-1.4128763585692732,3.335149795540701,-0.8933113456241574,-0.14528661599944287
597,1.7909999999999722,5.0,0.07997838259215759,0.04912023959882656,-0.0007083313215280097,4.9999999999999964,0.07867786280976365,0.044312506516145385,-0.0049710669238234,4.9999999999999964,0.07867786280976365,0.044312506516145385,-0.0049710669238234,0.0,0.0,5.0,0.07997838259215759,0.04912023959882656,-0.0007083313215280097,0.0,0.0,4.9999999999999964,0.07867786280976365,0.044312506516145385,-0.0049710669238234,0.0,0.0,-3.552713678800501e-15,-0.0013005197823939413,-0.004807733082681176,-0.004262735602295391,0.7909923305685164,-0.3023027998170608,2.633317525295201,0.0676462272235263,-0.9372330646125101,0.2937243124886013,0.1753402372319696,0.731215470422442,0.6334988317528297,-1.4241333359180783,3.4540245000800436,-0.8236633365465732,-0.14955652615915743
598,1.793999999999972,5.0,0.07994688372010282,0.04930329032478179,-0.00034678354263479206,4.9999999999999964,0.07882342522340843,0.04474959102002275,-0.004651474156549477,4.9999999999999964,0.07882342522340843,0.04474959102002275,-0.004651474156549477,0.0,0.0,5.0,0.07994688372010282,0.04930329032478179,-0.00034678354263479206,0.0,0.0,4.9999999999999964,0.07882342522340843,0.04474959102002275,-0.004651474156549477,0.0,0.0,-3.552713678800501e-15,-0.0011234584966943878,-0.004553699304759039,-0.004304690613914685,0.7931752952839765,-0.3003940440439202,2.629011390519092,0.07304062349168318,-0.9367259164443966,0.29436728640862897,0.17480710933417778,0.7276549051533815,0.6362519243802006,-1.4353782587030883,3.572981251472924,-0.7534897488736297,-0.1535612010329303
599,1.796999999999972,5.0,0.07990146631178843,0.04946514534114042,1.507964067563271e-05,4.9999999999999964,0.07895526469187975,0.04516743747042378,-0.004327650809346194,4.9999999999999964,0.07895526469187975,0.04516743747042378,-0.004327650809346194,0.0,0.0,5.0,0.07990146631178843,0.04946514534114042,1.507964067563271e-05,0.0,0.0,4.9999999999999964,0.07895526469187975,0.04516743747042378,-0.004327650809346194,0.0,0.0,-3.552713678800501e-15,-0.0009462016199086876,-0.0042977078707166355,-0.004342730450021827,0.7953477378412978,-0.29847666614863516,2.6246715583960976,0.07856976835263617,-0.9361969498344181,0.29503486113567473,0.17411632128091134,0.7241475191071028,0.6391259650950223,-1.4466107076647574,3.6920005857169222,-0.6828218469099518,-0.15729710418105966
600,1.7999999999999718,5.0,0.07984213827426234,0.049605735065692005,0.0003769291088447846,4.9999999999999964,0.07907335826228265,0.04556586623325184,-0.003999891404016153,4.9999999999999964,0.07907335826228265,0.04556586623325184,-0.003999891404016153,0.0,0.0,5.0,0.07984213827426234,0.049605735065692005,0.0003769291088447846,0.0,0.0,4.9999999999999964,0.07907335826228265,0.04556586623325184,-0.003999891404016153,0.0,0.0,-3.552713678800501e-15,-0.0007687800119796917,-0.004039868832440167,-0.004376820512860938,0.7975098322962902,-0.2965502976234658,2.6202980679267576,0.08423296750586579,-0.9356434699804179,0.29572740959427846,0.17326685627325142,0.7206981516641537,0.6421228417231158,-1.4578301564466463,3.811062887524886,-0.6116908438439804,-0.16076094350536607
601,1.8029999999999717,5.0,0.07976890993637549,0.049724999058272074,0.0007384357547883364,4.9999999999999964,0.07917768537484589,0.04594470602216283,-0.0036684940422611334,4.9999999999999964,0.07917768537484589,0.04594470602216283,-0.0036684940422611334,0.0,0.0,5.0,0.07976890993637549,0.049724999058272074,0.0007384357547883364,0.0,0.0,4.9999999999999964,0.07917768537484589,0.04594470602216283,-0.0036684940422611334,0.0,0.0,-3.552713678800501e-15,-0.0005912245615296019,-0.0037802930361092446,-0.00440692979704947,0.7996617673485966,-0.29461456443711975,2.6158909600301268,0.09002947234959822,-0.9350626546114333,0.29644526468831395,0.17225774613452657,0.717311684102142,0.6452443954486856,-1.4690359655435863,3.9301483877553,-0.5401278854976151,-0.16394967424377602
602,1.8059999999999716,5.0,0.07968179404698346,0.04982288604674578,0.0010992707832235056,4.9999999999999964,0.07926822786650128,0.04630379397220197,-0.0033337601345544807,4.9999999999999964,0.07926822786650128,0.04630379397220197,-0.0033337601345544807,0.0,0.0,5.0,0.07968179404698346,0.04982288604674578,0.0010992707832235056,0.0,0.0,4.9999999999999964,0.07926822786650128,0.04630379397220197,-0.0033337601345544807,0.0,0.0,-3.552713678800501e-15,-0.00041356618048217497,-0.00351909207454381,-0.0044330309177779866,0.8018037464643485,-0.29266908718628226,2.6114502779012763,0.09595847736098331,-0.9344515546415084,0.2971887177845046,0.17108807285205876,0.7139930385839418,0.6484924169458286,-1.4802273762834728,4.049237161281301,-0.46816403453904876,-0.16686050173994746
603,1.8089999999999715,5.0,0.07958080577272698,0.049899353949049874,0.0014591060097129014,4.9999999999999964,0.07934496997404589,0.04664297570982017,-0.002995994126004129,4.9999999999999964,0.07934496997404589,0.04664297570982017,-0.002995994126004129,0.0,0.0,5.0,0.07958080577272698,0.049899353949049874,0.0014591060097129014,0.0,0.0,4.9999999999999964,0.07934496997404589,0.04664297570982017,-0.002995994126004129,0.0,0.0,-3.552713678800501e-15,-0.00023583579868109716,-0.0032563782392297028,-0.0044551001357170305,0.8039359879951553,-0.2907134812594859,2.6069760673867064,0.10201911740801957,-0.9338070950328159,0.2979580171960435,0.1697569702199712,0.7107471769356084,0.6518686422654719,-1.4914035048565664,4.168309125310834,-0.395830255172686,-0.16949088398542028
604,1.8119999999999714,5.0,0.07946596269539154,0.049954369891284066,0.0018176141591527554,4.9999999999999964,0.07940789833688632,0.046962105419239966,-0.002655503219455558,4.9999999999999964,0.07940789833688632,0.046962105419239966,-0.002655503219455558,0.0,0.0,5.0,0.07946596269539154,0.049954369891284066,0.0018176141591527554,0.0,0.0,4.9999999999999964,0.07940789833688632,0.046962105419239966,-0.002655503219455558,0.0,0.0,-3.552713678800501e-15,-5.806435850522207e-05,-0.0029922644720440997,-0.0044731173786083135,0.8060587252927476,-0.28874735701405757,2.6024683773774853,0.10821046499844986,-0.9331260758732949,0.29875336666888275,0.16826362558239674,0.7075790991974121,0.6553747484760938,-1.5025633364069937,4.2873440381691275,-0.32315739831920226,-0.1718385339319789
605,1.8149999999999713,5.0,0.07933728480884633,0.0499879102218436,0.002174469163434315,4.9999999999999964,0.07945700199936477,0.04726104590514234,-0.002312597096086582,4.9999999999999964,0.07945700199936477,0.04726104590514234,-0.002312597096086582,0.0,0.0,5.0,0.07933728480884633,0.0499879102218436,0.002174469163434315,0.0,0.0,4.9999999999999964,0.07945700199936477,0.04726104590514234,-0.002312597096086582,0.0,0.0,-3.552713678800501e-15,0.00011971719051843965,-0.002726864316701265,-0.0044870662595208975,0.8081722068185418,-0.2867703199668852,2.5979272602198793,0.11453152747122342,-0.9324051736739161,0.29957492387339923,0.16660728167601044,0.7044938419314334,0.6590123490574602,-1.5137057192019634,4.406321498553347,-0.25017618729788255,-0.17390142157212354
606,1.8179999999999712,5.0,0.07919479451556342,0.049999960521587276,0.002529346458007034,4.9999999999999964,0.07949227241266639,0.04753966865164763,-0.00196758763374804,4.9999999999999964,0.07949227241266639,0.04753966865164763,-0.00196758763374804,0.0,0.0,5.0,0.07919479451556342,0.049999960521587276,0.002529346458007034,0.0,0.0,4.9999999999999964,0.07949227241266639,0.04753966865164763,-0.00196758763374804,0.0,0.0,-3.552713678800501e-15,0.0002974778971029657,-0.0024602918699396445,-0.004496934091755073,0.8102766962473495,-0.28478197099974256,2.593352772143194,0.12098124413649222,-0.9316409428905803,0.3004227989042827,0.1647872385703865,0.701496476269251,0.6627829890475427,-1.5248293588950506,4.525220945267995,-0.17691720402247002,-0.17567777578575763
607,1.820999999999971,5.0,0.07903851662271753,0.0499905156100362,0.0028819232770746763,4.9999999999999964,0.07951370343630762,0.04779785387756512,-0.001620788623306588,4.9999999999999964,0.07951370343630762,0.04779785387756512,-0.001620788623306588,0.0,0.0,5.0,0.07903851662271753,0.0499905156100362,0.0028819232770746763,0.0,0.0,4.9999999999999964,0.07951370343630762,0.04779785387756512,-0.001620788623306588,0.0,0.0,-3.552713678800501e-15,0.00047518681359008663,-0.0021926617324710823,-0.004502711900381264,0.8123724725643998,-0.28278190657991126,2.588744973704492,0.12755848337048092,-0.9308298176755182,0.30129705279163393,0.16280285570425096,0.6985921056834243,0.666688139943775,-1.5359328129007577,4.644021657448238,-0.1034108757208017,-0.177166085951413
608,1.823999999999971,5.0,0.07886847833786723,0.04995957954760097,0.003231878947155223,4.9999999999999964,0.07952129133920519,0.048035490587887475,-0.0012725154832475736,4.9999999999999964,0.07952129133920519,0.048035490587887475,-0.0012725154832475736,0.0,0.0,5.0,0.07886847833786723,0.04995957954760097,0.003231878947155223,0.0,0.0,4.9999999999999964,0.07952129133920519,0.048035490587887475,-0.0012725154832475736,0.0,0.0,-3.552713678800501e-15,0.0006528130013379596,-0.0019240889597134936,-0.004504394430402797,0.8144598301548,-0.2807697189968287,2.5841039302497966,0.13426203967193925,-0.9299681138629061,0.3021976960263984,0.16065355401526393,0.695785863466703,0.6707291943608533,-1.547014484898416,4.7627027552770675,-0.02968746218753525,-0.178365103320545
609,1.8269999999999709,5.0,0.07868470926421801,0.04990716563383606,0.0035788951787378274,4.9999999999999964,0.0795150348003257,0.04825247662150805,-0.0009230849727975781,4.9999999999999964,0.0795150348003257,0.04825247662150805,-0.0009230849727975781,0.0,0.0,5.0,0.07868470926421801,0.04990716563383606,0.0035788951787378274,0.0,0.0,4.9999999999999964,0.0795150348003257,0.04825247662150805,-0.0009230849727975781,0.0,0.0,-3.552713678800501e-15,0.0008303255361076928,-0.0016546890123280145,-0.004501980151535406,0.8165390788845096,-0.2787449966154835,2.5794297123913434,0.14109063068725072,-0.9290520311932312,0.30312468710339885,0.1583388181605231,0.6930829099032191,0.6749074604483942,-1.5580726194843495,4.881243201200808,0.04422295642173468,-0.17927384215365036
610,1.8299999999999708,5.0,0.07848724139546874,0.04983329640172229,0.003922656355771475,4.9999999999999964,0.0794949349089157,0.048448718695140364,-0.0005728149038275131,4.9999999999999964,0.0794949349089157,0.048448718695140364,-0.0005728149038275131,0.0,0.0,5.0,0.07848724139546874,0.04983329640172229,0.003922656355771475,0.0,0.0,4.9999999999999964,0.0794949349089157,0.048448718695140364,-0.0005728149038275131,0.0,0.0,-3.552713678800501e-15,0.0010076935134469556,-0.0013845777065819298,-0.004495471259598988,0.8186105441718585,-0.27670732414726473,2.574722396500367,0.14804289421163425,-0.9280776557807325,0.30407793108536296,0.15585819882453356,0.6904884291163099,0.679224156072923,-1.5691052969920785,4.999621801646191,0.11829049124769273,-0.17989158061717195
611,1.8329999999999707,5.0,0.07827610911024127,0.04973800360797978,0.004262849822722302,4.9999999999999964,0.07946099516431188,0.04862413244342106,-0.00022202385179835452,4.9999999999999964,0.07946099516431188,0.04862413244342106,-0.00022202385179835452,0.0,0.0,5.0,0.07827610911024127,0.04973800360797978,0.004262849822722302,0.0,0.0,4.9999999999999964,0.07946099516431188,0.04862413244342106,-0.00022202385179835452,0.0,0.0,-3.552713678800501e-15,0.0011848860540706052,-0.0011138711645587232,-0.004484873674520657,0.8206745670485929,-0.27465628293895505,2.5699820652148637,0.15511738517423007,-0.9270409628280163,0.3050572781914739,0.15321131511093905,0.6880076255781067,0.6836804027698896,-1.5801104285011858,5.117817209240877,0.1924854558296309,-0.18021786144037596
612,1.8359999999999705,5.0,0.07805134916609555,0.0496213282194156,0.00459916616893787,4.9999999999999964,0.07941322147533202,0.048778642455178926,0.00012896913398764074,4.9999999999999964,0.07941322147533202,0.048778642455178926,0.00012896913398764074,0.0,0.0,5.0,0.07805134916609555,0.0496213282194156,0.00459916616893787,0.0,0.0,4.9999999999999964,0.07941322147533202,0.048778642455178926,0.00012896913398764074,0.0,0.0,-3.552713678800501e-15,0.0013618723092364698,-0.0008426857642366767,-0.004470197034950229,0.8227315042093927,-0.272591451280537,2.565208807961695,0.1623125726152111,-0.9259378195916776,0.30606252241409926,0.15039785701385563,0.6856457202665956,0.6882772194726807,-1.5910857510562935,5.2358079255379915,0.2667783766477339,-0.1802524923316044
613,1.8389999999999704,5.0,0.07781300069313007,0.049483320395311975,0.004931299510060592,4.9999999999999964,0.07935162215924617,0.04891218230585452,0.0004798448205666774,4.9999999999999964,0.07935162215924617,0.04891218230585452,0.0004798448205666774,0.0,0.0,5.0,0.07781300069313007,0.049483320395311975,0.004931299510060592,0.0,0.0,4.9999999999999964,0.07935162215924617,0.04891218230585452,0.0004798448205666774,0.0,0.0,-3.552713678800501e-15,0.001538621466116094,-0.0005711380894574541,-0.004451454689493915,0.8247817280487623,-0.27051240473245625,2.56040272149234,0.16962683666340106,-0.9247639886024785,0.3070934001674746,0.14741758796419618,0.6834079464565276,0.693015516026922,-1.6020288231184077,5.3535723042439525,0.34114000310125275,-0.17999554615352323
614,1.8419999999999703,5.0,0.07756110518716937,0.04932403946586252,0.005258947766233732,4.9999999999999964,0.07927620794032869,0.049024694586056385,0.0008302840816602077,4.9999999999999964,0.07927620794032869,0.049024694586056385,0.0008302840816602077,0.0,0.0,5.0,0.07756110518716937,0.04932403946586252,0.005258947766233732,0.0,0.0,4.9999999999999964,0.07927620794032869,0.049024694586056385,0.0008302840816602077,0.0,0.0,-3.552713678800501e-15,0.0017151027531593227,-0.00029934487980613766,-0.004428663684573524,0.8268256266841562,-0.268418716472957,2.555563910431525,0.1770584655232118,-0.9235151311433081,0.30814958897223504,0.1442703474459185,0.6812995451313112,0.6978960864997478,-1.6129370202716613,5.471088554947573,0.4155413169196137,-0.179447360857207
615,1.8449999999999702,5.0,0.0772957065025399,0.04914355390666596,0.005581812936847164,4.9999999999999964,0.07918699194799116,0.0491161309262416,0.0011799681879246804,4.9999999999999964,0.07918699194799116,0.0491161309262416,0.0011799681879246804,0.0,0.0,5.0,0.0772957065025399,0.04914355390666596,0.005581812936847164,0.0,0.0,4.9999999999999964,0.07918699194799116,0.0491161309262416,0.0011799681879246804,0.0,0.0,-3.552713678800501e-15,0.0018912854454512518,-2.7422980424358923e-05,-0.004401844748922484,0.8288636039641678,-0.2663099576660716,2.5506924878378974,0.18460565248003116,-0.9221868109878074,0.30923070617979875,0.14095605367667713,0.6793257600038944,0.702919602295136,-1.623807531209224,5.588334747347181,0.4899535410046324,-0.17860853917512054
616,1.84799999999997,5.0,0.0770168508444349,0.04894194130928821,0.005899601371573195,4.9999999999999964,0.07908398971449657,0.04918645201751008,0.001528579096840291,4.9999999999999964,0.07908398971449657,0.04918645201751008,0.001528579096840291,0.0,0.0,5.0,0.0770168508444349,0.04894194130928821,0.005899601371573195,0.0,0.0,4.9999999999999964,0.07908398971449657,0.04918645201751008,0.001528579096840291,0.0,0.0,-3.552713678800501e-15,0.0020671388700616716,0.0002445107082218734,-0.0043710222747329035,0.8308960794605746,-0.2641856978508079,2.5457885757758287,0.1922664929335,-0.9207744984021586,0.3103363077407095,0.13747470634690817,0.6774918321356003,0.7080866050878805,-1.6346373540228427,5.705288815971249,0.564348147703132,-0.17747994807327705
617,1.85099999999997,5.0,0.07672458676087038,0.04871928834790529,0.006212024037445358,4.9999999999999964,0.07896721917225523,0.04923562762850366,0.0018757997419750273,4.9999999999999964,0.07896721917225523,0.04923562762850366,0.0018757997419750273,0.0,0.0,5.0,0.07672458676087038,0.04871928834790529,0.006212024037445358,0.0,0.0,4.9999999999999964,0.07896721917225523,0.04923562762850366,0.0018757997419750273,0.0,0.0,-3.552713678800501e-15,0.002242632411384851,0.0005163392805983755,-0.00433622429547033,0.8329234884430036,-0.2620455053520371,2.5408523058973653,0.20003898146840934,-0.9192735744121275,0.31146588702114064,0.13382638941092867,0.6758029941429584,0.7133974995902853,-1.6454232928211148,5.821928565386834,0.6386968665104276,-0.1760627179630697
618,1.85399999999997,5.0,0.07641896513423296,0.0484756907420418,0.006518796781738036,4.9999999999999964,0.07883670065070277,0.04926363661840267,0.0022213143213609694,4.9999999999999964,0.07883670065070277,0.04926363661840267,0.0022213143213609694,0.0,0.0,5.0,0.07641896513423296,0.0484756907420418,0.006518796781738036,0.0,0.0,4.9999999999999964,0.07883670065070277,0.04926363661840267,0.0022213143213609694,0.0,0.0,-3.552713678800501e-15,0.0024177355164698017,0.000787945876360871,-0.004297482460377066,0.8349462818349548,-0.25988894771353543,2.5358838200332587,0.20792100897322358,-0.9176793353370062,0.3126188736718493,0.13001127392319134,0.674264463983754,0.7188525461672126,-1.656161954702175,5.938231675888938,0.7129716912062793,-0.17435824167349465
619,1.8569999999999698,5.0,0.07610003917242131,0.04821125321542053,0.00681964059040725,4.9999999999999964,0.07869245687276083,0.04927046694601447,0.0025648085847205376,4.9999999999999964,0.07869245687276083,0.04927046694601447,0.0025648085847205376,0.0,0.0,5.0,0.07610003917242131,0.04821125321542053,0.00681964059040725,0.0,0.0,4.9999999999999964,0.07869245687276083,0.04927046694601447,0.0025648085847205376,0.0,0.0,-3.552713678800501e-15,0.002592417700339522,0.0010592137305939359,-0.0042548320056867124,0.8369649261498991,-0.25771559215358536,2.530883270791938,0.21591035981649592,-0.9159869975916256,0.3137946325539478,0.12602962091239867,0.6728814383148043,0.7244518533166987,-1.6668497471069859,6.054175709662764,0.7871448864261013,-0.17236817318470052
620,1.8599999999999697,5.0,0.075767864399583,0.04792608945094154,0.007114281841857787,4.9999999999999964,0.0785345129508811,0.049256115674950036,0.002905970119281452,4.9999999999999964,0.0785345129508811,0.049256115674950036,0.002905970119281452,0.0,0.0,5.0,0.075767864399583,0.04792608945094154,0.007114281841857787,0.0,0.0,4.9999999999999964,0.0785345129508811,0.049256115674950036,0.002905970119281452,0.0,0.0,-3.552713678800501e-15,0.002766648551298101,0.0013300262240084973,-0.004208311722576335,0.8389799034061453,-0.2555250060434805,2.5258508221651983,0.2240047090916786,-0.914191702757102,0.31499246272592485,0.12188178428575454,0.6716590854153763,0.7301953700349614,-1.6774828755798492,6.169738117409728,0.861188993671356,-0.17009442612401543
621,1.8629999999999696,5.0,0.07542249864644758,0.04762032204180898,0.007402452555805769,4.9999999999999964,0.07836289638267324,0.049220588974886334,0.003244488633920471,4.9999999999999964,0.07836289638267324,0.049220588974886334,0.003244488633920471,0.0,0.0,5.0,0.07542249864644758,0.04762032204180898,0.007402452555805769,0.0,0.0,4.9999999999999964,0.07836289638267324,0.049220588974886334,0.003244488633920471,0.0,0.0,-3.552713678800501e-15,0.002940397736225661,0.0016002669330773545,-0.004157963921885298,0.8409917110191603,-0.25331675740922177,2.520786650139309,0.23220161994105062,-0.9122885229204374,0.3162115964964069,0.11756821375521329,0.6706025376716717,0.7360828780862471,-1.6880573419631009,6.284896245427024,0.9350768367642555,-0.16753917202581947
622,1.8659999999999695,5.0,0.07506400204025881,0.04729408243882798,0.007683890637010569,4.9999999999999964,0.0781776370461177,0.0491639021189139,0.003580056241377439,4.9999999999999964,0.0781776370461177,0.0491639021189139,0.003580056241377439,0.0,0.0,5.0,0.07506400204025881,0.04729408243882798,0.007683890637010569,0.0,0.0,4.9999999999999964,0.0781776370461177,0.0491639021189139,0.003580056241377439,0.0,0.0,-3.552713678800501e-15,0.0031136350058588863,0.0018698196800859199,-0.004103834395633129,0.8430008616700185,-0.2510904154566229,2.5156909433101493,0.24049854096967793,-0.9102724662825247,0.3174511985471922,0.11308945777718037,0.6697168836194304,0.7421139841996105,-1.6985689430531898,6.399627343129494,1.008781526753045,-0.16470483835684704
623,1.8689999999999694,5.0,0.07469243699430639,0.04694751089389319,0.007958340113653834,4.9999999999999964,0.07797876719436397,0.04908607947697092,0.003912367738283,4.9999999999999964,0.07797876719436397,0.04908607947697092,0.003912367738283,0.0,0.0,5.0,0.07469243699430639,0.04694751089389319,0.007958340113653834,0.0,0.0,4.9999999999999964,0.07797876719436397,0.04908607947697092,0.003912367738283,0.0,0.0,-3.552713678800501e-15,0.0032863302000575856,0.0021385685830777254,-0.004045972375370834,0.8450078831486488,-0.2488455511199738,2.5105639035009126,0.248892803760492,-0.9081384830335026,0.31871036513112305,0.10844616649672557,0.6690071595434449,0.7482881122163673,-1.7090132697454856,6.513908571001575,1.0822764662753097,-0.16159410630871293
624,1.8719999999999692,5.0,0.07430786819705991,0.04658075639969411,0.008225551370149534,4.9999999999999964,0.07776632145011546,0.04898715450536644,0.004241120882745274,4.9999999999999964,0.07776632145011546,0.04898715450536644,0.004241120882745274,0.0,0.0,5.0,0.07430786819705991,0.04658075639969411,0.008225551370149534,0.0,0.0,4.9999999999999964,0.07776632145011546,0.04898715450536644,0.004241120882745274,0.0,0.0,-3.552713678800501e-15,0.003458453253055549,0.002406398105672329,-0.00398443048740426,0.8470133181705527,-0.246581737634333,2.505405746380827,0.2573816205017154,-0.9058814714937677,0.31998812334937865,0.10363909468699141,0.6684783406346219,0.754604495213605,-1.7193857066951754,6.6277170089661315,1.155535353387894,-0.15820990835967214
625,1.8749999999999691,5.0,0.07391036260090712,0.046193976625662096,0.008485281374172733,4.9999999999999964,0.07754033679960173,0.04886716973239739,0.00456601666924303,4.9999999999999964,0.07754033679960173,0.04886716973239739,0.00456601666924303,0.0,0.0,5.0,0.07391036260090712,0.046193976625662096,0.008485281374172733,0.0,0.0,4.9999999999999964,0.07754033679960173,0.04886716973239739,0.00456601666924303,0.0,0.0,-3.552713678800501e-15,0.0036299741986946105,0.0026731931067352915,-0.003919264704929704,0.8490177241656742,-0.24429855113144067,2.5002167020832626,0.26596208173797753,-0.9034962845182877,0.32128343051277664,0.09866910467411719,0.6681353317071888,0.761062167630776,-1.7296814325215133,6.741029665156093,1.2285321848731825,-0.1545554256078277
626,1.877999999999969,5.0,0.07349998941049725,0.045787337850187786,0.008737293897700827,4.9999999999999964,0.07730085258613932,0.04872617674006543,0.0048867596005753265,4.9999999999999964,0.07730085258613932,0.04872617674006543,0.0048867596005753265,0.0,0.0,5.0,0.07349998941049725,0.045787337850187786,0.008737293897700827,0.0,0.0,4.9999999999999964,0.07730085258613932,0.04872617674006543,0.0048867596005753265,0.0,0.0,-3.552713678800501e-15,0.003800863175642072,0.002938838889877643,-0.0038505342971255005,0.8510216730381164,-0.24199557125915663,2.4949970158215153,0.27463115425654816,-0.90097773616116,0.3225951735916587,0.09353716923765591,0.6679829574807071,0.7676599574280112,-1.7398954205824453,6.853823485073944,1.3012412590325908,-0.15063408487821747
627,1.880999999999969,5.0,0.07307682007069304,0.04536101488913711,0.008981359731866296,4.9999999999999964,0.07704791050328216,0.048564236141901654,0.005203057956620309,4.9999999999999964,0.07704791050328216,0.048564236141901654,0.005203057956620309,0.0,0.0,5.0,0.07307682007069304,0.04536101488913711,0.008981359731866296,0.0,0.0,4.9999999999999964,0.07704791050328216,0.048564236141901654,0.005203057956620309,0.0,0.0,-3.552713678800501e-15,0.003971090432589128,0.0032032212527645446,-0.0037783017752459876,0.8530257508954175,-0.2396723818242375,2.4897469485004766,0.28338567912016926,-0.8983206085966404,0.32392216875891106,0.08824437447613673,0.6680259524337205,0.7743964783063801,-1.7500224403462548,6.966075361123304,1.3736371779792584,-0.14644955560640613
628,1.8839999999999688,5.0,0.07264092825413228,0.04491519102069749,0.009217256895425163,4.9999999999999964,0.07678155458756288,0.048381417556908515,0.005514624059658668,4.9999999999999964,0.07678155458756288,0.048381417556908515,0.005514624059658668,0.0,0.0,5.0,0.07264092825413228,0.04491519102069749,0.009217256895425163,0.0,0.0,4.9999999999999964,0.07678155458756288,0.048381417556908515,0.005514624059658668,0.0,0.0,-3.552713678800501e-15,0.004140626333430597,0.003466226536211023,-0.003702632835766495,0.8550305577461319,-0.23732857145817188,2.4844667773223175,0.29222236985798444,-0.8955196592921069,0.3252631610306272,0.08279192262712444,0.6682689502381314,0.7812701220218732,-1.7600570593863452,7.077762142496065,1.4456948494430064,-0.1420057465014198
629,1.8869999999999687,5.0,0.07219238984840132,0.04445005790658524,0.009444770836652114,4.9999999999999964,0.07650183121082609,0.04817779957963033,0.005821174536020506,4.9999999999999964,0.07650183121082609,0.04817779957963033,0.005821174536020506,0.0,0.0,5.0,0.07219238984840132,0.04445005790658524,0.009444770836652114,0.0,0.0,4.9999999999999964,0.07650183121082609,0.04817779957963033,0.005821174536020506,0.0,0.0,-3.552713678800501e-15,0.004309441362424768,0.0037277416730450916,-0.003623596300631608,0.8570367071644892,-0.23496373430569276,2.4791567963842436,0.30113781082604857,-0.8925696284276541,0.3266168240088622,0.07718113483084886,0.6687164727857616,0.788279050826375,-1.769993646024585,7.188860645397843,1.5173894881016983,-0.13730680199105733
630,1.8899999999999686,5.0,0.0717312829428238,0.04396581550964958,0.009663694628478223,4.9999999999999964,0.07620878907215525,0.04795346974636512,0.006122430573817594,4.9999999999999964,0.07620878907215525,0.04795346974636512,0.006122430573817594,0.0,0.0,5.0,0.0717312829428238,0.04396581550964958,0.009663694628478223,0.0,0.0,4.9999999999999964,0.07620878907215525,0.04795346974636512,0.006122430573817594,0.0,0.0,-3.552713678800501e-15,0.004477506129331454,0.003987654236715543,-0.003541264054660629,0.8590448259209522,-0.23257747073548174,2.4738173172663003,0.31012845574884823,-0.8894652465562088,0.3279817597308518,0.07141345382622424,0.669372918820998,0.795421190070336,-1.7798263726477868,7.299347663593821,1.5886966164541743,-0.1323570984528114
631,1.8929999999999685,5.0,0.07125768781486488,0.04346267200790761,0.009873829156693973,4.9999999999999964,0.07590247918939426,0.04770852449753235,0.006418118176526632,4.9999999999999964,0.07590247918939426,0.04770852449753235,0.006418118176526632,0.0,0.0,5.0,0.07125768781486488,0.04346267200790761,0.009873829156693973,0.0,0.0,4.9999999999999964,0.07590247918939426,0.04770852449753235,0.006418118176526632,0.0,0.0,-3.552713678800501e-15,0.004644791374529375,0.004245852489624738,-0.0034557109801673404,0.86105555357754,-0.23016938807247211,2.4684486696071377,0.3191906264531709,-0.8862012424972315,0.32935649862897437,0.0654904465678534,0.6702425521959489,0.8026942210032093,-1.7895492197208587,7.409199979256439,1.6595920652509597,-0.12716124023382927
632,1.8959999999999684,5.0,0.07077168691615576,0.042940843705047915,0.01007498330104636,4.9999999999999964,0.07558295489026534,0.04744306913621274,0.006707968412192875,4.9999999999999964,0.07558295489026534,0.04744306913621274,0.006707968412192875,0.0,0.0,5.0,0.07077168691615576,0.042940843705047915,0.01007498330104636,0.0,0.0,4.9999999999999964,0.07558295489026534,0.04744306913621274,0.006707968412192875,0.0,0.0,-3.552713678800501e-15,0.004811267974109579,0.004502225431164825,-0.0033670148888534854,0.8630695420468415,-0.22773910135104514,2.463051201665581,0.3283205118055306,-0.8827723514562297,0.33073949960562476,0.05941380675241499,0.6713294897671387,0.8100955738089931,-1.7991559805189645,7.518394374095828,1.730051973499904,-0.12172405546353042
633,1.8989999999999683,5.0,0.07027336485813851,0.04240055493744013,0.010266974109065494,4.9999999999999964,0.07525027180308493,0.04715721778287802,0.006991717658027448,4.9999999999999964,0.07525027180308493,0.04715721778287802,0.006991717658027448,0.0,0.0,5.0,0.07027336485813851,0.04240055493744013,0.010266974109065494,0.0,0.0,4.9999999999999964,0.07525027180308493,0.04715721778287802,0.006991717658027448,0.0,0.0,-3.552713678800501e-15,0.004976906944946416,0.004756662845437888,-0.003275256451038046,0.8650874551137078,-0.22528623408829895,2.457625280865782,0.3375141668641847,-0.8791733233614472,0.3321291502270353,0.05318535724266714,0.6726376889554279,0.8176224209153983,-1.8086402665996235,7.626907640753351,1.800052788064857,-0.11605059166269342
634,1.9019999999999682,5.0,0.06976280839733591,0.04184203797769206,0.010449626962462245,4.9999999999999964,0.07490448784707882,0.04685109332633,0.007269107840175914,4.9999999999999964,0.07490448784707882,0.04685109332633,0.007269107840175914,0.0,0.0,5.0,0.06976280839733591,0.04184203797769206,0.010449626962462245,0.0,0.0,4.9999999999999964,0.07490448784707882,0.04685109332633,0.007269107840175914,0.0,0.0,-3.552713678800501e-15,0.005141679449742906,0.005009055348637943,-0.003180519122286331,0.8671099679186884,-0.22281041907645027,2.4521712943236795,0.34676751225656166,-0.8753989314082167,0.33352376703993386,0.04680705237716787,0.6741709349935543,0.8252716706162236,-1.8179955140341015,7.734716594438113,1.869571262876408,-0.11014611115300098
635,1.904999999999968,5.0,0.06924010642024718,0.04126553293479439,0.010622775735946088,4.9999999999999964,0.07454566322229868,0.0465248273708701,0.007539886668440004,4.9999999999999964,0.07454566322229868,0.0465248273708701,0.007539886668440004,0.0,0.0,5.0,0.06924010642024718,0.04126553293479439,0.010622775735946088,0.0,0.0,4.9999999999999964,0.07454566322229868,0.0465248273708701,0.007539886668440004,0.0,0.0,-3.552713678800501e-15,0.005305556802051498,0.005259294436075715,-0.003082889067506084,0.8691377664023539,-0.22031129919330789,2.4466896493524324,0.3560763337926638,-0.8714439808005782,0.33492159601475757,0.040280980153714924,0.6759328278884524,0.8330399610474604,-1.8272149904156623,7.841798084785949,1.9385844577745326,-0.10401608627122308
636,1.907999999999968,5.0,0.06870534992787289,0.040671287650897225,0.010786262948318326,4.9999999999999964,0.07417386039914134,0.04617856017972209,0.007803807865739034,4.9999999999999964,0.07417386039914134,0.04617856017972209,0.007803807865739034,0.0,0.0,5.0,0.06870534992787289,0.040671287650897225,0.010786262948318326,0.0,0.0,4.9999999999999964,0.07417386039914134,0.04617856017972209,0.007803807865739034,0.0,0.0,-3.552713678800501e-15,0.005468510471268451,0.005507272528824866,-0.0029824550825792925,0.8711715467097387,-0.21778852822963252,2.4411807739444518,0.3654362823247025,-0.8673033176788675,0.3363208131189576,0.03360936427444565,0.6779267691282808,0.8409236545584521,-1.836291802660269,7.948129007919932,2.0070697370038597,-0.09766619439238909
637,1.9109999999999678,5.0,0.06815863201987238,0.040059557594760924,0.010939939905703406,4.9999999999999964,0.07378914410747286,0.045812440614732275,0.008060631392102306,4.9999999999999964,0.07378914410747286,0.045812440614732275,0.008060631392102306,0.0,0.0,5.0,0.06815863201987238,0.040059557594760924,0.010939939905703406,0.0,0.0,4.9999999999999964,0.07378914410747286,0.045812440614732275,0.008060631392102306,0.0,0.0,-3.552713678800501e-15,0.005630512087600487,0.005752883019971351,-0.0028793085136010997,0.8732120145542394,-0.21524177173207226,2.435645117227612,0.37484287386288045,-0.8629718382210796,0.3377195250237206,0.026794566040513584,0.6801559481668898,0.8489188325200862,-1.8452189056131492,8.053686318691195,2.075004767382997,-0.09110231276647404
638,1.9139999999999677,5.0,0.06760004787835483,0.03943060575192938,0.011083666836788035,4.9999999999999964,0.07339158132535925,0.04542662607237309,0.008310123662988783,4.9999999999999964,0.07339158132535925,0.04542662607237309,0.008310123662988783,0.0,0.0,5.0,0.06760004787835483,0.03943060575192938,0.011083666836788035,0.0,0.0,4.9999999999999964,0.07339158132535925,0.04542662607237309,0.008310123662988783,0.0,0.0,-3.552713678800501e-15,0.005791533447004421,0.005996020320443711,-0.0027735431737992526,0.8752598845404032,-0.21267070786023481,2.4300831498931954,0.38429148995683854,-0.8584444979049051,0.3391157699472093,0.019839086084273785,0.6826233287212548,0.8570212906124798,-1.8539891114722584,8.158447043078501,2.142367516170087,-0.08433051317329873
639,1.9169999999999676,5.0,0.0670296947513088,0.03878470251167109,0.011217313019945198,4.9999999999999964,0.07298124126740577,0.04502128241607768,0.008552057761735442,4.9999999999999964,0.07298124126740577,0.04502128241607768,0.008552057761735442,0.0,0.0,5.0,0.0670296947513088,0.03878470251167109,0.011217313019945198,0.0,0.0,4.9999999999999964,0.07298124126740577,0.04502128241607768,0.008552057761735442,0.0,0.0,-3.552713678800501e-15,0.005951546516096973,0.00623657990440659,-0.0026652552582097557,0.8773158794451636,-0.21007502825633,2.424495364593084,0.393777378351847,-0.8537163209164367,0.34050751863718176,0.012745565926965297,0.6853316349201801,0.8652265346349356,-1.862595100037105,8.262388290724845,2.209136248647432,-0.07735705640050265
640,1.9199999999999675,5.0,0.06644767193567142,0.03812212555073802,0.011340756902127155,4.9999999999999964,0.07255819537270684,0.04459658390493441,0.008786213645941114,4.9999999999999964,0.07255819537270684,0.04459658390493441,0.008786213645941114,0.0,0.0,5.0,0.06644767193567142,0.03812212555073802,0.011340756902127155,0.0,0.0,4.9999999999999964,0.07255819537270684,0.04459658390493441,0.008786213645941114,0.0,0.0,-3.552713678800501e-15,0.006110523437035428,0.00647445835419639,-0.0025545432561860405,0.8793807294571997,-0.20745443892568682,2.418882276303718,0.4032956539283348,-0.8487824096906441,0.34189267549558244,0.005516789349977694,0.6882833373453322,0.873529776881061,-1.8710294297886223,8.365487267589085,2.275289525448632,-0.07018838654961267
641,1.9229999999999674,5.0,0.06585408076004079,0.03744315971399046,0.011453886209419705,4.9999999999999964,0.07212251729240873,0.044152713118772106,0.009012378347598084,4.9999999999999964,0.07212251729240873,0.044152713118772106,0.009012378347598084,0.0,0.0,5.0,0.06585408076004079,0.03744315971399046,0.011453886209419705,0.0,0.0,4.9999999999999964,0.07212251729240873,0.044152713118772106,0.009012378347598084,0.0,0.0,-3.552713678800501e-15,0.006268436532367944,0.006709553404781646,-0.0024415078618216218,0.8814551713742248,-0.20480866112632123,2.4132444226543095,0.4128412999328167,-0.8436379545678258,0.34326907984742067,-0.0018443164320692713,0.6914806390083545,0.8819259331218667,-1.8792845498028112,8.467721288690576,2.3408061996522216,-0.06283112517538747
642,1.9259999999999673,5.0,0.06524902456703555,0.03674809689194133,0.01155659804915684,4.9999999999999964,0.07167428287688703,0.04368986087966817,0.009230346166789428,4.9999999999999964,0.07167428287688703,0.04368986087966817,0.009230346166789428,0.0,0.0,5.0,0.06524902456703555,0.03674809689194133,0.01155659804915684,0.0,0.0,4.9999999999999964,0.07167428287688703,0.04368986087966817,0.009230346166789428,0.0,0.0,-3.552713678800501e-15,0.006425258309851481,0.006941763987726841,-0.0023262518823674114,0.8835399477581561,-0.20213743226560316,2.4075823642168164,0.4224091695077013,-0.83827824354937,0.34463450735594997,-0.009334679808016857,0.6949254613104539,0.8904096202393639,-1.887352812497725,8.56906779092454,2.4056654136663007,-0.05529206526376657
643,1.9289999999999672,5.0,0.06463260869530249,0.03603723589527091,0.011648799003503024,4.9999999999999964,0.07121357016254133,0.04320822616991326,0.009439918858775936,4.9999999999999964,0.07121357016254133,0.04320822616991326,0.009439918858775936,0.0,0.0,5.0,0.06463260869530249,0.03603723589527091,0.011648799003503024,0.0,0.0,4.9999999999999964,0.07121357016254133,0.04320822616991326,0.009439918858775936,0.0,0.0,-3.552713678800501e-15,0.006580961467238841,0.007170990274642353,-0.002208880144727088,0.8856358060482563,-0.19944050680194517,2.401896684755186,0.43199398752683327,-0.8326986721352986,0.3459866715858461,-0.016951084027980675,0.6986194300333926,0.8989751545526621,-1.8952264872100306,8.669504345925965,2.469846595929067,-0.0475781650539036
644,1.931999999999967,5.0,0.06400494046117805,0.0353108823263672,0.011730405214418052,4.9999999999999964,0.07074045935820933,0.042708016046467914,0.009640905814302431,4.9999999999999964,0.07074045935820933,0.042708016046467914,0.009640905814302431,0.0,0.0,5.0,0.06400494046117805,0.0353108823263672,0.011730405214418052,0.0,0.0,4.9999999999999964,0.07074045935820933,0.042708016046467914,0.009640905814302431,0.0,0.0,-3.552713678800501e-15,0.0067355188970312785,0.007397133720100715,-0.002089499400115621,0.8877434976324962,-0.19671765714931172,2.3961879914314044,0.4415903527429589,-0.8268947532252279,0.3473232257157469,-0.02469016669335816,0.7025638614132638,0.9076165508778181,-1.902897774593877,8.769008672959762,2.533329457450526,-0.03969654170989931
645,1.934999999999967,5.0,0.06336612914000449,0.034569348447945424,0.011801342459927035,4.9999999999999964,0.07025503283120266,0.04218944555194784,0.009833124232959515,4.9999999999999964,0.07025503283120266,0.04218944555194784,0.009833124232959515,0.0,0.0,5.0,0.06336612914000449,0.034569348447945424,0.011801342459927035,0.0,0.0,4.9999999999999964,0.07025503283120266,0.04218944555194784,0.009833124232959515,0.0,0.0,-3.552713678800501e-15,0.00688890369119817,0.007620097104002417,-0.00196821822696752,0.8898637768775484,-0.19396867458222666,2.390456914965911,0.45119274025258144,-0.8208621270635673,0.3486417644011671,-0.032548419489775285,0.706759748350742,0.9163275223616871,-1.9103588218311365,8.867558651814916,2.5960939882209755,-0.03165446484799454
646,1.9379999999999669,5.0,0.06271628594710517,0.033812953048805265,0.011861546221626341,4.9999999999999964,0.06975737509296695,0.04165273762217608,0.01001639928944307,4.9999999999999964,0.06975737509296695,0.04165273762217608,0.01001639928944307,0.0,0.0,5.0,0.06271628594710517,0.033812953048805265,0.011861546221626341,0.0,0.0,4.9999999999999964,0.06975737509296695,0.04165273762217608,0.01001639928944307,0.0,0.0,-3.552713678800501e-15,0.007041089145861781,0.007839784573370812,-0.0018451469321832704,0.8919974001179893,-0.19119337013884033,2.3847041097499964,0.46079550428292,-0.8145965712089955,0.34993982578843547,-0.040522188173342855,0.7112077468136722,0.9251014811287814,-1.9176017386382573,8.965132335680488,2.6581204535120513,-0.02345934992510635
647,1.9409999999999668,5.0,0.062055524018422785,0.03304202130678186,0.011910961743363981,4.9999999999999964,0.06924757278436865,0.04109812299034189,0.010190564292560279,4.9999999999999964,0.06924757278436865,0.04109812299034189,0.010190564292560279,0.0,0.0,5.0,0.062055524018422785,0.03304202130678186,0.011910961743363981,0.0,0.0,4.9999999999999964,0.06924757278436865,0.04109812299034189,0.010190564292560279,0.0,0.0,-3.552713678800501e-15,0.007192048765945862,0.008056101683560031,-0.001720397450803702,0.8941451246054589,-0.18839157551950442,2.378930253907843,0.4703928813048796,-0.8080940105075042,0.3512148936799201,-0.04860767282016961,0.7159081624898677,0.9339315397786333,-1.9246186140510233,9.061707963981386,2.719389390096339,-0.015118751494723217
648,1.9439999999999666,5.0,0.0613839583908221,0.03225688464895095,0.011949544081041062,4.9999999999999964,0.06872571466061105,0.04052584008780749,0.010355460836837567,4.9999999999999964,0.06872571466061105,0.04052584008780749,0.010355460836837567,0.0,0.0,5.0,0.0613839583908221,0.03225688464895095,0.011949544081041062,0.0,0.0,4.9999999999999964,0.06872571466061105,0.04052584008780749,0.010355460836837567,0.0,0.0,-3.552713678800501e-15,0.007341756269788946,0.008268955438856543,-0.0015940832442034956,0.8963077074187084,-0.18556314397819626,2.3731360493059497,0.4799789934751018,-0.80135052704759,0.35246439985041517,-0.056800928348607393,0.720860937749801,0.9428105137693863,-1.9314015339644295,9.157263975151947,2.779881602411617,-0.00664035633629198
649,1.9469999999999665,5.0,0.060701705982062884,0.031457880609146,0.011977258143489086,4.9999999999999964,0.06819189157578225,0.039936134941605354,0.010510938946592567,4.9999999999999964,0.06819189157578225,0.039936134941605354,0.010510938946592567,0.0,0.0,5.0,0.060701705982062884,0.031457880609146,0.011977258143489086,0.0,0.0,4.9999999999999964,0.06819189157578225,0.039936134941605354,0.010510938946592567,0.0,0.0,-3.552713678800501e-15,0.007490185593719362,0.008478254332459356,-0.0014663191968965188,0.8984859043356498,-0.18270795120403235,2.3673222215077474,0.4895478524092809,-0.7943623700755095,0.35368572651415287,-0.06509786532318348,0.7260656389804857,0.9517309247212995,-1.9379425994007113,9.251779019325646,2.8395781586958373,0.001968023535653611
650,1.9499999999999664,5.0,0.06000888557044461,0.030645352682851453,0.011994078724385843,4.9999999999999964,0.06764619646703775,0.03932926106867003,0.010656857212339074,4.9999999999999964,0.06764619646703775,0.03932926106867003,0.010656857212339074,0.0,0.0,5.0,0.06000888557044461,0.030645352682851453,0.011994078724385843,0.0,0.0,4.9999999999999964,0.06764619646703775,0.03932926106867003,0.010656857212339074,0.0,0.0,-3.552713678800501e-15,0.007637310896593134,0.008683908385818579,-0.0013372215120467691,0.9006804686687094,-0.17982589619001776,2.3614895196713244,0.499093363288016,-0.7871259658478919,0.3548762089414891,-0.07349425104860612,0.7315214443532295,0.9606850046715343,-1.9442339454742938,9.345231970919347,2.898460387118901,0.010698457976265343
651,1.9529999999999663,5.0,0.05930561777412721,0.02981965017953214,0.011999990525180904,4.9999999999999964,0.06708872433842028,0.038705479366850086,0.010793082919400919,4.9999999999999964,0.06708872433842028,0.038705479366850086,0.010793082919400919,0.0,0.0,5.0,0.05930561777412721,0.02981965017953214,0.011999990525180904,0.0,0.0,4.9999999999999964,0.06708872433842028,0.038705479366850086,0.010793082919400919,0.0,0.0,-3.552713678800501e-15,0.007783106564293069,0.008885829187317947,-0.0012069076057799853,0.9028921500649767,-0.17691690208609073,2.35563871638827,0.5086093292955159,-0.7796379273984426,0.35603313822387966,-0.08198571096161276,0.7372271320890716,0.9696647013090108,-1.9502677610181036,9.437601941090824,2.9565098719371994,0.019542905922591117
652,1.9559999999999662,5.0,0.058592025030132396,0.02898112807246412,0.011994988169009872,4.9999999999999964,0.0665195722443199,0.03806505800274688,0.0109194921686178,4.9999999999999964,0.0665195722443199,0.03806505800274688,0.0109194921686178,0.0,0.0,5.0,0.058592025030132396,0.02898112807246412,0.011994988169009872,0.0,0.0,4.9999999999999964,0.0665195722443199,0.03806505800274688,0.0109194921686178,0.0,0.0,-3.552713678800501e-15,0.007927547214187501,0.009083929930282758,-0.0010754960003920722,0.9051216932728364,-0.17398091703344495,2.349770607461776,0.5180894563904894,-0.7718950641949553,0.35715376418532857,-0.09056773032776623,0.7431810692865874,0.9786616842152601,-1.9560363088313104,9.528868290048583,3.0137084496966557,0.028493222706664177
653,1.958999999999966,5.0,0.05786823157302698,0.02813014684612923,0.011979076205584707,4.9999999999999964,0.06593883927257704,0.03740827229642859,0.011035969989033279,4.9999999999999964,0.06593883927257704,0.03740827229642859,0.011035969989033279,0.0,0.0,5.0,0.05786823157302698,0.02813014684612923,0.011979076205584707,0.0,0.0,4.9999999999999964,0.06593883927257704,0.03740827229642859,0.011035969989033279,0.0,0.0,-3.552713678800501e-15,0.008070607699550064,0.009278125450299358,-0.0009431062165514287,0.9073698368769684,-0.17101791497704272,2.3438860116222635,0.527527358407541,-0.7638943916624075,0.3582352984380437,-0.09923565624959345,0.7493812013773218,0.9876673521340746,-1.9615319465041796,9.619010639193245,3.0700382055098068,0.03754116746282058
654,1.961999999999966,5.0,0.057134363413294614,0.027267072341241667,0.011952269107055716,4.9999999999999964,0.06534662652723167,0.036735404603068816,0.011142410442462454,4.9999999999999964,0.06534662652723167,0.036735404603068816,0.011142410442462454,0.0,0.0,5.0,0.057134363413294614,0.027267072341241667,0.011952269107055716,0.0,0.0,4.9999999999999964,0.06534662652723167,0.036735404603068816,0.011142410442462454,0.0,0.0,-3.552713678800501e-15,0.008212263113937052,0.00946833226182715,-0.0008098586645932625,0.9096373120037915,-0.16802789645317462,2.3379857701789497,0.5369165624863549,-0.7556331405475278,0.35927491757958413,-0.10798469999170585,0.7558250422743907,0.9966728412893664,-1.9667471477713272,9.708008883070192,3.125481469432098,0.04667841062250702
655,1.9649999999999659,5.0,0.056390548315397464,0.026392275597471173,0.011914591254848905,4.9999999999999964,0.06474303711092125,0.0360467441915608,0.0112387167198442,4.9999999999999964,0.06474303711092125,0.0360467441915608,0.0112387167198442,0.0,0.0,5.0,0.056390548315397464,0.026392275597471173,0.011914591254848905,0.0,0.0,4.9999999999999964,0.06474303711092125,0.0360467441915608,0.0112387167198442,0.0,0.0,-3.552713678800501e-15,0.008352488795523784,0.009654468594089628,-0.0006758745350047054,0.9119248409996308,-0.16501088934887365,2.332070746605929,0.5462505148248872,-0.7471087660999118,0.36026976652832843,-0.11680993962774026,0.7625096652797466,1.0056690347669937,-1.9716745243403255,9.795843201113502,3.180020812962197,0.055896541489761135
656,1.9679999999999658,5.0,0.0556369157755324,0.025506132693931923,0.011866076917490755,4.9999999999999964,0.06412817610693089,0.0353425871201594,0.01132480122929034,4.9999999999999964,0.06412817610693089,0.0353425871201594,0.01132480122929034,0.0,0.0,5.0,0.0556369157755324,0.025506132693931923,0.011866076917490755,0.0,0.0,4.9999999999999964,0.06412817610693089,0.0353425871201594,0.01132480122929034,0.0,0.0,-3.552713678800501e-15,0.008491260331398492,0.009836454426227475,-0.0005412756882004141,0.9142331360840764,-0.1619669496299564,2.326141826061514,0.5555225867517054,-0.738318957044518,0.3612169619936342,-0.1257063230131176,0.7694316948152196,1.0146465729724168,-1.9763068481383104,9.8824940691616,3.233639045690647,0.0651870758904772
657,1.9709999999999657,5.0,0.05487359699908682,0.024609024587503536,0.011806770219440535,4.9999999999999964,0.06350215056089868,0.03462323610920433,0.01140058567575169,4.9999999999999964,0.06350215056089868,0.03462323610920433,0.01140058567575169,0.0,0.0,5.0,0.05487359699908682,0.024609024587503536,0.011806770219440535,0.0,0.0,4.9999999999999964,0.06350215056089868,0.03462323610920433,0.01140058567575169,0.0,0.0,-3.552713678800501e-15,0.008628553561811865,0.010014211521700792,-0.00040618454368884435,0.9165628979812016,-0.15889616203444065,2.320199914839769,0.5647260811115234,-0.7292616443202168,0.3621135960766005,-0.13466867108673367,0.7765872990417173,1.0235958651719097,-1.980637073915046,9.967942270725521,3.2863192121206724,0.0745414638884982
658,1.9739999999999656,5.0,0.05410072487779528,0.02370133694905657,0.011736725100958464,4.9999999999999964,0.06286506946217923,0.03388900041097928,0.011466001132228468,4.9999999999999964,0.06286506946217923,0.03388900041097928,0.011466001132228468,0.0,0.0,5.0,0.05410072487779528,0.02370133694905657,0.011736725100958464,0.0,0.0,4.9999999999999964,0.06286506946217923,0.03388900041097928,0.011466001132228468,0.0,0.0,-3.552713678800501e-15,0.008764344584383958,0.010187663461922711,-0.000270723968729996,0.9189148145314913,-0.15579864072807859,2.3142459397533583,0.5738542389568698,-0.7199350095589757,0.3629567399968848,-0.14369168150377618,0.7839721834298713,1.0325071021206882,-1.9846583621368181,10.05216890799111,3.3380445886843306,0.0839510975615166
659,1.9769999999999655,5.0,0.05331843396660418,0.022783459997650524,0.011656005269046333,4.9999999999999964,0.06221704372486902,0.033140195676762955,0.011520988102460366,4.9999999999999964,0.06221704372486902,0.033140195676762955,0.011520988102460366,0.0,0.0,5.0,0.05331843396660418,0.022783459997650524,0.011656005269046333,0.0,0.0,4.9999999999999964,0.06221704372486902,0.033140195676762955,0.011520988102460366,0.0,0.0,-3.552713678800501e-15,0.008898609758264842,0.010356735679112432,-0.00013501716658596667,0.9212895592875231,-0.15267452991874836,2.3082808474470538,0.5829002465377154,-0.7103374932802652,0.36374344794057034,-0.15276993260090507,0.7915815853439473,1.0413702697767464,-1.9883641021015903,10.135155412536982,3.388798680976566,0.09340731882971195
660,1.9799999999999653,5.0,0.05252686046024574,0.02185578833277755,0.011564684139505099,4.9999999999999964,0.06155818616849649,0.03237714382112912,0.011565496575039212,4.9999999999999964,0.06155818616849649,0.03237714382112912,0.011565496575039212,0.0,0.0,5.0,0.05252686046024574,0.02185578833277755,0.011564684139505099,0.0,0.0,4.9999999999999964,0.06155818616849649,0.03237714382112912,0.011565496575039212,0.0,0.0,-3.552713678800501e-15,0.00903132570825075,0.01052135548835157,8.124355341133233e-07,0.92368779009662,-0.14952400442646507,2.3023056036414475,0.5918572425797735,-0.700467802775354,0.36447076102362663,-0.1618978876940436,0.7994102696989903,1.0501751640944286,-1.991747935202111,10.216883555750579,3.4385652212289695,0.10290142733000468
661,1.9829999999999652,5.0,0.051726142169526625,0.02091872076472134,0.011462844770162165,4.9999999999999964,0.060888611498380485,0.03160017288355411,0.01159948606889504,4.9999999999999964,0.060888611498380485,0.03160017288355411,0.01159948606889504,0.0,0.0,5.0,0.051726142169526625,0.02091872076472134,0.011462844770162165,0.0,0.0,4.9999999999999964,0.060888611498380485,0.03160017288355411,0.01159948606889504,0.0,0.0,-3.552713678800501e-15,0.00916246932885386,0.010681452118832768,0.0001366412987328751,0.9261101476738669,-0.1463472702058046,2.2963211923066673,0.6007183258410693,-0.690324919656335,0.3651357113650612,-0.1710698997080078,0.8074525257489348,1.0589114068868253,-1.9948037782601078,10.297335458925225,3.4873281660442816,0.11242468832876576
662,1.9859999999999651,5.0,0.05091641849733609,0.019972660143107432,0.011350579785329202,4.9999999999999964,0.06020843628566039,0.03080961688739112,0.011622925670114179,4.9999999999999964,0.06020843628566039,0.03080961688739112,0.011622925670114179,0.0,0.0,5.0,0.05091641849733609,0.019972660143107432,0.011350579785329202,0.0,0.0,4.9999999999999964,0.06020843628566039,0.03080961688739112,0.011622925670114179,0.0,0.0,-3.552713678800501e-15,0.009292017788324301,0.010836956744283689,0.0002723458847849764,0.9285572541690492,-0.14314456481758162,2.2903286147661133,0.609476562935273,-0.6799081070449872,0.3657353262634193,-0.18028021613615455,0.8157021650607815,1.0675684627409978,-1.997525846851408,10.376493603021578,3.535071694411814,0.12196834066578496
663,1.988999999999965,5.0,0.05009783041437558,0.019018013183715973,0.011227991291559021,4.9999999999999964,0.05951777894700137,0.03000581569627206,0.011635794060055887,4.9999999999999964,0.05951777894700137,0.03000581569627206,0.011635794060055887,0.0,0.0,5.0,0.05009783041437558,0.019018013183715973,0.011227991291559021,0.0,0.0,4.9999999999999964,0.05951777894700137,0.03000581569627206,0.011635794060055887,0.0,0.0,-3.552713678800501e-15,0.009419948532625788,0.010987802512556086,0.0004078027684968656,0.93102971173123,-0.13991615784668715,2.284328888730497,0.6181249964091903,-0.6692169163769345,0.3662666324698623,-0.18952298432715742,0.8241525207269191,1.0761356569648202,-1.9999086785387916,10.454340838077545,3.5817802060230712,0.13152360472227043
664,1.991999999999965,5.0,0.04927052043461688,0.01805519029363342,0.011095190784778258,4.9999999999999964,0.058816759723978373,0.02918911486799859,0.011638079534741944,4.9999999999999964,0.058816759723978373,0.02918911486799859,0.011638079534741944,0.0,0.0,5.0,0.04927052043461688,0.01805519029363342,0.011095190784778258,0.0,0.0,4.9999999999999964,0.058816759723978373,0.02918911486799859,0.011638079534741944,0.0,0.0,-3.552713678800501e-15,0.009546239289361491,0.01113392457436517,0.0005428887499636867,0.9335281010748228,-0.13666235126307041,2.278323047262717,0.6266566530607359,-0.6582511937970169,0.3667266605506366,-0.19879225709492865,0.8327964478642538,1.0846021945389113,-2.0019471559266537,10.530860392251292,3.6274383199058837,0.14108169040563778
665,1.9949999999999648,5.0,0.04843463259049,0.017084605394815662,0.010952299048880293,4.9999999999999964,0.058105500662142415,0.028359865505985314,0.01162978001550159,4.9999999999999964,0.058105500662142415,0.028359865505985314,0.01162978001550159,0.0,0.0,5.0,0.04843463259049,0.017084605394815662,0.010952299048880293,0.0,0.0,4.9999999999999964,0.058105500662142415,0.028359865505985314,0.01162978001550159,0.0,0.0,-3.552713678800501e-15,0.009670868071652412,0.011275260111169652,0.000677480966621298,0.9360529800511578,-0.13338347972294518,2.2723121376743696,0.6350645524826487,-0.6470110861223263,0.36711244933134213,-0.20808199864659857,0.8416263254450077,1.0929571800417475,-2.0036365294491607,10.60603588048259,3.672030873394364,0.15063380514382227
666,1.9979999999999647,5.0,0.04759031240780827,0.016106675746141743,0.010799446045870659,4.9999999999999964,0.05738412558977273,0.027518424108318763,0.011610903050862095,4.9999999999999964,0.05738412558977273,0.027518424108318763,0.011610903050862095,0.0,0.0,5.0,0.04759031240780827,0.016106675746141743,0.010799446045870659,0.0,0.0,4.9999999999999964,0.05738412558977273,0.027518424108318763,0.011610903050862095,0.0,0.0,-3.552713678800501e-15,0.009793813181964463,0.01141174836217702,0.0008114570049914359,0.9386048822296573,-0.13007991080741335,2.266297220354965,0.6433417158161865,-0.6354970463500103,0.3674210504150208,-0.21738609082234348,0.8506340594998653,1.1011896385106084,-2.0049724398015387,10.679851312758489,3.7155429214509192,0.1601711618818441
667,2.000999999999965,5.0,0.04673770688043224,0.015121821764032038,0.010636770797664695,4.9999999999999964,0.05665276009631865,0.026665152414497257,0.011581465809683271,4.9999999999999964,0.05665276009631865,0.026665152414497257,0.011581465809683271,0.0,0.0,5.0,0.04673770688043224,0.015121821764032038,0.010636770797664695,0.0,0.0,4.9999999999999964,0.05665276009631865,0.026665152414497257,0.011581465809683271,0.0,0.0,-3.552713678800501e-15,0.009915053215886413,0.011543330650465219,0.000944695012018576,0.9411843154928461,-0.12675204519582664,2.2602793675351975,0.6514811746980359,-0.6237098386876785,0.36764953276571427,-0.2266983396397267,0.8598110877295895,1.10928853719557,-2.0059509399224926,10.752291101969849,3.7579597363554607,0.16968498707335658
668,2.003999999999965,5.0,0.045876964444678564,0.014130466841709807,0.010464421259645397,4.9999999999999964,0.05591153151053479,0.025800417249917416,0.011541495065542168,4.9999999999999964,0.05591153151053479,0.025800417249917416,0.011541495065542168,0.0,0.0,5.0,0.045876964444678564,0.014130466841709807,0.010464421259645397,0.0,0.0,4.9999999999999964,0.05591153151053479,0.025800417249917416,0.011541495065542168,0.0,0.0,-3.552713678800501e-15,0.010034567065856224,0.011669950408207608,0.0010770738058967708,0.9437917606495151,-0.12340031677135163,2.254259661985894,0.6594759803827128,-0.6116505430850793,0.3677949873487878,-0.23601248213408538,0.869148385556324,1.1172428081583368,-2.0065685164345095,10.82334007134611,3.799266807775789,0.1791665286599061
669,2.006999999999965,5.0,0.045008234953477666,0.013133037167182194,0.010282554186095744,4.9999999999999964,0.05516056887831347,0.02492459036817432,0.011491027172382122,4.9999999999999964,0.05516056887831347,0.02492459036817432,0.011491027172382122,0.0,0.0,5.0,0.045008234953477666,0.013133037167182194,0.010282554186095744,0.0,0.0,4.9999999999999964,0.05516056887831347,0.02492459036817432,0.011491027172382122,0.0,0.0,-3.552713678800501e-15,0.010152333924835805,0.011791553200992127,0.0012084729862863776,0.9464276700704367,-0.12002519265636465,2.2482391956545498,0.6673192130218129,-0.5993205592466445,0.3678545318189862,-0.24532219348536707,0.8786364736405404,1.1250413716623289,-2.006822110447999,10.892983461456259,3.8394498432319395,0.18860706403064928
670,2.009999999999965,5.0,0.0441316696502847,0.01212996154001954,0.010091334987628684,4.9999999999999964,0.05440000294021817,0.024038048291242876,0.011430108031448349,4.9999999999999964,0.05440000294021817,0.024038048291242876,0.011430108031448349,0.0,0.0,5.0,0.0441316696502847,0.01212996154001954,0.010091334987628684,0.0,0.0,4.9999999999999964,0.05440000294021817,0.024038048291242876,0.011430108031448349,0.0,0.0,-3.552713678800501e-15,0.01026833328993347,0.011908086751223337,0.0013387730438196646,0.9490924663510888,-0.11662717317547913,2.242219068241645,0.6750039910805925,-0.5867216101055202,0.36782531524687795,-0.25462109442069436,0.8882654268840164,1.1326731602951692,-2.0067091376348842,10.961206936764805,3.878494768966058,0.1979979079552848
671,2.0129999999999653,5.0,0.043247421142748495,0.011121671187013502,0.009890937580743744,4.9999999999999964,0.05362996610872195,0.02314117214760931,0.011358793049540133,4.9999999999999964,0.05362996610872195,0.02314117214760931,0.011358793049540133,0.0,0.0,5.0,0.043247421142748495,0.011121671187013502,0.009890937580743744,0.0,0.0,4.9999999999999964,0.05362996610872195,0.02314117214760931,0.011358793049540133,0.0,0.0,-3.552713678800501e-15,0.010382544965973454,0.01201950096059581,0.0014678554687963894,0.9517865410058889,-0.11320679174420048,2.236200385719213,0.6825234808715496,-0.5738557447408136,0.36770452287405864,-0.26390275888082426,0.8980248849333566,1.1401271437595488,-2.006227507477386,11.027996591732267,3.916387731228087,0.20733042048298977
672,2.0159999999999654,5.0,0.04235564337614288,0.010108599576790025,0.00968154422964774,4.9999999999999964,0.05285059244515481,0.0222343475084223,0.011277147088617564,4.9999999999999964,0.05285059244515481,0.0222343475084223,0.011277147088617564,0.0,0.0,5.0,0.04235564337614288,0.010108599576790025,0.00968154422964774,0.0,0.0,4.9999999999999964,0.05285059244515481,0.0222343475084223,0.011277147088617564,0.0,0.0,-3.552713678800501e-15,0.010494949069011932,0.012125747931632274,0.0015956028589698239,0.9545102531984662,-0.10976461468141009,2.2301842587944183,0.6898709061839012,-0.5607253407209921,0.3674893808872251,-0.27316072193756963,0.9079040641924155,1.1473923542634614,-2.005375641598369,11.093338956450484,3.953115097986278,0.21659601480017313
673,2.0189999999999655,5.0,0.041456491606565664,0.009091182233459526,0.009463345380482817,4.9999999999999964,0.05206201763636396,0.02131796422173418,0.011185244406808705,4.9999999999999964,0.05206201763636396,0.02131796422173418,0.011185244406808705,0.0,0.0,5.0,0.041456491606565664,0.009091182233459526,0.009463345380482817,0.0,0.0,4.9999999999999964,0.05206201763636396,0.02131796422173418,0.011185244406808705,0.0,0.0,-3.552713678800501e-15,0.010605526029798293,0.012226781988274656,0.0017218990263258883,0.957263928512503,-0.10630124094410212,2.224171801321176,0.697039557987155,-0.5473331058576585,0.36717716120099947,-0.28238848794817367,0.9178917713455853,1.154457912435988,-2.004152491080761,11.157221001803839,3.988663461070209,0.22578616503989923
674,2.0219999999999656,5.0,0.04055012237390829,0.008069856549382406,0.009236539488113106,4.9999999999999964,0.051264378971091096,0.02039241624490352,0.01108316859087079,4.9999999999999964,0.051264378971091096,0.02039241624490352,0.01108316859087079,0.0,0.0,5.0,0.04055012237390829,0.008069856549382406,0.009236539488113106,0.0,0.0,4.9999999999999964,0.051264378971091096,0.02039241624490352,0.01108316859087079,0.0,0.0,-3.552713678800501e-15,0.010714256597182809,0.012322559695521115,0.001846629102757685,0.9600478577676649,-0.10281730178303136,2.2181641286631204,0.7040228041863351,-0.5336820793553031,0.36676518623917703,-0.2915795389315766,0.927976418387297,1.1613130536902514,-2.0025575526851926,11.219630144148324,4.0230196387526425,0.2348924140358839
675,2.0249999999999657,5.0,0.0396366934746031,0.0070450615971331156,0.009001332835627382,4.9999999999999964,0.050457815316070846,0.019458101475230975,0.010971012480166926,4.9999999999999964,0.050457815316070846,0.019458101475230975,0.010971012480166926,0.0,0.0,5.0,0.0396366934746031,0.0070450615971331156,0.009001332835627382,0.0,0.0,4.9999999999999964,0.050457815316070846,0.019458101475230975,0.010971012480166926,0.0,0.0,-3.552713678800501e-15,0.010821121841467746,0.012413039878097859,0.0019696796445395435,0.9628622958851037,-0.0993134603181788,2.212162356011489,0.7108140994058515,-0.5197756323440853,0.3662508337038975,-0.300727343150493,0.9381460391462869,1.1679471549508547,-2.0005908838772046,11.280554249501224,4.056170678775212,0.24390638101400666
676,2.027999999999966,5.0,0.03871636393415136,0.006017237940740334,0.008757939346721554,4.9999999999999964,0.0496424670918544,0.018515421578901483,0.010848878082227393,4.9999999999999964,0.0496424670918544,0.018515421578901483,0.010848878082227393,0.0,0.0,5.0,0.03871636393415136,0.006017237940740334,0.008757939346721554,0.0,0.0,4.9999999999999964,0.0496424670918544,0.018515421578901483,0.010848878082227393,0.0,0.0,-3.552713678800501e-15,0.010926103157703045,0.012498183638161148,0.002090938735505839,0.9657074608069625,-0.09579041103320143,2.206167596661755,0.7174069947785097,-0.5056174677842304,0.3656315413220962,-0.30982536388223314,0.9483883072862321,1.174349761659122,-1.9982531165780546,11.339981637234963,4.0881038618215415,0.252819769214344
677,2.030999999999966,5.0,0.037789293979437234,0.00498682744628595,0.008506580391132336,4.9999999999999964,0.048818476248362684,0.017564781818306126,0.010716876479972407,4.9999999999999964,0.048818476248362684,0.017564781818306126,0.010716876479972407,0.0,0.0,5.0,0.037789293979437234,0.00498682744628595,0.008506580391132336,0.0,0.0,4.9999999999999964,0.048818476248362684,0.017564781818306126,0.010716876479972407,0.0,0.0,-3.552713678800501e-15,0.01102918226892545,0.012577954372020176,0.002210296088840071,0.9685835324742343,-0.09224887918830404,2.2001809602530855,0.723795147715737,-0.4912116197322301,0.3649048115584772,-0.31886706836025785,0.9586905557573098,1.180510614965797,-1.9955454695564068,11.397901083269664,4.118806705440011,0.26162437343679296
678,2.033999999999966,5.0,0.036855645010832834,0.003954273091945876,0.008247484583298192,4.9999999999999964,0.047985986240173285,0.016606590877817996,0.010575127730680664,4.9999999999999964,0.047985986240173285,0.016606590877817996,0.010575127730680664,0.0,0.0,5.0,0.036855645010832834,0.003954273091945876,0.008247484583298192,0.0,0.0,4.9999999999999964,0.047985986240173285,0.016606590877817996,0.010575127730680664,0.0,0.0,-3.552713678800501e-15,0.011130341229340451,0.01265231778587212,0.0023276431473824716,0.9714906518672327,-0.08868962015125136,2.19420355097494,0.7299723316347665,-0.47656245196070046,0.3640682162841743,-0.327845936867558,0.969039797666105,1.186419679017563,-1.9924697593819434,11.45430182275973,4.148266968416999,0.2703120875034255
679,2.036999999999966,5.0,0.03591557957409865,0.0029200187775511735,0.007980887574431567,4.9999999999999964,0.04714514200154537,0.01564126068809685,0.010423760756795577,4.9999999999999964,0.04714514200154537,0.01564126068809685,0.010423760756795577,0.0,0.0,5.0,0.03591557957409865,0.0029200187775511735,0.007980887574431567,0.0,0.0,4.9999999999999964,0.04714514200154537,0.01564126068809685,0.010423760756795577,0.0,0.0,-3.552713678800501e-15,0.011229562427446722,0.012721241910545678,0.0024428731823640092,0.9744289201128051,-0.08511341864652877,2.1882364657453413,0.7359324456182623,-0.46167465592548595,0.3631194013902161,-0.3367554719621022,0.9794227485241477,1.192067168240863,-1.9890284098662188,11.509173552270727,4.176472655600029,0.2788749116307798
680,2.0399999999999663,5.0,0.03496926133208529,0.0018845091337529641,0.007707031838190642,4.9999999999999964,0.046296089921187035,0.014669206248998303,0.010262913228668555,4.9999999999999964,0.046296089921187035,0.014669206248998303,0.010262913228668555,0.0,0.0,5.0,0.03496926133208529,0.0018845091337529641,0.007707031838190642,0.0,0.0,4.9999999999999964,0.046296089921187035,0.014669206248998303,0.010262913228668555,0.0,0.0,-3.552713678800501e-15,0.011326828589101744,0.012784697115245339,0.0025558813904779125,0.9773983976622898,-0.08152108792295669,2.1822807923655785,0.7416695239817044,-0.44655324807537866,0.36205609133490274,-0.34558920781380553,0.9898258498282153,1.197443574524027,-1.9852244599208666,11.562506431443763,4.203412023168858,0.2873049597053906
681,2.0429999999999664,5.0,0.03401685503623949,0.0008481893308747404,0.007426166450146427,4.9999999999999964,0.04543897781676943,0.013690845451163499,0.010092731439345904,4.9999999999999964,0.04543897781676943,0.013690845451163499,0.010092731439345904,0.0,0.0,5.0,0.03401685503623949,0.0008481893308747404,0.007426166450146427,0.0,0.0,4.9999999999999964,0.04543897781676943,0.013690845451163499,0.010092731439345904,0.0,0.0,-3.552713678800501e-15,0.011422122780529939,0.012842656120288759,0.0026665649891994773,0.9803991035440451,-0.07791346884036651,2.176337607656273,0.7471777457237674,-0.4312035665016579,0.3608760936142234,-0.35434071963173724,1.0002352939184702,1.2025396941967237,-1.9810615697685496,11.61429108414543,4.229073584351143,0.2955944664559374
682,2.0459999999999665,5.0,0.03305852649792182,-0.00018849511246891635,0.0071385468612448376,4.9999999999999964,0.04457395490919208,0.012706598896365948,0.009913370171513291,4.9999999999999964,0.04457395490919208,0.012706598896365948,0.009913370171513291,0.0,0.0,5.0,0.03305852649792182,-0.00018849511246891635,0.0071385468612448376,0.0,0.0,4.9999999999999964,0.04457395490919208,0.012706598896365948,0.009913370171513291,0.0,0.0,-3.552713678800501e-15,0.011515428411270262,0.012895094008834864,0.0027748233102684533,0.9834310146942057,-0.07429142887625384,2.1704079755799297,0.7524514438349426,-0.41563126692652974,0.3595773031445011,-0.363003633159622,1.0106370500535244,1.2073466547042238,-1.9765440254477942,11.664518599102417,4.253446115577956,0.3037357945154899
683,2.0489999999999666,5.0,0.032094442559539235,-0.0012250985209033571,0.006844434665470805,4.9999999999999964,0.043701171796603974,0.011716889716692973,0.009724992556718746,4.9999999999999964,0.043701171796603974,0.011716889716692973,0.009724992556718746,0.0,0.0,5.0,0.032094442559539235,-0.0012250985209033571,0.006844434665470805,0.0,0.0,4.9999999999999964,0.043701171796603974,0.011716889716692973,0.009724992556718746,0.0,0.0,-3.552713678800501e-15,0.011606729237064739,0.012941988237596331,0.0028805578912479406,0.9864940653691098,-0.07065586105363499,2.1644929453552524,0.7574851144397452,-0.3998423180314555,0.35815770654654616,-0.3715716342170864,1.0210168916347107,1.21185594087295,-1.9716767415590573,11.713180530020745,4.276518663073037,0.31172144136742813
684,2.0519999999999667,5.0,0.0311247710654983,-0.002261175253890678,0.006544097361924697,4.9999999999999964,0.042820780428184775,0.010722143392639289,0.009527769927002282,4.9999999999999964,0.042820780428184775,0.010722143392639289,0.009527769927002282,0.0,0.0,5.0,0.0311247710654983,-0.002261175253890678,0.006544097361924697,0.0,0.0,4.9999999999999964,0.042820780428184775,0.010722143392639289,0.009527769927002282,0.0,0.0,-3.552713678800501e-15,0.011696009362686475,0.012983318646529967,0.002983672565077585,0.9895881466426254,-0.06700768279164511,2.1585935495686344,0.762273425748052,-0.38384299612829875,0.3566153863207272,-0.3800384782635805,1.0313604245052108,1.216059420663294,-1.9664652622059984,11.760268895190649,4.2982805498683225,0.3195440461687188
685,2.054999999999967,5.0,0.030149680832983895,-0.003296279897313153,0.006237808111528298,4.9999999999999964,0.04193293407769095,0.009722787570190936,0.009321881659067026,4.9999999999999964,0.04193293407769095,0.009722787570190936,0.009321881659067026,0.0,0.0,5.0,0.030149680832983895,-0.003296279897313153,0.006237808111528298,0.0,0.0,4.9999999999999964,0.04193293407769095,0.009722787570190936,0.009321881659067026,0.0,0.0,-3.552713678800501e-15,0.011783253244707054,0.01301906746750409,0.0030840735475387276,0.9927131059913553,-0.06334783468072792,2.1527108022883557,0.7668112267913915,-0.3676398791781753,0.35494852490253237,-0.3883979999614492,1.0416531162433214,1.2199493703057263,-1.9609157600929454,11.805776176579005,4.318721383236969,0.32719639644434106
686,2.057999999999967,5.0,0.02916934162256848,-0.004329967454959332,0.0059258454885812864,4.9999999999999964,0.04103778731677116,0.008719251876978378,0.009107515011133641,4.9999999999999964,0.04103778731677116,0.008719251876978378,0.009107515011133641,0.0,0.0,5.0,0.02916934162256848,-0.004329967454959332,0.0059258454885812864,0.0,0.0,4.9999999999999964,0.04103778731677116,0.008719251876978378,0.009107515011133641,0.0,0.0,-3.552713678800501e-15,0.011868445694202676,0.01304921933193771,0.0031816695225523545,0.9958687469704445,-0.059677279184577464,2.146845697187115,0.7710935559203951,-0.3512398401648616,0.3531554085883931,-0.3966441227142635,1.0518803263630372,1.22351849871682,-1.9550350337469256,11.849695318412282,4.337831062533763,0.33467143464677906
687,2.060999999999967,5.0,0.028183924108657776,-0.005361793539828876,0.005608493227393818,4.9999999999999964,0.040135495988055776,0.007711967737577622,0.008884864952626388,4.9999999999999964,0.040135495988055776,0.007711967737577622,0.008884864952626388,0.0,0.0,5.0,0.028183924108657776,-0.005361793539828876,0.005608493227393818,0.0,0.0,4.9999999999999964,0.040135495988055776,0.007711967737577622,0.008884864952626388,0.0,0.0,-3.552713678800501e-15,0.011951571879398,0.013073761277406499,0.0032763717252325703,0.9990548289824326,-0.055996999271298566,2.140999205678594,0.7751156490400863,-0.33465003983159125,0.3512344313217761,-0.40477086815623015,1.0620273373293831,1.2267599710929658,-1.9488305028403217,11.892019725253899,4.355599787431531,0.3419622645746082
688,2.063999999999967,5.0,0.027193599849776016,-0.006391314565177092,0.0052860399642265425,4.9999999999999964,0.03922621717802512,0.006701368188038766,0.00865413398684575,4.9999999999999964,0.03922621717802512,0.006701368188038766,0.00865413398684575,0.0,0.0,5.0,0.027193599849776016,-0.006391314565177092,0.0052860399642265425,0.0,0.0,4.9999999999999964,0.03922621717802512,0.006701368188038766,0.00865413398684575,0.0,0.0,-3.552713678800501e-15,0.012032617328249107,0.013092682753215859,0.003368094022619208,1.0022710671413042,-0.05230799697655474,2.1351722750737996,0.7788729475602469,-0.31787791879203803,0.3491840983298169,-0.41277236556829644,1.0720793862905338,1.2296674315812746,-1.9423102015981994,11.932743259580961,4.372018066540948,0.34906215764434506
689,2.0669999999999673,5.0,0.026198541258698582,-0.007418087935215431,0.0049587789747716484,4.9999999999999964,0.03831010918966111,0.00568788768972188,0.008415531966788875,4.9999999999999964,0.03831010918966111,0.00568788768972188,0.008415531966788875,0.0,0.0,5.0,0.026198541258698582,-0.007418087935215431,0.0049587789747716484,0.0,0.0,4.9999999999999964,0.03831010918966111,0.00568788768972188,0.008415531966788875,0.0,0.0,-3.552713678800501e-15,0.012111567930962526,0.013105975624937313,0.0034567529920172266,1.0055171322335756,-0.04861129190176639,2.129365826762952,0.7823611060387574,-0.30093118902824123,0.34700302960106916,-0.4206428611964549,1.0820216974237977,1.2322350249294507,-1.9354827702825583,11.971860238866237,4.387076726399851,0.3559645590098491
690,2.0699999999999674,5.0,0.025198921572435307,-0.00844167223538437,0.004627007907414877,4.9999999999999964,0.03738733151488712,0.004671961942520089,0.008169275904285381,4.9999999999999964,0.03738733151488712,0.004671961942520089,0.008169275904285381,0.0,0.0,5.0,0.025198921572435307,-0.00844167223538437,0.004627007907414877,0.0,0.0,4.9999999999999964,0.03738733151488712,0.004671961942520089,0.008169275904285381,0.0,0.0,-3.552713678800501e-15,0.012188409942451815,0.013113634177904461,0.0035422679968705045,1.0087926507779397,-0.04490791965070861,2.1235807544286893,0.7855759994965444,-0.2838178247901645,0.34468996319527917,-0.42837672744772315,1.091839514788029,1.2344574170192617,-1.9283574447541627,12.009365432172357,4.400766920817083,0.3626630935237193
691,2.0729999999999675,5.0,0.024194914822070347,-0.009461627422120264,0.004291028512519897,4.9999999999999964,0.03645804480680091,0.0036540276975501346,0.007915589772622116,4.9999999999999964,0.03645804480680091,0.0036540276975501346,0.007915589772622116,0.0,0.0,5.0,0.024194914822070347,-0.009461627422120264,0.004291028512519897,0.0,0.0,4.9999999999999964,0.03645804480680091,0.0036540276975501346,0.007915589772622116,0.0,0.0,-3.552713678800501e-15,0.012263129984730566,0.013115655119670399,0.0036245612601022194,1.0120972051846526,-0.041198930208133706,2.117817922296326,0.7885137303836055,-0.2665460529134868,0.3422437583764585,-0.4359684719393442,1.101518135571006,1.236329814191635,-1.9209440441211572,12.045254056266131,4.413080140554664,0.36915157153525696
692,2.0759999999999676,5.0,0.02318669580246386,-0.010477515012031726,0.0039511463679824995,4.9999999999999964,0.035522410851705356,0.0026345225693911395,0.007654704302836345,4.9999999999999964,0.035522410851705356,0.0026345225693911395,0.007654704302836345,0.0,0.0,5.0,0.02318669580246386,-0.010477515012031726,0.0039511463679824995,0.0,0.0,4.9999999999999964,0.035522410851705356,0.0026345225693911395,0.007654704302836345,0.0,0.0,-3.552713678800501e-15,0.012335715049241497,0.013112037581422865,0.003703557934853846,1.015430334015503,-0.03748538626430764,2.1120781634268493,0.7911706351764808,-0.24912434257409227,0.3396633985609253,-0.443412746376907,1.1110429436168223,1.2378479812753556,-1.9132529564923015,12.07952177126192,4.424008223331055,0.37542399451972625
693,2.0789999999999678,5.0,0.02217444004182055,-0.011488898270406334,0.0036076706013030107,4.9999999999999964,0.034580592540941854,0.0016138848479521012,0.0073868567738627055,4.9999999999999964,0.034580592540941854,0.0016138848479521012,0.0073868567738627055,0.0,0.0,5.0,0.02217444004182055,-0.011488898270406334,0.0036076706013030107,0.0,0.0,4.9999999999999964,0.034580592540941854,0.0016138848479521012,0.0073868567738627055,0.0,0.0,-3.552713678800501e-15,0.012406152499121303,0.013102783118358434,0.0037791861725596947,1.0187915323448493,-0.03376836148960021,2.106362278058265,0.7935432905885459,-0.23156139449954757,0.3369479940724097,-0.45070435523733937,1.1203994431153952,1.239008258235809,-1.9052951228613364,12.112164675804001,4.433543364127191,0.38147456053378964
694,2.081999999999968,5.0,0.021158323771131235,-0.012495342398963834,0.0032609136084306815,4.9999999999999964,0.03363275384253139,0.0005925533100489969,0.007112290796724723,4.9999999999999964,0.03363275384253139,0.0005925533100489969,0.007112290796724723,0.0,0.0,5.0,0.021158323771131235,-0.012495342398963834,0.0032609136084306815,0.0,0.0,4.9999999999999964,0.03363275384253139,0.0005925533100489969,0.007112290796724723,0.0,0.0,-3.552713678800501e-15,0.012474430071400158,0.01308789570901283,0.0038513771882940414,1.0221802522218508,-0.030048938763504618,2.1006710320007924,0.7956285193755575,-0.21386612965962581,0.33409678469677134,-0.45783826423306806,1.129573292333833,1.2398075753651976,-1.8970820191576498,12.143179301798856,4.441678125775993,0.3872976694921592
695,2.084999999999968,5.0,0.020138523893490672,-0.01349641472277844,0.0029111907696353807,4.9999999999999964,0.03267905977262818,-0.0004290329692273082,0.006831256092967244,4.9999999999999964,0.03267905977262818,-0.0004290329692273082,0.006831256092967244,0.0,0.0,5.0,0.020138523893490672,-0.01349641472277844,0.0029111907696353807,0.0,0.0,4.9999999999999964,0.03267905977262818,-0.0004290329692273082,0.006831256092967244,0.0,0.0,-3.552713678800501e-15,0.012540535879137508,0.01306738175355113,0.003920065323331863,1.025595903233654,-0.02632820836268127,2.0950051550912714,0.7974233957200295,-0.19604767745963936,0.3311091420293571,-0.46480960853407555,1.1385503372676558,1.2402434669411166,-1.8886256365070067,12.172562608709255,4.44840544981508,0.39288792826066404
696,2.087999999999968,5.0,0.01911521795329977,-0.01449168487628825,0.0025588201626646073,4.9999999999999964,0.03171967636679077,-0.0014504348052714695,0.006544008267531227,4.9999999999999964,0.03171967636679077,-0.0014504348052714695,0.006544008267531227,0.0,0.0,5.0,0.01911521795329977,-0.01449168487628825,0.0025588201626646073,0.0,0.0,4.9999999999999964,0.03171967636679077,-0.0014504348052714695,0.006544008267531227,0.0,0.0,-3.552713678800501e-15,0.012604458413490997,0.01304125007101678,0.0039851881048666195,1.0290378531689202,-0.02260726611282235,2.0893653397120078,0.7989252501792254,-0.1781153634619816,0.327984571608532,-0.4716137007251114,1.1473166450887282,1.240314083286307,-1.8799384597545707,12.200311977423075,4.453718667581539,0.39824015556110043
697,2.090999999999968,5.0,0.018088584105355448,-0.015480724988310364,0.0022041222734477165,4.9999999999999964,0.030754770651075698,-0.002471213092771111,0.006250808576277535,4.9999999999999964,0.030754770651075698,-0.002471213092771111,0.006250808576277535,0.0,0.0,5.0,0.018088584105355448,-0.015480724988310364,0.0022041222734477165,0.0,0.0,4.9999999999999964,0.030754770651075698,-0.002471213092771111,0.006250808576277535,0.0,0.0,-3.552713678800501e-15,0.01266618654572025,0.013009511895539252,0.004046686302829819,1.032505428780719,-0.01888721150931612,2.0837522393790757,0.8001316741828193,-0.16007869666283497,0.32472271482944176,-0.47824603847593217,1.1558585372662815,1.2400182011687428,-1.8710334443107444,12.226425203710637,4.457611511526756,0.4033493866834073
698,2.0939999999999683,5.0,0.017058801083834358,-0.01646310986598515,0.001847419704609213,4.9999999999999964,0.02978451061295872,-0.0034909289944802645,0.005951923688371119,4.9999999999999964,0.02978451061295872,-0.0034909289944802645,0.005951923688371119,0.0,0.0,5.0,0.017058801083834358,-0.01646310986598515,0.001847419704609213,0.0,0.0,4.9999999999999964,0.02978451061295872,-0.0034909289944802645,0.005951923688371119,0.0,0.0,-3.552713678800501e-15,0.01272570952912436,0.012972180871504887,0.004104503983761906,1.0359979166474316,-0.01516914581185226,2.0781664674049103,0.8010405240676105,-0.14194735635247588,0.3213233506326157,-0.4847023119031505,1.1641626222375554,1.2393552324879542,-1.8619239913884067,12.250900491285401,4.460078126728521,0.40821087800087696
699,2.0969999999999684,5.0,0.016026048171175766,-0.01743841717756913,0.0014890368820575466,4.9999999999999964,0.028809065172088665,-0.00450914412987744,0.005647625443741727,4.9999999999999964,0.028809065172088665,-0.00450914412987744,0.005647625443741727,0.0,0.0,5.0,0.016026048171175766,-0.01743841717756913,0.0014890368820575466,0.0,0.0,4.9999999999999964,0.028809065172088665,-0.00450914412987744,0.005647625443741727,0.0,0.0,-3.552713678800501e-15,0.012783017000912899,0.01292927304769169,0.0041585885616841805,1.039514564129948,-0.01145417011825051,2.0726085956397866,0.801649924638058,-0.12373117858898819,0.3177863969625856,-0.4909784106030657,1.1722158275054124,1.2383252312005828,-1.8526239217079181,12.273736444483722,4.461113082576897,0.41282011128429874
700,2.0999999999999686,5.0,0.014990505166868805,-0.018406227633996266,0.0011292997599149357,4.9999999999999964,0.027828604150878945,-0.005525420763627418,0.005338190605841754,4.9999999999999964,0.027828604150878945,-0.005525420763627418,0.005338190605841754,0.0,0.0,5.0,0.014990505166868805,-0.018406227633996266,0.0011292997599149357,0.0,0.0,4.9999999999999964,0.027828604150878945,-0.005525420763627418,0.005338190605841754,0.0,0.0,-3.552713678800501e-15,0.01283809898401014,0.012880806870368848,0.004208890845926818,1.043054580423073,-0.0077433834229137955,2.0670791532965254,0.8019582722428211,-0.10544014231648093,0.3141119119922809,-0.49707043033572385,1.1800054310417496,1.2369288984455713,-1.8431474477536993,12.294932060580278,4.460711384609687,0.41717279781110894
701,2.1029999999999687,5.0,0.01395235235615044,-0.019366125169132813,0.0007685355240579335,4.9999999999999964,0.026843298244941943,-0.006539321993765728,0.0050239006099260415,4.9999999999999964,0.026843298244941943,-0.006539321993765728,0.0050239006099260415,0.0,0.0,5.0,0.01395235235615044,-0.019366125169132813,0.0007685355240579335,0.0,0.0,4.9999999999999964,0.026843298244941943,-0.006539321993765728,0.0050239006099260415,0.0,0.0,-3.552713678800501e-15,0.012890945888791503,0.012826803175367085,0.004255365085868108,1.0466171376987061,-0.004037880665402588,2.0615786258625057,0.8019642373589693,-0.08708435516008334,0.31030009510956047,-0.5029746793414113,1.1875190918776612,1.2351675858370692,-1.8335091446732583,12.314486721756714,4.458868486472702,0.4212648822658115
702,2.105999999999969,5.0,0.01291177047861746,-0.020317697118646477,0.0004070722945370202,4.9999999999999964,0.025853318993371375,-0.007550411939524736,0.004705041307082653,4.9999999999999964,0.025853318993371375,-0.007550411939524736,0.004705041307082653,0.0,0.0,5.0,0.01291177047861746,-0.020317697118646477,0.0004070722945370202,0.0,0.0,4.9999999999999964,0.025853318993371375,-0.007550411939524736,0.004705041307082653,0.0,0.0,-3.552713678800501e-15,0.012941548514753915,0.012767285179121741,0.0042979690125456325,1.0502013723379984,-0.0003387507746994713,2.056107454102757,0.8016667666770151,-0.06867403893106054,0.3063512876628547,-0.5086876842718182,1.1947448797640843,1.2330432969010388,-1.8237239199161697,12.332400186741866,4.455580301979516,0.42509254642812244
703,2.108999999999969,5.0,0.011868940696760753,-0.021260534397411768,4.52388271472274e-05,4.9999999999999964,0.02485883874887779,-0.008558255928720776,0.004381902704247339,4.9999999999999964,0.02485883874887779,-0.008558255928720776,0.004381902704247339,0.0,0.0,5.0,0.011868940696760753,-0.021260534397411768,4.52388271472274e-05,0.0,0.0,4.9999999999999964,0.02485883874887779,-0.008558255928720776,0.004381902704247339,0.0,0.0,-3.552713678800501e-15,0.012989898052117038,0.012702278468690991,0.004336663877100112,1.0538063862493685,0.003352925285219411,2.050666033157607,0.8010650846814571,-0.050219514876346266,0.3022659734635139,-0.5142061957192149,1.2016713037900597,1.2305586866396274,-1.8138069817166733,12.34867258214275,4.450843217244897,0.4286522126454813
704,2.111999999999969,5.0,0.010824044564425274,-0.022194231675378005,-0.00031663578558008965,4.9999999999999964,0.02386003064778244,-0.00956242068462177,0.004054778700438256,4.9999999999999964,0.02386003064778244,-0.00956242068462177,0.004054778700438256,0.0,0.0,5.0,0.010824044564425274,-0.022194231675378005,-0.00031663578558008965,0.0,0.0,4.9999999999999964,0.02386003064778244,-0.00956242068462177,0.004054778700438256,0.0,0.0,-3.552713678800501e-15,0.013035986083357166,0.012631810990756236,0.004371414486018346,1.0574312482689179,0.007036076462866144,2.0452547117380195,0.8001586947230676,-0.031731188707624085,0.29804477904309296,-0.5195271933281554,1.2082873398497738,1.2277170592155777,-1.8037738065292028,12.363304393486349,4.444654102865668,0.4319405470867745
705,2.114999999999969,5.0,0.009777263995202004,-0.023118387551823077,-0.0006782224136913237,4.9999999999999964,0.02285706857987468,-0.010562474512214806,0.0037239668194507265,4.9999999999999964,0.02285706857987468,-0.010562474512214806,0.0037239668194507265,0.0,0.0,5.0,0.009777263995202004,-0.023118387551823077,-0.0006782224136913237,0.0,0.0,4.9999999999999964,0.02285706857987468,-0.010562474512214806,0.0037239668194507265,0.0,0.0,-3.552713678800501e-15,0.013079804584672677,0.012555913039608272,0.00440218923314205,1.0610749956394803,0.010709643554137853,2.0398737914214258,0.798947379580717,-0.013219535445799506,0.29368847366443784,-0.524647890475464,1.2145824568541586,1.2245223637572364,-1.7936401055312428,12.376296455992932,4.437010326122447,0.4349544627743077
706,2.1179999999999692,5.0,0.008728781230757295,-0.024032604727916462,-0.0010391921891587223,4.9999999999999964,0.0218501271581383,-0.011557987483793804,0.003389767939255264,4.9999999999999964,0.0218501271581383,-0.011557987483793804,0.003389767939255264,0.0,0.0,5.0,0.008728781230757295,-0.024032604727916462,-0.0010391921891587223,0.0,0.0,4.9999999999999964,0.0218501271581383,-0.011557987483793804,0.003389767939255264,0.0,0.0,-3.552713678800501e-15,0.013121345927381007,0.012474617244122658,0.004428960128413986,1.0647366355642442,0.014372581119016957,2.0345235260504886,0.7974312015121007,0.005304915882710054,0.289197969086084,-0.5295657385055497,1.2205466415880157,1.2209791882930343,-1.7834217903124272,12.387649945102451,4.427909763175356,0.43769112239127594
707,2.1209999999999694,5.0,0.007678778809104938,-0.02493649017752045,-0.0013992168049906935,4.9999999999999964,0.020839381688351807,-0.012548531623787452,0.0030524860183448886,4.9999999999999964,0.020839381688351807,-0.012548531623787452,0.0030524860183448886,0.0,0.0,5.0,0.007678778809104938,-0.02493649017752045,-0.0013992168049906935,0.0,0.0,4.9999999999999964,0.020839381688351807,-0.012548531623787452,0.0030524860183448886,0.0,0.0,-3.552713678800501e-15,0.013160602879246868,0.012387958553732996,0.004451702823335582,1.0684151468306022,0.01802385937451475,2.0292041212368708,0.7956105017942956,0.023831597660985294,0.28457431908011777,-0.5342784305094493,1.2261704221193537,1.217092751832598,-1.7731349378726753,12.397366366776124,4.417350811226618,0.44014794086216846
708,2.1239999999999695,5.0,0.006627439532827364,-0.025829655316153555,-0.0017579688138312066,4.9999999999999964,0.019825008138568183,-0.013533681092747803,0.002712427819280702,4.9999999999999964,0.019825008138568183,-0.013533681092747803,0.002712427819280702,0.0,0.0,5.0,0.006627439532827364,-0.025829655316153555,-0.0017579688138312066,0.0,0.0,4.9999999999999964,0.019825008138568183,-0.013533681092747803,0.002712427819280702,0.0,0.0,-3.552713678800501e-15,0.013197568605740818,0.012295974223405752,0.004470396633111909,1.0721094814996237,0.02166246605837435,2.0239157339717044,0.7934858997566414,0.042349919170709564,0.2798187187042969,-0.5387839046373898,1.2314448896738512,1.2128688946198665,-1.762795755055414,12.40544754759611,4.405332400622746,0.44232258770377036
709,2.1269999999999696,5.0,0.0055749464372493495,-0.026711716168045397,-0.0021151219257780195,4.9999999999999964,0.018807183108479328,-0.014513012370420594,0.0023699026296870912,4.9999999999999964,0.018807183108479328,-0.014513012370420594,0.0023699026296870912,0.0,0.0,5.0,0.0055749464372493495,-0.026711716168045397,-0.0021151219257780195,0.0,0.0,4.9999999999999964,0.018807183108479328,-0.014513012370420594,0.0023699026296870912,0.0,0.0,-3.552713678800501e-15,0.01323223667122998,0.012198703797624803,0.00448502455546511,1.0758185666563058,0.02528740825814936,2.018658472344071,0.7910582913099825,0.06084928211797178,0.27493250332986297,-0.5430803469360975,1.2363617188940554,1.2083140665916705,-1.7524205425445247,12.411895624686641,4.391854006868973,0.44421298914461943
710,2.1299999999999697,5.0,0.0045214827585726355,-0.027582293531208692,-0.002470351305147508,4.9999999999999964,0.017786083798670534,-0.015486104437818598,0.0020252219809503646,4.9999999999999964,0.017786083798670534,-0.015486104437818598,0.0020252219809503646,0.0,0.0,5.0,0.0045214827585726355,-0.027582293531208692,-0.002470351305147508,0.0,0.0,4.9999999999999964,0.017786083798670534,-0.015486104437818598,0.0020252219809503646,0.0,0.0,-3.552713678800501e-15,0.013264601040097898,0.012096189093390095,0.004495573286097872,1.079541306215536,0.028897714200398786,2.013432395368404,0.7883288469778328,0.07931909615831456,0.26991714742711415,-0.5471661937035556,1.240913186410033,1.2034353140831424,-1.742025658555555,12.416713035480633,4.376915662528478,0.4458173300109871
711,2.13299999999997,5.0,0.0034672319019748545,-0.028441013140460387,-0.0028233338659175394,4.9999999999999964,0.016761887979770337,-0.01645253895821955,0.0016786993648766747,4.9999999999999964,0.016761887979770337,-0.01645253895821955,0.0016786993648766747,0.0,0.0,5.0,0.0034672319019748545,-0.028441013140460387,-0.0028233338659175394,0.0,0.0,4.9999999999999964,0.016761887979770337,-0.01645253895821955,0.0016786993648766747,0.0,0.0,-3.552713678800501e-15,0.013294656077795484,0.011988474182240836,0.004502033230794214,1.083276582778503,0.03249243499488579,2.0082375129213452,0.785299009436529,0.09774879438365178,0.26477426311143326,-0.5510401333554071,1.2450921876556895,1.1982402648290018,-1.731627482352969,12.419902507356221,4.360517968979017,0.447134055377674
712,2.13599999999997,5.0,0.0024123774096791867,-0.029287505828320428,-0.003173748565578335,4.9999999999999964,0.015734773961501112,-0.017411900457011038,0.0013306499485668734,4.9999999999999964,0.015734773961501112,-0.017411900457011038,0.0013306499485668734,0.0,0.0,5.0,0.0024123774096791867,-0.029287505828320428,-0.003173748565578335,0.0,0.0,4.9999999999999964,0.015734773961501112,-0.017411900457011038,0.0013306499485668734,0.0,0.0,-3.552713678800501e-15,0.013322396551821925,0.01187560537130939,0.004504398514145209,1.0870232595341214,0.03607064632883732,2.003073785788168,0.7819704905728964,0.1161278487338898,0.25950559845307947,-0.5547011077987228,1.2488922518728,1.1927371113171779,-1.7212423777257213,12.42146704716815,4.342662107999648,0.4481618719821144
713,2.13899999999997,5.0,0.0013571029290001552,-0.030121407683717617,-0.003521276697125352,4.9999999999999964,0.014704920561635889,-0.0183637765003049,0.000981390287767705,4.9999999999999964,0.014704920561635889,-0.0183637765003049,0.000981390287767705,0.0,0.0,5.0,0.0013571029290001552,-0.030121407683717617,-0.003521276697125352,0.0,0.0,4.9999999999999964,0.014704920561635889,-0.0183637765003049,0.000981390287767705,0.0,0.0,-3.552713678800501e-15,0.013347817632635733,0.011757631183412717,0.004502666984893057,1.0907801821998802,0.03963145010651226,1.997941125818508,0.7783452680693771,0.1344457852964293,0.25411303555465914,-0.5581483133103881,1.2523075552528955,1.1869345925583126,-1.7108866565532794,12.421409930699355,4.323349853160338,0.4488997494005059
714,2.14199999999997,5.0,0.0003015921803709828,-0.030942360208437155,-0.0038656021789275755,4.9999999999999964,0.013672507074866606,-0.019307757872244515,0.0006312380389599664,4.9999999999999964,0.013672507074866606,-0.019307757872244515,0.0006312380389599664,0.0,0.0,5.0,0.0003015921803709828,-0.030942360208437155,-0.0038656021789275755,0.0,0.0,4.9999999999999964,0.013672507074866606,-0.019307757872244515,0.0006312380389599664,0.0,0.0,-3.552713678800501e-15,0.013370914894495623,0.01163460233619264,0.0044968402178875416,1.0945461809964065,0.04317397602953655,1.992839396190728,0.7744255815279535,0.15269219945719725,0.24859858840077834,-0.5613812009189063,1.2553329321755,1.180841974341428,-1.7005765425933477,12.419734692058348,4.302583580987469,0.44934692098489176
715,2.1449999999999703,5.0,-0.0007539710746410708,-0.031750010471241014,-0.004206411842208006,4.9999999999999964,0.012637713241589412,-0.020243438750928492,0.00028051167044557525,4.9999999999999964,0.012637713241589412,-0.020243438750928492,0.00028051167044557525,0.0,0.0,5.0,-0.0007539710746410708,-0.031750010471241014,-0.004206411842208006,0.0,0.0,4.9999999999999964,0.012637713241589412,-0.020243438750928492,0.00028051167044557525,0.0,0.0,-3.552713678800501e-15,0.013391684316230482,0.011506571720312522,0.004486923512653581,1.0983200726499358,0.04669738311369364,1.987768411783865,0.7702139281455174,0.1708567708674591,0.24296440048495416,-0.5643994762899606,1.2579638845097298,1.1744690280523642,-1.6903281356210027,12.416445113048354,4.2803662818785,0.44950288456034593
716,2.1479999999999704,5.0,-0.0018094030653279525,-0.032544011259593886,-0.004543395715875261,4.9999999999999964,0.011600719216612342,-0.021170416882875374,-7.046982730376584e-05,4.9999999999999964,0.011600719216612342,-0.021170416882875374,-7.046982730376584e-05,0.0,0.0,5.0,-0.0018094030653279525,-0.032544011259593886,-0.004543395715875261,0.0,0.0,4.9999999999999964,0.011600719216612342,-0.021170416882875374,-7.046982730376584e-05,0.0,0.0,-3.552713678800501e-15,0.013410122281940294,0.011373594376718511,0.004472925888571496,1.1021006624168006,0.05020086113810611,1.9827279396557247,0.76571305795461,0.18892927819138683,0.23721274221941607,-0.5672030991176134,1.2601965889549065,1.1678260081374903,-1.6801573760467292,12.411545212534307,4.2567015707393345,0.44936740288162547
717,2.1509999999999705,5.0,-0.002864520043834231,-0.03332402122893184,-0.004876247308446249,4.9999999999999964,0.010561705537790856,-0.02208829375595429,-0.0004213872317727847,4.9999999999999964,0.010561705537790856,-0.02208829375595429,-0.0004213872317727847,0.0,0.0,5.0,-0.002864520043834231,-0.03332402122893184,-0.004876247308446249,0.0,0.0,4.9999999999999964,0.010561705537790856,-0.02208829375595429,-0.0004213872317727847,0.0,0.0,-3.552713678800501e-15,0.013426225581625088,0.01123572747297755,0.004454860076673464,1.1058867461240143,0.05368363202300796,1.9777176996253107,0.7609259686446641,0.20689961360020406,0.23134600813396344,-0.5697922820245502,1.2620279024045642,1.1609236283006168,-1.6700800101379703,12.40503923583399,4.2315936973183055,0.44894050384887474
718,2.1539999999999706,5.0,-0.003919138317147244,-0.03408970504940833,-0.0052046638868047035,4.9999999999999964,0.00952085309459669,-0.022996674770707087,-0.0007719213787399373,4.9999999999999964,0.00952085309459669,-0.022996674770707087,-0.0007719213787399373,0.0,0.0,5.0,-0.003919138317147244,-0.03408970504940833,-0.0052046638868047035,0.0,0.0,4.9999999999999964,0.00952085309459669,-0.022996674770707087,-0.0007719213787399373,0.0,0.0,-3.552713678800501e-15,0.013439991411743936,0.011093030278701243,0.004432742508064766,1.109677112219995,0.05714495113258582,1.972737364957415,0.7558558999800155,0.224757796979693,0.22536671387055748,-0.5721674889762794,1.2634553653269578,1.1537730365259538,-1.6601115559653108,12.396931644159672,4.20504755621109,0.4482224804821856
719,2.1569999999999707,5.0,-0.004973074279077555,-0.034840733550053175,-0.005528346751540835,4.9999999999999964,0.008478343096625469,-0.023895169409988443,-0.00112175345256167,4.9999999999999964,0.008478343096625469,-0.023895169409988443,-0.00112175345256167,0.0,0.0,5.0,-0.004973074279077555,-0.034840733550053175,-0.005528346751540835,0.0,0.0,4.9999999999999964,0.008478343096625469,-0.023895169409988443,-0.00112175345256167,0.0,0.0,-3.552713678800501e-15,0.013451417375703024,0.010945564140064732,0.004406593298979165,1.1134705438294867,0.06058410849965891,1.967786563146844,0.7505063278320201,0.24249398981892184,0.21927749298081545,-0.57432943321568,1.2644772031638825,1.1463857890243632,-1.6502672701903027,12.387227104136603,4.1770686965113235,0.44721389065503586
720,2.159999999999971,5.0,-0.006026144442224295,-0.03557678386028515,-0.005847001508622859,4.9999999999999964,0.00743435704204865,-0.024783391406851023,-0.001470565276139634,4.9999999999999964,0.00743435704204865,-0.024783391406851023,-0.001470565276139634,0.0,0.0,5.0,-0.006026144442224295,-0.03557678386028515,-0.005847001508622859,0.0,0.0,4.9999999999999964,0.00743435704204865,-0.024783391406851023,-0.001470565276139634,0.0,0.0,-3.552713678800501e-15,0.013460501484272944,0.010793392453434126,0.004376436232483225,1.1172658208067614,0.0640004299692709,1.9628648767994223,0.7448809578436068,0.2600985087492339,0.213081093534038,-0.5762790747257382,1.2650923257582245,1.1387738232039972,-1.6405621158072656,12.375930477424651,4.147663331082172,0.4459155565868475
721,2.162999999999971,5.0,-0.00707816546991996,-0.03629753954871581,-0.006160338337152137,4.9999999999999964,0.006389076686015143,-0.025660958910603344,-0.0018180396003071638,4.9999999999999964,0.006389076686015143,-0.025660958910603344,-0.0018180396003071638,0.0,0.0,5.0,-0.00707816546991996,-0.03629753954871581,-0.006160338337152137,0.0,0.0,4.9999999999999964,0.006389076686015143,-0.025660958910603344,-0.0018180396003071638,0.0,0.0,-3.552713678800501e-15,0.013467242155935102,0.010636580638112469,0.004342298736844974,1.1210617217812489,0.06739327825858,1.9579718446065837,0.738983718745506,0.27756183870381956,0.20678037454383733,-0.5780176172297234,1.2653003248291324,1.1309494297697011,-1.6310107309461832,12.363046810469314,4.1168383454246715,0.44432856409512944
722,2.165999999999971,5.0,-0.008128954208148268,-0.037002690759184095,-0.006468072252959574,4.9999999999999964,0.0053426840090082355,-0.02652749465096914,-0.002163860392371754,4.9999999999999964,0.0053426840090082355,-0.02652749465096914,-0.002163860392371754,0.0,0.0,5.0,-0.008128954208148268,-0.037002690759184095,-0.006468072252959574,0.0,0.0,4.9999999999999964,0.0053426840090082355,-0.02652749465096914,-0.002163860392371754,0.0,0.0,-3.552713678800501e-15,0.013471638217156504,0.010475196108214957,0.00430421186058782,1.1248570261898148,0.07076205393075478,1.9531069624100694,0.7328187553442275,0.29487464566957017,0.20037830222184302,-0.5795465047394157,1.2651014695219756,1.1229252240582612,-1.6216273988381003,12.348581324408006,4.084601306119223,0.44245426160787926
723,2.168999999999971,5.0,-0.00917832771743163,-0.037691934343965235,-0.006769923367802366,4.9999999999999964,0.004295361185163293,-0.027382626100277613,-0.0025077131235511736,4.9999999999999964,0.004295361185163293,-0.027382626100277613,-0.0025077131235511736,0.0,0.0,5.0,-0.00917832771743163,-0.037691934343965235,-0.006769923367802366,0.0,0.0,4.9999999999999964,0.004295361185163293,-0.027382626100277613,-0.0025077131235511736,0.0,0.0,-3.552713678800501e-15,0.013473688902594923,0.010309308243687622,0.004262210244251193,1.1286505162900196,0.07410619628091086,1.9482696843529546,0.7263904212026073,0.312027789004376,0.1938779460673415,-0.5808674176633146,1.2644967000682958,1.114714116718692,-1.6124260190382564,12.3325394051574,4.050960468817252,0.4402942589371475
724,2.1719999999999713,5.0,-0.010226103304679839,-0.038364973994095754,-0.007065617143926467,4.9999999999999964,0.003247290550551728,-0.028225985633614746,-0.0028492850550417125,4.9999999999999964,0.003247290550551728,-0.028225985633614746,-0.0028492850550417125,0.0,0.0,5.0,-0.010226103304679839,-0.038364973994095754,-0.007065617143926467,0.0,0.0,4.9999999999999964,0.003247290550551728,-0.028225985633614746,-0.0028492850550417125,0.0,0.0,-3.552713678800501e-15,0.013473393855231566,0.010138988360481008,0.004216332088884754,1.1324409791488157,0.07742518413245571,1.9434594241129677,0.7197032710344025,0.32901233329457463,0.1872824748020544,-0.581982268488017,1.2634876195987144,1.106329283848283,-1.6034200799956029,12.314926593707133,4.015924785760708,0.43785042581487504
725,2.1749999999999714,5.0,-0.011272098554996602,-0.039021520366757295,-0.007354884643762357,4.9999999999999964,0.0021986545714367855,-0.029057210686866928,-0.00318826552245846,4.9999999999999964,0.0021986545714367855,-0.029057210686866928,-0.00318826552245846,0.0,0.0,5.0,-0.011272098554996602,-0.039021520366757295,-0.007354884643762357,0.0,0.0,4.9999999999999964,0.0021986545714367855,-0.029057210686866928,-0.00318826552245846,0.0,0.0,-3.552713678800501e-15,0.013470753126433387,0.009964309679890367,0.0041666191213038965,1.1362272086012932,0.08071853654254385,1.9386755562138165,0.7127620528349844,0.345819559728875,0.18059515215957908,-0.5828931970471467,1.2620764841591765,1.0977841366960464,-1.5946226330503974,12.295748576644845,3.9795039128077563,0.43512489019233813
726,2.1779999999999715,5.0,-0.012316131363437463,-0.03966129120966688,-0.00763746277452737,4.9999999999999964,0.0011496358125066435,-0.02987594391258896,-0.00352434621838883,4.9999999999999964,0.0011496358125066435,-0.02987594391258896,-0.00352434621838883,0.0,0.0,5.0,-0.012316131363437463,-0.03966129120966688,-0.00763746277452737,0.0,0.0,4.9999999999999964,0.0011496358125066435,-0.02987594391258896,-0.00352434621838883,0.0,0.0,-3.552713678800501e-15,0.013465767175944107,0.009785347297077921,0.00411311655613854,1.140008007174257,0.0839858134156805,1.9339174174100136,0.705571699770665,0.3624409769667639,0.17381933253929996,-0.5836025653933538,1.2602661909879798,1.0890922910455474,-1.5860462679342966,12.27501117693699,3.941708215943765,0.43212003630474605
727,2.1809999999999716,5.0,-0.013358019966713796,-0.040284011482418294,-0.007913094527512451,4.9999999999999964,0.00010041690509044539,-0.030681833333629314,-0.0038572214728024236,4.9999999999999964,0.00010041690509044539,-0.030681833333629314,-0.0038572214728024236,0.0,0.0,5.0,-0.013358019966713796,-0.040284011482418294,-0.007913094527512451,0.0,0.0,4.9999999999999964,0.00010041690509044539,-0.030681833333629314,-0.0038572214728024236,0.0,0.0,-3.552713678800501e-15,0.013458436871804242,0.00960217814878898,0.004055873054710028,1.1437821879696102,0.08722661602484705,1.929184308140494,0.6981373218495805,0.3788683314811439,0.16695845653483282,-0.5841129522899615,1.2580602651176795,1.0802675363888503,-1.577703089839818,12.252720344989317,3.9025487772574174,0.42883850250275
728,2.1839999999999717,5.0,-0.014397582974837436,-0.04088941347472355,-0.008181529211834853,4.9999999999999964,-0.0009488194846373743,-0.03147453249444671,-0.004186588531062125,4.9999999999999964,-0.0009488194846373743,-0.03147453249444671,-0.004186588531062125,0.0,0.0,5.0,-0.014397582974837436,-0.04088941347472355,-0.008181529211834853,0.0,0.0,4.9999999999999964,-0.0009488194846373743,-0.03147453249444671,-0.004186588531062125,0.0,0.0,-3.552713678800501e-15,0.013448763490200062,0.00941488098027684,0.003994940680772729,1.1475485765027267,0.09044058743985452,1.9244754940461393,0.6904641973973588,0.395093617356742,0.16001604634728347,-0.5844271473398278,1.255462844372179,1.0713238050024905,-1.5696046981182805,12.228882150010277,3.8620374003625924,0.4252831788528409
729,2.186999999999972,5.0,-0.015434639402699615,-0.041477236921502195,-0.008442522682445221,4.9999999999999964,-0.001997890687458757,-0.032253700610053,-0.004512147829283632,4.9999999999999964,-0.001997890687458757,-0.032253700610053,-0.004512147829283632,0.0,0.0,5.0,-0.015434639402699615,-0.041477236921502195,-0.008442522682445221,0.0,0.0,4.9999999999999964,-0.001997890687458757,-0.032253700610053,-0.004512147829283632,0.0,0.0,-3.552713678800501e-15,0.013436748715240858,0.009223536311449197,0.003930374853161589,1.1513060124912318,0.09362741286295956,1.919790207546167,0.6825577643610092,0.41110908552766023,0.15299570109378868,-0.5845481447698994,1.2524786628350577,1.0622751410350129,-1.5617621666573918,12.203502771699881,3.8201866152474357,0.4214572045088079
730,2.189999999999972,5.0,-0.016469008701580846,-0.04204722911477074,-0.00869583756218062,4.9999999999999964,-0.0030466140629142385,-0.03301900271251811,-0.004833603266792946,4.9999999999999964,-0.0030466140629142385,-0.03301900271251811,-0.004833603266792946,0.0,0.0,5.0,-0.016469008701580846,-0.04204722911477074,-0.00869583756218062,0.0,0.0,4.9999999999999964,-0.0030466140629142385,-0.03301900271251811,-0.004833603266792946,0.0,0.0,-3.552713678800501e-15,0.013422394638666606,0.009028226402252627,0.0038622342953876735,1.1550533515898431,0.09678681987210065,1.9151276494682221,0.6744236114645966,0.42690725243930433,0.14590109202195908,-0.5844791368907654,1.249113032870443,1.0531356697136978,-1.5541860259816027,12.176588492285811,3.7770096825328925,0.41736396485665994
731,2.192999999999972,5.0,-0.017500510790583377,-0.04259914501228331,-0.008941243457662586,4.9999999999999964,-0.004094807031100158,-0.03377010979497434,-0.005150662475434001,4.9999999999999964,-0.004094807031100158,-0.03377010979497434,-0.005150662475434001,0.0,0.0,5.0,-0.017500510790583377,-0.04259914501228331,-0.008941243457662586,0.0,0.0,4.9999999999999964,-0.004094807031100158,-0.03377010979497434,-0.005150662475434001,0.0,0.0,-3.552713678800501e-15,0.013405703759483219,0.008829035217308968,0.003790580982228586,1.1587894670671905,0.09991857857242765,1.9104869907268915,0.66606746924029,0.44248090812181595,0.13873595764096225,-0.5842235072512683,1.2453718257824604,1.0439195667756689,-1.546886247110221,12.148145688927672,3.732520597123823,0.41300708843559575
732,2.195999999999972,5.0,-0.01852896608798295,-0.04313274734287576,-0.00917851716884286,4.9999999999999964,-0.005142287104455325,-0.03450669895305788,-0.005463037085481558,4.9999999999999964,-0.005142287104455325,-0.03450669895305788,-0.005463037085481558,0.0,0.0,5.0,-0.01852896608798295,-0.04313274734287576,-0.00917851716884286,0.0,0.0,4.9999999999999964,-0.005142287104455325,-0.03450669895305788,-0.005463037085481558,0.0,0.0,-3.552713678800501e-15,0.013386678983527626,0.008626048389817884,0.0037154800833613024,1.162513251420801,0.10302250165710462,1.9058673740452912,0.6574952009583317,0.4578231236640425,0.13150409878006852,-0.5837848235088876,1.2412614512035074,1.034641028225657,-1.5398722272001415,12.1181808265094,3.686734091236686,0.40839044363783283
733,2.1989999999999723,5.0,-0.019554195542493484,-0.04364780670847003,-0.009407442892007102,4.9999999999999964,-0.00618887191953163,-0.03522845352372689,-0.005770442987917434,4.9999999999999964,-0.00618887191953163,-0.03522845352372689,-0.005770442987917434,0.0,0.0,5.0,-0.019554195542493484,-0.04364780670847003,-0.009407442892007102,0.0,0.0,4.9999999999999964,-0.00618887191953163,-0.03522845352372689,-0.005770442987917434,0.0,0.0,-3.552713678800501e-15,0.013365323622961854,0.008419353184743142,0.003636999904089668,1.1662236179267167,0.10609844437866257,1.9012679157143153,0.6487127934793259,0.47292725807899033,0.124209373585532,-0.5831668300371914,1.23678883530524,1.0253142405193147,-1.533152776991943,12.086700450838853,3.639665636788664,0.403518135190285
734,2.2019999999999724,5.0,-0.02057602066443942,-0.0441441016826936,-0.009627812416051252,4.9999999999999964,-0.0072343792687429714,-0.0359350632213964,-0.006072600592831588,4.9999999999999964,-0.0072343792687429714,-0.0359350632213964,-0.006072600592831588,0.0,0.0,5.0,-0.02057602066443942,-0.0441441016826936,-0.009627812416051252,0.0,0.0,4.9999999999999964,-0.0072343792687429714,-0.0359350632213964,-0.006072600592831588,0.0,0.0,-3.552713678800501e-15,0.01334164139569645,0.008209038461297204,0.0035552118232196643,1.1699195021205044,0.10914630443246406,1.896687707384105,0.6397263480520329,0.4877869645536241,0.11685569246669725,-0.5823734402921366,1.2319613979292676,1.0159533512671615,-1.5267361100700727,12.053711182272544,3.59133144713401,0.3983945004212989
735,2.2049999999999725,5.0,-0.021594263556830435,-0.04462141890607121,-0.009839425311852347,4.9999999999999964,-0.008278627132087163,-0.036626224271331456,-0.006369235083712984,4.9999999999999964,-0.008278627132087163,-0.036626224271331456,-0.006369235083712984,0.0,0.0,5.0,-0.021594263556830435,-0.04462141890607121,-0.009839425311852347,0.0,0.0,4.9999999999999964,-0.008278627132087163,-0.036626224271331456,-0.006369235083712984,0.0,0.0,-3.552713678800501e-15,0.013315636424743272,0.007995194634739751,0.003470190228139363,1.1735998632067157,0.11216602175411416,1.8921258178822853,0.6305420710795503,0.5023961960777807,0.1094470130022053,-0.5814087289593972,1.2267870287370795,1.0065724405500314,-1.5206298339399418,12.019219709782384,3.5417484781343007,0.3930241053158372
736,2.2079999999999727,5.0,-0.022608746946332258,-0.04507955317774934,-0.010042089114561736,4.9999999999999964,-0.009321433708835097,-0.03730163954024132,-0.006660076667399019,4.9999999999999964,-0.009321433708835097,-0.03730163954024132,-0.006660076667399019,0.0,0.0,5.0,-0.022608746946332258,-0.04507955317774934,-0.010042089114561736,0.0,0.0,4.9999999999999964,-0.009321433708835097,-0.03730163954024132,-0.006660076667399019,0.0,0.0,-3.552713678800501e-15,0.013287313237497161,0.007777913637508016,0.003382012447162717,1.1772636853941578,0.11515757823291113,1.8875812950535342,0.6211662648763899,0.5167492104488586,0.10198733481712488,-0.5802769239052116,1.2212740624807044,0.9971854929323223,-1.5148409429170253,11.983232785480148,3.490934428550215,0.3874117403626991
737,2.2109999999999728,5.0,-0.023619294214130334,-0.045518307543713214,-0.010235619498654322,4.9999999999999964,-0.01036261744918177,-0.0379610186640184,-0.006944860819456111,4.9999999999999964,-0.01036261744918177,-0.0379610186640184,-0.006944860819456111,0.0,0.0,5.0,-0.023619294214130334,-0.045518307543713214,-0.010235619498654322,0.0,0.0,4.9999999999999964,-0.01036261744918177,-0.0379610186640184,-0.006944860819456111,0.0,0.0,-3.552713678800501e-15,0.013256676764948565,0.007557288879694812,0.003290758679198211,1.180909979154649,0.11812099734367447,1.8830531676150877,0.6116053184385063,0.5308405746508079,0.09448069444175458,-0.578982397953458,1.2154312534970115,0.9878063702544438,-1.5093758128155383,11.945757219614094,3.4389077397433856,0.381562416197554
738,2.213999999999973,5.0,-0.024625729426678112,-0.04593749338145777,-0.010419840445575368,4.9999999999999964,-0.0114019970858536,-0.03860407817256708,-0.007223328524768334,4.9999999999999964,-0.0114019970858536,-0.03860407817256708,-0.007223328524768334,0.0,0.0,5.0,-0.024625729426678112,-0.04593749338145777,-0.010419840445575368,0.0,0.0,4.9999999999999964,-0.0114019970858536,-0.03860407817256708,-0.007223328524768334,0.0,0.0,-3.552713678800501e-15,0.013223732340824511,0.007333415208890692,0.003196511920807034,1.1845377824032373,0.1210563436995165,1.8785404470228366,0.6018656982478142,0.54466516860779,0.08693116016273045,-0.5775296605118041,1.2092677495294184,0.9784487852806751,-1.5042401974169972,11.90679987605097,3.38568759467781,0.37548135904575064
739,2.216999999999973,5.0,-0.025627877366326723,-0.046336930481077565,-0.010594584403831608,4.9999999999999964,-0.012439391665666585,-0.03923054161166887,-0.007495226513115236,4.9999999999999964,-0.012439391665666585,-0.03923054161166887,-0.007495226513115236,0.0,0.0,5.0,-0.025627877366326723,-0.046336930481077565,-0.010594584403831608,0.0,0.0,4.9999999999999964,-0.012439391665666585,-0.03923054161166887,-0.007495226513115236,0.0,0.0,-3.552713678800501e-15,0.013188485700660137,0.007106388869408696,0.003099357890716372,1.1881461615981805,0.12396372252833611,1.8740421293427607,0.5919539391321502,0.5582181883146672,0.0793428268769331,-0.5759233490698198,1.2027930649810856,0.9691262762732038,-1.4994392266919947,11.866367668255206,3.3312939162112554,0.3691740059690452
740,2.219999999999973,5.0,-0.02662556356182994,-0.04671644712274005,-0.010759692441381818,4.9999999999999964,-0.013474620581029764,-0.039840139661831274,-0.007760307489524592,4.9999999999999964,-0.013474620581029764,-0.039840139661831274,-0.007760307489524592,0.0,0.0,5.0,-0.02662556356182994,-0.04671644712274005,-0.010759692441381818,0.0,0.0,4.9999999999999964,-0.013474620581029764,-0.039840139661831274,-0.007760307489524592,0.0,0.0,-3.552713678800501e-15,0.013150942980800178,0.006876307460908775,0.0029993849518572258,1.191734212759291,0.1268432790760085,1.869557197122535,0.5818766352009823,0.5714951483482451,0.07171981095851807,-0.5741682205919043,1.1960170537034582,0.9598521825574686,-1.4949774067418564,11.824467555775843,3.275747364668061,0.36264599992057234
741,2.222999999999973,5.0,-0.02761861431871911,-0.04707588015050829,-0.010915014390187546,4.9999999999999964,-0.014507503601388468,-0.04043261025406951,-0.008018330359190607,4.9999999999999964,-0.014507503601388468,-0.04043261025406951,-0.008018330359190607,0.0,0.0,5.0,-0.02761861431871911,-0.04707588015050829,-0.010915014390187546,0.0,0.0,4.9999999999999964,-0.014507503601388468,-0.04043261025406951,-0.008018330359190607,0.0,0.0,-3.552713678800501e-15,0.013111110717330642,0.006643269896438778,0.0028966840309969395,1.1953010624035607,0.12969519793942283,1.8650846212582735,0.5716404308764718,0.584491883764891,0.06406624514919565,-0.5722691428277547,1.1889498814232808,0.9506396211381082,-1.4908586214205413,11.78110654125018,3.2190693346856603,0.35590318461255516
742,2.2259999999999733,5.0,-0.028606856749543046,-0.047415075042482636,-0.011060408982793158,4.9999999999999964,-0.015537860904602022,-0.041007698682571155,-0.008269060446752954,4.9999999999999964,-0.015537860904602022,-0.041007698682571155,-0.008269060446752954,0.0,0.0,5.0,-0.028606856749543046,-0.047415075042482636,-0.011060408982793158,0.0,0.0,4.9999999999999964,-0.015537860904602022,-0.041007698682571155,-0.008269060446752954,0.0,0.0,-3.552713678800501e-15,0.013068995844941023,0.006407376359911482,0.0027913485360402043,1.1988458683972907,0.13251970233267943,1.8606233628514999,0.5612520120387325,0.5972045513917997,0.05638627348166246,-0.5702310855629004,1.1816019979099857,0.9415014644188644,-1.487086135591217,11.736291667931777,3.1612819513281356,0.3489515992014217
743,2.2289999999999734,5.0,-0.029590118803966725,-0.04773388597723063,-0.011195743980810401,4.9999999999999964,-0.016565513108250277,-0.041565157714195326,-0.008512269709737265,4.9999999999999964,-0.016565513108250277,-0.041565157714195326,-0.008512269709737265,0.0,0.0,5.0,-0.029590118803966725,-0.04773388597723063,-0.011195743980810401,0.0,0.0,4.9999999999999964,-0.016565513108250277,-0.041565157714195326,-0.008512269709737265,0.0,0.0,-3.552713678800501e-15,0.013024605695716448,0.006168728263035307,0.002683474271073136,1.2023678207242416,0.13531705328990068,1.8561723750516006,0.5507180973033313,0.6096296305207682,0.04868404624583686,-0.5680591118315436,1.1739841089836571,0.9324503190737468,-1.4836625999664124,11.690030017748901,3.1024080654610766,0.3417974727951615
744,2.2319999999999736,5.0,-0.03056822929872558,-0.04803217589647588,-0.011320896295191155,4.9999999999999964,-0.017590281300863604,-0.04210474769475933,-0.008747736945962899,4.9999999999999964,-0.017590281300863604,-0.04210474769475933,-0.008747736945962899,0.0,0.0,5.0,-0.03056822929872558,-0.04803217589647588,-0.011320896295191155,0.0,0.0,4.9999999999999964,-0.017590281300863604,-0.04210474769475933,-0.008747736945962899,0.0,0.0,-3.552713678800501e-15,0.012977947997861977,0.005927428201716552,0.002573159349228256,1.2058661421696266,0.13808754880823265,1.851730604879174,0.540045429448221,0.6217639230148533,0.04096371500727772,-0.5657583691135886,1.1661071484616246,0.9234985061106609,-1.480590057475535,11.642328709897956,3.042471248382934,0.33444721878791805
745,2.2349999999999737,5.0,-0.03154101794742754,-0.048309816564020315,-0.011435752098178575,4.9999999999999964,-0.018611987073070893,-0.04262623665206713,-0.008975247994729386,4.9999999999999964,-0.018611987073070893,-0.04262623665206713,-0.008975247994729386,0.0,0.0,5.0,-0.03154101794742754,-0.048309816564020315,-0.011435752098178575,0.0,0.0,4.9999999999999964,-0.018611987073070893,-0.04262623665206713,-0.008975247994729386,0.0,0.0,-3.552713678800501e-15,0.012929030874356644,0.005683579911953188,0.002460504103449189,1.209340088920044,0.14083152293472043,1.8472969950258773,0.5292407670064164,0.6336045528397378,0.03322942768686943,-0.5633340805373115,1.1579822501391757,0.9146580421625915,-1.477869951098878,11.593194899974923,2.9814957857090727,0.3269074290269672
746,2.237999999999974,5.0,-0.032508315390199514,-0.04856668862087338,-0.011540206926834962,4.9999999999999964,-0.019630452548660145,-0.043129400395635197,-0.009194595931598529,4.9999999999999964,-0.019630452548660145,-0.043129400395635197,-0.009194595931598529,0.0,0.0,5.0,-0.032508315390199514,-0.04856668862087338,-0.011540206926834962,0.0,0.0,4.9999999999999964,-0.019630452548660145,-0.043129400395635197,-0.009194595931598529,0.0,0.0,-3.552713678800501e-15,0.01287786284153937,0.005437288225238181,0.002345610995236433,1.212788951079735,0.14354934480082643,1.8428704856265683,0.5183108760397996,0.6451489650330025,0.025485323710539805,-0.5607915361086232,1.1496207198969197,0.9059406220353328,-1.4755031331030057,11.54263577964622,2.919506670505659,0.31918486781738703
747,2.240999999999974,5.0,-0.033469953223172526,-0.04880268163656522,-0.011634165778052345,4.9999999999999964,-0.020645500415546258,-0.04361402261307305,-0.009405581256595045,4.9999999999999964,-0.020645500415546258,-0.04361402261307305,-0.009405581256595045,0.0,0.0,5.0,-0.033469953223172526,-0.04880268163656522,-0.011634165778052345,0.0,0.0,4.9999999999999964,-0.020645500415546258,-0.04361402261307305,-0.009405581256595045,0.0,0.0,-3.552713678800501e-15,0.012824452807626268,0.005188659023492165,0.0022285845214572997,1.216212053103807,0.14624141760843057,1.8384500159997423,0.5072625221084963,0.6563949241257884,0.01773552923744135,-0.5581360839873147,1.1410340080240182,0.8973576025347139,-1.473489875608653,11.490658576858802,2.8565295956714514,0.31128646576987307
748,2.243999999999974,5.0,-0.03442576402780037,-0.04901769415662095,-0.011717543194959018,4.9999999999999964,-0.021656953956640527,-0.044079894963076974,-0.00960801207565454,4.9999999999999964,-0.021656953956640527,-0.044079894963076974,-0.00960801207565454,0.0,0.0,5.0,-0.03442576402780037,-0.04901769415662095,-0.011717543194959018,0.0,0.0,4.9999999999999964,-0.021656953956640527,-0.044079894963076974,-0.00960801207565454,0.0,0.0,-3.552713678800501e-15,0.012768810071159844,0.004937799193543979,0.0021095311193044773,1.2196087541493355,0.1489081775712015,1.8340345263524855,0.4961024624492875,0.667340512032547,0.00998415247467232,-0.5553731218300477,1.1322336818428516,0.8889199875903168,-1.471829882418961,11.437270556587732,2.7925909455665723,0.30321931349729087
749,2.246999999999974,5.0,-0.03537558140000682,-0.04921163374617658,-0.011790263344643828,4.9999999999999964,-0.022664637080616667,-0.044526817164996825,-0.009801704275153814,4.9999999999999964,-0.022664637080616667,-0.044526817164996825,-0.009801704275153814,0.0,0.0,5.0,-0.03537558140000682,-0.04921163374617658,-0.011790263344643828,0.0,0.0,4.9999999999999964,-0.022664637080616667,-0.044526817164996825,-0.009801704275153814,0.0,0.0,-3.552713678800501e-15,0.012710944319390155,0.0046848165811797515,0.0019885590694900136,1.2229784483454857,0.15155009281526205,1.8296229594463864,0.48483743837553517,0.6779841254256977,0.0022352790862444454,-0.5525080882191741,1.123231398716751,0.8806384146868447,-1.47052230203305,11.382479022117776,2.7277177868882387,0.2949906551657012
750,2.2499999999999742,5.0,-0.036319239979155676,-0.04938441702971721,-0.01185226008712718,4.9999999999999964,-0.02366837435256782,-0.04495459708493766,-0.009986481689364734,4.9999999999999964,-0.02366837435256782,-0.04495459708493766,-0.009986481689364734,0.0,0.0,5.0,-0.036319239979155676,-0.04938441702971721,-0.01185226008712718,0.0,0.0,4.9999999999999964,-0.02366837435256782,-0.04495459708493766,-0.009986481689364734,0.0,0.0,-3.552713678800501e-15,0.012650865626587855,0.004429819944779548,0.0018657783977624465,1.2263205649840405,0.1541676622430879,1.8252142622210838,0.4734741679100909,0.6883244726130464,-0.005507032296380315,-0.5495464541957343,1.1140388795182232,0.8725231426086113,-1.4695657417675474,11.326291316854004,2.6619378587943996,0.2866078819057193
751,2.2529999999999744,5.0,-0.03725657547684031,-0.049535969726920405,-0.011903477035516332,4.9999999999999964,-0.02466799102454929,-0.045363050818358924,-0.010162176260679398,4.9999999999999964,-0.02466799102454929,-0.045363050818358924,-0.010162176260679398,0.0,0.0,5.0,-0.03725657547684031,-0.049535969726920405,-0.011903477035516332,0.0,0.0,4.9999999999999964,-0.02466799102454929,-0.045363050818358924,-0.010162176260679398,0.0,0.0,-3.552713678800501e-15,0.01258858445229102,0.004172918908561481,0.0017413007748369336,1.2296345686319325,0.15676141436457922,1.8208073873723634,0.4620193386616421,0.6983605699367659,-0.013238754455258496,-0.5464937149142037,1.1046678826306626,0.8645840404971114,-1.468958282906794,11.268714826654733,2.595279562277185,0.2780785250902016
752,2.2559999999999745,5.0,-0.03818742470548536,-0.049666226684589726,-0.01194386760728999,4.9999999999999964,-0.025663313066001694,-0.0457520027691359,-0.010328628192460854,4.9999999999999964,-0.025663313066001694,-0.0457520027691359,-0.010328628192460854,0.0,0.0,5.0,-0.03818742470548536,-0.049666226684589726,-0.01194386760728999,0.0,0.0,4.9999999999999964,-0.025663313066001694,-0.0457520027691359,-0.010328628192460854,0.0,0.0,-3.552713678800501e-15,0.012524111639483668,0.003914223915453825,0.0016152394148291355,1.2329199591675883,0.15933190609922818,1.8164012948819603,0.4504796009539317,0.7080917377135952,-0.0209558958519218,-0.5433553814357323,1.0951301785519285,0.8568305782163176,-1.4686974968009896,11.20975698267852,2.5277719487889883,0.26941024948437675
753,2.2589999999999746,5.0,-0.03911162560675737,-0.049775131904664455,-0.011973395066665792,4.9999999999999964,-0.02665416719404921,-0.04612128572504925,-0.010485686094380334,4.9999999999999964,-0.02665416719404921,-0.04612128572504925,-0.010485686094380334,0.0,0.0,5.0,-0.03911162560675737,-0.049775131904664455,-0.011973395066665792,0.0,0.0,4.9999999999999964,-0.02665416719404921,-0.04612128572504925,-0.010485686094380334,0.0,0.0,-3.552713678800501e-15,0.01245745841270816,0.003653846179615207,0.0014877089722854578,1.2361762717430784,0.16187972155327396,1.8119949534964688,0.43886156121626396,0.7175175957366772,-0.02865450477222135,-0.5401369726757645,1.085437525163373,0.849271818015263,-1.4687804618305391,11.149425264735315,2.4594447081249577,0.26061084627464204
754,2.2619999999999747,5.0,-0.040029017279778686,-0.04986263856829327,-0.011992032558012003,4.9999999999999964,-0.027640380903667675,-0.04647074092967032,-0.010633207120108863,4.9999999999999964,-0.027640380903667675,-0.04647074092967032,-0.010633207120108863,0.0,0.0,5.0,-0.040029017279778686,-0.04986263856829327,-0.011992032558012003,0.0,0.0,4.9999999999999964,-0.027640380903667675,-0.04647074092967032,-0.010633207120108863,0.0,0.0,-3.552713678800501e-15,0.012388636376111012,0.003391897638622944,0.00135882543790314,1.2394030766742474,0.16440547077569181,1.807587342153006,0.42717177564269465,0.7266380583601237,-0.03633067334438407,-0.5368440075210298,1.0756016437230054,0.841916407472618,-1.469203781154281,11.087727205130307,2.3903281555666123,0.251688225982372
755,2.264999999999975,5.0,-0.040939440009139905,-0.04992870905596195,-0.011999763130273065,4.9999999999999964,-0.028621782497717192,-0.04680021815061128,-0.010771057097237947,4.9999999999999964,-0.028621782497717192,-0.04680021815061128,-0.010771057097237947,0.0,0.0,5.0,-0.040939440009139905,-0.04992870905596195,-0.011999763130273065,0.0,0.0,4.9999999999999964,-0.028621782497717192,-0.04680021815061128,-0.010771057097237947,0.0,0.0,-3.552713678800501e-15,0.012317657511422712,0.003128490905350674,0.0012287060330351176,1.2425999792611568,0.166909788496802,1.8031774513495287,0.41541674412629104,0.7354533291879841,-0.04398054142503614,-0.5334819971299708,1.0656341956364737,0.8347725737033901,-1.4699636011591273,11.024670392987398,2.3204532182922173,0.24265041126918158
756,2.267999999999975,5.0,-0.04184273529270595,-0.04997331496366626,-0.01199657975238684,4.9999999999999964,-0.02959820111683419,-0.04710957574411066,-0.01089911064931125,4.9999999999999964,-0.02959820111683419,-0.04710957574411066,-0.01089911064931125,0.0,0.0,5.0,-0.04184273529270595,-0.04997331496366626,-0.01199657975238684,0.0,0.0,4.9999999999999964,-0.02959820111683419,-0.04710957574411066,-0.01089911064931125,0.0,0.0,-3.552713678800501e-15,0.01224453417587176,0.0028637392195556,0.00109746910307559,1.2457666195413204,0.16939333285321267,1.798764284457942,0.4036029044738529,0.7439638953897721,-0.05160030034838346,-0.5300564374297342,1.0555467600544828,0.8278481188035606,-1.4710556305288902,10.960262479037727,2.2498514210604887,0.23350552964018462
757,2.270999999999975,5.0,-0.042738745869210455,-0.04999643711512282,-0.01198248531967944,4.9999999999999964,-0.03056946676917755,-0.047398680715926705,-0.011017251309856197,4.9999999999999964,-0.03056946676917755,-0.047398680715926705,-0.011017251309856197,0.0,0.0,5.0,-0.042738745869210455,-0.04999643711512282,-0.01198248531967944,0.0,0.0,4.9999999999999964,-0.03056946676917755,-0.047398680715926705,-0.011017251309856197,0.0,0.0,-3.552713678800501e-15,0.012169279100032904,0.0025977563991961133,0.0009652340098232435,1.248902671978341,0.17185678410272603,1.7943468589783897,0.39173662690550176,0.752170521665115,-0.05918619653417638,-0.5265728018218804,1.0453508123401805,0.8211504165044534,-1.4724751598507,10.894511180857133,2.1785548711751255,0.22426180605188636
758,2.273999999999975,5.0,-0.043627315745635206,-0.04999806557001315,-0.011957492651231895,4.9999999999999964,-0.031535410360023754,-0.04766740877851216,-0.011125371628311842,4.9999999999999964,-0.031535410360023754,-0.04766740877851216,-0.011125371628311842,0.0,0.0,5.0,-0.043627315745635206,-0.04999806557001315,-0.011957492651231895,0.0,0.0,4.9999999999999964,-0.031535410360023754,-0.04766740877851216,-0.011125371628311842,0.0,0.0,-3.552713678800501e-15,0.012091905385611453,0.00233065679150099,0.0008321210229200529,1.2520078450886758,0.17430084333274076,1.7899242077333546,0.3798242088425806,0.7600742438803878,-0.06673453495052406,-0.5230365341079921,1.0350577034449526,0.8146864100049089,-1.4742170816784115,10.827424288535001,2.1065962427385907,0.21492755543142936
759,2.2769999999999753,5.0,-0.04450829022436763,-0.04997819962825706,-0.011921624478221026,4.9999999999999964,-0.03249586372120577,-0.047915644404446095,-0.011223373267756638,4.9999999999999964,-0.03249586372120577,-0.047915644404446095,-0.011223373267756638,0.0,0.0,5.0,-0.04450829022436763,-0.04997819962825706,-0.011921624478221026,0.0,0.0,4.9999999999999964,-0.03249586372120577,-0.047915644404446095,-0.011223373267756638,0.0,0.0,-3.552713678800501e-15,0.012012426503161859,0.0020625552238109635,0.0006982512104643877,1.2550818810093538,0.1767262311655785,1.7854953800004334,0.3678718699863689,0.7676763624004282,-0.07424168242806159,-0.5194530416453719,1.0246786402260077,0.8084626109459179,-1.476275910973732,10.75900967075546,2.0340087602044634,0.20551117511399972
760,2.2799999999999754,5.0,-0.04538151593013334,-0.0499368478303136,-0.011874913423245112,4.9999999999999964,-0.03345065964039073,-0.048143280876099634,-0.011311167094347221,4.9999999999999964,-0.03345065964039073,-0.048143280876099634,-0.011311167094347221,0.0,0.0,5.0,-0.04538151593013334,-0.0499368478303136,-0.011874913423245112,0.0,0.0,4.9999999999999964,-0.03345065964039073,-0.048143280876099634,-0.011311167094347221,0.0,0.0,-3.552713678800501e-15,0.011930856289742615,0.0017935669542139682,0.0005637463288978902,1.2581245550095561,0.17913368646404632,1.781059442582891,0.35588574768919695,0.7749784351385555,-0.08170407082240833,-0.5158276887420286,1.0142246667341297,0.8024850994892667,-1.478645805847455,10.68927528127059,1.9608261812386316,0.19602113720526598
761,2.2829999999999755,5.0,-0.046246840836698395,-0.049874027953509516,-0.011817401970653212,4.9999999999999964,-0.03439963189019111,-0.048350220331514385,-0.011388673258386875,4.9999999999999964,-0.03439963189019111,-0.048350220331514385,-0.011388673258386875,0.0,0.0,5.0,-0.046246840836698395,-0.049874027953509516,-0.011817401970653212,0.0,0.0,4.9999999999999964,-0.03439963189019111,-0.048350220331514385,-0.011388673258386875,0.0,0.0,-3.552713678800501e-15,0.011847208946507287,0.001523807621995131,0.00042872871226633767,1.2611356749490412,0.1815239650404232,1.7766154808173156,0.3438718926186601,0.781982270348177,-0.0891182000222877,-0.5121657902991548,1.003706646495056,0.7967595254589576,-1.4813205885251335,10.61822916574386,1.8870827789004676,0.18646598087580235
762,2.2859999999999756,5.0,-0.0471041142933366,-0.049789767004396614,-0.011749142427905025,4.9999999999999964,-0.035342615257104464,-0.048536373806473715,-0.011455821266949922,4.9999999999999964,-0.035342615257104464,-0.048536373806473715,-0.011455821266949922,0.0,0.0,5.0,-0.0471041142933366,-0.049789767004396614,-0.011749142427905025,0.0,0.0,4.9999999999999964,-0.035342615257104464,-0.048536373806473715,-0.011455821266949922,0.0,0.0,-3.552713678800501e-15,0.011761499036232137,0.0012533931979228988,0.0002933211609551026,1.2641150806864505,0.18389783837192827,1.7721625995179244,0.3318362647147708,0.788689919179239,-0.09648064080110531,-0.5084726057083125,0.9931352458031222,0.791291110501689,-1.484293766463743,10.545879468940885,1.8128133231560806,0.1768543045944976
763,2.2889999999999757,5.0,-0.047953187051057555,-0.0496841012071416,-0.011670196877996584,4.9999999999999964,-0.036279445570276674,-0.04870166127274888,-0.011512550047996027,4.9999999999999964,-0.036279445570276674,-0.04870166127274888,-0.011512550047996027,0.0,0.0,5.0,-0.047953187051057555,-0.0496841012071416,-0.011670196877996584,0.0,0.0,4.9999999999999964,-0.036279445570276674,-0.04870166127274888,-0.011512550047996027,0.0,0.0,-3.552713678800501e-15,0.011673741480780882,0.0009824399343927176,0.000157646830000557,1.2670626434405738,0.18625609232558987,1.7676999238572795,0.31978472943906594,0.7951036680226712,-0.10378803751020264,-0.5047533330095574,0.9825209180411253,0.7860846512205285,-1.4875585535483489,10.472234442243213,1.7380530617366066,0.1671947583080188
764,2.291999999999976,5.0,-0.04879391128859,-0.049557075987953114,-0.011580637122994864,4.9999999999999964,-0.03720995973008363,-0.04884601167250354,-0.011558808005916047,4.9999999999999964,-0.03720995973008363,-0.04884601167250354,-0.011558808005916047,0.0,0.0,5.0,-0.04879391128859,-0.049557075987953114,-0.011580637122994864,0.0,0.0,4.9999999999999964,-0.03720995973008363,-0.04884601167250354,-0.011558808005916047,0.0,0.0,-3.552713678800501e-15,0.011583951558506368,0.0007110643154495735,2.182911707881638e-05,1.2699782651076812,0.18859952589529205,1.763226600183378,0.30772305431389396,0.8012260306658048,-0.11103711061241593,-0.5010131033157638,0.9718738890358166,0.7811445232340568,-1.4911078913004738,10.397302451459842,1.662837700355416,0.15749603557343608
765,2.294999999999976,5.0,-0.04962614063811783,-0.049408745955552835,-0.011480544618732828,4.9999999999999964,-0.03813399573652646,-0.048969362948841834,-0.01159455306845896,4.9999999999999964,-0.03813399573652646,-0.048969362948841834,-0.01159455306845896,0.0,0.0,5.0,-0.04962614063811783,-0.049408745955552835,-0.011480544618732828,0.0,0.0,4.9999999999999964,-0.03813399573652646,-0.048969362948841834,-0.01159455306845896,0.0,0.0,-3.552713678800501e-15,0.011492144901591367,0.00043938300671100133,-0.00011400844972613185,1.2728618775380434,0.19092894995362722,1.75874179677328,0.29565690574935394,0.8070597402814906,-0.11822465905497369,-0.497256975507458,0.9612041434540598,0.7764746861117235,-1.4949344700327387,10.321091984910016,1.587203382299022,0.14776686565116773
766,2.297999999999976,5.0,-0.05044973021076185,-0.04923917487769881,-0.011370010400724266,4.9999999999999964,-0.039051392717435254,-0.04907166207248693,-0.011619752724997146,4.9999999999999964,-0.039051392717435254,-0.04907166207248693,-0.011619752724997146,0.0,0.0,5.0,-0.05044973021076185,-0.04923917487769881,-0.011370010400724266,0.0,0.0,4.9999999999999964,-0.039051392717435254,-0.04907166207248693,-0.011619752724997146,0.0,0.0,-3.552713678800501e-15,0.011398337493326596,0.00016751280521188489,-0.0002497423242728801,1.2757134417747649,0.19324518602103197,1.7542447045236178,0.28359184615464267,0.81260774127333,-0.12534756248115975,-0.4934899312015281,0.9505214122404915,0.7720786891349142,-1.4990307498873947,10.243611661749865,1.5111866674073444,0.13801600556543445
767,2.300999999999976,5.0,-0.05126453662180465,-0.04904843565377158,-0.011249135001365653,4.9999999999999964,-0.039961990956476505,-0.049152865064578534,-0.011634384056095267,4.9999999999999964,-0.039961990956476505,-0.049152865064578534,-0.011634384056095267,0.0,0.0,5.0,-0.05126453662180465,-0.04904843565377158,-0.011249135001365653,0.0,0.0,4.9999999999999964,-0.039961990956476505,-0.049152865064578534,-0.011634384056095267,0.0,0.0,-3.552713678800501e-15,0.011302545665328144,-0.00010442941080695406,-0.0003852490547296139,1.2785329472580453,0.1955490650545288,1.7497345375785192,0.271533331329891,0.8178731809990568,-0.13240278328055113,-0.4897168699962644,0.9398351610935228,0.7679596778322746,-1.5033889816995538,10.164870240514519,1.4348245104598902,0.12825223213944253
768,2.3039999999999763,5.0,-0.05207041801565349,-0.048836610283434334,-0.011118028358500648,4.9999999999999964,-0.04086563192095929,-0.049212937015579626,-0.011638433754355793,4.9999999999999964,-0.04086563192095929,-0.049212937015579626,-0.011638433754355793,0.0,0.0,5.0,-0.05207041801565349,-0.048836610283434334,-0.011118028358500648,0.0,0.0,4.9999999999999964,-0.04086563192095929,-0.049212937015579626,-0.011638433754355793,0.0,0.0,-3.552713678800501e-15,0.011204786094694205,-0.00037632673214529205,-0.0005204053958551454,1.2813204109979635,0.1978414262582403,1.7452105338956314,0.2594867081339346,0.8228594013936689,-0.13938736847801084,-0.4859426049942952,0.9291545799727247,0.7641204012371745,-1.5080012276292316,10.084876627846496,1.3581542389852945,0.11848433401254184
769,2.3069999999999764,5.0,-0.05286723409053702,-0.04860378983138078,-0.010976809715429995,4.9999999999999964,-0.04176215828943534,-0.049251852100284224,-0.01163189813652228,4.9999999999999964,-0.04176215828943534,-0.049251852100284224,-0.01163189813652228,0.0,0.0,5.0,-0.05286723409053702,-0.04860378983138078,-0.010976809715429995,0.0,0.0,4.9999999999999964,-0.04176215828943534,-0.049251852100284224,-0.01163189813652228,0.0,0.0,-3.552713678800501e-15,0.011105075801101684,-0.000648062268903446,-0.0006550884210922842,1.2840758767188447,0.20012311591768467,1.7406719557511023,0.2474572124228696,0.8275699305134164,-0.14629845146197212,-0.48217185860411876,0.9184885736270599,0.7605632198147908,-1.5128593815097167,10.003639887380366,1.2812135305125125,0.10872110364661472
770,2.3099999999999765,5.0,-0.05365484612293149,-0.048350074388186164,-0.010825607512458231,4.9999999999999964,-0.04265141397908834,-0.04926959358891976,-0.011614783146829327,4.9999999999999964,-0.04265141397908834,-0.04926959358891976,-0.011614783146829327,0.0,0.0,5.0,-0.05365484612293149,-0.048350074388186164,-0.010825607512458231,0.0,0.0,4.9999999999999964,-0.04265141397908834,-0.04926959358891976,-0.011614783146829327,0.0,0.0,-3.552713678800501e-15,0.011003432143843153,-0.000919519200733597,-0.0007891756343710952,1.2867994139782348,0.20239498625970315,1.7361180901845126,0.2354499672536928,0.8320084740212119,-0.15313325355289598,-0.4784092586200994,0.9078457531300762,0.7572901140061555,-1.5179551888632556,9.921169248753086,1.2040403892828737,0.09897132932897028
771,2.3129999999999766,5.0,-0.05443311699171174,-0.048075573027277885,-0.010664559270075301,4.9999999999999964,-0.04353324417290748,-0.049266153854339266,-0.011587104351596223,4.9999999999999964,-0.04353324417290748,-0.049266153854339266,-0.011587104351596223,0.0,0.0,5.0,-0.05443311699171174,-0.048075573027277885,-0.010664559270075301,0.0,0.0,4.9999999999999964,-0.04353324417290748,-0.049266153854339266,-0.011587104351596223,0.0,0.0,-3.552713678800501e-15,0.010899872818804258,-0.0011905808270613813,-0.0009225450815209223,1.28949111726345,0.20465789433971301,1.7315482493848968,0.22346998134681495,0.836178906633436,-0.15988908541311064,-0.47465933457999565,0.8972344284050442,0.7543026933366185,-1.5232802665385643,9.837474116708728,1.1266731224430195,0.08924378717901155
772,2.3159999999999767,5.0,-0.055201911202024265,-0.04778040375804407,-0.010493811463879938,4.9999999999999964,-0.04440749534664071,-0.04924153437530034,-0.011548886925069165,4.9999999999999964,-0.04440749534664071,-0.04924153437530034,-0.011548886925069165,0.0,0.0,5.0,-0.055201911202024265,-0.04778040375804407,-0.010493811463879938,0.0,0.0,4.9999999999999964,-0.04440749534664071,-0.04924153437530034,-0.011548886925069165,0.0,0.0,-3.552713678800501e-15,0.010794415855383557,-0.0014611306172562719,-0.0010550754611892265,1.2921511050686105,0.20691270095782255,1.726961771019112,0.2115221478007684,0.8400852635474793,-0.16656334829955813,-0.4709265143983209,0.8866626017201432,0.751602206036514,-1.5288261219282195,9.752564080265914,1.0491503157396291,0.0795472331659497
773,2.318999999999977,5.0,-0.05596109490887605,-0.04746469347510124,-0.010313519391357943,4.9999999999999964,-0.045274015295522864,-0.04919574573582943,-0.011500165626524925,4.9999999999999964,-0.045274015295522864,-0.04919574573582943,-0.011500165626524925,0.0,0.0,5.0,-0.05596109490887605,-0.04746469347510124,-0.010313519391357943,0.0,0.0,4.9999999999999964,-0.045274015295522864,-0.04919574573582943,-0.011500165626524925,0.0,0.0,-3.552713678800501e-15,0.010687079613353183,-0.0017310522607281928,-0.0011866462351669826,1.294779518955004,0.20916026960518969,1.7223580185039293,0.19961124305200578,0.8437317318686925,-0.17315353516126908,-0.4672151212731077,0.8761379621311431,0.7491895491223781,-1.5345841717275472,9.666448921915821,0.9715108087376741,0.06989039514482158
774,2.321999999999977,5.0,-0.05671053594043674,-0.047128577903741226,-0.010123847030637036,4.9999999999999964,-0.04613265316077414,-0.04912880762067168,-0.011440984768656817,4.9999999999999964,-0.04613265316077414,-0.04912880762067168,-0.011440984768656817,0.0,0.0,5.0,-0.05671053594043674,-0.047128577903741226,-0.010123847030637036,0.0,0.0,4.9999999999999964,-0.04613265316077414,-0.04912880762067168,-0.011440984768656817,0.0,0.0,-3.552713678800501e-15,0.010577882779662602,-0.0020002297169304517,-0.0013171377380197802,1.2973765225975438,0.21140146544185315,1.7177363812233288,0.18774192607230275,0.8471226420547083,-0.1796572315836707,-0.4635293708629514,0.8656678808466192,0.7470652788878221,-1.5405457602001575,9.579138626818354,0.8937936695847729,0.0602819649180556
775,2.324999999999977,5.0,-0.05745010382104944,-0.04677220154158269,-0.009924966891346556,4.9999999999999964,-0.046983259455864165,-0.04904074880682838,-0.011371398177271686,4.9999999999999964,-0.046983259455864165,-0.04904074880682838,-0.011371398177271686,0.0,0.0,5.0,-0.05745010382104944,-0.04677220154158269,-0.009924966891346556,0.0,0.0,4.9999999999999964,-0.046983259455864165,-0.04904074880682838,-0.011371398177271686,0.0,0.0,-3.552713678800501e-15,0.010466844365185274,-0.0022685472652456892,-0.0014464312859251306,1.2999423008200095,0.2136371543071155,1.7130962746925724,0.17591873779593598,0.8502624593943638,-0.18607211658209774,-0.4598733687305565,0.8552594074885644,0.7452296217541121,-1.546702176918793,9.49064339196387,0.8160381693450273,0.050730590329803975
776,2.327999999999977,5.0,-0.0581796697939461,-0.046395717596450704,-0.009717059857717415,4.9999999999999964,-0.0478256860925372,-0.04893160715118563,-0.011291469142334597,4.9999999999999964,-0.0478256860925372,-0.04893160715118563,-0.011291469142334597,0.0,0.0,5.0,-0.0581796697939461,-0.046395717596450704,-0.009717059857717415,0.0,0.0,4.9999999999999964,-0.0478256860925372,-0.04893160715118563,-0.011291469142334597,0.0,0.0,-3.552713678800501e-15,0.0103539837014089,-0.002535889554734924,-0.0015744092846171828,1.3024770586216674,0.21586820176341037,1.7084371406707115,0.16414610076850888,0.8531557755376913,-0.19239596324712516,-0.45625110804839214,0.844919267219327,0.7436824854316239,-1.5530446739536143,9.400973635267727,0.7382837559265484,0.041244867400232456
777,2.3309999999999773,5.0,-0.05889910684366385,-0.045999287920512125,-0.00950031502406558,4.9999999999999964,-0.048659786406593936,-0.048801429574239455,-0.01120127036040574,4.9999999999999964,-0.048659786406593936,-0.048801429574239455,-0.01120127036040574,0.0,0.0,5.0,-0.05889910684366385,-0.045999287920512125,-0.00950031502406558,0.0,0.0,4.9999999999999964,-0.048659786406593936,-0.048801429574239455,-0.01120127036040574,0.0,0.0,-3.552713678800501e-15,0.010239320437069911,-0.0028021416537273303,-0.0017009553363401594,1.3049810201977796,0.21809547217444422,1.7037584472232612,0.1524283190090361,0.8558073000926605,-0.19862663924457313,-0.45266646756148876,0.834653858704092,0.7424234703446163,-1.5595644824834531,9.310140004564975,0.6605700276276535,0.031833332506920595
778,2.3339999999999774,5.0,-0.05960828971815768,-0.04558308294069434,-0.009274929522807987,4.9999999999999964,-0.0494854151834253,-0.048650272039924496,-0.011100883868521894,4.9999999999999964,-0.0494854151834253,-0.048650272039924496,-0.011100883868521894,0.0,0.0,5.0,-0.05960828971815768,-0.04558308294069434,-0.009274929522807987,0.0,0.0,4.9999999999999964,-0.0494854151834253,-0.048650272039924496,-0.011100883868521894,0.0,0.0,-3.552713678800501e-15,0.01012287453473238,-0.0030671890992301568,-0.0018259543457139066,1.3074544279564095,0.22031982781826376,1.6990596887368346,0.14076957807667814,0.8582218523035552,-0.2047621071732493,-0.4491232098018752,0.824469252876655,0.7414518812731777,-1.566252828808874,9.218153386472562,0.5829367063274834,0.022504454620484414
779,2.3369999999999775,5.0,-0.06030709495060704,-0.04514728158541834,-0.009041108345168098,4.9999999999999964,-0.05030242868329395,-0.04847819953155483,-0.010990400969582625,4.9999999999999964,-0.05030242868329395,-0.04847819953155483,-0.010990400969582625,0.0,0.0,5.0,-0.06030709495060704,-0.04514728158541834,-0.009041108345168098,0.0,0.0,4.9999999999999964,-0.05030242868329395,-0.04847819953155483,-0.010990400969582625,0.0,0.0,-3.552713678800501e-15,0.01000466626731309,-0.0033309179461364843,-0.001949292624414527,1.3098975415338345,0.22254212803576698,1.6943403858875872,0.12917394533333504,0.8604043528250493,-0.2108004247836914,-0.4456249795486599,0.8143711924749775,0.7407667391677387,-1.5731009497491268,9.12502491508666,0.5054236103475626,0.013266627601480382
780,2.3399999999999777,5.0,-0.06099540088091072,-0.04469207120767644,-0.00879906415473333,4.9999999999999964,-0.05111068466635897,-0.04828528602388737,-0.010869922149309033,4.9999999999999964,-0.05111068466635897,-0.04828528602388737,-0.010869922149309033,0.0,0.0,5.0,-0.06099540088091072,-0.04469207120767644,-0.00879906415473333,0.0,0.0,4.9999999999999964,-0.05111068466635897,-0.04828528602388737,-0.010869922149309033,0.0,0.0,-3.552713678800501e-15,0.009884716214551746,-0.0035932148162109295,-0.002070857994575702,1.3123106368107704,0.22476322841504656,1.6896000855653626,0.11764537039316415,0.8623598156052231,-0.21673974506135288,-0.44217530252731246,0.8043650923119798,0.740366793093192,-1.580100107408197,9.030765980483041,0.4280706270115364,0.004128162565601497
781,2.3429999999999778,5.0,-0.061673087676867584,-0.04421764750448804,-0.008549017094034822,4.9999999999999964,-0.051910042417439434,-0.048071614451319786,-0.010739556984850596,4.9999999999999964,-0.051910042417439434,-0.048071614451319786,-0.010739556984850596,0.0,0.0,5.0,-0.061673087676867584,-0.04421764750448804,-0.008549017094034822,0.0,0.0,4.9999999999999964,-0.051910042417439434,-0.048071614451319786,-0.010739556984850596,0.0,0.0,-3.552713678800501e-15,0.00976304525942815,-0.0038539669468317453,-0.0021905398908157736,1.314694004931509,0.22698398001183076,1.684838360755468,0.10618768574997654,0.8640933398899264,-0.2225783161778377,-0.4387775843412863,0.7944560402461942,0.7402505322614,-1.587241603298172,8.935388236988794,0.35091768493104813,-0.004902719675895936
782,2.345999999999978,5.0,-0.06234003735503909,-0.04372421443276914,-0.008291194584324523,4.9999999999999964,-0.05270036277051254,-0.047837276672236605,-0.010599424045123254,4.9999999999999964,-0.05270036277051254,-0.047837276672236605,-0.010599424045123254,0.0,0.0,5.0,-0.06234003735503909,-0.04372421443276914,-0.008291194584324523,0.0,0.0,4.9999999999999964,-0.05270036277051254,-0.047837276672236605,-0.010599424045123254,0.0,0.0,-3.552713678800501e-15,0.009639674584526546,-0.004113062239467467,-0.002308229460798731,1.3170479513279578,0.22920522860616882,1.6800548103800348,0.09480460757339454,0.8656101023600596,-0.22831448131393675,-0.4354351096287589,0.7846487988162745,0.7404161981126913,-1.5945167918110468,8.838903611194256,0.2740047260463705,-0.01381789609365589
783,2.348999999999978,5.0,-0.06299613380128986,-0.04321198412165003,-0.008025831118732677,4.9999999999999964,-0.053481508132942036,-0.04758237342951888,-0.010449650782969326,4.9999999999999964,-0.053481508132942036,-0.04758237342951888,-0.010449650782969326,0.0,0.0,5.0,-0.06299613380128986,-0.04321198412165003,-0.008025831118732677,0.0,0.0,4.9999999999999964,-0.053481508132942036,-0.04758237342951888,-0.010449650782969326,0.0,0.0,-3.552713678800501e-15,0.009514625668347827,-0.004370389307868851,-0.002423819664236649,1.3193727947504665,0.2314278139953953,1.6752490591009361,0.08349973666461044,0.8669153494125071,-0.2339466783583483,-0.4321510414369339,0.7749478075029204,0.7408617964088314,-1.6019170930328537,8.741324309674564,0.19737167745110354,-0.02260934882877521
784,2.351999999999978,5.0,-0.06364126279100295,-0.04268117678127979,-0.007753168048992861,4.9999999999999964,-0.05425334250943272,-0.047307014307234385,-0.010290373419237412,4.9999999999999964,-0.05425334250943272,-0.047307014307234385,-0.010290373419237412,0.0,0.0,5.0,-0.06364126279100295,-0.04268117678127979,-0.007753168048992861,0.0,0.0,4.9999999999999964,-0.05425334250943272,-0.047307014307234385,-0.010290373419237412,0.0,0.0,-3.552713678800501e-15,0.009387920281570226,-0.004625837525954593,-0.002537205370244551,1.3216688663072111,0.23365256932330097,1.6704207570862462,0.07227655956257763,0.8680143895946225,-0.23947343948607738,-0.42892842080605936,0.7653571855815169,0.7415851093018896,-1.6094340048966307,8.64266282639103,0.12105842303084188,-0.031269172485729003
785,2.354999999999978,5.0,-0.06427531200896565,-0.04213202060815746,-0.007473453365929348,4.9999999999999964,-0.055015731525706886,-0.04701131768352689,-0.010121736818887634,4.9999999999999964,-0.055015731525706886,-0.04701131768352689,-0.010121736818887634,0.0,0.0,5.0,-0.06427531200896565,-0.04213202060815746,-0.007473453365929348,0.0,0.0,4.9999999999999964,-0.055015731525706886,-0.04701131768352689,-0.010121736818887634,0.0,0.0,-3.552713678800501e-15,0.009259580483258763,-0.004879297075369431,-0.002648283452958286,1.3239365085137973,0.23588032044533716,1.6655695797422265,0.061138449791486596,0.8689125862013416,-0.24489339062060744,-0.42577016655507005,0.7558807355287055,0.7425837073453985,-1.617059114673242,8.542931949743283,0.0451047749463275,-0.03978958132302977
786,2.3579999999999783,5.0,-0.06489817106892383,-0.04156475168702903,-0.0071869414739061275,4.9999999999999964,-0.05576854245189848,-0.04669541067972488,-0.009943894359234966,4.9999999999999964,-0.05576854245189848,-0.04669541067972488,-0.009943894359234966,0.0,0.0,5.0,-0.06489817106892383,-0.04156475168702903,-0.0071869414739061275,0.0,0.0,4.9999999999999964,-0.05576854245189848,-0.04669541067972488,-0.009943894359234966,0.0,0.0,-3.552713678800501e-15,0.009129628617025348,-0.005130658992695852,-0.002756952885328839,1.3261760743546358,0.23811188532958577,1.6606952274128224,0.05008866924042702,0.869615350043178,-0.2502052507840183,-0.42267907526054577,0.7465219469461811,0.7438549614162014,-1.624784109801407,8.442144769244054,-0.03044955500784524,-0.048162916335084585
787,2.3609999999999784,5.0,-0.06550973153279951,-0.040979613889393265,-0.006893892959442401,4.9999999999999964,-0.056511644225661045,-0.046359429105691505,-0.009757007790450441,4.9999999999999964,-0.056511644225661045,-0.046359429105691505,-0.009757007790450441,0.0,0.0,5.0,-0.06550973153279951,-0.040979613889393265,-0.006893892959442401,0.0,0.0,4.9999999999999964,-0.056511644225661045,-0.046359429105691505,-0.009757007790450441,0.0,0.0,-3.552713678800501e-15,0.00899808730713847,-0.005379815216298239,-0.00286311483100804,1.3283879263575316,0.24034807349313797,1.655797425048641,0.03913036966621355,0.870128132392547,-0.2554078313392914,-0.4196578214205038,0.737284000965235,0.7453960545173984,-1.632600788060498,8.340314681789488,-0.10556498413738162,-0.05638165221880666
788,2.3639999999999786,5.0,-0.06610988692956976,-0.04037685876866083,-0.006594574354205812,4.9999999999999964,-0.0572449074749853,-0.04600351740143932,-0.00956124708844715,4.9999999999999964,-0.0572449074749853,-0.04600351740143932,-0.00956124708844715,0.0,0.0,5.0,-0.06610988692956976,-0.04037685876866083,-0.006594574354205812,0.0,0.0,4.9999999999999964,-0.0572449074749853,-0.04600351740143932,-0.00956124708844715,0.0,0.0,-3.552713678800501e-15,0.008864979454584462,-0.005626658632778489,-0.002966672734241339,1.3305724356828192,0.24258968547344242,1.6508759218473656,0.028266594310453974,0.8704564181150765,-0.2605000351290956,-0.4167089577944051,0.7281697750959312,0.7472039934348156,-1.640501067091721,8.237455397498922,-0.18020208764322204,-0.06443840421864457
789,2.3669999999999787,5.0,-0.06669853277380294,-0.039756745452010016,-0.006289257892597937,4.9999999999999964,-0.05796820454072246,-0.045627828575034834,-0.009356790300284799,4.9999999999999964,-0.05796820454072246,-0.045627828575034834,-0.009356790300284799,0.0,0.0,5.0,-0.06669853277380294,-0.039756745452010016,-0.006289257892597937,0.0,0.0,4.9999999999999964,-0.05796820454072246,-0.045627828575034834,-0.009356790300284799,0.0,0.0,-3.552713678800501e-15,0.008730328233080481,-0.005871083123024819,-0.003067532407686862,1.3327299812282751,0.24483751233410672,1.64593049086754,0.01750027962206317,0.8706057189917807,-0.265480855515384,-0.4138349159106487,0.7191818484853015,0.7492756202214339,-1.6484769932752004,8.133580945099274,-0.2543216274447504,-0.0723259348438039
790,2.369999999999979,5.0,-0.06727556658384944,-0.039119540528986446,-0.00597822126415363,4.9999999999999964,-0.05868140949880936,-0.04523252413681966,-0.009143823382233436,4.9999999999999964,-0.05868140949880936,-0.04523252413681966,-0.009143823382233436,0.0,0.0,5.0,-0.06727556658384944,-0.039119540528986446,-0.00597822126415363,0.0,0.0,4.9999999999999964,-0.05868140949880936,-0.04523252413681966,-0.009143823382233436,0.0,0.0,-3.552713678800501e-15,0.008594157085040077,-0.006112983607833217,-0.0031656021180798063,1.3348609487509238,0.24709233520456533,1.6409609286176234,0.006834257076572142,0.8705815672372181,-0.27034937532415737,-0.4110380067327572,0.710322507549558,0.7516076234862037,-1.6565207499722392,8.028705676830423,-0.3278845809983583,-0.08003716045155018
791,2.372999999999979,5.0,-0.06784088789968343,-0.0384655179368957,-0.005661747360978268,4.9999999999999964,-0.05938439818219146,-0.0448177740299765,-0.008922540030643689,4.9999999999999964,-0.05938439818219146,-0.0448177740299765,-0.008922540030643689,0.0,0.0,5.0,-0.06784088789968343,-0.0384655179368957,-0.005661747360978268,0.0,0.0,4.9999999999999964,-0.05938439818219146,-0.0448177740299765,-0.008922540030643689,0.0,0.0,-3.552713678800501e-15,0.008456489717491966,-0.006352256093080801,-0.0032607926696654205,1.3369657300067619,0.24935492485296223,1.6359670546221925,-0.00372874491625222,0.8703895092180096,-0.27510476569976045,-0.4083204214754163,0.7015937519460426,0.7541965494656373,-1.6646246651436425,7.922844272849307,-0.4008521700781167,-0.0875651576906036
792,2.375999999999979,5.0,-0.06839439830039243,-0.03779495884303605,-0.0053401240204537705,4.9999999999999964,-0.06007704820244005,-0.044383756557469733,-0.008693141505777229,4.9999999999999964,-0.06007704820244005,-0.044383756557469733,-0.008693141505777229,0.0,0.0,5.0,-0.06839439830039243,-0.03779495884303605,-0.0053401240204537705,0.0,0.0,4.9999999999999964,-0.06007704820244005,-0.044383756557469733,-0.008693141505777229,0.0,0.0,-3.552713678800501e-15,0.008317350097952377,-0.006588797714433686,-0.0033530174853234583,1.3390447219093162,0.25162604129153776,1.6309487109671232,-0.014186099024776761,0.8700350993753859,-0.2797462848730772,-0.40568423256152397,0.6929973008514559,0.7570388128585038,-1.6727812183564483,7.816011745111856,-0.4731858894849933,-0.09490316979876683
793,2.378999999999979,5.0,-0.0689360014213126,-0.03710815152382306,-0.00501364376344627,4.9999999999999964,-0.0607592389710597,-0.04393065830539224,-0.008455836448757813,4.9999999999999964,-0.0607592389710597,-0.04393065830539224,-0.008455836448757813,0.0,0.0,5.0,-0.0689360014213126,-0.03710815152382306,-0.00501364376344627,0.0,0.0,4.9999999999999964,-0.0607592389710597,-0.04393065830539224,-0.008455836448757813,0.0,0.0,-3.552713678800501e-15,0.008176762450252908,-0.0068225067815691764,-0.003442192685311544,1.3410983257078577,0.2539064334137553,1.625905761825545,-0.024535276935960606,0.869523894354728,-0.28427327684797865,-0.40313139471142195,0.6845345995138086,0.7601307074058399,-1.6809830471927325,7.708223440713408,-0.544847535650805,-0.10204461274905652
794,2.3819999999999792,5.0,-0.06946560297080522,-0.03640539124085887,-0.0046826035282544545,4.9999999999999964,-0.0614308517204824,-0.04345867406275113,-0.008210840691809284,4.9999999999999964,-0.0614308517204824,-0.04345867406275113,-0.008210840691809284,0.0,0.0,5.0,-0.06946560297080522,-0.03640539124085887,-0.0046826035282544545,0.0,0.0,4.9999999999999964,-0.0614308517204824,-0.04345867406275113,-0.008210840691809284,0.0,0.0,-3.552713678800501e-15,0.008034751250322818,-0.007053282821892264,-0.0035282371635548294,1.3431269461859972,0.2561968386623563,1.620838092966319,-0.034773847231786455,0.8688614473444021,-0.28868517001035465,-0.40066374615553135,0.6762068260465213,0.7634684162003332,-1.689222953075335,7.5994950446697445,-0.6157992351029131,-0.10898308123874474
795,2.3849999999999794,5.0,-0.06998311074667267,-0.035686980113997464,-0.004347304400540212,4.9999999999999964,-0.06209176952474468,-0.042968006737727084,-0.007958377061953193,4.9999999999999964,-0.06209176952474468,-0.042968006737727084,-0.007958377061953193,0.0,0.0,5.0,-0.06998311074667267,-0.035686980113997464,-0.004347304400540212,0.0,0.0,4.9999999999999964,-0.06209176952474468,-0.042968006737727084,-0.007958377061953193,0.0,0.0,-3.552713678800501e-15,0.007891341221927986,-0.0072810266237296195,-0.0036110726614129816,1.3451309908812996,0.2584979827274891,1.6157456112467399,-0.04489947320931989,0.8680533026255455,-0.29298147566402505,-0.39828300996168475,0.6680148984341497,0.767048021710924,-1.6974939065263956,7.489842582122531,-0.6860034727555198,-0.11571235451586505
796,2.3879999999999795,5.0,-0.07048843465221066,-0.034953226991462194,-0.004008051339486788,4.9999999999999964,-0.06274187731984412,-0.04245886727044318,-0.0076986751783445434,4.9999999999999964,-0.06274187731984412,-0.04245886727044318,-0.0076986751783445434,0.0,0.0,5.0,-0.07048843465221066,-0.034953226991462194,-0.004008051339486788,0.0,0.0,4.9999999999999964,-0.06274187731984412,-0.04245886727044318,-0.0076986751783445434,0.0,0.0,-3.552713678800501e-15,0.007746557332366538,-0.007505640278980985,-0.0036906238388577555,1.3471108693264606,0.2608105792740197,1.6106282440911133,-0.054909910651811875,0.8671049903338377,-0.2971617864977859,-0.39599079546854393,0.6599594817203113,0.770865515510198,-1.7057890518754988,7.379282419954621,-0.7554231199933379,-0.12222640203788221
797,2.3909999999999796,5.0,-0.07098148671189378,-0.03420444731707001,-0.0036651529004345196,4.9999999999999964,-0.06338106192377163,-0.041931474542280814,-0.007431971243430012,4.9999999999999964,-0.06338106192377163,-0.041931474542280814,-0.007431971243430012,0.0,0.0,5.0,-0.07098148671189378,-0.03420444731707001,-0.0036651529004345196,0.0,0.0,4.9999999999999964,-0.06338106192377163,-0.041931474542280814,-0.007431971243430012,0.0,0.0,-3.552713678800501e-15,0.007600424788122145,-0.007727027225210806,-0.0037668183429954926,1.3490669923125092,0.26313532969710113,1.6054859389568081,-0.06480300555800955,0.8660220214337073,-0.30122577498779346,-0.393788599816612,0.652040995349545,0.7749168076938142,-1.7141017114350159,7.267831267802361,-0.8240214625134065,-0.1285193889573749
798,2.3939999999999797,5.0,-0.07146218108669178,-0.033440962994621494,-0.003318920954245172,4.9999999999999964,-0.06400921205621618,-0.04138605528178153,-0.0071585078281185535,4.9999999999999964,-0.06400921205621618,-0.04138605528178153,-0.0071585078281185535,0.0,0.0,5.0,-0.07146218108669178,-0.033440962994621494,-0.003318920954245172,0.0,0.0,4.9999999999999964,-0.06400921205621618,-0.04138605528178153,-0.0071585078281185535,0.0,0.0,-3.552713678800501e-15,0.007452969030475598,-0.007945092287160033,-0.0038395868738733815,1.3509997711744173,0.26547292290504954,1.6003186627893256,-0.07457669183658189,0.8648098829048584,-0.30517319173942853,-0.3916778095684862,0.6442596206360264,0.7791977359828066,-1.7224253891608887,7.155506178453834,-0.8917622278908494,-0.1345856814297454
799,2.39699999999998,5.0,-0.07193043408901383,-0.032663102249512556,-0.0029696704036514133,4.9999999999999964,-0.06462621835793837,-0.040822843967175435,-0.006878533651159809,4.9999999999999964,-0.06462621835793837,-0.040822843967175435,-0.006878533651159809,0.0,0.0,5.0,-0.07193043408901383,-0.032663102249512556,-0.0029696704036514133,0.0,0.0,4.9999999999999964,-0.06462621835793837,-0.040822843967175435,-0.006878533651159809,0.0,0.0,-3.552713678800501e-15,0.007304215731075453,-0.008159741717662879,-0.003908863247508396,1.352909617099417,0.2678240351285529,1.5951264014678725,-0.08422898897230179,0.8634740331404669,-0.3090038637727182,-0.38965970241015646,0.6366153083332812,0.7837040745011318,-1.7307537738176486,7.042324547623779,-0.9586096128344738,-0.14041985173812163
800,2.39999999999998,5.0,-0.07238616419727854,-0.03187119948762845,-0.0026177188968481055,4.9999999999999964,-0.06523197340980963,-0.04024208272557793,-0.006592303352930988,4.9999999999999964,-0.06523197340980963,-0.04024208272557793,-0.006592303352930988,0.0,0.0,5.0,-0.07238616419727854,-0.03187119948762845,-0.0026177188968481055,0.0,0.0,4.9999999999999964,-0.06523197340980963,-0.04024208272557793,-0.006592303352930988,0.0,0.0,-3.552713678800501e-15,0.007154190787468914,-0.008370883237949482,-0.003974584456082883,1.3547969404582578,0.27018932975521975,1.5899091592428718,-0.09375799967035506,0.8620198975558956,-0.31271769275531747,-0.3877354489253315,0.6291077862802842,0.7884315422222904,-1.7390807416668985,6.92830411309774,-1.0245283100982885,-0.14601668323079414
801,2.40299999999998,5.0,-0.07282929207010651,-0.031065595151581932,-0.0022633865385872187,4.9999999999999964,-0.06582637175151353,-0.039644021228898166,-0.006300077263837912,4.9999999999999964,-0.06582637175151353,-0.039644021228898166,-0.006300077263837912,0.0,0.0,5.0,-0.07282929207010651,-0.031065595151581932,-0.0022633865385872187,0.0,0.0,4.9999999999999964,-0.06582637175151353,-0.039644021228898166,-0.006300077263837912,0.0,0.0,-3.552713678800501e-15,0.007002920318592981,-0.008578426077316233,-0.004036690725250694,1.3566621501595597,0.27256945718846043,1.5846669581667754,-0.10316190748487242,0.8604528644062939,-0.316314653186975,-0.3859061144349633,0.6217365671005928,0.793375811080234,-1.7474003586988143,6.8134629532398865,-1.0894835350152512,-0.15137117506669204
802,2.40599999999998,5.0,-0.07325974056013336,-0.030246635574355082,-0.001906995599037851,4.9999999999999964,-0.06640930989990618,-0.0390289165865039,-0.006002121167540934,4.9999999999999964,-0.06640930989990618,-0.0390289165865039,-0.006002121167540934,0.0,0.0,5.0,-0.07325974056013336,-0.030246635574355082,-0.001906995599037851,0.0,0.0,4.9999999999999964,-0.06640930989990618,-0.0390289165865039,-0.006002121167540934,0.0,0.0,-3.552713678800501e-15,0.006850430660227183,-0.008782281012148816,-0.004095125568503083,1.358505653027357,0.2749650547296837,1.579399837519496,-0.11243897443750259,0.8587782808110086,-0.31979479053932097,-0.3841726608943479,0.6145009559324286,0.7985325137410774,-1.7557068824264523,6.697819484860824,-1.1534410516198492,-0.15647854676458173
803,2.4089999999999803,5.0,-0.07367743472744104,-0.029414672830408675,-0.0015488702206771876,4.9999999999999964,-0.06698068636703235,-0.03839703323468904,-0.00569870605922102,4.9999999999999964,-0.06698068636703235,-0.03839703323468904,-0.00569870605922102,0.0,0.0,5.0,-0.07367743472744104,-0.029414672830408675,-0.0015488702206771876,0.0,0.0,4.9999999999999964,-0.06698068636703235,-0.03839703323468904,-0.00569870605922102,0.0,0.0,-3.552713678800501e-15,0.006696748360408691,-0.008982360404280368,-0.004149835838543833,1.3603278532018637,0.27737674648278376,1.5741078532297077,-0.12158753863156593,0.8570014489823079,-0.3231582193547286,-0.38253594884039843,0.6074000581688955,0.8038972510333665,-1.7639947632627877,6.581392460443624,-1.21636719832649,-0.16133424255184833
804,2.4119999999999804,5.0,-0.07408230185260456,-0.028570064584324675,-0.0011893361234785714,4.9999999999999964,-0.06754040167779425,-0.03774864282299133,-0.005390107899105903,4.9999999999999964,-0.06754040167779425,-0.03774864282299133,-0.005390107899105903,0.0,0.0,5.0,-0.07408230185260456,-0.028570064584324675,-0.0011893361234785714,0.0,0.0,4.9999999999999964,-0.06754040167779425,-0.03774864282299133,-0.005390107899105903,0.0,0.0,-3.552713678800501e-15,0.006541900174810308,-0.009178578238666652,-0.004200771775627332,1.36212915156343,0.2798051432798912,1.5687910772932063,-0.13060601186704865,0.8551276226555341,-0.3264051213079054,-0.3809967393819151,0.6004327871887842,0.80946559903581,-1.772258645500457,6.4642009647281915,-1.2782289131311224,-0.16593393550890398
805,2.4149999999999805,5.0,-0.07447427144935236,-0.02771317393704413,-0.0008287203086643986,4.9999999999999964,-0.0680883583872699,-0.03708402409740884,-0.005076607361480436,4.9999999999999964,-0.0680883583872699,-0.03708402409740884,-0.005076607361480436,0.0,0.0,5.0,-0.07447427144935236,-0.02771317393704413,-0.0008287203086643986,0.0,0.0,4.9999999999999964,-0.0680883583872699,-0.03708402409740884,-0.005076607361480436,0.0,0.0,-3.552713678800501e-15,0.006385913062082457,-0.009370850160364708,-0.004247887052816038,1.363909945179609,0.28225084262735856,1.563449597189464,-0.13949287726141882,0.8531620037174387,-0.32953574323377566,-0.3795556962259157,0.5935978720596752,0.8152331158224574,-1.7804933679141506,6.34626441065605,-1.3389937583040006,-0.17027353150544955
806,2.4179999999999806,5.0,-0.0748532752768375,-0.026844369269768006,-0.00046735076129433216,4.9999999999999964,-0.06862446109767797,-0.036403462780565915,-0.004758489579409472,4.9999999999999964,-0.06862446109767797,-0.036403462780565915,-0.004758489579409472,0.0,0.0,5.0,-0.0748532752768375,-0.026844369269768006,-0.00046735076129433216,0.0,0.0,4.9999999999999964,-0.06862446109767797,-0.036403462780565915,-0.004758489579409472,0.0,0.0,-3.552713678800501e-15,0.00622881417915952,-0.009559093510797909,-0.00429113881811514,1.365670626775198,0.2847144286709575,1.5580835152974475,-0.14824668688096942,0.8511097390291193,-0.33255039512511747,-0.3782133877333392,0.5868938651962918,0.8211953478663144,-1.7886939640054937,6.227602534679475,-1.3986299445420958,-0.1743491729250099
807,2.4209999999999807,5.0,-0.0752192473515186,-0.025964024085589295,-0.0001055561519580252,4.9999999999999964,-0.06914861647498635,-0.03570725144887967,-0.004436043885405395,4.9999999999999964,-0.06914861647498635,-0.03570725144887967,-0.004436043885405395,0.0,0.0,5.0,-0.0752192473515186,-0.025964024085589295,-0.0001055561519580252,0.0,0.0,4.9999999999999964,-0.06914861647498635,-0.03570725144887967,-0.004436043885405395,0.0,0.0,-3.552713678800501e-15,0.006070630876532243,-0.009743227363290377,-0.00433048773344737,1.3674115842250727,0.2871964721792674,1.5526929483117173,-0.15686605938711942,0.8489759174396755,-0.33544944810331523,-0.37697028899768736,0.5803191499582826,0.8273478361033105,-1.796855661910081,6.1082353914408545,-1.4571063545502794,-0.17815724217435247
808,2.423999999999981,5.0,-0.07557212395864712,-0.0250725168489219,0.0002563344621549754,4.9999999999999964,-0.0696607332651613,-0.034995689406780016,-0.004109563548276205,4.9999999999999964,-0.0696607332651613,-0.034995689406780016,-0.004109563548276205,0.0,0.0,5.0,-0.07557212395864712,-0.0250725168489219,0.0002563344621549754,0.0,0.0,4.9999999999999964,-0.0696607332651613,-0.034995689406780016,-0.004109563548276205,0.0,0.0,-3.552713678800501e-15,0.005911390693485827,-0.009923172557858115,-0.00436589801043118,1.369133200069591,0.2896975305442456,1.547278026659759,-0.16534967770183398,0.8467655669864182,-0.33823333236548814,-0.37582678394043073,0.5738719481728102,0.8336861216593907,-1.8049738839860945,5.988183347830023,-1.5143925660211435,-0.18169436497459504
809,2.426999999999981,5.0,-0.07591184366336004,-0.024170230822796592,0.000617991936537624,4.9999999999999964,-0.07016072231005452,-0.03426908255803737,-0.0037793455063935086,4.9999999999999964,-0.07016072231005452,-0.03426908255803737,-0.0037793455063935086,0.0,0.0,5.0,-0.07591184366336004,-0.024170230822796592,0.000617991936537624,0.0,0.0,4.9999999999999964,-0.07016072231005452,-0.03426908255803737,-0.0037793455063935086,0.0,0.0,-3.552713678800501e-15,0.005751121353305522,-0.01009885173524078,-0.004397337442931132,1.3708358510522967,0.29221814779797844,1.541838893921448,-0.1736962866960599,0.8444836522772177,-0.3409025351111525,-0.37478316741727014,0.5675503275685053,0.8402057512442861,-1.813044246103641,5.867467076429162,-1.5704588739840666,-0.18495741343100788
810,2.429999999999981,5.0,-0.07623834732137547,-0.023257553904095382,0.0009790873387265063,4.9999999999999964,-0.0706484965629254,-0.03352774327425324,-0.00344569009762295,4.9999999999999964,-0.0706484965629254,-0.03352774327425324,-0.00344569009762295,0.0,0.0,5.0,-0.07623834732137547,-0.023257553904095382,0.0009790873387265063,0.0,0.0,4.9999999999999964,-0.0706484965629254,-0.03352774327425324,-0.00344569009762295,0.0,0.0,-3.552713678800501e-15,0.00558985075845006,-0.010270189370157855,-0.004424777436349456,1.3725199076796222,0.29475885464462714,1.5363757062514871,-0.18190469090481262,0.8421350720503478,-0.34345759845147034,-0.37383964732961267,0.5613522091084867,0.8469022822162301,-1.8210625566536014,5.746107548356724,-1.6252763124950098,-0.18794350887871472
811,2.432999999999981,5.0,-0.07655157808928946,-0.02233487845679246,0.0013392922474707942,4.9999999999999964,-0.07112397110359557,-0.03277199026057014,-0.003108900786162799,4.9999999999999964,-0.07112397110359557,-0.03277199026057014,-0.003108900786162799,0.0,0.0,5.0,-0.07655157808928946,-0.02233487845679246,0.0013392922474707942,0.0,0.0,4.9999999999999964,-0.07112397110359557,-0.03277199026057014,-0.003108900786162799,0.0,0.0,-3.552713678800501e-15,0.005427606985693889,-0.010437111803777682,-0.004448193033633593,1.374185733802256,0.29732016850659476,1.5308886318056039,-0.18997375227229657,0.8397246569069835,-0.3458991173040365,-0.3729963467358921,0.5552753742112638,0.853771287322532,-1.8290248152943933,5.624126025523587,-1.6788166756394283,-0.19065002450170526
812,2.4359999999999813,5.0,-0.07685148143447243,-0.021402601143274625,0.001698279051435565,4.9999999999999964,-0.07158706315323331,-0.03200214841865894,-0.002769283886539055,4.9999999999999964,-0.07158706315323331,-0.03200214841865894,-0.002769283886539055,0.0,0.0,5.0,-0.07685148143447243,-0.021402601143274625,0.001698279051435565,0.0,0.0,4.9999999999999964,-0.07158706315323331,-0.03200214841865894,-0.002769283886539055,0.0,0.0,-3.552713678800501e-15,0.005264418281239122,-0.010599547275384317,-0.004467562937974619,1.3758336862178042,0.29990259358395926,1.52537785017124,-0.19790238793019516,0.8372571672113293,-0.34822773727605233,-0.37225330595763456,0.549317471849422,0.8608083591215,-1.8369272114546162,5.501544052316455,-1.73105253782164,-0.1930745877227726
813,2.4389999999999814,5.0,-0.07713800514456291,-0.020461122753815272,0.0020557212471691297,4.9999999999999964,-0.07203769208876508,-0.03121854870704208,-0.0024271482850081786,4.9999999999999964,-0.07203769208876508,-0.03121854870704208,-0.0024271482850081786,0.0,0.0,5.0,-0.07713800514456291,-0.020461122753815272,0.0020557212471691297,0.0,0.0,4.9999999999999964,-0.07203769208876508,-0.03121854870704208,-0.0024271482850081786,0.0,0.0,-3.552713678800501e-15,0.005100313055797834,-0.010757425953226808,-0.004482869532177308,1.3774641142943553,0.3025066209262344,1.5198435518034128,-0.205689568012026,0.8347372911532034,-0.3504441525386325,-0.37161048467544444,0.5434760255170314,0.8680091140917192,-1.8447661226090883,5.378383446725175,-1.7819572733150617,-0.1952150823622016
814,2.4419999999999815,5.0,-0.07741109933655785,-0.019510848034272193,0.0024112937360622963,4.9999999999999964,-0.07247577945691182,-0.030421527998812953,-0.0020828051586207607,4.9999999999999964,-0.07247577945691182,-0.030421527998812953,-0.0020828051586207607,0.0,0.0,5.0,-0.07741109933655785,-0.019510848034272193,0.0024112937360622963,0.0,0.0,4.9999999999999964,-0.07247577945691182,-0.030421527998812953,-0.0020828051586207607,0.0,0.0,-3.552713678800501e-15,0.00493531987964603,-0.01091067996454076,-0.004494098894683057,1.3790773596145285,0.30513272851553985,1.5142859374663769,-0.21333431350622592,0.8321696429677731,-0.3525491036948925,-0.3710677640103558,0.5377484400577293,0.8753691964351497,-1.852538112345279,5.254666290932328,-1.831505075048798,-0.19706965056324083
815,2.4449999999999816,5.0,-0.07767071646549693,-0.018552185512085807,0.00276467312002992,4.9999999999999964,-0.07290124898784743,-0.029611428936812692,-0.0017365676922017196,4.9999999999999964,-0.07290124898784743,-0.029611428936812692,-0.0017365676922017196,0.0,0.0,5.0,-0.07767071646549693,-0.018552185512085807,0.00276467312002992,0.0,0.0,4.9999999999999964,-0.07290124898784743,-0.029611428936812692,-0.0017365676922017196,0.0,0.0,-3.552713678800501e-15,0.004769467477649503,-0.011059243424726885,-0.00450124081223164,1.3806737556395676,0.30778138136028255,1.5087052176816669,-0.220835694150407,0.8295587613070188,-0.3545433756443649,-0.37062494858626566,0.5321320083463932,0.8828842815809023,-1.8602399282366255,5.130414921385024,-1.879670972607221,-0.19863669448260657
816,2.4479999999999817,5.0,-0.07791681133274007,-0.017585547320650687,0.0031155379956462133,4.9999999999999964,-0.07331402660847715,-0.028788599786326446,-0.0013887507935043614,4.9999999999999964,-0.07331402660847715,-0.028788599786326446,-0.0013887507935043614,0.0,0.0,5.0,-0.07791681133274007,-0.017585547320650687,0.0031155379956462133,0.0,0.0,4.9999999999999964,-0.07331402660847715,-0.028788599786326446,-0.0013887507935043614,0.0,0.0,-3.552713678800501e-15,0.004602784724262926,-0.01120305246567576,-0.004504288789150575,1.3822536273930224,0.31045303159847326,1.503101612183051,-0.22819282636901003,0.8269091077574241,-0.3564277954461974,-0.3702817685694345,0.5266239178182529,0.8905500793968967,-1.8678684995386714,5.005651918370378,-1.92643084942041,-0.19991487774447989
817,2.450999999999982,5.0,-0.0781493410938364,-0.01661134902213852,0.003463569246465265,4.9999999999999964,-0.07371404045533347,-0.02795339428536248,-0.0010396708067974534,4.9999999999999964,-0.07371404045533347,-0.02795339428536248,-0.0010396708067974534,0.0,0.0,5.0,-0.0781493410938364,-0.01661134902213852,0.003463569246465265,0.0,0.0,4.9999999999999964,-0.07371404045533347,-0.02795339428536248,-0.0010396708067974534,0.0,0.0,-3.552713678800501e-15,0.00443530063850292,-0.011342045263223959,-0.004503240053262718,1.383817291163543,0.31314811860982394,1.4974753493788806,-0.2354048712563772,0.8242250654983114,-0.3582032301834901,-0.37003788168130497,0.5212212568401717,0.8983623371168943,-1.875420934723408,4.88040009511759,-1.971761459124569,-0.20090312665667087
818,2.453999999999982,5.0,-0.0783682652659833,-0.015630009428845553,0.003808450333262183,4.9999999999999964,-0.07410122088708741,-0.027106171492578646,-0.0006896452251457313,4.9999999999999964,-0.07410122088708741,-0.027106171492578646,-0.0006896452251457313,0.0,0.0,5.0,-0.0783682652659833,-0.015630009428845553,0.003808450333262183,0.0,0.0,4.9999999999999964,-0.07410122088708741,-0.027106171492578646,-0.0006896452251457313,0.0,0.0,-3.552713678800501e-15,0.0042670443788958845,-0.011476162063733093,-0.004498095558407914,1.3853650542263019,0.3158670691357959,1.4918266658222807,-0.24247103260706848,0.8215109380951953,-0.35987058483104056,-0.369892875181153,0.515921020919682,0.9063168419906408,-1.882894518866619,4.754682486450938,-2.0156404410728443,-0.20160063118784263
819,2.456999999999982,5.0,-0.07857354573507448,-0.014641950423142739,0.004149867581929557,4.9999999999999964,-0.07447550049667283,-0.026247295632921424,-0.0003389924016455762,4.9999999999999964,-0.07447550049667283,-0.026247295632921424,-0.0003389924016455762,0.0,0.0,5.0,-0.07857354573507448,-0.014641950423142739,0.004149867581929557,0.0,0.0,4.9999999999999964,-0.07447550049667283,-0.026247295632921424,-0.0003389924016455762,0.0,0.0,-3.552713678800501e-15,0.004098045238401654,-0.011605345209778685,-0.004488859983575133,1.3868972145825462,0.31861029740679103,1.4861558056895734,-0.24939055499506058,0.8187709484224898,-0.361430800128675,-0.36984626781534363,0.5107201187481598,0.9144094236650483,-1.8902867109024433,4.628522337019303,-2.0580463349783487,-0.20200684570490463
820,2.459999999999982,5.0,-0.07876514676233534,-0.01364759677610762,0.004487510468768715,4.9999999999999964,-0.07483681412302182,-0.02537713594104395,1.1968740121504561e-05,4.9999999999999964,-0.07483681412302182,-0.02537713594104395,1.1968740121504561e-05,0.0,0.0,5.0,-0.07876514676233534,-0.01364759677610762,0.004487510468768715,0.0,0.0,4.9999999999999964,-0.07483681412302182,-0.02537713594104395,1.1968740121504561e-05,0.0,0.0,-3.552713678800501e-15,0.003928332639313525,-0.011729539164936329,-0.004475541728647211,1.388414060716772,0.32137820527570454,1.480463020267297,-0.25616272190329037,0.8160092377098893,-0.3628848504622589,-0.3698975117302195,0.5056153780752958,0.9226359563044988,-1.897595140758779,4.50194308912907,-2.098958594672589,-0.20212148946990388
821,2.4629999999999823,5.0,-0.07894303499054518,-0.012647375964912791,0.0048210719029149855,4.9999999999999964,-0.07518509886240914,-0.024496066502570316,0.0003629189961542953,4.9999999999999964,-0.07518509886240914,-0.024496066502570316,0.0003629189961542953,0.0,0.0,5.0,-0.07894303499054518,-0.012647375964912791,0.0048210719029149855,0.0,0.0,4.9999999999999964,-0.07518509886240914,-0.024496066502570316,0.0003629189961542953,0.0,0.0,-3.552713678800501e-15,0.003757936128136047,-0.011848690537657525,-0.00445815290676069,1.3899158713710102,0.3241711823570799,1.4747485674481373,-0.26278685390483725,0.8132298647067402,-0.36423374175439865,-0.3700459943459,0.5006035514127373,0.9309923604584622,-1.9048176063865523,4.374968370208369,-2.1383576009639245,-0.20194454689595767
822,2.4659999999999824,5.0,-0.07910717944984455,-0.011641717989050976,0.005150248505641363,4.9999999999999964,-0.07552029407940349,-0.023604466093274493,0.0007135391723522961,4.9999999999999964,-0.07552029407940349,-0.023604466093274493,0.0007135391723522961,0.0,0.0,5.0,-0.07910717944984455,-0.011641717989050976,0.005150248505641363,0.0,0.0,4.9999999999999964,-0.07552029407940349,-0.023604466093274493,0.0007135391723522961,0.0,0.0,-3.552713678800501e-15,0.0035868853704410647,-0.011962748104223517,-0.004436709333289067,1.3914029153357066,0.32698960617113404,1.4690127112360516,-0.2692623068968818,0.8104368049587366,-0.36547850936676773,-0.3702910401885126,0.4956813215654714,0.9394746046846977,-1.9119520706952746,4.247621979931685,-2.176224673582196,-0.20147626756199838
823,2.4689999999999825,5.0,-0.07925755156312694,-0.010631055185477337,0.005474740886285518,4.9999999999999964,-0.07584234141742405,-0.022702718016242917,0.0010635103748271812,4.9999999999999964,-0.07584234141742405,-0.022702718016242917,0.0010635103748271812,0.0,0.0,5.0,-0.07925755156312694,-0.010631055185477337,0.005474740886285518,0.0,0.0,4.9999999999999964,-0.07584234141742405,-0.022702718016242917,0.0010635103748271812,0.0,0.0,-3.552713678800501e-15,0.003415210145702896,-0.01207166283076558,-0.004411230511458336,1.392875451256677,0.32983384229194307,1.4632557212608315,-0.2755884703884314,0.8076339501912971,-0.3666202160159131,-0.37063191267862006,0.49084530699015694,0.9480787069363462,-1.9189966584067193,4.119927877034789,-2.2125420821971487,-0.200717165986309
824,2.4719999999999827,5.0,-0.0793941251510141,-0.009615822042745317,0.005794253914549628,4.9999999999999964,-0.07615118480890017,-0.02179120993709066,0.0014125142999411714,4.9999999999999964,-0.07615118480890017,-0.02179120993709066,0.0014125142999411714,0.0,0.0,5.0,-0.0793941251510141,-0.009615822042745317,0.005794253914549628,0.0,0.0,4.9999999999999964,-0.07615118480890017,-0.02179120993709066,0.0014125142999411714,0.0,0.0,-3.552713678800501e-15,0.003242940342113934,-0.012175387894345344,-0.004381739614608457,1.3943337274576177,0.33270424449910674,1.4574778723023176,-0.2817647658426654,0.8048251077940216,-0.36765994970432897,-0.3710678158738386,0.4860920669802275,0.9568007357212309,-1.9259496528379467,3.9919101658508302,-2.24729305649981,-0.1996680211590599
825,2.4749999999999828,5.0,-0.0795168764364137,-0.008596455014217508,0.0061084969889257205,4.9999999999999964,-0.07644677048503258,-0.02087033371730229,0.001760233523808604,4.9999999999999964,-0.07644677048503258,-0.02087033371730229,0.001760233523808604,0.0,0.0,5.0,-0.0795168764364137,-0.008596455014217508,0.0061084969889257205,0.0,0.0,4.9999999999999964,-0.07644677048503258,-0.02087033371730229,0.001760233523808604,0.0,0.0,-3.552713678800501e-15,0.0030701059513811163,-0.01227387870308478,-0.0043482634651171165,1.395777981777652,0.33560115493223175,1.4516794438244447,-0.287790645074625,0.8020140004006784,-0.3685988216685142,-0.37159789616387245,0.48141810667815577,0.9656368110416628,-1.932809492624329,3.8635930825991185,-2.280461795337592,-0.19832987583426684
826,2.477999999999983,5.0,-0.07962578404865892,-0.0075733923304333985,0.0064171843010014515,4.9999999999999964,-0.07672904698515441,-0.01994048524576882,0.0021063517909973174,4.9999999999999964,-0.07672904698515441,-0.01994048524576882,0.0021063517909973174,0.0,0.0,5.0,-0.07962578404865892,-0.0075733923304333985,0.0064171843010014515,0.0,0.0,4.9999999999999964,-0.07672904698515441,-0.01994048524576882,0.0021063517909973174,0.0,0.0,-3.552713678800501e-15,0.0028967370635045037,-0.012367092915335422,-0.004310832510004134,1.3972084414233996,0.33852490424760073,1.4458607195192668,-0.293665588704854,0.7992042655592388,-0.36943796434566617,-0.3722212439164113,0.47681988191580443,0.9745831051230018,-1.939574768392636,3.7350009814588634,-2.312033474895403,-0.19670403558181473
827,2.480999999999983,5.0,-0.07972082902722892,-0.006547073810711546,0.006720035095407097,4.9999999999999964,-0.07699796516569032,-0.019002064268593213,0.002450554302167345,4.9999999999999964,-0.07699796516569032,-0.019002064268593213,0.002450554302167345,0.0,0.0,5.0,-0.07972082902722892,-0.006547073810711546,0.006720035095407097,0.0,0.0,4.9999999999999964,-0.07699796516569032,-0.019002064268593213,0.002450554302167345,0.0,0.0,-3.552713678800501e-15,0.0027228638615385964,-0.012454990457881666,-0.0042694807932397525,1.3986253228350525,0.3414758117764182,1.4400219868610857,-0.2993891046694905,0.7963994554865457,-0.37017852936060297,-0.3729368950725537,0.4722938038842893,0.9836358429391566,-1.9462442193936786,3.606158320460591,-2.3419942559167057,-0.1947920676004098
828,2.483999999999983,5.0,-0.07980199482505,-0.005517940674068714,0.007016773925166151,4.9999999999999964,-0.07725347820871231,-0.01805547421723776,0.0027925280003852594,4.9999999999999964,-0.07725347820871231,-0.01805547421723776,0.0027925280003852594,0.0,0.0,5.0,-0.07980199482505,-0.005517940674068714,0.007016773925166151,0.0,0.0,4.9999999999999964,-0.07725347820871231,-0.01805547421723776,0.0027925280003852594,0.0,0.0,-3.552713678800501e-15,0.00254851661633769,-0.012537533543169048,-0.004224245924780891,1.4000288315659581,0.34445418568404756,1.4341635366707755,-0.30496072678720626,0.7936030369022857,-0.3708216855344477,-0.37374383269062883,0.4678362436352442,0.9927913025431125,-1.9528167301034427,3.47708964722846,-2.3703312899600664,-0.19259579929253273
829,2.4869999999999832,5.0,-0.07986926731137625,-0.0044864353495388575,0.0073071309022184235,4.9999999999999964,-0.07749554163009055,-0.01710112203508706,0.0031319618558537576,4.9999999999999964,-0.07749554163009055,-0.01710112203508706,0.0031319618558537576,0.0,0.0,5.0,-0.07986926731137625,-0.0044864353495388575,0.0073071309022184235,0.0,0.0,4.9999999999999964,-0.07749554163009055,-0.01710112203508706,0.0031319618558537576,0.0,0.0,-3.552713678800501e-15,0.0023737256812857016,-0.012614686685548205,-0.004175169046364666,1.4014191621752057,0.347460323129679,1.4282856626903722,-0.3103800133833044,0.7908183909370361,-0.3713686169165553,-0.37464098843749477,0.4634435364158105,1.002045815210473,-1.9592913268011005,3.347819584607,-2.3970327246883176,-0.19011731660269557
830,2.4899999999999833,5.0,-0.07992263477424973,-0.003453001285970335,0.0075908419428866915,4.9999999999999964,-0.07772411328723798,-0.01613941800250114,0.0034685471487975726,4.9999999999999964,-0.07772411328723798,-0.01613941800250114,0.0034685471487975726,0.0,0.0,5.0,-0.07992263477424973,-0.003453001285970335,0.0075908419428866915,0.0,0.0,4.9999999999999964,-0.07772411328723798,-0.01613941800250114,0.0034685471487975726,0.0,0.0,-3.552713678800501e-15,0.0021985214870117453,-0.012686416716530806,-0.004122294794089119,1.4027964981327259,0.35049451042589064,1.422388661167977,-0.3156465459712001,0.7880488131092446,-0.3718205208411114,-0.3756272440265855,0.4591119858400765,1.0113957654038734,-1.9656671741317486,3.218372816206033,-2.4220877081891166,-0.18735896212050915
831,2.4929999999999835,5.0,-0.07996208792253943,-0.002418082761384693,0.00786764900806471,4.9999999999999964,-0.0779391533864472,-0.015170775560434103,0.0038019777502483515,4.9999999999999964,-0.0779391533864472,-0.015170775560434103,0.0038019777502483515,0.0,0.0,5.0,-0.07996208792253943,-0.002418082761384693,0.00786764900806471,0.0,0.0,4.9999999999999964,-0.0779391533864472,-0.015170775560434103,0.0038019777502483515,0.0,0.0,-3.552713678800501e-15,0.00202293453609223,-0.01275269279904941,-0.004065671257816358,1.404161011736426,0.3535570231975886,1.4164728304529934,-0.3207599279914402,0.7852975133661191,-0.3721786060097861,-0.3767014326021737,0.45483786790006003,1.0208375905659892,-1.971943571661203,3.0887740718976584,-2.4454863923272874,-0.18432333295028508
832,2.4959999999999836,5.0,-0.07998761988755898,-0.001382124691980576,0.008137300337907072,4.9999999999999964,-0.07814062448981848,-0.014195611132693992,0.004131950400473193,4.9999999999999964,-0.07814062448981848,-0.014195611132693992,0.004131950400473193,0.0,0.0,5.0,-0.07998761988755898,-0.001382124691980576,0.008137300337907072,0.0,0.0,4.9999999999999964,-0.07814062448981848,-0.014195611132693992,0.004131950400473193,0.0,0.0,-3.552713678800501e-15,0.0018469953977404974,-0.012813486440713416,-0.004005349937433879,1.4055128640408852,0.3566481265398347,1.4105384706017043,-0.3257197836083479,0.7825676161835134,-0.37244409060178146,-0.37786234006949904,0.450617434819673,1.0303677807487104,-1.9781199504296725,2.9590481132991626,-2.4672199351309305,-0.18101327834911018
833,2.4989999999999837,5.0,-0.07999922622426228,-0.0003455724408615157,0.008399550680808504,4.9999999999999964,-0.07832849152177754,-0.013214343946920221,0.004458164984793543,4.9999999999999964,-0.07832849152177754,-0.013214343946920221,0.004458164984793543,0.0,0.0,5.0,-0.07999922622426228,-0.0003455724408615157,0.008399550680808504,0.0,0.0,4.9999999999999964,-0.07832849152177754,-0.013214343946920221,0.004458164984793543,0.0,0.0,-3.552713678800501e-15,0.001670734702484744,-0.012868771506058705,-0.0039413856960149605,1.4068522047971515,0.35976807517409237,1.4045858829931723,-0.3305257565643263,0.7798621607200183,-0.3726182004125708,-0.37910870637059085,0.4464469187554189,1.0399828780858984,-1.9841958695106428,2.82921971927566,-2.4872805022149036,-0.17743189713554397
834,2.501999999999984,5.0,-0.07999690491201751,0.0006911283734273469,0.008654161516463468,4.9999999999999964,-0.07850272177518214,-0.01222739585435577,0.004780324806543651,4.9999999999999964,-0.07850272177518214,-0.01222739585435577,0.004780324806543651,0.0,0.0,5.0,-0.07999690491201751,0.0006911283734273469,0.008654161516463468,0.0,0.0,4.9999999999999964,-0.07850272177518214,-0.01222739585435577,0.004780324806543651,0.0,0.0,-3.552713678800501e-15,0.0014941831368353725,-0.012918524227783118,-0.003873836709919817,1.4081791724031951,0.3629171136024433,1.3986153699554298,-0.3351775090917993,0.777184101020591,-0.3727021670225912,-0.3804392267057891,0.4423225353478648,1.0496794761169734,-1.9901710125808278,2.699313671496037,-2.5056612672468392,-0.17358253487129038
835,2.504999999999984,5.0,-0.07998065635495885,0.0017275320684734191,0.008900901272803598,4.9999999999999964,-0.07866328491701634,-0.0112351911484914,0.005098136856920267,4.9999999999999964,-0.07866328491701634,-0.0112351911484914,0.005098136856920267,0.0,0.0,5.0,-0.07998065635495885,0.0017275320684734191,0.008900901272803598,0.0,0.0,4.9999999999999964,-0.07866328491701634,-0.0112351911484914,0.005098136856920267,0.0,0.0,-3.552713678800501e-15,0.0013173714379425133,-0.01296272321696482,-0.0038027644158833314,1.4094938938645798,0.3660954762593485,1.39262723440191,-0.3396747208827303,0.7745363062651918,-0.3726972259971143,-0.38185255270113067,0.4382404871281907,1.0594542189684093,-1.9960451845065843,2.5693547400754615,-2.5223564114624484,-0.1694687808184111
836,2.507999999999984,5.0,-0.07995048338191614,0.002763193089596493,0.009139545536615888,4.9999999999999964,-0.07881015299367133,-0.010238156382659885,0.005411312081478207,4.9999999999999964,-0.07881015299367133,-0.010238156382659885,0.005411312081478207,0.0,0.0,5.0,-0.07995048338191614,0.002763193089596493,0.009139545536615888,0.0,0.0,4.9999999999999964,-0.07881015299367133,-0.010238156382659885,0.005411312081478207,0.0,0.0,-3.552713678800501e-15,0.0011403303882448063,-0.013001349472256379,-0.003728233455137681,1.4107964847649328,0.36930338766054865,1.3866217794780547,-0.34401708811561943,0.771921561058028,-0.37260461511849047,-0.38334729352193225,0.43419696678436226,1.0693038004000412,-2.001818307951743,2.439367669337328,-2.537361122238384,-0.16509446467484631
837,2.510999999999984,5.0,-0.0799063912459224,0.003797666201395273,0.009369877257649378,4.9999999999999964,-0.07894330043581216,-0.009236720186658855,0.00571956564302934,4.9999999999999964,-0.07894330043581216,-0.009236720186658855,0.00571956564302934,0.0,0.0,5.0,-0.0799063912459224,0.003797666201395273,0.009369877257649378,0.0,0.0,4.9999999999999964,-0.07894330043581216,-0.009236720186658855,0.00571956564302934,0.0,0.0,-3.552713678800501e-15,0.0009630908101102426,-0.013034386388054129,-0.003650311614620038,1.412087049245808,0.3725410625487174,1.3805993082180206,-0.348204322539851,0.7693425657531465,-0.3724255726519313,-0.3849220169330557,0.43018816029168816,1.0792249627229102,-2.007490420011384,2.3093771637269795,-2.5506715907324478,-0.1604636530912132
838,2.5139999999999842,5.0,-0.07984838762329925,0.004830506679156636,0.009591686946025585,4.9999999999999964,-0.07906270406282918,-0.008231313082480863,0.00602261718070596,4.9999999999999964,-0.07906270406282918,-0.008231313082480863,0.00602261718070596,0.0,0.0,5.0,-0.07984838762329925,0.004830506679156636,0.009591686946025585,0.0,0.0,4.9999999999999964,-0.07906270406282918,-0.008231313082480863,0.00602261718070596,0.0,0.0,-3.552713678800501e-15,0.0007856835604700685,-0.013061819761637498,-0.0035690697653196247,1.413365679995546,0.375808706035503,1.3745601232113935,-0.3522361506172383,0.7668019368122617,-0.372161335645968,-0.38657525030648976,0.4262102499127212,1.089214495595195,-2.013061668875676,2.179407873908925,-2.562285008602414,-0.15558064597204732
839,2.5169999999999844,5.0,-0.07977648261232057,0.005861270500043753,0.009804772862772204,4.9999999999999964,-0.07916834308687386,-0.007222367299230033,0.006320191064952857,4.9999999999999964,-0.07916834308687386,-0.007222367299230033,0.006320191064952857,0.0,0.0,5.0,-0.07977648261232057,0.005861270500043753,0.009804772862772204,0.0,0.0,4.9999999999999964,-0.07916834308687386,-0.007222367299230033,0.006320191064952857,0.0,0.0,-3.552713678800501e-15,0.0006081395254467076,-0.013083637799273785,-0.0034845817978193475,1.414632458246761,0.3791065137396108,1.368504526279811,-0.3561123127205937,0.7643022071908494,-0.37181313826869955,-0.388305481577029,0.42225941707163944,1.0992692347026034,-2.0185323105274975,2.049484383078587,-2.5721995638161754,-0.15044997256485568
840,2.5199999999999845,5.0,-0.07969068873145428,0.006889514533984068,0.010008941203307713,4.9999999999999964,-0.07926019911647776,-0.006210316587304738,0.006612016648216193,4.9999999999999964,-0.07926019911647776,-0.006210316587304738,0.006612016648216193,0.0,0.0,5.0,-0.07969068873145428,0.006889514533984068,0.010008941203307713,0.0,0.0,4.9999999999999964,-0.07926019911647776,-0.006210316587304738,0.006612016648216193,0.0,0.0,-3.552713678800501e-15,0.0004304896149765203,-0.013099831121288806,-0.0033969245550915204,1.4158874537820862,0.38243467192059905,1.3624328181633794,-0.3598325623891371,0.7618458267486866,-0.37138221018092205,-0.3901111601469674,0.4183318451084003,1.109386060329424,-2.0239027054771905,1.9196311935187964,-2.5804144355673215,-0.14507638734053666
841,2.5229999999999846,5.0,-0.07959102091718305,0.007914796734173463,0.0102040062737091,4.9999999999999964,-0.07933825615975455,-0.005195596031926385,0.006897828511101199,4.9999999999999964,-0.07933825615975455,-0.005195596031926385,0.006897828511101199,0.0,0.0,5.0,-0.07959102091718305,0.007914796734173463,0.0102040062737091,0.0,0.0,4.9999999999999964,-0.07933825615975455,-0.005195596031926385,0.006897828511101199,0.0,0.0,-3.552713678800501e-15,0.00025276475742849747,-0.013110392766099849,-0.0033061777626079017,1.4171307249478406,0.3857933576080778,1.356345298216767,-0.36339666564054507,0.7594351626811705,-0.3708697749472088,-0.39199069774085965,0.41442372191810223,1.1195618958262645,-2.029173315537431,1.7898727134303487,-2.586929788311618,-0.1394648656689131
842,2.5259999999999847,5.0,-0.07947749652140385,0.008936676327113147,0.010389790659603234,4.9999999999999964,-0.07940250062718407,-0.004178641866094291,0.007177366703774765,4.9999999999999964,-0.07940250062718407,-0.004178641866094291,0.007177366703774765,0.0,0.0,5.0,-0.07947749652140385,0.008936676327113147,0.010389790659603234,0.0,0.0,4.9999999999999964,-0.07940250062718407,-0.004178641866094291,0.007177366703774765,0.0,0.0,-3.552713678800501e-15,7.499589421977593e-05,-0.013115318193207437,-0.003212423955828469,1.418362318675284,0.38918273872601883,1.3502422641148444,-0.36680440033943806,0.7570724999679028,-0.3702770484859934,-0.3939424692115304,0.4105312424811101,1.1297937059803416,-2.034344700640851,1.6602332440649885,-2.591746764941163,-0.13362059929331493
843,2.528999999999985,5.0,-0.07935013530840693,0.009954714002100719,0.010566125387527589,4.9999999999999964,-0.07945292133397827,-0.0031598912830470604,0.007450376982393415,4.9999999999999964,-0.07945292133397827,-0.0031598912830470604,0.007450376982393415,0.0,0.0,5.0,-0.07935013530840693,0.009954714002100719,0.010566125387527589,0.0,0.0,4.9999999999999964,-0.07945292133397827,-0.0031598912830470604,0.007450376982393415,0.0,0.0,-3.552713678800501e-15,-0.0001027860255713442,-0.013114605285147778,-0.0031157484051341743,1.419582270509153,0.39260297421190093,1.3441240115677362,-0.37005555562209885,0.7547600418351796,-0.3696052375596891,-0.39596481329863725,0.40665061128960983,1.140078495294027,-2.039417515702727,1.5307369671880884,-2.594867479114282,-0.127548991608326
844,2.531999999999985,5.0,-0.07920895945143511,0.010968472100092367,0.010732850078613899,4.9999999999999964,-0.07948950950202846,-0.002139782248311282,0.007716611040341572,4.9999999999999964,-0.07948950950202846,-0.002139782248311282,0.007716611040341572,0.0,0.0,5.0,-0.07920895945143511,0.010968472100092367,0.010732850078613899,0.0,0.0,4.9999999999999964,-0.07948950950202846,-0.002139782248311282,0.007716611040341572,0.0,0.0,-3.552713678800501e-15,-0.00028055005059335336,-0.01310825434840365,-0.0030162390382723267,1.420790604643182,0.3960542141304325,1.337990834045144,-0.3731499313772152,0.7524999102291866,-0.3688555383058627,-0.39805603334121104,0.4027780446763479,1.1504133061772,-2.0443925075307203,1.4014079328971882,-2.5962950067603963,-0.12125565274499288
845,2.534999999999985,5.0,-0.07905399352882327,0.011977514801853446,0.010889813094455093,4.9999999999999964,-0.07951225876143352,-0.0011187533114181485,0.007975826734069871,4.9999999999999964,-0.07951225876143352,-0.0011187533114181485,0.007975826734069871,0.0,0.0,5.0,-0.07905399352882327,0.011977514801853446,0.010889813094455093,0.0,0.0,4.9999999999999964,-0.07951225876143352,-0.0011187533114181485,0.007975826734069871,0.0,0.0,-3.552713678800501e-15,-0.0004582652326102499,-0.013096268113271595,-0.002913986360385222,1.4219873339623361,0.39953659978160894,1.331843022509794,-0.37608733778244235,0.7502941462968558,-0.3680291348104656,-0.4002143979457124,0.3989097730513915,1.1607952170588112,-2.049270511783368,1.2722700478213167,-2.596033376780289,-0.11474639446796422
846,2.537999999999985,5.0,-0.07888526451971946,0.012981408315319682,0.011036871675022345,4.9999999999999964,-0.07952116515160888,-9.724341736894702e-05,0.00822778830332804,4.9999999999999964,-0.07952116515160888,-9.724341736894702e-05,0.00822778830332804,0.0,0.0,5.0,-0.07888526451971946,0.012981408315319682,0.011036871675022345,0.0,0.0,4.9999999999999964,-0.07952116515160888,-9.724341736894702e-05,0.00822778830332804,0.0,0.0,-3.552713678800501e-15,-0.0006359006318894245,-0.013078651732688629,-0.002809083371694306,1.4231724600914946,0.40305026380287773,1.3256808651598577,-0.37886759489658556,0.7481447108715,-0.36712719772411073,-0.4024381416112536,0.39504204305280805,1.1712213404229315,-2.054052449978729,1.1433470637247578,-2.594087560963257,-0.10802722488920696
847,2.5409999999999853,5.0,-0.07870280179938795,0.013979721062086867,0.01117389206850746,4.9999999999999964,-0.07951622712197613,0.0009243082820693364,0.008472266585592116,4.9999999999999964,-0.07951622712197613,0.0009243082820693364,0.008472266585592116,0.0,0.0,5.0,-0.07870280179938795,0.013979721062086867,0.01117389206850746,0.0,0.0,4.9999999999999964,-0.07951622712197613,0.0009243082820693364,0.008472266585592116,0.0,0.0,-3.552713678800501e-15,-0.0008134253225881849,-0.01305541278001753,-0.002701625482915344,1.4243459734503463,0.406595330265201,1.3195046471801948,-0.3814905323072058,0.7460534849605039,-0.36615088292236947,-0.4047254653137388,0.3911711196172148,1.1816888207744252,-2.0587393265543152,1.0146625665375595,-2.5904634631437315,-0.1011043430031022
848,2.5439999999999854,5.0,-0.07850663713409488,0.014972023862947366,0.011300749652971837,4.9999999999999964,-0.07949744553223287,0.0019454626171573682,0.008709039224490915,4.9999999999999964,-0.07949744553223287,0.0019454626171573682,0.008709039224490915,0.0,0.0,5.0,-0.07850663713409488,0.014972023862947366,0.011300749652971837,0.0,0.0,4.9999999999999964,-0.07949744553223287,0.0019454626171573682,0.008709039224490915,0.0,0.0,-3.552713678800501e-15,-0.0009908083981379906,-0.013026561245789997,-0.0025917104284809214,1.4255078533142749,0.41017191476281883,1.3133146505022573,-0.383955988833462,0.744022270232506,-0.36510133021105257,-0.4070745370507808,0.3872932879761894,1.1921948325392742,-2.063332225979187,0.8862399658337021,-2.5851679076208414,-0.09398413304790056
849,2.5469999999999855,5.0,-0.078296804675578,0.015957890122396894,0.011417329049691973,4.9999999999999964,-0.07946482365220307,0.0029657805889846045,0.008937890872042218,4.9999999999999964,-0.07946482365220307,0.0029657805889846045,0.008937890872042218,0.0,0.0,5.0,-0.078296804675578,0.015957890122396894,0.011417329049691973,0.0,0.0,4.9999999999999964,-0.07946482365220307,0.0029657805889846045,0.008937890872042218,0.0,0.0,-3.552713678800501e-15,-0.0011680189766250793,-0.012992109533412288,-0.0024794381776497548,1.4266580678810286,0.41378012449653223,1.3071111535725009,-0.3862638122840071,0.7420527895016744,-0.3639796620774225,-0.4094834923493448,0.38340485558455745,1.2027365779044725,-2.0678323099188343,0.7581024847763504,-2.5782086268653903,-0.08667315869865741
850,2.5499999999999856,5.0,-0.0780733409551009,0.016936896012029534,0.01152352422809789,4.9999999999999964,-0.07941836716126785,0.003984823558196864,0.009158613384514742,4.9999999999999964,-0.07941836716126785,0.003984823558196864,0.009158613384514742,0.0,0.0,5.0,-0.0780733409551009,0.016936896012029534,0.01152352422809789,0.0,0.0,4.9999999999999964,-0.07941836716126785,0.003984823558196864,0.009158613384514742,0.0,0.0,-3.552713678800501e-15,-0.0013450262061669438,-0.01295207245383267,-0.0023649108435831474,1.4277965743429883,0.4174200583503392,1.300894431129141,-0.3884138592697625,0.7401466872068385,-0.3627869824882751,-0.4119504347381673,0.37950215398659104,1.2133112846023137,-2.0722408144532443,0.6302731505481456,-2.569594248539526,-0.07917815709694168
851,2.5529999999999857,5.0,-0.07783628487709303,0.01790862065274419,0.011619238602209501,4.9999999999999964,-0.07935808414737663,0.00500215343356939,0.009371006011737721,4.9999999999999964,-0.07935808414737663,0.00500215343356939,0.009371006011737721,0.0,0.0,5.0,-0.07783628487709303,0.01790862065274419,0.011619238602209501,0.0,0.0,4.9999999999999964,-0.07935808414737663,0.00500215343356939,0.009371006011737721,0.0,0.0,-3.552713678800501e-15,-0.0015217992702836053,-0.012906467219174798,-0.00224823259047178,1.428923318964867,0.42109180696127063,1.2946647539870961,-0.39040599507140405,0.7383055298834001,-0.36152437573581503,-0.4144734361870847,0.3755815406261561,1.223916203643809,-2.076559047348319,0.5027747852829076,-2.559334281855155,-0.07150603272273928
852,2.555999999999986,5.0,-0.07758567771237651,0.01887264629568139,0.011704385118482806,4.9999999999999964,-0.07928398510563912,0.006017332860344331,0.00957487557968597,4.9999999999999964,-0.07928398510563912,0.006017332860344331,0.00957487557968597,0.0,0.0,5.0,-0.07758567771237651,0.01887264629568139,0.011704385118482806,0.0,0.0,4.9999999999999964,-0.07928398510563912,0.006017332860344331,0.00957487557968597,0.0,0.0,-3.552713678800501e-15,-0.001698307393262613,-0.012855313435337058,-0.002129509538796837,1.4300382371666873,0.42479545278228836,1.2884223888309543,-0.39224009356139483,0.7365308066261134,-0.3601929053322349,-0.4170505375154915,0.37163940060683975,1.2345486070059033,-2.0807883853806075,0.3756299975135494,-2.547439103297904,-0.0636638511141342
853,2.558999999999986,5.0,-0.07732156309098097,0.01982855850181598,0.011778886334986359,4.9999999999999964,-0.0791960829364981,0.0070299254082514815,0.009770036666174316,4.9999999999999964,-0.0791960829364981,0.0070299254082514815,0.009770036666174316,0.0,0.0,5.0,-0.07732156309098097,0.01982855850181598,0.011778886334986359,0.0,0.0,4.9999999999999964,-0.0791960829364981,0.0070299254082514815,0.009770036666174316,0.0,0.0,-3.552713678800501e-15,-0.0018745198455171336,-0.0127986330935645,-0.0020088496688120423,1.4311412536119115,0.42853107013811964,1.282167598015809,-0.3939160371804073,0.7348239295409834,-0.35879361295389783,-0.41967974877222997,0.3676721484080732,1.2452057852770952,-2.0849302717151112,0.24886117414938086,-2.5339199417440468,-0.05565883244047714
854,2.561999999999986,5.0,-0.07704398699454781,0.02077594632012681,0.011842674491835741,4.9999999999999964,-0.0790943929434835,0.008039495759131673,0.009956311769501645,4.9999999999999964,-0.0790943929434835,0.008039495759131673,0.009956311769501645,0.0,0.0,5.0,-0.07704398699454781,0.02077594632012681,0.011842674491835741,0.0,0.0,4.9999999999999964,-0.0790943929434835,0.008039495759131673,0.009956311769501645,0.0,0.0,-3.552713678800501e-15,-0.002050405948935685,-0.012736450560995137,-0.0018863627223340961,1.4322322823006013,0.43229872527391766,1.2759006393758017,-0.39543371696797824,0.7331862341847011,-0.35732751743600555,-0.4223590495892902,0.3636762295632379,1.255885045266014,-2.0889862133357355,0.1224904729943267,-2.5187888629984276,-0.04749834493488891
855,2.564999999999986,5.0,-0.0767529977483248,0.021714402464265484,0.011895691572822095,4.9999999999999964,-0.07897893283054812,0.009045609894082016,0.01013353146989114,4.9999999999999964,-0.07897893283054812,0.009045609894082016,0.01013353146989114,0.0,0.0,5.0,-0.0767529977483248,0.021714402464265484,0.011895691572822095,0.0,0.0,4.9999999999999964,-0.07897893283054812,0.009045609894082016,0.01013353146989114,0.0,0.0,-3.552713678800501e-15,-0.0022259350822233237,-0.012668792570183468,-0.0017621601029309559,1.4333112266675183,0.4360984763966501,1.2696217660402183,-0.396793032647241,0.7316189799901883,-0.3557956138186219,-0.425086389511772,0.35964812230570464,1.2665837075774775,-2.092957778527777,-0.0034601841840739833,-2.5020587537819,-0.03918989819207534
856,2.5679999999999863,5.0,-0.07644864601275277,0.022643523487651113,0.011937889358178713,4.9999999999999964,-0.07884972269898538,0.01004783528004267,0.010301534583579904,4.9999999999999964,-0.07884972269898538,0.01004783528004267,0.010301534583579904,0.0,0.0,5.0,-0.07644864601275277,0.022643523487651113,0.011937889358178713,0.0,0.0,4.9999999999999964,-0.07884972269898538,0.01004783528004267,0.010301534583579904,0.0,0.0,-3.552713678800501e-15,-0.0024010766862326144,-0.012595688207608443,-0.0016363547745988083,1.4343779796850844,0.4399303737091317,1.2633312262569834,-0.3979938927635765,0.7301233506769992,-0.3541988724449047,-0.42785968830662974,0.35558433918870846,1.2772991041605275,-2.0968465944116708,-0.12896911802672276,-2.4837433051972537,-0.03074113633754942
857,2.5709999999999864,5.0,-0.07613098477464585,0.023562909956914308,0.01196922946843753,4.9999999999999964,-0.07870678504392978,0.011045741055744714,0.010460168309417827,4.9999999999999964,-0.07870678504392978,0.011045741055744714,0.010460168309417827,0.0,0.0,5.0,-0.07613098477464585,0.023562909956914308,0.01196922946843753,0.0,0.0,4.9999999999999964,-0.07870678504392978,0.011045741055744714,0.010460168309417827,0.0,0.0,-3.552713678800501e-15,-0.0025758002692839316,-0.012517168901169594,-0.0015090611590197027,1.4354324239711391,0.44379445943663043,1.2570292632234021,-0.3990362148770212,0.7287004546454798,-0.35253823811238166,-0.4306768362527872,0.3514814286849026,1.288028575832924,-2.1006543445270593,-0.25401489738957445,-2.463856995703004,-0.02215983107447526
858,2.5739999999999865,5.0,-0.07580006933796656,0.024472166623614473,0.011989683399335824,4.9999999999999964,-0.07855014475044052,0.012038898216939382,0.01060928836784233,4.9999999999999964,-0.07855014475044052,0.012038898216939382,0.01060928836784233,0.0,0.0,5.0,-0.07580006933796656,0.024472166623614473,0.011989683399335824,0.0,0.0,4.9999999999999964,-0.07855014475044052,0.012038898216939382,0.01060928836784233,0.0,0.0,-3.552713678800501e-15,-0.0027500754124739624,-0.01243326840667509,-0.0013803950314934949,1.4364744319014533,0.4476907678459902,1.2507161149240038,-0.39991992580826036,0.7273513253537551,-0.3508146292780881,-0.4335356944152703,0.34733597677136624,1.2987694697865884,-2.104382766466099,-0.37857634458001993,-2.442415073624687,-0.013453874614462182
859,2.5769999999999866,5.0,-0.07545595731419753,0.02537090259415938,0.011999232547741202,4.9999999999999964,-0.0783798290891691,0.013026879800829004,0.010748759132102622,4.9999999999999964,-0.0783798290891691,0.013026879800829004,0.010748759132102622,0.0,0.0,5.0,-0.07545595731419753,0.02537090259415938,0.011999232547741202,0.0,0.0,4.9999999999999964,-0.0783798290891691,0.013026879800829004,0.010748759132102622,0.0,0.0,-3.552713678800501e-15,-0.0029238717749715676,-0.012344022793330375,-0.0012504734156385793,1.4375038657269705,0.4516193252572257,1.2443920139753395,-0.4006449619380237,0.726076921676774,-0.3490289373183645,-0.43643409490606255,0.3431446085057612,1.309519137078492,-2.1080336495547645,-0.5026325400199614,-2.4194335392335913,-0.004631272498736289
860,2.5799999999999867,5.0,-0.07509870861231152,0.02625873149785256,0.011997868228571424,4.9999999999999964,-0.07819586771161159,0.014009261069620197,0.010878453751614106,4.9999999999999964,-0.07819586771161159,0.014009261069620197,0.010878453751614106,0.0,0.0,5.0,-0.07509870861231152,0.02625873149785256,0.011997868228571424,0.0,0.0,4.9999999999999964,-0.07819586771161159,0.014009261069620197,0.010878453751614106,0.0,0.0,-3.552713678800501e-15,-0.0030971590993000703,-0.012249470428232365,-0.0011194144769573183,1.4385205776957684,0.45558015004756025,1.2380571874775972,-0.40121126955968595,0.7248781282468078,-0.34718202584408947,-0.4393698411344422,0.33890398959924184,1.3202749301115124,-2.1116088325808002,-0.6261628263341626,-2.3949291264230195,0.004299863683776894
861,2.582999999999987,5.0,-0.07472838542834152,0.027135271652994942,0.011985591682693602,4.9999999999999964,-0.07799829264494633,0.014985619693120593,0.010998254267330724,4.9999999999999964,-0.07799829264494633,0.014985619693120593,0.010998254267330724,0.0,0.0,5.0,-0.07472838542834152,0.027135271652994942,0.011985591682693602,0.0,0.0,4.9999999999999964,-0.07799829264494633,0.014985619693120593,0.010998254267330724,0.0,0.0,-3.552713678800501e-15,-0.003269907216604806,-0.01214965195987435,-0.0009873374153628774,1.4395244101797433,0.45957325264788973,1.2317118568728966,-0.4016188052848536,0.7237557557749555,-0.34527473007210124,-0.4423407080496081,0.33461082799162184,1.3310342001098205,-2.1151102015668184,-0.7491468118641477,-2.3689192840122937,0.013331323674832671
862,2.585999999999987,5.0,-0.07434505223455236,0.028000146230971967,0.011962414075795616,4.9999999999999964,-0.07778713828645814,0.015955535930300562,0.011108051719030352,4.9999999999999964,-0.07778713828645814,0.015955535930300562,0.011108051719030352,0.0,0.0,5.0,-0.07434505223455236,0.028000146230971967,0.011962414075795616,0.0,0.0,4.9999999999999964,-0.07778713828645814,0.015955535930300562,0.011108051719030352,0.0,0.0,-3.552713678800501e-15,-0.003442086051905782,-0.012044610300671405,-0.000854362356765264,1.4405151958060458,0.4635986355316699,1.225356237810136,-0.401867536501696,0.7227105413533778,-0.3433078562535347,-0.4453444423784461,0.3302618754341862,1.341794294593403,-2.1185396875869418,-0.8715643736095899,-2.3414221567087665,0.022454806015001022
863,2.588999999999987,5.0,-0.07394877576821646,0.02885298341825443,0.011928356488230747,4.9999999999999964,-0.07756244139754981,0.016918592809741752,0.011207746244415614,4.9999999999999964,-0.07756244139754981,0.016918592809741752,0.011207746244415614,0.0,0.0,5.0,-0.07394877576821646,0.02885298341825443,0.011928356488230747,0.0,0.0,4.9999999999999964,-0.07756244139754981,0.016918592809741752,0.011207746244415614,0.0,0.0,-3.552713678800501e-15,-0.0036136656293333513,-0.011934390608512677,-0.000720610243815133,1.441492757593302,0.4676562931962391,1.2189905400162602,-0.40195744188575006,0.7217431487381339,-0.34128218115977477,-0.4483787628613285,0.3258539290854151,1.352552554856387,-2.1218992646252754,-0.9933956596007513,-2.3124565657581218,0.03166192559475664
864,2.591999999999987,5.0,-0.07353962501999499,0.029693416576241877,0.011883449895844847,4.9999999999999964,-0.07732424109734208,0.017874376308894994,0.011297247169940022,4.9999999999999964,-0.07732424109734208,0.017874376308894994,0.011297247169940022,0.0,0.0,5.0,-0.07353962501999499,0.029693416576241877,0.011883449895844847,0.0,0.0,4.9999999999999964,-0.07732424109734208,0.017874376308894994,0.011297247169940022,0.0,0.0,-3.552713678800501e-15,-0.0037846160773470916,-0.011819040267346884,-0.000586202725904825,1.4424569090926764,0.4717462121366008,1.212614967173837,-0.4018885119628942,0.7208541686126667,-0.33919845162669454,-0.45144136048887407,0.3213838331247465,1.3633063134539045,-2.125190947474387,-1.1146210907071534,-2.2820419893131363,0.04094422128165927
865,2.5949999999999873,5.0,-0.07311767122192674,0.030521084398882695,0.011827735141803327,4.9999999999999964,-0.07707257885586305,0.01882247553207055,0.011376473093276824,4.9999999999999964,-0.07707257885586305,0.01882247553207055,0.011376473093276824,0.0,0.0,5.0,-0.07311767122192674,0.030521084398882695,0.011827735141803327,0.0,0.0,4.9999999999999964,-0.07707257885586305,0.01882247553207055,0.011376473093276824,0.0,0.0,-3.552713678800501e-15,-0.003954907633936314,-0.011698608866812146,-0.00045126204852650315,1.4434074545338444,0.4758683708117077,1.2062297168048215,-0.401660749724148,0.7200441188321323,-0.3370573841578187,-0.45452989874262745,0.3168484803893573,1.374052891702308,-2.128416789671884,-1.2352213618892267,-2.250198542551016,0.050293163616680736
866,2.5979999999999874,5.0,-0.07268298783502691,0.03133563106800163,0.01176126289944379,4.9999999999999964,-0.07680749848682841,0.019762482887083987,0.011445351957355535,4.9999999999999964,-0.07680749848682841,0.019762482887083987,0.011445351957355535,0.0,0.0,5.0,-0.07268298783502691,0.03133563106800163,0.01176126289944379,0.0,0.0,4.9999999999999964,-0.07680749848682841,0.019762482887083987,0.011445351957355535,0.0,0.0,-3.552713678800501e-15,-0.0041245106518014996,-0.01157314818091764,-0.00031591094208825547,1.4443441889759607,0.4800227396033006,1.1998349801604022,-0.4012741712919121,0.7193134446489333,-0.33485966458701305,-0.4576420138426422,0.31224481403877946,1.3847895971976425,-2.1315788814730885,-1.3551774429012389,-2.2169469575691787,0.05970016257267963
867,2.6009999999999875,5.0,-0.07223565053649761,0.032136706406266806,0.011684093626187874,4.9999999999999964,-0.07652904614001356,0.02069399426048192,0.01150382111589884,4.9999999999999964,-0.07652904614001356,0.02069399426048192,0.01150382111589884,0.0,0.0,5.0,-0.07223565053649761,0.032136706406266806,0.011684093626187874,0.0,0.0,4.9999999999999964,-0.07652904614001356,0.02069399426048192,0.01150382111589884,0.0,0.0,-3.552713678800501e-15,-0.004293395603515951,-0.011442712145784885,-0.00018027251028903367,1.4452668984637167,0.48420928076737274,1.193430942116829,-0.40072880663721094,0.718662518919976,-0.332605947801268,-0.4607753150049738,0.30756982925199217,1.3955137213573718,-2.134679347857728,-1.4744705784552894,-2.1823085630891663,0.0691565753679676
868,2.6039999999999877,5.0,-0.0717757372065529,0.03292396602773312,0.011596297508554449,4.9999999999999964,-0.07623727029321908,0.021616609191272285,0.011551827390400251,4.9999999999999964,-0.07623727029321908,0.021616609191272285,0.011551827390400251,0.0,0.0,5.0,-0.0717757372065529,0.03292396602773312,0.011596297508554449,0.0,0.0,4.9999999999999964,-0.07623727029321908,0.021616609191272285,0.011551827390400251,0.0,0.0,-3.552713678800501e-15,-0.004461533086666178,-0.011307356836460836,-4.447011815419781e-05,1.446175360188601,0.48842794837834413,1.1870177810771234,-0.4000247003474484,0.7180916422963198,-0.3302968575241017,-0.4639273847121037,0.30282057496144366,1.406222536990466,-2.137720346568496,-1.5930822878576263,-2.1463052639980726,0.07865371432785458
869,2.6069999999999878,5.0,-0.0713033279148598,0.03369707148589509,0.011497954398323951,4.9999999999999964,-0.07593222174383088,0.022529931043084282,0.011589327118490688,4.9999999999999964,-0.07593222174383088,0.022529931043084282,0.011589327118490688,0.0,0.0,5.0,-0.0713033279148598,0.03369707148589509,0.011497954398323951,0.0,0.0,4.9999999999999964,-0.07593222174383088,0.022529931043084282,0.011589327118490688,0.0,0.0,-3.552713678800501e-15,-0.004628893828971081,-0.011167140442810808,9.13727201667363e-05,1.4470693426554857,0.4926786882660473,1.1805956688785857,-0.3991619124441264,0.7176010433960522,-0.3279329861600658,-0.46709577899932625,0.2979941556282507,1.4169132959010649,-2.1407040661792576,-1.7109943641299123,-2.108959520756553,0.088182854787023
870,2.609999999999988,5.0,-0.07081850490659841,0.034455690419187016,0.011389153739912158,4.9999999999999964,-0.07561395359997647,0.02343356717468419,0.011616286193650007,4.9999999999999964,-0.07561395359997647,0.02343356717468419,0.011616286193650007,0.0,0.0,5.0,-0.07081850490659841,0.034455690419187016,0.011389153739912158,0.0,0.0,4.9999999999999964,-0.07561395359997647,0.02343356717468419,0.011616286193650007,0.0,0.0,-3.552713678800501e-15,-0.004795448693378057,-0.011022123244502826,0.00022713245373784906,1.4479486058546736,0.4969614379456405,1.1741647707060139,-0.39814051924990873,0.7171908789613708,-0.325514894700791,-0.4702780277601357,0.2930877330626087,1.427583226531054,-2.143632724190638,-1.8281888726294706,-2.0702943287020776,0.09773524302554562
871,2.612999999999988,5.0,-0.07032135258814344,0.035199496693865996,0.011269994489019169,4.9999999999999964,-0.075282521271279,0.024327129108773642,0.011632680096227354,4.9999999999999964,-0.075282521271279,0.024327129108773642,0.011632680096227354,0.0,0.0,5.0,-0.07032135258814344,0.035199496693865996,0.011269994489019169,0.0,0.0,4.9999999999999964,-0.075282521271279,0.024327129108773642,0.011632680096227354,0.0,0.0,-3.552713678800501e-15,-0.004961168683135564,-0.010872367585092354,0.0003626856072081845,1.4488129014395532,0.5012761265405815,1.167725245010562,-0.39696061430434354,0.7168612340010069,-0.32304311269296154,-0.47347163507364926,0.28809852829321075,1.438229531647011,-2.14650856515066,-1.9446481491837833,-2.0303331972757186,0.10730210423131852
872,2.615999999999988,5.0,-0.0698119575123691,0.0359281705442187,0.011140585022627936,4.9999999999999964,-0.07493798245921066,0.025210232698997772,0.011638493915742119,4.9999999999999964,-0.07493798245921066,0.025210232698997772,0.011638493915742119,0.0,0.0,5.0,-0.0698119575123691,0.0359281705442187,0.011140585022627936,0.0,0.0,4.9999999999999964,-0.07493798245921066,0.025210232698997772,0.011638493915742119,0.0,0.0,-3.552713678800501e-15,-0.005126024946841556,-0.010717937845220928,0.0004979088931141833,1.4496619729100209,0.5056226746988128,1.1612772434341678,-0.39562230932747927,0.7166121219192776,-0.3205181382685543,-0.47667407955709445,0.28302382348922833,1.44884938607711,-2.149333858798073,-2.0603547977557892,-1.9891001292002215,0.11687465048167821
873,2.6189999999999882,5.0,-0.06929040836358054,0.036641398710030464,0.011001043040433797,4.9999999999999964,-0.07458039714704688,0.02608249829509147,0.011633722364445232,4.9999999999999964,-0.07458039714704688,0.02608249829509147,0.011633722364445232,0.0,0.0,5.0,-0.06929040836358054,0.036641398710030464,0.011001043040433797,0.0,0.0,4.9999999999999964,-0.07458039714704688,0.02608249829509147,0.011633722364445232,0.0,0.0,-3.552713678800501e-15,-0.005289988783466343,-0.010558900414938992,0.0006326793240114346,1.4504955558018353,0.510000994502324,1.15482091073949,-0.39412573523052696,0.7164434846331974,-0.31794043823762325,-0.47988281474637806,0.2778609639381407,1.4594399345036997,-2.1521108982259687,-2.1752916876576713,-1.946619599636704,0.12644408873692906
874,2.6219999999999883,5.0,-0.06875679594207411,0.03733887457125657,0.010851495457795034,4.9999999999999964,-0.07420982758942353,0.026943550906092784,0.011618369782128438,4.9999999999999964,-0.07420982758942353,0.026943550906092784,0.011618369782128438,0.0,0.0,5.0,-0.06875679594207411,0.03733887457125657,0.010851495457795034,0.0,0.0,4.9999999999999964,-0.07420982758942353,0.026943550906092784,0.011618369782128438,0.0,0.0,-3.552713678800501e-15,-0.005453031647349421,-0.010395323665163787,0.0007668743243334046,1.4513133778820826,0.5144109893702762,1.1483563847453002,-0.39247104317263376,0.7163551926792303,-0.3153104482438526,-0.4830952695077327,0.2726073600824224,1.4699982893174108,-2.15484199806326,-2.289441950331957,-1.902916535346688,0.13600162883852057
875,2.6249999999999885,5.0,-0.0682112131483295,0.03802029827983994,0.010692078290301641,4.9999999999999964,-0.07382633830149847,0.027793020361553265,0.0115924501321772,4.9999999999999964,-0.07382633830149847,0.027793020361553265,0.0115924501321772,0.0,0.0,5.0,-0.0682112131483295,0.03802029827983994,0.010692078290301641,0.0,0.0,4.9999999999999964,-0.07382633830149847,0.027793020361553265,0.0115924501321772,0.0,0.0,-3.552713678800501e-15,-0.005615125153168976,-0.010227277918286672,0.0009003718418755594,1.452115159350936,0.5188525539558925,1.1418837962672854,-0.3906584056627386,0.7163470453114018,-0.31262857298303837,-0.4863088484834112,0.26726048961780147,1.4805215285387725,-2.1575294926715785,-2.402788975719784,-1.85801629388567,0.14553849150459247
876,2.6279999999999886,5.0,-0.06765375496683565,0.03868537688861756,0.010522936530067155,4.9999999999999964,-0.07342999604771969,0.028630541470675896,0.011555986988870802,4.9999999999999964,-0.07342999604771969,0.028630541470675896,0.011555986988870802,0.0,0.0,5.0,-0.06765375496683565,0.03868537688861756,0.010522936530067155,0.0,0.0,4.9999999999999964,-0.07342999604771969,0.028630541470675896,0.011555986988870802,0.0,0.0,-3.552713678800501e-15,-0.005776241080884037,-0.010054835417941665,0.0010330504588036468,1.4529006130499025,0.5233255740373328,1.13540326906422,-0.38868801770538275,0.7164187705926339,-0.3098951864845927,-0.48952093257436835,0.2618178996554887,1.4910066938134612,-2.1601757343551338,-2.5153164082371355,-1.8119446428537958,0.15504591631561376
877,2.6309999999999887,5.0,-0.06708451844955446,0.039333824477259104,0.010344224013856472,4.9999999999999964,-0.07302086983020174,0.02945575417931229,0.011509013515941224,4.9999999999999964,-0.07302086983020174,0.02945575417931229,0.011509013515941224,0.0,0.0,5.0,-0.06708451844955446,0.039333824477259104,0.010344224013856472,0.0,0.0,4.9999999999999964,-0.07302086983020174,0.02945575417931229,0.011509013515941224,0.0,0.0,-3.552713678800501e-15,-0.005936351380647284,-0.009878070297946812,0.0011647895020847517,1.4536694446767537,0.5278299264027951,1.1289149197894768,-0.3865600979892434,0.7165700254812993,-0.30711063245609826,-0.49272887946282656,0.2562772089504498,1.5014507884874329,-2.1627830915810784,-2.6270081423807836,-1.764727739228559,0.16451516968285684
878,2.633999999999989,5.0,-0.06650360269902424,0.03996536227518571,0.010156103283169035,4.9999999999999964,-0.07259903087671274,0.030268303724751647,0.011451572436410266,4.9999999999999964,-0.07259903087671274,0.030268303724751647,0.011451572436410266,0.0,0.0,5.0,-0.06650360269902424,0.03996536227518571,0.010156103283169035,0.0,0.0,4.9999999999999964,-0.07259903087671274,0.030268303724751647,0.011451572436410266,0.0,0.0,-3.552713678800501e-15,-0.006095428177688503,-0.009697058550434064,0.001295469153241231,1.454421353007346,0.5323654787301001,1.122418857947853,-0.3842748901170491,0.7168003959151255,-0.30427522469086576,-0.49593002417757803,0.25063611019744575,1.5118507757683162,-2.165353947207931,-2.7378483179864737,-1.7163921088037999,0.1739375527924535
879,2.636999999999989,5.0,-0.06591110885110618,0.0405797187814151,0.009958745436405254,4.9999999999999964,-0.07216455262827372,0.031067840788234824,0.011383715993732368,4.9999999999999964,-0.07216455262827372,0.031067840788234824,0.011383715993732368,0.0,0.0,5.0,-0.06591110885110618,0.0405797187814151,0.009958745436405254,0.0,0.0,4.9999999999999964,-0.07216455262827372,0.031067840788234824,0.011383715993732368,0.0,0.0,-3.552713678800501e-15,-0.006253443777167536,-0.009511877993180276,0.0014249705573271144,1.4551560301245345,0.5369320894610389,1.1159151858576941,-0.38183266387542386,0.7171093968947073,-0.301389247538372,-0.4991216797048205,0.24489237239620262,1.5222035769795765,-2.1678906967196196,-2.84782131516264,-1.666964625758581,0.18330440951780724
880,2.639999999999989,5.0,-0.065307140057377,0.04117662988128038,0.009752329973249983,4.9999999999999964,-0.07171751072637281,0.03185402164512806,0.011305505904278474,4.9999999999999964,-0.07171751072637281,0.03185402164512806,0.011305505904278474,0.0,0.0,5.0,-0.065307140057377,0.04117662988128038,0.009752329973249983,0.0,0.0,4.9999999999999964,-0.07171751072637281,0.03185402164512806,0.011305505904278474,0.0,0.0,-3.552713678800501e-15,-0.006410370668995802,-0.009322608236152323,0.0015531759310284908,1.4558731616543945,0.5415296076707811,1.109403998618306,-0.3792337165430864,0.7174964725690117,-0.29845295643737746,-0.5023011376472615,0.23904384328669398,1.53250606991407,-2.1703957464627406,-2.9569117489236234,-1.616472492378805,0.19260713429316695
881,2.642999999999989,5.0,-0.06469180146717031,0.04175583895997454,0.009537044631415262,4.9999999999999964,-0.07125798299979622,0.03262650831269181,0.01121701330120413,4.9999999999999964,-0.07125798299979622,0.03262650831269181,0.01121701330120413,0.0,0.0,5.0,-0.06469180146717031,0.04175583895997454,0.009537044631415262,0.0,0.0,4.9999999999999964,-0.07125798299979622,0.03262650831269181,0.01121701330120413,0.0,0.0,-3.552713678800501e-15,-0.006566181532625906,-0.009129330647282732,0.001679968669788869,1.4565724270099598,0.5461578729326623,1.102885384082652,-0.37647837423570857,0.7179609963253766,-0.29546657851143926,-0.5054656689341569,0.23308845185511962,1.5427550872937248,-2.172871511884652,-3.0651044635469495,-1.5649432189536947,0.20183717994119843
882,2.6459999999999892,5.0,-0.06406520020927077,0.04231709701287055,0.009313085215890108,4.9999999999999964,-0.07078604945107846,0.03338496869538103,0.011118318669752915,4.9999999999999964,-0.07078604945107846,0.03338496869538103,0.011118318669752915,0.0,0.0,5.0,-0.06406520020927077,0.04231709701287055,0.009313085215890108,0.0,0.0,4.9999999999999964,-0.07078604945107846,0.03338496869538103,0.011118318669752915,0.0,0.0,-3.552713678800501e-15,-0.006720849241807686,-0.008932128317489518,0.0018052334538628066,1.457253499642692,0.5508167151786888,1.0963594228353417,-0.37356699328561227,0.7185022708866213,-0.2924303132264468,-0.5086125245848735,0.22702421091075178,1.5529474153421852,-2.1753204157700785,-3.172384526679752,-1.5124046038685288,0.21098606544743223
883,2.6489999999999894,5.0,-0.06342744537326288,0.04286016275256904,0.009080655420853248,4.9999999999999964,-0.07030179224257414,0.03412907672761457,0.011009511774053979,4.9999999999999964,-0.07030179224257414,0.03412907672761457,0.011009511774053979,0.0,0.0,5.0,-0.06342744537326288,0.04286016275256904,0.009080655420853248,0.0,0.0,4.9999999999999964,-0.07030179224257414,0.03412907672761457,0.011009511774053979,0.0,0.0,-3.552713678800501e-15,-0.006874346869311265,-0.008731086024954475,0.0019288563532007304,1.4579160473018922,0.5555059545561208,1.08982618817592,-0.37049996165435184,0.7191195284179945,-0.2893443331097219,-0.5117389365284766,0.2208492197333885,1.5630797924773463,-2.1777448864739424,-3.278737223219845,-1.4588847139142225,0.22004538367451898
884,2.6519999999999895,5.0,-0.06277864799053888,0.043384802712629164,0.008839966644410535,4.9999999999999964,-0.06980529568215371,0.03485851251395227,0.010890691575480348,4.9999999999999964,-0.06980529568215371,0.03485851251395227,0.010890691575480348,0.0,0.0,5.0,-0.06277864799053888,0.043384802712629164,0.008839966644410535,0.0,0.0,4.9999999999999964,-0.06980529568215371,0.03485851251395227,0.010890691575480348,0.0,0.0,-3.552713678800501e-15,-0.007026647691614832,-0.008526290198676893,0.0020507249310698136,1.4585597323022643,0.5602254012805132,1.0832857461074752,-0.3672777003760962,0.7198119306467871,-0.28620878453012716,-0.5148421184817533,0.21456166679070698,1.5731489081307848,-2.180147356148214,-3.384148048997359,-1.4044118648335886,0.22900680900927314
885,2.6549999999999896,5.0,-0.06211892101496863,0.043890791347937094,0.008591237796325264,4.9999999999999964,-0.0692966462085257,0.03557296246661948,0.010761966142642182,4.9999999999999964,-0.0692966462085257,0.03557296246661948,0.010761966142642182,0.0,0.0,5.0,-0.06211892101496863,0.043890791347937094,0.008591237796325264,0.0,0.0,4.9999999999999964,-0.0692966462085257,0.03557296246661948,0.010761966142642182,0.0,0.0,-3.552713678800501e-15,-0.007177725193557069,-0.008317828881317615,0.002170728346316918,1.4591842117998373,0.5649748554856167,1.0767381553305932,-0.36390066502958884,0.7205785689975365,-0.2830237885385335,-0.5179192668879794,0.20815983252434717,1.5831514017011543,-2.1825302589606355,-3.488602704283074,-1.349014602123293,0.23786210493555182
886,2.6579999999999897,5.0,-0.061448379303234504,0.044377911131668425,0.008334695098916942,4.9999999999999964,-0.06877593237618794,0.03627211944031982,0.010623452553096883,4.9999999999999964,-0.06877593237618794,0.03627211944031982,0.010623452553096883,0.0,0.0,5.0,-0.061448379303234504,0.044377911131668425,0.008334695098916942,0.0,0.0,4.9999999999999964,-0.06877593237618794,0.03627211944031982,0.010623452553096883,0.0,0.0,-3.552713678800501e-15,-0.0073275530729534355,-0.008105791691348604,0.002288757454179941,1.4597891380764465,0.5697541070705626,1.0701834672426835,-0.3603693472363249,0.721418464745836,-0.27978944176789555,-0.5209675619186248,0.20164209220307758,1.5930838616486651,-2.184896029303269,-3.592087087149854,-1.2927216821097247,0.2466031315260793
887,2.66099999999999,5.0,-0.0607671395948352,0.04484595264880426,0.00807057188130874,4.9999999999999964,-0.06824324484001051,0.03695568286427844,0.01047527678686544,4.9999999999999964,-0.06824324484001051,0.03695568286427844,0.01047527678686544,0.0,0.0,5.0,-0.0607671395948352,0.04484595264880426,0.00807057188130874,0.0,0.0,4.9999999999999964,-0.06824324484001051,0.03695568286427844,0.01047527678686544,0.0,0.0,-3.552713678800501e-15,-0.007476105245175314,-0.007890269784525825,0.0024047049055566996,1.4603741588329693,0.574562935544776,1.0636217259427168,-0.35668427618244236,0.7223305691938469,-0.2765058173920823,-0.5239841685400789,0.19500691884090254,1.6029428247377948,-2.187247099988904,-3.694587286713669,-1.2355620533161837,0.2552218528464003
888,2.66399999999999,5.0,-0.060075320491761626,0.04529471468615955,0.007799108367211675,4.9999999999999964,-0.06769867633945295,0.037623358871458665,0.010317573611851859,4.9999999999999964,-0.06769867633945295,0.037623358871458665,0.010317573611851859,0.0,0.0,5.0,-0.060075320491761626,0.04529471468615955,0.007799108367211675,0.0,0.0,4.9999999999999964,-0.06769867633945295,0.037623358871458665,0.010317573611851859,0.0,0.0,-3.552713678800501e-15,-0.007623355847691325,-0.007671355814700888,0.002518465244640184,1.4609389174915017,0.5794011098710822,1.0570529682414163,-0.35284602016168376,0.7233137638706819,-0.27317296614250286,-0.526966237647343,0.18825288617746383,1.6127247754353886,-2.1895859004334746,-3.7960895762807776,-1.1775648381379282,0.2637103442642342
889,2.66699999999999,5.0,-0.05937304243784896,0.04572400431888583,0.00752055145643758,4.9999999999999964,-0.06714232168241854,0.03827486042489685,0.01015048646126991,4.9999999999999964,-0.06714232168241854,0.03827486042489685,0.01015048646126991,0.0,0.0,5.0,-0.05937304243784896,0.04572400431888583,0.00752055145643758,0.0,0.0,4.9999999999999964,-0.06714232168241854,0.03827486042489685,0.01015048646126991,0.0,0.0,-3.552713678800501e-15,-0.007769279244569584,-0.007449143893988985,0.0026299350048323298,1.4614830535066545,0.5842683883074961,1.050477223676948,-0.3488551881366402,0.7243668607609031,-0.2697909173814606,-0.529910907266509,0.18137867171757044,1.6224261454712972,-2.191914854822745,-3.896580406427605,-1.1187593148408403,0.2720607996575762
890,2.66999999999999,5.0,-0.05866042769780717,0.046133636993410075,0.007235154500340572,4.9999999999999964,-0.06657427772874856,0.03890990744110085,0.009974167303188614,4.9999999999999964,-0.06657427772874856,0.03890990744110085,0.009974167303188614,0.0,0.0,5.0,-0.05866042769780717,0.046133636993410075,0.007235154500340572,0.0,0.0,4.9999999999999964,-0.06657427772874856,0.03890990744110085,0.009974167303188614,0.0,0.0,-3.552713678800501e-15,-0.007913850030941395,-0.007223729552309224,0.0027390128028480423,1.462006202686133,0.589164518248202,1.0438945145361629,-0.3447124313153443,0.7254886025644236,-0.26635968023105455,-0.5328153038276915,0.17438305982615876,1.6320433135686658,-2.1942363802616596,-3.9960463980397605,-1.0591748998986004,0.28026553851499014
891,2.6729999999999903,5.0,-0.057937600335935396,0.04652343660677532,0.006943177071390241,4.9999999999999964,-0.06599464337335922,0.0395282269104592,0.009788776502315214,4.9999999999999964,-0.06599464337335922,0.0395282269104592,0.009788776502315214,0.0,0.0,5.0,-0.057937600335935396,0.04652343660677532,0.006943177071390241,0.0,0.0,4.9999999999999964,-0.06599464337335922,0.0395282269104592,0.009788776502315214,0.0,0.0,-3.552713678800501e-15,-0.008057043037423828,-0.006995209696316118,0.0028455994309249735,1.4625079975207562,0.5940892360642548,1.0373048558814482,-0.3404184447401379,0.7266776629911628,-0.26287924475633534,-0.5356765435099313,0.16726494487444443,1.6415726053509285,-2.196552884904881,-4.094474335336481,-0.9988411306823968,0.2883170129216415
892,2.6759999999999904,5.0,-0.05720468619452265,0.04689323558234835,0.006644884727087176,4.9999999999999964,-0.06540351952902432,0.040129553014609194,0.00959448267414124,4.9999999999999964,-0.06540351952902432,0.040129553014609194,0.00959448267414124,0.0,0.0,5.0,-0.05720468619452265,0.04689323558234835,0.006644884727087176,0.0,0.0,4.9999999999999964,-0.06540351952902432,0.040129553014609194,0.00959448267414124,0.0,0.0,-3.552713678800501e-15,-0.008198833334501665,-0.006763682567739154,0.0029495979470540645,1.4629880675240536,0.5990422669445522,1.0307082555832465,-0.3359739688855918,0.7279326470938341,-0.2593495832013058,-0.5384917336594283,0.16002333443247602,1.6510102934324764,-2.1988667660672045,-4.1918511589065295,-0.9377876485164022,0.2962078144247047
893,2.6789999999999905,5.0,-0.056461812871938966,0.047242874941861246,0.006340548768434513,4.9999999999999964,-0.0648010091088066,0.04071362724071339,0.00939146253158441,4.9999999999999964,-0.0648010091088066,0.04071362724071339,0.00939146253158441,0.0,0.0,5.0,-0.056461812871938966,0.047242874941861246,0.006340548768434513,0.0,0.0,4.9999999999999964,-0.0648010091088066,0.04071362724071339,0.00939146253158441,0.0,0.0,-3.552713678800501e-15,-0.00833919623686763,-0.006529247701147857,0.003050913763149897,1.4634460395815618,0.6040233247376517,1.0241047143583084,-0.33137979126211703,0.7292520916422816,-0.25577065127623705,-0.5412579742822855,0.15265735250274237,1.6603525976998552,-2.2011804083126854,-4.2881639587813005,-0.8760441821113383,0.3039306807719138
894,2.6819999999999906,5.0,-0.0557091097004209,0.04757220437375708,0.006030445993186029,4.9999999999999964,-0.06418721700814088,0.041280198492595496,0.009179900724265774,4.9999999999999964,-0.06418721700814088,0.041280198492595496,0.009179900724265774,0.0,0.0,5.0,-0.0557091097004209,0.04757220437375708,0.006030445993186029,0.0,0.0,4.9999999999999964,-0.06418721700814088,0.041280198492595496,0.009179900724265774,0.0,0.0,-3.552713678800501e-15,-0.00847810730771998,-0.0062920058811615845,0.003149454731079745,1.4638815383099286,0.6090321117950224,1.0174942258137438,-0.3266367480217646,0.7306344655427933,-0.2521423894946526,-0.5439723596127749,0.14516624278892112,1.669595685790201,-2.203496181521494,-4.383399967570484,-0.8136405313876496,0.3114785025171177
895,2.6849999999999907,5.0,-0.054946707723555005,0.047881082297809685,0.005714858444094879,4.9999999999999964,-0.06356225008657207,0.04182902319868774,0.008959989670568354,4.9999999999999964,-0.06356225008657207,0.04182902319868774,0.008959989670568354,0.0,0.0,5.0,-0.054946707723555005,0.047881082297809685,0.005714858444094879,0.0,0.0,4.9999999999999964,-0.06356225008657207,0.04182902319868774,0.008959989670568354,0.0,0.0,-3.552713678800501e-15,-0.008615542363017065,-0.006052059099121945,0.0032451312264734754,1.4642941864259085,0.6140683188163427,1.0108767764969426,-0.321745725562571,0.7320781703058358,-0.24846472455820867,-0.546631979757943,0.1375493719932874,1.6787356737734485,-2.205816438933701,-4.477546553685214,-0.7506065516989215,0.31884432948683794
896,2.687999999999991,5.0,-0.05417473967346395,0.04816937592598933,0.005394073152391562,4.9999999999999964,-0.06292621714915113,0.0423598654167434,0.008731929382629958,4.9999999999999964,-0.06292621714915113,0.0423598654167434,0.008731929382629958,0.0,0.0,5.0,-0.05417473967346395,0.04816937592598933,0.005394073152391562,0.0,0.0,4.9999999999999964,-0.06292621714915113,0.0423598654167434,0.008731929382629958,0.0,0.0,-3.552713678800501e-15,-0.008751477475687178,-0.005809510509245927,0.003337856230238396,1.4646836051253156,0.6191316246974766,1.0042523459514345,-0.31670766212767415,0.73358154056564,-0.2447375707875781,-0.5492339224191827,0.12980623313573042,1.6877686270446348,-2.208143515169378,-4.570591214673135,-0.6869721384653414,0.3260213771019449
897,2.690999999999991,5.0,-0.053393339947697564,0.048436961319549054,0.005068381876725359,4.9999999999999964,-0.06227922892749248,0.042872496935269476,0.00849592728442939,4.9999999999999964,-0.06227922892749248,0.042872496935269476,0.00849592728442939,0.0,0.0,5.0,-0.053393339947697564,0.048436961319549054,0.005068381876725359,0.0,0.0,4.9999999999999964,-0.06227922892749248,0.042872496935269476,0.00849592728442939,0.0,0.0,-3.552713678800501e-15,-0.008885888979794913,-0.0055644643842795785,0.003427545407704031,1.465049414471976,0.6242216963817737,0.9976209067787607,-0.3115235493952921,0.7351428446550664,-0.2409608315973205,-0.5517752746911952,0.1219364488867557,1.6966905614323806,-2.2104797242246224,-4.66252157068924,-0.6227672122261441,0.3330030325487061
898,2.693999999999991,5.0,-0.05260264458583499,0.04868372344230664,0.0047380808378055025,4.9999999999999964,-0.06162139806049589,0.043366697371635815,0.008252198023131468,4.9999999999999964,-0.06162139806049589,0.043366697371635815,0.008252198023131468,0.0,0.0,5.0,-0.05260264458583499,0.04868372344230664,0.0047380808378055025,0.0,0.0,4.9999999999999964,-0.06162139806049589,0.043366697371635815,0.008252198023131468,0.0,0.0,-3.552713678800501e-15,-0.009018753474660898,-0.005317026070670826,0.0035141171853259653,1.4653912337966948,0.6293381887153617,0.9909824247064308,-0.30619443405552854,0.7367602852391414,-0.2371344010125957,-0.5542531249385532,0.11393977490628102,1.7054974445293454,-2.212827357443304,-4.7533253581257435,-0.558021704119138,0.3397828607935901
899,2.696999999999991,5.0,-0.0518027912458005,0.048909556210098924,0.004403470448984672,4.9999999999999964,-0.06095283907473637,0.04384225426681863,0.008000963273862469,4.9999999999999964,-0.06095283907473637,0.04384225426681863,0.008000963273862469,0.0,0.0,5.0,-0.0518027912458005,0.048909556210098924,0.004403470448984672,0.0,0.0,4.9999999999999964,-0.06095283907473637,0.04384225426681863,0.008000963273862469,0.0,0.0,-3.552713678800501e-15,-0.009150047828935873,-0.005067301943280297,0.003597492824877797,1.4657086821062333,0.6344807443071122,0.984336858662037,-0.300721419369849,0.7384320000106213,-0.23325816522545365,-0.5566645647498614,0.10581610317947057,1.7141851972501407,-2.2151886814645865,-4.842990423423548,-0.4927655417945637,0.34635461043636073
900,2.6999999999999913,5.0,-0.050993919179897595,0.049114362536387984,0.004064855043028585,4.9999999999999964,-0.06027366836452539,0.0442989631767376,0.007742451538093553,4.9999999999999964,-0.06027366836452539,0.0442989631767376,0.007742451538093553,0.0,0.0,5.0,-0.050993919179897595,0.049114362536387984,0.004064855043028585,0.0,0.0,4.9999999999999964,-0.06027366836452539,0.0442989631767376,0.007742451538093553,0.0,0.0,-3.552713678800501e-15,-0.009279749184627796,-0.004815399359650384,0.003677596495064968,1.466001378502254,0.6396489933939777,0.9776841608535976,-0.2951056667089543,0.7401560624508904,-0.22933200418830962,-0.5590066909692858,0.09756546534029452,1.7227496956218247,-2.2175659361464852,-4.9315047170871775,-0.42702863576967337,0.35271221939613423
901,2.7029999999999914,5.0,-0.05017616921056556,0.04929805437399923,0.0037225425953214685,4.9999999999999964,-0.05958400417164696,0.044736627760147335,0.0074768979358155055,4.9999999999999964,-0.05958400417164696,0.044736627760147335,0.0074768979358155055,0.0,0.0,5.0,-0.05017616921056556,0.04929805437399923,0.0037225425953214685,0.0,0.0,4.9999999999999964,-0.05958400417164696,0.044736627760147335,0.0074768979358155055,0.0,0.0,-3.552713678800501e-15,-0.009407834961081406,-0.004561426613851893,0.003754355340494037,1.466268942610173,0.6448425537124128,0.9710242768561996,-0.2893483970646689,0.7419304826594331,-0.22535579324208788,-0.5612766078049903,0.08918803597295423,1.7311867728117067,-2.2199613324659837,-5.018856287924231,-0.36084086622960404,0.3588498204252305
902,2.7059999999999915,5.0,-0.04934968370586255,0.049460552752973,0.0033768444437579145,4.9999999999999964,-0.05888396656477205,0.04515505986304533,0.007204543991693879,4.9999999999999964,-0.05888396656477205,0.04515505986304533,0.007204543991693879,0.0,0.0,5.0,-0.04934968370586255,0.049460552752973,0.0033768444437579145,0.0,0.0,4.9999999999999964,-0.05888396656477205,0.04515505986304533,0.007204543991693879,0.0,0.0,-3.552713678800501e-15,-0.009534282858909504,-0.004305492889927674,0.0038276995479359643,1.4665109950178152,0.6500610303766031,0.9643571457050102,-0.2834508925313585,0.7437532082550424,-0.22132940477639476,-0.5634714290137829,0.08068413588077859,1.7394922213967583,-2.222377050396476,-5.105033277529637,-0.2942320702792572,0.36476174644580484
903,2.7089999999999916,5.0,-0.04851460655468014,0.0496017878145143,0.0030280750055768917,4.9999999999999964,-0.05817367741855493,0.04555407959956027,0.006925637415398958,4.9999999999999964,-0.05817367741855493,0.04555407959956027,0.006925637415398958,0.0,0.0,5.0,-0.04851460655468014,0.0496017878145143,0.0030280750055768917,0.0,0.0,4.9999999999999964,-0.05817367741855493,0.04555407959956027,0.006925637415398958,0.0,0.0,-3.552713678800501e-15,-0.00965907086387479,-0.004047708214954031,0.0038975624098220667,1.4667271577237502,0.6553040157642385,0.9576826999947194,-0.27741449775229804,0.7456221253518409,-0.21725270991896034,-0.56558828016103,0.07205423531167801,1.7476617958784413,-2.224815236763563,-5.190023915034097,-0.22723202965007339,0.3704425357044022
904,2.7119999999999918,5.0,-0.04767108314169197,0.04972169884102543,0.002676551491395047,4.9999999999999964,-0.057453260392415155,0.04593351542928577,0.006640431876310419,4.9999999999999964,-0.057453260392415155,0.04593351542928577,0.006640431876310419,0.0,0.0,5.0,-0.04767108314169197,0.04972169884102543,0.002676551491395047,0.0,0.0,4.9999999999999964,-0.057453260392415155,0.04593351542928577,0.006640431876310419,0.0,0.0,-3.552713678800501e-15,-0.009782177250723188,-0.0037881834117396637,0.003963880384915372,1.4669170545951364,0.6605710894105772,0.951000865985478,-0.2712406213263236,0.7475350596130782,-0.21312558025146716,-0.5676243009546514,0.06329895712874223,1.7556912154462558,-2.2272780030804973,-5.273816512135211,-0.15987045886474902,0.3758869367397558
905,2.714999999999992,5.0,-0.04681926032204316,0.04982023428220865,0.002322593616698991,4.9999999999999964,-0.0567228409090088,0.046293204231026376,0.006349186772801502,4.9999999999999964,-0.0567228409090088,0.046293204231026376,0.006349186772801502,0.0,0.0,5.0,-0.04681926032204316,0.04982023428220865,0.002322593616698991,0.0,0.0,4.9999999999999964,-0.0567228409090088,0.046293204231026376,0.006349186772801502,0.0,0.0,-3.552713678800501e-15,-0.009903580586965645,-0.003527030051182274,0.004026593156102511,1.4670803118348787,0.6658618179115554,0.9443115637153834,-0.2649307371700277,0.7494897773855603,-0.20894788954876725,-0.5695766476517492,0.05441907991408951,1.7635761669927428,-2.2297674233648497,-5.356399458428832,-0.09217699386212846,0.3810899131592998
906,2.717999999999992,5.0,-0.04595928639578307,0.04989735177722793,0.001966523311059976,4.9999999999999964,-0.055982546132392695,0.046632991372924135,0.006052166996312639,4.9999999999999964,-0.055982546132392695,0.046632991372924135,0.006052166996312639,0.0,0.0,5.0,-0.04595928639578307,0.04989735177722793,0.001966523311059976,0.0,0.0,4.9999999999999964,-0.055982546132392695,0.046632991372924135,0.006052166996312639,0.0,0.0,-3.552713678800501e-15,-0.010023259736609627,-0.0032643604043037927,0.004085643685252663,1.4672165584578596,0.6711757548367017,0.9376147071195686,-0.25848638583068845,0.7514839869174283,-0.20471951553837364,-0.5714424955361721,0.04541554099362147,1.7713123083820768,-2.2322855319382393,-5.43776121705725,-0.024181181083665987,0.38604664822006646
907,2.720999999999992,5.0,-0.04509131108204668,0.0499530181729201,0.0016086644253341799,4.9999999999999964,-0.05523250494588549,0.04695273077893549,0.005749642690429011,4.9999999999999964,-0.05523250494588549,0.04695273077893549,0.005749642690429011,0.0,0.0,5.0,-0.04509131108204668,0.0499530181729201,0.0016086644253341799,0.0,0.0,4.9999999999999964,-0.05523250494588549,0.04695273077893549,0.005749642690429011,0.0,0.0,-3.552713678800501e-15,-0.010141193863838813,-0.003000287393984606,0.0041409782650948315,1.4673254267759692,0.676512440652623,0.9309102041559348,-0.25190917574506916,0.7535153396618617,-0.20044034167700125,-0.5732190414650544,0.03628943936991182,1.7788952719737445,-2.2348343212112636,-5.517890320689748,0.04408753297794579,0.39075254920978764
908,2.723999999999992,5.0,-0.044215485492988885,0.04998720953804752,0.0012493424371162179,4.9999999999999964,-0.054472847929629475,0.04725228499163008,0.005441889005181237,4.9999999999999964,-0.054472847929629475,0.04725228499163008,0.005441889005181237,0.0,0.0,5.0,-0.044215485492988885,0.04998720953804752,0.0012493424371162179,0.0,0.0,4.9999999999999964,-0.054472847929629475,0.04725228499163008,0.005441889005181237,0.0,0.0,-3.552713678800501e-15,-0.01025736243664059,-0.0027349245464174388,0.004192546568065019,1.4674065528916194,0.6818714026578293,0.9241979569375667,-0.24520078443918036,0.7555814316691218,-0.19611025894082385,-0.5749035064820994,0.02704203855006465,1.7863206684021145,-2.2374157394560434,-5.5967753678501,0.11259981176822174,0.39520325162422626
909,2.7269999999999923,5.0,-0.04333196210747619,0.04999991117358623,0.0008888841547124406,4.9999999999999964,-0.053703707337856885,0.04753152523128431,0.005129185846792633,4.9999999999999964,-0.053703707337856885,0.04753152523128431,0.005129185846792633,0.0,0.0,5.0,-0.04333196210747619,0.04999991117358623,0.0008888841547124406,0.0,0.0,4.9999999999999964,-0.053703707337856885,0.04753152523128431,0.005129185846792633,0.0,0.0,-3.552713678800501e-15,-0.010371745230380695,-0.0024683859423019205,0.004240301692080193,1.4674595771993844,0.6872521549296653,0.9174778618718594,-0.23836295966406365,0.7576798050691815,-0.19172916762601075,-0.5764931384951183,0.017674769255018763,1.7935840906119855,-2.2400316885690894,-5.67440501960447,0.18132643819944033,0.3993946231369406
910,2.7299999999999924,5.0,-0.04244089474454097,0.04999111761904512,0.0005276174199046103,4.9999999999999964,-0.0529252170758648,0.047790331451244325,0.004811817623100625,4.9999999999999964,-0.0529252170758648,0.047790331451244325,0.004811817623100625,0.0,0.0,5.0,-0.04244089474454097,0.04999111761904512,0.0005276174199046103,0.0,0.0,4.9999999999999964,-0.0529252170758648,0.047790331451244325,0.004811817623100625,0.0,0.0,-3.552713678800501e-15,-0.010484322331323827,-0.0022007861678007973,0.004284200203196015,1.4674841448953737,0.6926541982841136,0.910749809806377,-0.23139752046263853,0.7598079496469947,-0.18729697915600846,-0.5779852150150607,0.00818923199645472,1.8006811181494338,-2.2426840218274875,-5.75076799662214,0.2502383237201333,0.40332276735785905
911,2.7329999999999925,5.0,-0.04154243853660135,0.04996083265481343,0.000165870809772936,4.9999999999999964,-0.0521375126767026,0.04802859238953462,0.004490072984883913,4.9999999999999964,-0.0521375126767026,0.04802859238953462,0.004490072984883913,0.0,0.0,5.0,-0.04154243853660135,0.04996083265481343,0.000165870809772936,0.0,0.0,4.9999999999999964,-0.0521375126767026,0.04802859238953462,0.004490072984883913,0.0,0.0,-3.552713678800501e-15,-0.010595074140101253,-0.0019322402652788076,0.004324202175110977,1.4674799064938953,0.698077020249233,0.904013686181452,-0.22430635816264596,0.7619633045122689,-0.18281361789193903,-0.5793770459535085,-0.0014128004928164913,1.8076073217064772,-2.2453745416416893,-5.82585307662035,0.3193065169281638,0.40698402737726197
912,2.7359999999999927,5.0,-0.04063674990245346,0.04990906930053555,-0.00019602666214897432,4.9999999999999964,-0.05134073127757604,0.048246205616690095,0.0041642445633305845,4.9999999999999964,-0.05134073127757604,0.048246205616690095,0.0041642445633305845,0.0,0.0,5.0,-0.04063674990245346,0.04990906930053555,-0.00019602666214897432,0.0,0.0,4.9999999999999964,-0.05134073127757604,0.048246205616690095,0.0041642445633305845,0.0,0.0,-3.552713678800501e-15,-0.01070398137512258,-0.001662863683845453,0.004360271225479559,1.4674465183509273,0.7035200950529847,0.8972693711895265,-0.2170914372907318,0.7641432598653847,-0.1782790229424002,-0.5806659764753315,-0.011129380989337223,1.814358267917241,-2.2481049973084817,-5.899649092203459,0.388502211730805,0.4103749890919424
913,2.7389999999999928,5.0,-0.03972398652003931,0.049835849809513805,-0.0005577458451167605,4.9999999999999964,-0.05053501159597201,0.04844307757979091,0.003834628703886035,4.9999999999999964,-0.05053501159597201,0.04844307757979091,0.003834628703886035,0.0,0.0,5.0,-0.03972398652003931,0.049835849809513805,-0.0005577458451167605,0.0,0.0,4.9999999999999964,-0.05053501159597201,0.04844307757979091,0.003834628703886035,0.0,0.0,-3.552713678800501e-15,-0.0108110250759327,-0.001392772229722894,0.004392374549002796,1.4673836431938727,0.708982883626192,0.8905167399412226,-0.20975479640273542,0.766345158860885,-0.1736931499688713,-0.5818493899029394,-0.020958385684897232,1.8209295244024315,-2.250877082767999,-5.972144929105494,0.45779675505602185,0.4134924843105118
914,2.741999999999993,5.0,-0.03880430729899546,0.04974120565914164,-0.0009189577505423265,4.9999999999999964,-0.0497204939055082,0.048619123642681346,0.0035015251967226713,4.9999999999999964,-0.0497204939055082,0.048619123642681346,0.0035015251967226713,0.0,0.0,5.0,-0.03880430729899546,0.04974120565914164,-0.0009189577505423265,0.0,0.0,4.9999999999999964,-0.0497204939055082,0.048619123642681346,0.0035015251967226713,0.0,0.0,-3.552713678800501e-15,-0.010916186606512744,-0.0011220820164602949,0.004420482947264998,1.467290950657025,0.714464833621366,0.8837556626381159,-0.2022985488252861,0.7685662995697174,-0.16905597298285602,-0.582924710668294,-0.030897512282507825,1.8273166650580233,-2.2536924343689133,-6.043329524844013,0.5271616541199599,0.41633359363504985
915,2.744999999999993,5.0,-0.03787787235298722,0.0496251775373714,-0.0012793338512133727,4.9999999999999964,-0.04889732001151188,0.048774268122355253,0.0031652370040766357,4.9999999999999964,-0.04889732001151188,0.048774268122355253,0.0031652370040766357,0.0,0.0,5.0,-0.03787787235298722,0.0496251775373714,-0.0012793338512133727,0.0,0.0,4.9999999999999964,-0.04889732001151188,0.048774268122355253,0.0031652370040766357,0.0,0.0,-3.552713678800501e-15,-0.01101944765852466,-0.0008509094150161434,0.004444570855290008,1.4671681178221334,0.7199653794481155,0.8769860047521773,-0.1947248833038636,0.7708039370411657,-0.16436748613082613,-0.5838894073085825,-0.04094427829720253,1.8335152755831292,-2.2565526286462254,-6.1131918677920805,0.5965685832563592,0.41889564911645083
916,2.747999999999993,5.0,-0.036944842971833286,0.04948781532522235,-0.0016385463800937263,4.9999999999999964,-0.04806563322633193,0.048908444321492536,0.002826069984699452,4.9999999999999964,-0.04806563322633193,0.048908444321492536,0.002826069984699452,0.0,0.0,5.0,-0.036944842971833286,0.04948781532522235,-0.0016385463800937263,0.0,0.0,4.9999999999999964,-0.04806563322633193,0.048908444321492536,0.002826069984699452,0.0,0.0,-3.552713678800501e-15,-0.011120790254498643,-0.0005793710037298103,0.004464616364793178,1.467014829763404,0.7254839423258387,0.8702076272118282,-0.18703606455254845,0.773055285465142,-0.15962770546297347,-0.5847409955011951,-0.05109601957642938,1.8395209592410604,-2.2594591801163384,-6.18172099667401,0.6659893903144315,0.4211762366810732
917,2.7509999999999932,5.0,-0.03600538159342602,0.04932917807533655,-0.001996268628431646,4.9999999999999964,-0.04722557834438856,0.049021594557132626,0.002484332615675289,4.9999999999999964,-0.04722557834438856,0.049021594557132626,0.002484332615675289,0.0,0.0,5.0,-0.03600538159342602,0.04932917807533655,-0.001996268628431646,0.0,0.0,4.9999999999999964,-0.04722557834438856,0.049021594557132626,0.002484332615675289,0.0,0.0,-3.552713678800501e-15,-0.011220196750962537,-0.0003075835182039244,0.004480601244106935,1.4668307800962397,0.7310199303543785,0.8634203865945451,-0.17923443370077305,0.7753175204352449,-0.1548366706817267,-0.5854770411333864,-0.061349889054756884,1.845329342846596,-2.2624135390943554,-6.248906000489364,0.7353961026324406,0.42317319832647454
918,2.7539999999999933,5.0,-0.03505965177545073,0.04914933398659199,-0.002352175242906274,4.9999999999999964,-0.046377301616965,0.04911367018547265,0.0021403357118567824,4.9999999999999964,-0.046377301616965,0.04911367018547265,0.0021403357118567824,0.0,0.0,5.0,-0.03505965177545073,0.04914933398659199,-0.002352175242906274,0.0,0.0,4.9999999999999964,-0.046377301616965,0.04911367018547265,0.0021403357118567824,0.0,0.0,-3.552713678800501e-15,-0.011317649841514274,-3.566380111934275e-05,0.004492510954763057,1.466615671528967,0.736572738603293,0.8566241353259287,-0.17132240863248793,0.7775877813126997,-0.14999444686595112,-0.5860951634017578,-0.07170285575750869,1.8509360829714787,-2.265417089538797,-6.314736018868578,0.8047609325949943,0.4248846340842415
919,2.7569999999999935,5.0,-0.034107818166911254,0.04894836037478351,-0.0027059425215406386,4.9999999999999964,-0.04552095072674556,0.04918463162277963,0.001794392143174636,4.9999999999999964,-0.04552095072674556,0.04918463162277963,0.001794392143174636,0.0,0.0,5.0,-0.034107818166911254,0.04894836037478351,-0.0027059425215406386,0.0,0.0,4.9999999999999964,-0.04552095072674556,0.04918463162277963,0.001794392143174636,0.0,0.0,-3.552713678800501e-15,-0.011413132559834303,0.00023627124799611987,0.004500334664715274,1.4663692164167639,0.7421417492203704,0.8498187218851413,-0.1633024842132759,0.7798631736910102,-0.14510112616671664,-0.5865930379364457,-0.08215170406776917,1.8563368723591247,-2.26847114692916,-6.379200242862436,0.8740562827827738,0.42630890374812364
920,2.7599999999999936,5.0,-0.03315004647946484,0.048726343639384266,-0.003057248708113401,4.9999999999999964,-0.04465667476210443,0.04923444836240771,0.001446816550078119,4.9999999999999964,-0.04465667476210443,0.04923444836240771,0.001446816550078119,0.0,0.0,5.0,-0.03315004647946484,0.048726343639384266,-0.003057248708113401,0.0,0.0,4.9999999999999964,-0.04465667476210443,0.04923444836240771,0.001446816550078119,0.0,0.0,-3.552713678800501e-15,-0.01150662828263959,0.000508104723023442,0.00450406525819152,1.466091137316951,0.7477263315599858,0.8430039910165954,-0.1551772324010853,0.7821407719608486,-0.1401568294705009,-0.5869683999446683,-0.0926930332709591,1.861527446538502,-2.2715769561819705,-6.4422879161664826,0.9432547507241469,0.42744462836590885
921,2.7629999999999937,5.0,-0.03218650345857223,0.048483379226402404,-0.0034057742848002458,4.9999999999999964,-0.043784624191149826,0.04926309898791309,0.0010979250573652155,4.9999999999999964,-0.043784624191149826,0.04926309898791309,0.0010979250573652155,0.0,0.0,5.0,-0.03218650345857223,0.048483379226402404,-0.0034057742848002458,0.0,0.0,4.9999999999999964,-0.043784624191149826,0.04926309898791309,0.0010979250573652155,0.0,0.0,-3.552713678800501e-15,-0.0115981207325776,0.000779719761510686,0.004503699342165461,1.4657811675447783,0.7533258423318641,0.8361797839477618,-0.14694930223640726,0.7844176219743996,-0.13516170802568264,-0.5872190473680506,-0.10332325739086765,1.8665035906260856,-2.274735689611185,-6.503988336780332,1.0123291332588196,0.4282906914936749
922,2.765999999999994,5.0,-0.03121735685446769,0.0482195715873483,-0.003751202262780041,4.9999999999999964,-0.042904950835527936,0.049270571182261066,0.0007480349866627776,4.9999999999999964,-0.042904950835527936,0.049270571182261066,0.0007480349866627776,0.0,0.0,5.0,-0.03121735685446769,0.0482195715873483,-0.003751202262780041,0.0,0.0,4.9999999999999964,-0.042904950835527936,0.049270571182261066,0.0007480349866627776,0.0,0.0,-3.552713678800501e-15,-0.011687593981060247,0.0010509995949127687,0.0044992372494428185,1.4654390517287863,0.7589396257707753,0.8293459386129449,-0.13862141970789468,0.7866907438080601,-0.13011594502818188,-0.5873428440479307,-0.1140386053306406,1.8712611463037438,-2.2779484449389784,-6.56429085910075,1.081252430524369,0.42884624021128376
923,2.768999999999994,5.0,-0.030242775392954068,0.04793503413433039,-0.004093218470540423,4.9999999999999964,-0.04201780784399111,0.049256861733121174,0.00039746456781810833,4.9999999999999964,-0.04201780784399111,0.049256861733121174,0.00039746456781810833,0.0,0.0,5.0,-0.030242775392954068,0.04793503413433039,-0.004093218470540423,0.0,0.0,4.9999999999999964,-0.04201780784399111,0.049256861733121174,0.00039746456781810833,0.0,0.0,-3.552713678800501e-15,-0.011775032451037042,0.0013218275987907854,0.004490683038358531,1.465064546364791,0.7645670138276535,0.8225022898828556,-0.13019638748960993,0.7889571346220732,-0.12501975716211544,-0.5873377228926377,-0.12483512133176433,1.8757960189593696,-2.281216243363135,-6.623184896446256,1.1499978495771783,0.42911068589818674
924,2.771999999999994,5.0,-0.029262928746028555,0.04762988919129863,-0.004431511839620996,4.9999999999999964,-0.04112334966573513,0.04922197653424819,4.6532649464543785e-05,4.9999999999999964,-0.04112334966573513,0.04922197653424819,4.6532649464543785e-05,0.0,0.0,5.0,-0.029262928746028555,0.04762988919129863,-0.004431511839620996,0.0,0.0,4.9999999999999964,-0.04112334966573513,0.04922197653424819,4.6532649464543785e-05,0.0,0.0,-3.552713678800501e-15,-0.011860420919706575,0.0015920873429495566,0.00447804448908554,1.4646574203675005,0.7702073263825815,0.8156486697997933,-0.12167708454629735,0.7912137716153432,-0.11987339609135993,-0.5872016890405377,-0.13570866576354873,1.8801041849760174,-2.2845400276874037,-6.680659924009943,1.2185388076599744,0.4290837047688524
925,2.774999999999994,5.0,-0.028277987502342512,0.047304267941457194,-0.004765774687534675,4.9999999999999964,-0.04022173202350999,0.04916593058294837,-0.0003044415909757983,4.9999999999999964,-0.04022173202350999,0.04916593058294837,-0.0003044415909757983,0.0,0.0,5.0,-0.028277987502342512,0.047304267941457194,-0.004765774687534675,0.0,0.0,4.9999999999999964,-0.04022173202350999,0.04916593058294837,-0.0003044415909757983,0.0,0.0,-3.552713678800501e-15,-0.011943744521167476,0.0018616626414911727,0.004461333096558877,1.4642174556187355,0.7758598714800443,0.8087849078182294,-0.11306646560330104,0.7934576150733524,-0.11467714989794991,-0.5869328230124533,-0.14665491625500046,1.88418169915428,-2.287920660521299,-6.736705482236124,1.2868489351287762,0.42876523816730944
926,2.7779999999999943,5.0,-0.027288123137502944,0.04695831037086799,-0.005095702997608836,4.9999999999999964,-0.039313111886509,0.04908874797363204,-0.0006551389375882684,4.9999999999999964,-0.039313111886509,0.04908874797363204,-0.0006551389375882684,0.0,0.0,5.0,-0.027288123137502944,0.04695831037086799,-0.005095702997608836,0.0,0.0,4.9999999999999964,-0.039313111886509,0.04908874797363204,-0.0006551389375882684,0.0,0.0,-3.552713678800501e-15,-0.012024988749006059,0.002130437602764046,0.004440564060020568,1.4637444475111947,0.7815239455867992,0.8019108310505616,-0.10436756047799199,0.795685611506754,-0.10943134446328663,-0.5865292838468961,-0.1576693691802889,1.8880247022516232,-2.2913589225559425,-6.791311180615399,1.3549020780527328,0.428155492620549
927,2.7809999999999944,5.0,-0.026293507984218922,0.04659216520826992,-0.005420996695492984,4.9999999999999964,-0.038397647443040896,0.04899046188745532,-0.0010052404262969794,4.9999999999999964,-0.038397647443040896,0.04899046188745532,-0.0010052404262969794,0.0,0.0,5.0,-0.026293507984218922,0.04659216520826992,-0.005420996695492984,0.0,0.0,4.9999999999999964,-0.038397647443040896,0.04899046188745532,-0.0010052404262969794,0.0,0.0,-3.552713678800501e-15,-0.012104139458821973,0.0023982966791853966,0.004415756269196005,1.46323820548667,0.7871988338726633,0.7950262645177938,-0.0955834732698289,0.7978946968778875,-0.10413634478819318,-0.5859893122113866,-0.16874734150824108,1.8916294286213995,-2.294855510922602,-6.84446670189171,1.4226723005009145,0.42725493965074207
928,2.7839999999999945,5.0,-0.02529431520229896,0.04620598986114002,-0.00574135992208021,4.9999999999999964,-0.03747549807298962,0.04887111457805536,-0.001354427634967034,4.9999999999999964,-0.03747549807298962,0.04887111457805536,-0.001354427634967034,0.0,0.0,5.0,-0.02529431520229896,0.04620598986114002,-0.00574135992208021,0.0,0.0,4.9999999999999964,-0.03747549807298962,0.04887111457805536,-0.001354427634967034,0.0,0.0,-3.552713678800501e-15,-0.012181182870690657,0.0026651247169153375,0.004386932287113176,1.4626985535675936,0.7928838105144632,0.7881310314048718,-0.0867173814064546,0.8000817999121176,-0.09879255624792499,-0.5853112334830024,-0.17988397302546064,1.8949922139332973,-2.2984110376406512,-6.896161806673933,1.4901338865307103,0.42606431534643047
929,2.7869999999999946,5.0,-0.02429071874850432,0.045799950348023116,-0.006056501302595433,4.9999999999999964,-0.03654682432006679,0.048730757353385334,-0.001702382973013837,4.9999999999999964,-0.03654682432006679,0.048730757353385334,-0.001702382973013837,0.0,0.0,5.0,-0.02429071874850432,0.045799950348023116,-0.006056501302595433,0.0,0.0,4.9999999999999964,-0.03654682432006679,0.048730757353385334,-0.001702382973013837,0.0,0.0,-3.552713678800501e-15,-0.01225610557156247,0.002930807005362218,0.004354118329581596,1.4621253308807685,0.7985781390233314,0.7812249533203868,-0.07777253454352386,0.8022438454905562,-0.09340042577832933,-0.58449346079116,-0.19107422894174805,1.8981095029560537,-2.3020260281616793,-6.94638633844364,1.5572613418930557,0.4245846196930916
930,2.7899999999999947,5.0,-0.023282893346263506,0.04537422122715945,-0.00636613421160448,4.9999999999999964,-0.03561178786386144,0.0485694505536569,-0.0020487899702561316,4.9999999999999964,-0.03561178786386144,0.0485694505536569,-0.0020487899702561316,0.0,0.0,5.0,-0.023282893346263506,0.04537422122715945,-0.00636613421160448,0.0,0.0,4.9999999999999964,-0.03561178786386144,0.0485694505536569,-0.0020487899702561316,0.0,0.0,-3.552713678800501e-15,-0.012328894517597933,0.003195229326497448,0.004317344241348348,1.461518392172112,0.8042810725954785,0.7743078505603374,-0.06875225331626857,0.8043777581203955,-0.08796044298944733,-0.5835344980155346,-0.20231290288550818,1.900977857382361,-2.30570092001648,-6.995130228949662,1.6240293954702596,0.42281711566368296
931,2.792999999999995,5.0,-0.022271014455253906,0.044928985521441756,-0.006669977033704172,4.9999999999999964,-0.03467055149169202,0.04838726352539969,-0.002393333564749979,4.9999999999999964,-0.03467055149169202,0.04838726352539969,-0.002393333564749979,0.0,0.0,5.0,-0.022271014455253906,0.044928985521441756,-0.006669977033704172,0.0,0.0,4.9999999999999964,-0.03467055149169202,0.04838726352539969,-0.002393333564749979,0.0,0.0,-3.552713678800501e-15,-0.012399537036438115,0.0034582780039579333,0.004276643468954193,1.4608776083112247,0.8099918544865037,0.7673795423756226,-0.05965992794113275,0.8064804654787383,-0.08247314120296252,-0.5824329427319269,-0.21359462029576778,1.9035939636750565,-2.309436061571607,-7.042383503979222,1.6904130004627138,0.4207633280699935
932,2.795999999999995,5.0,-0.021255258240853947,0.04446443463973264,-0.0069677534196551216,4.9999999999999964,-0.033723279070265594,0.04818427459164889,-0.002735700389341962,4.9999999999999964,-0.033723279070265594,0.04818427459164889,-0.002735700389341962,0.0,0.0,5.0,-0.021255258240853947,0.04446443463973264,-0.0069677534196551216,0.0,0.0,4.9999999999999964,-0.033723279070265594,0.04818427459164889,-0.002735700389341962,0.0,0.0,-3.552713678800501e-15,-0.012468020829411647,0.0037198399519162498,0.0042320530303131595,1.460202866784576,0.8157097184092423,0.7604398472429162,-0.050499016666149914,0.8085489020254836,-0.07693909841002458,-0.5811874890988181,-0.2249138422162916,1.9059546409128874,-2.3132317109021137,-7.088136289494481,1.7563873353412527,0.41842504217584625
933,2.798999999999995,5.0,-0.020235801543473694,0.04398076829457683,-0.007259192537725435,4.9999999999999964,-0.032770135517149065,0.04796057101827383,-0.0030755790566809158,4.9999999999999964,-0.032770135517149065,0.04796057101827383,-0.0030755790566809158,0.0,0.0,5.0,-0.020235801543473694,0.04398076829457683,-0.007259192537725435,0.0,0.0,4.9999999999999964,-0.032770135517149065,0.04796057101827383,-0.0030755790566809158,0.0,0.0,-3.552713678800501e-15,-0.012534333973675371,0.003979802723696996,0.004183613481044519,1.4594940721760876,0.8214338889550825,0.7534885831385553,-0.04127304406909141,0.8105800126804963,-0.07135893814611459,-0.5797969306772983,-0.23626486949608527,1.9080568486134086,-2.317088034786989,-7.132378818122529,1.8219278045824074,0.41580430207341845
934,2.801999999999995,5.0,-0.019212821847767302,0.04347819441634429,-0.007544029320015803,4.9999999999999964,-0.03181128677205751,0.047716248976462,-0.0034126604424290392,4.9999999999999964,-0.03181128677205751,0.047716248976462,-0.0034126604424290392,0.0,0.0,5.0,-0.019212821847767302,0.04347819441634429,-0.007544029320015803,0.0,0.0,4.9999999999999964,-0.03181128677205751,0.047716248976462,-0.0034126604424290392,0.0,0.0,-3.552713678800501e-15,-0.012598464924290207,0.004238054560117707,0.0041313688775867635,1.4587511466338896,0.8271635820386122,0.7465255678150543,-0.03198559920278273,0.8125707565599737,-0.06573333027976742,-0.5782601631770267,-0.24764184739930903,1.909897694509901,-2.3210051078336673,-7.1751014359859875,1.8870100392042184,0.4129034088241434
935,2.8049999999999953,5.0,-0.018186497251733408,0.042956929063839765,-0.007822004703542303,4.9999999999999964,-0.03084689976796446,0.047451413501374565,-0.0037466379664147288,4.9999999999999964,-0.03084689976796446,0.047451413501374565,-0.0037466379664147288,0.0,0.0,5.0,-0.018186497251733408,0.042956929063839765,-0.007822004703542303,0.0,0.0,4.9999999999999964,-0.03084689976796446,0.047451413501374565,-0.0037466379664147288,0.0,0.0,-3.552713678800501e-15,-0.012660402516231052,0.0044944844375348,0.004075366737127575,1.4579740303220108,0.8328980053653879,0.7395506190798409,-0.022640333587366477,0.8145181107666053,-0.06006299171213011,-0.5765761871208704,-0.2590387706263006,1.9114744422585912,-2.3249829117378167,-7.21629460986064,1.9516098971206928,0.4097249183659013
936,2.8079999999999954,5.0,-0.017157006435708746,0.042417196331417883,-0.008092865865858006,4.9999999999999964,-0.029877142402039408,0.04716617844699134,-0.0040772078714714916,4.9999999999999964,-0.029877142402039408,0.04716617844699134,-0.0040772078714714916,0.0,0.0,5.0,-0.017157006435708746,0.042417196331417883,-0.008092865865858006,0.0,0.0,4.9999999999999964,-0.029877142402039408,0.04716617844699134,-0.0040772078714714916,0.0,0.0,-3.552713678800501e-15,-0.012720135966330662,0.004748982115573459,0.004015657994386515,1.4571626818557728,0.8386363589225437,0.7325635550757876,-0.013240959049683764,0.8164190742278217,-0.05434868698450946,-0.5747441104208816,-0.27044948874602637,1.912784519051934,-2.3290213346844046,-7.2559489346457395,2.0157034633333293,0.406271639188396
937,2.8109999999999955,5.0,-0.01612452863126025,0.041859228252644445,-0.00835636645499821,4.9999999999999964,-0.0289021835064173,0.046860666437164404,-0.004404069499709261,4.9999999999999964,-0.0289021835064173,0.046860666437164404,-0.004404069499709261,0.0,0.0,5.0,-0.01612452863126025,0.041859228252644445,-0.00835636645499821,0.0,0.0,4.9999999999999964,-0.0289021835064173,0.046860666437164404,-0.004404069499709261,0.0,0.0,-3.552713678800501e-15,-0.012777654875157047,0.005001438184519959,0.003952296955288949,1.4563170787196562,0.8443778354918835,0.7255641945631002,-0.003791245410349999,0.8182706715761361,-0.04859122879124946,-0.5727631508583053,-0.28186771203884836,1.9138255231132693,-2.3331201708958047,-7.2940551411319055,2.0792670499784967,0.40254662977881944
938,2.8139999999999956,5.0,-0.01508924358998188,0.04128326470054394,-0.008612266813541204,4.9999999999999964,-0.02792219281880533,0.046535008812901534,-0.004726925565966912,4.9999999999999964,-0.02792219281880533,0.046535008812901534,-0.004726925565966912,0.0,0.0,5.0,-0.01508924358998188,0.04128326470054394,-0.008612266813541204,0.0,0.0,4.9999999999999964,-0.02792219281880533,0.046535008812901534,-0.004726925565966912,0.0,0.0,-3.552713678800501e-15,-0.012832949228823451,0.005251744112357591,0.0038853412475742914,1.4554372176664152,0.8501216211850269,0.7185523572021029,0.005704981980485655,0.8200699570653004,-0.04279147839547752,-0.5706326384603739,-0.293287017747017,1.9145952310478092,-2.3372791203324255,-7.330604104050867,2.1422771962497498,0.3985531958401527
939,2.8169999999999957,5.0,-0.014051331552199516,0.04068955328447669,-0.00886033419657976,4.9999999999999964,-0.026937340952932085,0.04618934557590213,-0.005045482428197217,4.9999999999999964,-0.026937340952932085,0.04618934557590213,-0.005045482428197217,0.0,0.0,5.0,-0.014051331552199516,0.04068955328447669,-0.00886033419657976,0.0,0.0,4.9999999999999964,-0.026937340952932085,0.04618934557590213,-0.005045482428197217,0.0,0.0,-3.552713678800501e-15,-0.012886009400732569,0.005499792291425443,0.0038148517683825435,1.4545231150962288,0.8558668960001008,0.7115278638364497,0.01524384485728578,0.8218140185157323,-0.036950345945468574,-0.5683520177667186,-0.3047008567287833,1.915091605024641,-2.3414977885510435,-7.365586850390641,2.2047106682144,0.39429488728460754
940,2.819999999999996,5.0,-0.013010973215592168,0.04007834924369103,-0.009100342983406071,4.9999999999999964,-0.025947799368844126,0.04582382532836987,-0.005359450354538323,4.9999999999999964,-0.025947799368844126,0.04582382532836987,-0.005359450354538323,0.0,0.0,5.0,-0.013010973215592168,0.04007834924369103,-0.009100342983406071,0.0,0.0,4.9999999999999964,-0.025947799368844126,0.04582382532836987,-0.005359450354538323,0.0,0.0,-3.552713678800501e-15,-0.012936826153251958,0.00574547608467884,0.003740892628867748,1.4535748074146975,0.8616128343993936,0.7044905367762727,0.024821414801334638,0.8234999812824153,-0.031068790689597024,-0.5659208499783407,-0.31610256051047386,1.9153127997642667,-2.345775686725668,-7.398994567959139,2.2665444585439154,0.3897754950049623
941,2.822999999999996,5.0,-0.011968349703732855,0.03944991533759446,-0.009332074882716672,4.9999999999999964,-0.02495374034305528,0.045438605209127875,-0.0056685437868289005,4.9999999999999964,-0.02495374034305528,0.045438605209127875,-0.0056685437868289005,0.0,0.0,5.0,-0.011968349703732855,0.03944991533759446,-0.009332074882716672,0.0,0.0,4.9999999999999964,-0.02495374034305528,0.045438605209127875,-0.0056685437868289005,0.0,0.0,-3.552713678800501e-15,-0.012985390639322426,0.005988689871533413,0.003663531095887771,1.4525923513685095,0.867358605907312,0.6974402000807665,0.03443371614873698,0.825125012238237,-0.025147821088077373,-0.563338814982209,-0.3274853487292935,1.9152571693061224,-2.350112231835401,-7.430818614178591,2.3277557861778786,0.3849990474267126
942,2.825999999999996,5.0,-0.01092364253455548,0.03880452173279233,-0.00955531913115158,4.9999999999999964,-0.02395533693855374,0.04503385082606406,-0.005972481600327211,4.9999999999999964,-0.02395533693855374,0.04503385082606406,-0.005972481600327211,0.0,0.0,5.0,-0.01092364253455548,0.03880452173279233,-0.00955531913115158,0.0,0.0,4.9999999999999964,-0.02395533693855374,0.04503385082606406,-0.005972481600327211,0.0,0.0,-3.552713678800501e-15,-0.013031694403998258,0.006229329093271729,0.00358283753082437,1.4515758243576355,0.8731033757279036,0.6903766798396964,0.04407672904149072,0.8266863237655132,-0.01918849481993546,-0.5606057132447094,-0.3388423369580227,1.9149232735305581,-2.3545067470233367,-7.461050525092669,2.38832209594139,0.3799698068441872
943,2.828999999999996,5.0,-0.009877033588753055,0.03814244588694155,-0.009769872684986412,4.9999999999999964,-0.022952762974672317,0.04460973618493556,-0.0062709873593979545,4.9999999999999964,-0.022952762974672317,0.04460973618493556,-0.0062709873593979545,0.0,0.0,5.0,-0.009877033588753055,0.03814244588694155,-0.009769872684986412,0.0,0.0,4.9999999999999964,-0.022952762974672317,0.04460973618493556,-0.0062709873593979545,0.0,0.0,-3.552713678800501e-15,-0.013075729385919261,0.006467290297994005,0.0034988853255884574,1.450525324722932,0.8788463053811333,0.6832998044533061,0.05374639261847591,0.8281811777482402,-0.013191918683902192,-0.5577214675673475,-0.3501665449011673,1.9143098844098987,-2.35895846213011,-7.48968202456769,2.448221058135882,0.3746922655439536
944,2.8319999999999963,5.0,-0.008828705078112613,0.03746397242947098,-0.00997554040480335,4.9999999999999964,-0.02194619299682692,0.0441664436145628,-0.006563789568934283,4.9999999999999964,-0.02194619299682692,0.0441664436145628,-0.006563789568934283,0.0,0.0,5.0,-0.008828705078112613,0.03746397242947098,-0.00997554040480335,0.0,0.0,4.9999999999999964,-0.02194619299682692,0.0441664436145628,-0.006563789568934283,0.0,0.0,-3.552713678800501e-15,-0.013117487918714307,0.006702471185091825,0.0034117508358690674,1.4494409720080805,0.8845865533570236,0.6762094049100904,0.06343860834275823,0.8296068895574368,-0.007159248392179905,-0.5546861246983089,-0.3614509049505019,1.913415991963459,-2.363466514405229,-7.5167050336687815,2.5074305681233757,0.36917114171903176
945,2.8349999999999964,5.0,-0.0077788395137932,0.03676939303921755,-0.010172135232973344,4.9999999999999964,-0.020935802246128676,0.043704163688445576,-0.006850621921286356,4.9999999999999964,-0.020935802246128676,0.043704163688445576,-0.006850621921286356,0.0,0.0,5.0,-0.0077788395137932,0.03676939303921755,-0.010172135232973344,0.0,0.0,4.9999999999999964,-0.020935802246128676,0.043704163688445576,-0.006850621921286356,0.0,0.0,-3.552713678800501e-15,-0.013156962732335476,0.006934770649228025,0.0033215133116869886,1.4483229071948216,0.8903232757866989,0.669105315061894,0.07314924346116138,0.8309608320217782,-0.0010916882562978106,-0.551499856793712,-0.37268827108633557,1.9122408098917467,-2.3680299493988284,-7.542111680191515,2.5659287459242077,0.36341137517765065
946,2.8379999999999965,5.0,-0.00672761967455033,0.036059006319031875,-0.010359478363787382,4.9999999999999964,-0.019921766628874942,0.04322309514283458,-0.007131223538471812,4.9999999999999964,-0.019921766628874942,0.04322309514283458,-0.007131223538471812,0.0,0.0,5.0,-0.00672761967455033,0.036059006319031875,-0.010359478363787382,0.0,0.0,4.9999999999999964,-0.019921766628874942,0.04322309514283458,-0.007131223538471812,0.0,0.0,-3.552713678800501e-15,-0.013194146954324613,0.007164088823802706,0.00322825482531557,1.4471712929104938,0.8960556271292957,0.6619873718957862,0.0828741345916199,0.8322404393755759,0.005009509235454148,-0.5481629627226361,-0.38387142810922775,1.9107837808655697,-2.3726477220359525,-7.565894308329097,2.6236939358482156,0.35741812285043095
947,2.8409999999999966,5.0,-0.005675228574915259,0.03533311766740824,-0.010537399406082957,4.9999999999999964,-0.018904262685924475,0.04272344479129382,-0.007405339209447904,4.9999999999999964,-0.018904262685924475,0.04272344479129382,-0.007405339209447904,0.0,0.0,5.0,-0.005675228574915259,0.03533311766740824,-0.010537399406082957,0.0,0.0,4.9999999999999964,-0.018904262685924475,0.04272344479129382,-0.007405339209447904,0.0,0.0,-3.552713678800501e-15,-0.013229034111009216,0.0073903271238855844,0.0031320601966350527,1.445986313606938,0.9017827608736347,0.6548554158021613,0.0926090914333852,0.8334432111760499,0.011143043949244473,-0.5446758692102874,-0.39499310118530184,1.909044581446353,-2.3773186978749252,-7.588045488454864,2.6807047061792857,0.35119675410009393
948,2.8439999999999968,5.0,-0.004621849433332506,0.03459203914719203,-0.01070573653821699,4.9999999999999964,-0.01788346756196216,0.042205427435790484,-0.00767271962222946,4.9999999999999964,-0.01788346756196216,0.042205427435790484,-0.00767271962222946,0.0,0.0,5.0,-0.004621849433332506,0.03459203914719203,-0.01070573653821699,0.0,0.0,4.9999999999999964,-0.01788346756196216,0.042205427435790484,-0.00767271962222946,0.0,0.0,-3.552713678800501e-15,-0.013261618128629655,0.007613388288598456,0.00303301691598753,1.4447681757098778,0.9075038302534788,0.647709290838509,0.10234990059472233,0.8345667161817345,0.017307568745519537,-0.5410391318139618,-0.4060459656867487,1.9070231266146864,-2.382041654550783,-7.60855802699954,2.736939848933012,0.34475284583795085
949,2.846999999999997,5.0,-0.0035676656402620277,0.033836089351422106,-0.010864336655245025,4.9999999999999964,-0.016859558974658587,0.04166926577435063,-0.00793312159064157,4.9999999999999964,-0.016859558974658587,0.04166926577435063,-0.00793312159064157,0.0,0.0,5.0,-0.0035676656402620277,0.033836089351422106,-0.010864336655245025,0.0,0.0,4.9999999999999964,-0.016859558974658587,0.04166926577435063,-0.00793312159064157,0.0,0.0,-3.552713678800501e-15,-0.013291893334396558,0.007833176422928523,0.0029312150646034554,1.443517107737955,0.9132179889751336,0.6405488449882966,0.11209232953230822,0.8356085961837953,0.023501690227081734,-0.5372534357267877,-0.4170226573075991,1.9047195738849423,-2.3868152834041583,-7.627424976402394,2.7923783797070483,0.3380921774516205
950,2.849999999999997,5.0,-0.002512860726251425,0.033065593266366954,-0.011013055508172123,4.9999999999999964,-0.01583271518372992,0.04111519030532027,-0.008186308275500773,4.9999999999999964,-0.01583271518372992,0.04111519030532027,-0.008186308275500773,0.0,0.0,5.0,-0.002512860726251425,0.033065593266366954,-0.011013055508172123,0.0,0.0,4.9999999999999964,-0.01583271518372992,0.04111519030532027,-0.008186308275500773,0.0,0.0,-3.552713678800501e-15,-0.013319854457478495,0.008049597038953318,0.00282674723267135,1.4422333603906548,0.9189243919560879,0.6333739304144104,0.12183213059612152,0.8365665697819843,0.02972396959479288,-0.5333195964045778,-0.42791578243337175,1.902134326984749,-2.3916381912953795,-7.644639645115286,2.8469995376434785,0.3312207255485925
951,2.852999999999997,5.0,-0.0014576183299836322,0.032280882131811246,-0.011151757835149463,4.9999999999999964,-0.014803114959903323,0.04054343922827308,-0.00843204940002356,4.9999999999999964,-0.014803114959903323,0.04054343922827308,-0.00843204940002356,0.0,0.0,5.0,-0.0014576183299836322,0.032280882131811246,-0.011151757835149463,0.0,0.0,4.9999999999999964,-0.014803114959903323,0.04054343922827308,-0.00843204940002356,0.0,0.0,-3.552713678800501e-15,-0.013345496629919691,0.008262557096461835,0.0027197084351259036,1.4409172066044293,0.9246221960733253,0.6261844037066016,0.1315650451732055,0.8374384360969436,0.03597292360997497,-0.5292385600114834,-0.4387179287417911,1.8992680390791563,-2.3965089026029207,-7.660195607638298,2.9007827855222414,0.32414465852039814
952,2.855999999999997,5.0,-0.0004021221663064895,0.03148229329865393,-0.011280317484496725,4.9999999999999964,-0.013770937553793468,0.039954258341607304,-0.008670121459266286,4.9999999999999964,-0.013770937553793468,0.039954258341607304,-0.008670121459266286,0.0,0.0,5.0,-0.0004021221663064895,0.03148229329865393,-0.011280317484496725,0.0,0.0,4.9999999999999964,-0.013770937553793468,0.039954258341607304,-0.008670121459266286,0.0,0.0,-3.552713678800501e-15,-0.01336881538748698,0.008471965042953375,0.0026101960252304397,1.4395689415763981,0.9303105609198867,0.6189801261223875,0.14128680792328657,0.8382220784105684,0.04224702566228457,-0.5250114036805348,-0.44942167601041333,1.8961216155204939,-2.4014258614046993,-7.6740867145655836,2.953707810004323,0.3168703309323624
953,2.8589999999999973,5.0,0.0006534440057523698,0.03067017008388034,-0.011398617529438899,4.9999999999999964,-0.0127363626646955,0.03934790093687595,-0.008900307923406,4.9999999999999964,-0.0127363626646955,0.03934790093687595,-0.008900307923406,0.0,0.0,5.0,0.0006534440057523698,0.03067017008388034,-0.011398617529438899,0.0,0.0,4.9999999999999964,-0.0127363626646955,0.03934790093687595,-0.008900307923406,0.0,0.0,-3.552713678800501e-15,-0.01338980667044787,0.00867773085299561,0.002498309606032898,1.438188882755081,0.9359886495682054,0.6117609638208673,0.15099315109884745,0.8389154677261758,0.04854470694154105,-0.520639335585559,-0.46001960710572287,1.8926962161061975,-2.406387433840053,-7.6863071026198835,3.0057545220430053,0.3094042777440027
954,2.8619999999999974,5.0,0.001708896414976901,0.029844861622968257,-0.011506550374452744,4.9999999999999964,-0.011699570409299864,0.03872462768989552,-0.009122399434677313,4.9999999999999964,-0.011699570409299864,0.03872462768989552,-0.009122399434677313,0.0,0.0,5.0,0.001708896414976901,0.029844861622968257,-0.011506550374452744,0.0,0.0,4.9999999999999964,-0.011699570409299864,0.03872462768989552,-0.009122399434677313,0.0,0.0,-3.552713678800501e-15,-0.013408466824276766,0.008879766066927263,0.002384150939775431,1.4367773697976998,0.9416556293386902,0.6045267880889186,0.16067980894188372,0.8395166662402821,0.05486435771169342,-0.5161236948213923,-0.4705043191270593,1.8889932568282533,-2.411391910649577,-7.696851204654128,3.0569030574810405,0.3017532083653636
955,2.8649999999999975,5.0,0.0027640513099568605,0.02900672271979256,-0.011604017853126366,4.9999999999999964,-0.010660741290334487,0.03808470654868034,-0.00933619399778616,4.9999999999999964,-0.010660741290334487,0.03808470654868034,-0.00933619399778616,0.0,0.0,5.0,0.0027640513099568605,0.02900672271979256,-0.011604017853126366,0.0,0.0,4.9999999999999964,-0.010660741290334487,0.03808470654868034,-0.00933619399778616,0.0,0.0,-3.552713678800501e-15,-0.013424792600291348,0.00907798382888778,0.0022678238553402053,1.435334764493667,0.9473106725719883,0.5972774755592506,0.1703425221492203,0.8400238307178786,0.0612043286848166,-0.5114659510897516,-0.4808684346776237,1.8850144110993867,-2.4164375098893336,-7.705713759598476,3.1071337778511046,0.29392400055467416
956,2.8679999999999977,5.0,0.0038187249910784306,0.028156113694094244,-0.011690931317443016,4.9999999999999964,-0.009620056165139711,0.03742841261825049,-0.009541497163627325,4.9999999999999964,-0.009620056165139711,0.03742841261825049,-0.009541497163627325,0.0,0.0,5.0,0.0038187249910784306,0.028156113694094244,-0.011690931317443016,0.0,0.0,4.9999999999999964,-0.009620056165139711,0.03742841261825049,-0.009541497163627325,0.0,0.0,-3.552713678800501e-15,-0.013438781156218141,0.009272298924156243,0.0021494341538156915,1.4338614506539655,0.9529529574033164,0.5900129084198048,0.17997704239793003,0.8404352157632026,0.06756293249273743,-0.506667704188588,-0.49110461323379867,1.8807616104426965,-2.421522379815278,-7.712889822331155,3.1564272713963515,0.28592369416288366
957,2.8709999999999978,5.0,0.004872733842505825,0.02729340022657692,-0.011767211718407595,4.9999999999999964,-0.008577696214181585,0.03675602804236284,-0.009738122206138568,4.9999999999999964,-0.008577696214181585,0.03675602804236284,-0.009738122206138568,0.0,0.0,5.0,0.004872733842505825,0.02729340022657692,-0.011767211718407595,0.0,0.0,4.9999999999999964,-0.008577696214181585,0.03675602804236284,-0.009738122206138568,0.0,0.0,-3.552713678800501e-15,-0.013450430056687411,0.00946262781578592,0.002029089512269027,1.4323578339662162,0.9585816685372157,0.5827329746140055,0.18957913692208192,0.8407491769781494,0.07393844525360345,-0.5017306833032265,-0.5012055625831039,1.876237044633089,-2.4266446019330936,-7.718374773451496,3.204764354327278,0.27775948473075635
958,2.873999999999998,5.0,0.005925894364148451,0.02641895320169856,-0.011832789677942877,4.9999999999999964,-0.00753384290950877,0.03606784188221623,-0.009925890292130571,4.9999999999999964,-0.00753384290950877,0.03606784188221623,-0.009925890292130571,0.0,0.0,5.0,0.005925894364148451,0.02641895320169856,-0.011832789677942877,0.0,0.0,4.9999999999999964,-0.00753384290950877,0.03606784188221623,-0.009925890292130571,0.0,0.0,-3.552713678800501e-15,-0.013459737273657221,0.009648888680517668,0.0019068993858123058,1.4308243418153153,0.9641959980210576,0.5754375680313817,0.19914459313175442,0.8409641740006263,0.08032910823042544,-0.49665674609808425,-0.5111640503003079,1.8714431612806148,-2.431802194207963,-7.722164328933657,3.2521260723304555,0.26943871694436405
959,2.876999999999998,5.0,0.006978023203607211,0.025533148548227438,-0.011887605551989762,4.9999999999999964,-0.006488677983158776,0.035364149992182715,-0.010104630643938184,4.9999999999999964,-0.006488677983158776,0.035364149992182715,-0.010104630643938184,0.0,0.0,5.0,0.006978023203607211,0.025533148548227438,-0.011887605551989762,0.0,0.0,4.9999999999999964,-0.006488677983158776,0.035364149992182715,-0.010104630643938184,0.0,0.0,-3.552713678800501e-15,-0.013466701186765986,0.009831001443955278,0.001782974908051578,1.4292614230696237,0.9697951460156005,0.5681265886880972,0.20866922326497866,0.841078773415349,0.08673312957834892,-0.4914478776082646,-0.5209729152305325,1.8663826648476265,-2.4369931144281614,-7.72425454963961,3.298493702343987,0.26096887795491686
960,2.879999999999998,5.0,0.008028937188096514,0.02463636707762808,-0.011931609484754434,4.9999999999999964,-0.005442383395518896,0.0346452548926184,-0.010274180694745064,4.9999999999999964,-0.005442383395518896,0.0346452548926184,-0.010274180694745064,0.0,0.0,5.0,0.008028937188096514,0.02463636707762808,-0.011931609484754434,0.0,0.0,4.9999999999999964,-0.005442383395518896,0.0346452548926184,-0.010274180694745064,0.0,0.0,-3.552713678800501e-15,-0.01347132058361541,0.010008887814990323,0.0016574287900093694,1.4276695478327808,0.9753783215608811,0.56079994289695,0.21814886906303188,0.8410916515298009,0.09314868617714064,-0.48610618893083896,-0.5306250789476258,1.8610585150935561,-2.4422152637157377,-7.724641850670139,3.3438487546138136,0.2523575905690042
961,2.8829999999999982,5.0,0.009078453356333586,0.023728994320348966,-0.011964761454052838,4.9999999999999964,-0.0043951413036474,0.03391146563980859,-0.010434386236440444,4.9999999999999964,-0.0043951413036474,0.03391146563980859,-0.010434386236440444,0.0,0.0,5.0,0.009078453356333586,0.023728994320348966,-0.011964761454052838,0.0,0.0,4.9999999999999964,-0.0043951413036474,0.03391146563980859,-0.010434386236440444,0.0,0.0,-3.552713678800501e-15,-0.013473594659980985,0.010182471319459624,0.0015303752176123939,1.4260492071613138,0.9809447433357102,0.5534575434264193,0.22757940645928168,0.8410015970083148,0.09957392554511547,-0.48063391571615166,-0.540113557155644,1.8554739249430607,-2.447466490176917,-7.723323010532806,3.3881729750441645,0.24361260631545406
962,2.8859999999999983,5.0,0.010126388990391692,0.02281142036008059,-0.011987031307711452,4.9999999999999964,-0.003347134029560483,0.03316309769310307,-0.010585101559873534,4.9999999999999964,-0.003347134029560483,0.03316309769310307,-0.010585101559873534,0.0,0.0,5.0,0.010126388990391692,0.02281142036008059,-0.011987031307711452,0.0,0.0,4.9999999999999964,-0.003347134029560483,0.03316309769310307,-0.010585101559873534,0.0,0.0,-3.552713678800501e-15,-0.013473523019952175,0.010351677333022481,0.001401929747837918,1.4244009127483108,0.9864936404090361,0.5460993096483664,0.2369567502715889,0.8408075133575109,0.10600696783047728,-0.47503341646001596,-0.5494314710009853,1.8496323577752731,-2.4527445926842857,-7.72029518010602,3.4314483478546283,0.23474179839509698
963,2.8889999999999985,5.0,0.011172561647510815,0.02188403966605766,-0.01199839879099108,4.9999999999999964,-0.002298544028490478,0.03240047277929866,-0.010726189587378008,4.9999999999999964,-0.002298544028490478,0.03240047277929866,-0.010726189587378008,0.0,0.0,5.0,0.011172561647510815,0.02188403966605766,-0.01199839879099108,0.0,0.0,4.9999999999999964,-0.002298544028490478,0.03240047277929866,-0.010726189587378008,0.0,0.0,-3.552713678800501e-15,-0.013471105676001294,0.010516433113240999,0.0012722092036130724,1.4227251965735233,0.9920242529814379,0.5387251676740197,0.24627685888811338,0.8405084212566213,0.11244590787580606,-0.46930717059820415,-0.5585720582625531,1.8435375241339331,-2.458047324782237,-7.715555891378677,3.473657098555417,0.2257531545198639
964,2.8919999999999986,5.0,0.01221678919186046,0.02094725092347451,-0.011998853565008823,4.9999999999999964,-0.0012495538571209441,0.03162391875432744,-0.010857521997446027,4.9999999999999964,-0.0012495538571209441,0.03162391875432744,-0.010857521997446027,0.0,0.0,5.0,0.01221678919186046,0.02094725092347451,-0.011998853565008823,0.0,0.0,4.9999999999999964,-0.0012495538571209441,0.03162391875432744,-0.010857521997446027,0.0,0.0,-3.552713678800501e-15,-0.013466343048981404,0.010676667830852932,0.001141331567562796,1.4210226105203614,0.9975358331150186,0.5313350504778998,0.2555357389362317,0.8401034607265443,0.11888881735119304,-0.46345777640517843,-0.5675286843873035,1.8371933778602367,-2.463372398706632,-7.709103065945095,3.514781697251462,0.21665476964771574
965,2.8949999999999987,5.0,0.013258889826249141,0.020001456862087996,-0.011988395216141435,4.9999999999999964,-0.00020034614180398902,0.030833769462309982,-0.010978979341438428,4.9999999999999964,-0.00020034614180398902,0.030833769462309982,-0.010978979341438428,0.0,0.0,5.0,0.013258889826249141,0.020001456862087996,-0.011988395216141435,0.0,0.0,4.9999999999999964,-0.00020034614180398902,0.030833769462309982,-0.010978979341438428,0.0,0.0,-3.552713678800501e-15,-0.01345923596805313,0.010832312600221987,0.0010094158747030076,1.4192937259603455,1.0030276454499756,0.5239288980093725,0.26472944992417186,0.8395918931318174,0.12533374695130695,-0.45748794869955,-0.576294853338651,1.8306041116523293,-2.4687174895091,-7.700935023235344,3.554804862285019,0.20745483862002526
966,2.897999999999999,5.0,0.014298682123774229,0.019047064083083137,-0.011967033256401523,4.9999999999999964,0.0008488964532344663,0.030030364592034234,-0.011090451152224902,4.9999999999999964,0.0008488964532344663,0.030030364592034234,-0.011090451152224902,0.0,0.0,5.0,0.014298682123774229,0.019047064083083137,-0.011967033256401523,0.0,0.0,4.9999999999999964,0.0008488964532344663,0.030030364592034234,-0.011090451152224902,0.0,0.0,-3.552713678800501e-15,-0.013449785670539763,0.010983300508951098,0.0008765821041766212,1.417539133305669,1.008498967906148,0.5165066572915447,0.2738541088448952,0.8389731030100606,0.13177872865146945,-0.4514005163592983,-0.5848642182254685,1.8237741520574648,-2.4740802392759584,-7.691050488461419,3.5937095642254175,0.19816164870809333
967,2.900999999999999,5.0,0.01533598505940872,0.018084482884272914,-0.011934787114786235,4.9999999999999964,0.001897991257696036,0.029214049530921722,-0.011191836044655384,4.9999999999999964,0.001897991257696036,0.029214049530921722,-0.011191836044655384,0.0,0.0,5.0,0.01533598505940872,0.018084482884272914,-0.011934787114786235,0.0,0.0,4.9999999999999964,0.001897991257696036,0.029214049530921722,-0.011191836044655384,0.0,0.0,-3.552713678800501e-15,-0.013437993801712683,0.011129566646648808,0.0007429510701308512,1.4157594415306296,1.013949092367863,0.5090682825072509,0.282905894731717,0.8382465997238218,0.13822177801762553,-0.44519841965032175,-0.593230591679827,1.8167081539049517,-2.47945826143126,-7.679448600260185,3.6314790302135562,0.18878357207559474
968,2.903999999999999,5.0,0.016370618041516637,0.017114127083708876,-0.011891686119606325,4.9999999999999964,0.002946755627012274,0.028385175216543965,-0.011283041807771234,4.9999999999999964,0.002946755627012274,0.028385175216543965,-0.011283041807771234,0.0,0.0,5.0,0.016370618041516637,0.017114127083708876,-0.011891686119606325,0.0,0.0,4.9999999999999964,0.002946755627012274,0.028385175216543965,-0.011283041807771234,0.0,0.0,-3.552713678800501e-15,-0.013423862414504363,0.011271048132835089,0.0006086443118350909,1.413955277662773,1.0193773253504332,0.5016137350719115,0.2918810531551451,0.8374120189301639,0.14466089656491804,-0.4388847073724307,-0.6013879559521721,1.8094109941900887,-2.48484914511311,-7.666128918014397,3.668096748667658,0.17932905816378736
969,2.906999999999999,5.0,0.017402400943293702,0.016136413841779846,-0.011837769471811638,4.9999999999999964,0.003995006974142599,0.027544097985752827,-0.011363985488672386,4.9999999999999964,0.003995006974142599,0.027544097985752827,-0.011363985488672386,0.0,0.0,5.0,0.017402400943293702,0.016136413841779846,-0.011837769471811638,0.0,0.0,4.9999999999999964,0.003995006974142599,0.027544097985752827,-0.011363985488672386,0.0,0.0,-3.552713678800501e-15,-0.013407393969151103,0.01140768414397298,0.0004737839831392525,1.412127286244693,1.0247829886466973,0.49414298369307547,0.3007759006504431,0.8364691238637513,0.1510940741594125,-0.43246253382742067,-0.6093304726933322,1.801887765421363,-2.490250459612025,-7.651091428833681,3.703546474355649,0.16980662600643473
970,2.9099999999999993,5.0,0.018431154134126913,0.015151763481872284,-0.01177308620933733,4.9999999999999964,0.00504256280136222,0.0266911794214896,-0.011434593467964145,4.9999999999999964,0.00504256280136222,0.0266911794214896,-0.011434593467964145,0.0,0.0,5.0,0.018431154134126913,0.015151763481872284,-0.01177308620933733,0.0,0.0,4.9999999999999964,0.00504256280136222,0.0266911794214896,-0.011434593467964145,0.0,0.0,-3.552713678800501e-15,-0.013388591332764693,0.011539415939617315,0.00033849274137318607,1.4102761287675123,1.030165419952033,0.4866560044164961,0.3095868290654784,0.8354178064296295,0.15751929145737367,-0.42593515561439055,-0.6170524923935892,1.79414376844521,-2.495659758859796,-7.6343365541778185,3.737812233838414,0.16022485648140863
971,2.9129999999999994,5.0,0.019456698510867742,0.014160599309670835,-0.01169769516250316,4.9999999999999964,0.0060892407320344505,0.025826786197338917,-0.011494801526715052,4.9999999999999964,0.0060892407320344505,0.025826786197338917,-0.011494801526715052,0.0,0.0,5.0,0.019456698510867742,0.014160599309670835,-0.01169769516250316,0.0,0.0,4.9999999999999964,0.0060892407320344505,0.025826786197338917,-0.011494801526715052,0.0,0.0,-3.552713678800501e-15,-0.013367457778833292,0.011666186887668082,0.00020289363578810705,1.4084024830771622,1.0355239734663269,0.4791527806586249,0.3183103098185115,0.8342580881023512,0.1639345223763643,-0.4193059282579796,-0.6245485634500243,1.786184504764626,-2.501074585957065,-7.615865156105322,3.770878331286953,0.15059238450603665
972,2.9159999999999995,5.0,0.020478855529013656,0.013163347431178292,-0.011611664900506498,4.9999999999999964,0.007134858542362035,0.024951289919894107,-0.011544554904864886,4.9999999999999964,0.007134858542362035,0.024951289919894107,-0.011544554904864886,0.0,0.0,5.0,0.020478855529013656,0.013163347431178292,-0.011611664900506498,0.0,0.0,4.9999999999999964,0.007134858542362035,0.024951289919894107,-0.011544554904864886,0.0,0.0,-3.552713678800501e-15,-0.013343996986651622,0.011787942488715815,6.710999564161178e-05,1.4065070427546589,1.0408580204714364,0.47163330322544206,0.3269428980557015,0.8329901206285589,0.17033773659232532,-0.41257830267570006,-0.6318134408344618,1.778015668369857,-2.506492477727603,-7.595678543130811,3.80272935467531,0.1409178911832783
973,2.9189999999999996,5.0,0.021497447233791697,0.01216043656953018,-0.011515073669057758,4.9999999999999964,0.008179234193111801,0.024065066969001757,-0.01158380835102969,4.9999999999999964,0.008179234193111801,0.024065066969001757,-0.01158380835102969,0.0,0.0,5.0,0.021497447233791697,0.01216043656953018,-0.011515073669057758,0.0,0.0,4.9999999999999964,0.008179234193111801,0.024065066969001757,-0.01158380835102969,0.0,0.0,-3.552713678800501e-15,-0.013318213040679896,0.011904630399471577,-6.87346819719329e-05,1.4045905164716521,1.0461669498827402,0.4640975703175807,0.33548123669826657,0.83161418653062,0.17672690205670122,-0.40575582149102657,-0.6388420943355804,1.7696431371012549,-2.511910969287121,-7.573778475675431,3.8333501823498617,0.1312100959058822
974,2.9219999999999997,5.0,0.02251229629114071,0.0111522978806842,-0.011408009319214743,4.9999999999999964,0.009222185861307205,0.02316849833595436,-0.011612526163658534,4.9999999999999964,0.009222185861307205,0.02316849833595436,-0.011612526163658534,0.0,0.0,5.0,0.02251229629114071,0.0111522978806842,-0.011408009319214743,0.0,0.0,4.9999999999999964,0.009222185861307205,0.02316849833595436,-0.011612526163658534,0.0,0.0,-3.552713678800501e-15,-0.013290110429833505,0.012016200455270161,-0.000204516844443791,1.4026536273226018,1.0514501687734388,0.4565455875217377,0.3439220603694255,0.8301306994093955,0.18309998752759737,-0.39884211519937396,-0.6456297163501327,1.7610729635661937,-2.517327598614334,-7.550167171095188,3.862725989974345,0.12147774842570719
975,2.925,5.0,0.02352322601858422,0.010139364768065349,-0.011290569227481001,4.9999999999999964,0.01026353197188321,0.022261969459700416,-0.011630682223504565,4.9999999999999964,0.01026353197188321,0.022261969459700416,-0.011630682223504565,0.0,0.0,5.0,0.02352322601858422,0.010139364768065349,-0.011290569227481001,0.0,0.0,4.9999999999999964,0.01026353197188321,0.022261969459700416,-0.011630682223504565,0.0,0.0,-3.552713678800501e-15,-0.013259694046701008,0.012122604691635067,-0.000340112996023564,1.4006971121350027,1.0567071028703396,0.44897736778840186,0.3522621991914737,0.828540204044718,0.18945496510889795,-0.3918408981945473,-0.6521717291997037,1.7523113656336362,-2.522739911111937,-7.5248473082727685,3.8908422578487416,0.11172962089540744
976,2.928,5.0,0.024530060415990478,0.009122072696243294,-0.011162860207240452,4.9999999999999964,0.011303091229298023,0.021345870061142413,-0.011638260017380827,4.9999999999999964,0.011303091229298023,0.021345870061142413,-0.011638260017380827,0.0,0.0,5.0,0.024530060415990478,0.009122072696243294,-0.011162860207240452,0.0,0.0,4.9999999999999964,0.011303091229298023,0.021345870061142413,-0.011638260017380827,0.0,0.0,-3.552713678800501e-15,-0.013226969186692455,0.01222379736489912,-0.00047539981014037454,1.3987217207591496,1.0619371970199343,0.4413929313959664,0.36049858244360183,0.8268433762926624,0.1957898127912329,-0.38475596466367884,-0.6584637919510447,1.7433647165315684,-2.528145464145157,-7.497822031759241,3.917684778598835,0.10197449988973657
977,2.931,5.0,0.025532624196213622,0.008100859003723641,-0.011024998411609243,4.9999999999999964,0.012340682649096164,0.020420593975594096,-0.011635252653179221,4.9999999999999964,0.012340682649096164,0.020420593975594096,-0.011635252653179221,0.0,0.0,5.0,0.025532624196213622,0.008100859003723641,-0.011024998411609243,0.0,0.0,4.9999999999999964,0.012340682649096164,0.020420593975594096,-0.011635252653179221,0.0,0.0,-3.552713678800501e-15,-0.013191941547117458,0.012319734971870454,-0.0006102542415699786,1.3967282153389904,1.0671399156236563,0.43379230590132967,0.368628242071356,0.8250410227791944,0.20210251698866108,-0.37759118435907646,-0.6645018067197269,1.7342395345740254,-2.533541831545586,-7.469094955452742,3.9432396652320096,0.09222117841371015
978,2.934,5.0,0.026530742815610697,0.007076162714935161,-0.01087710922779277,4.9999999999999964,0.013376125589417334,0.019486538983468853,-0.01162166286613899,4.9999999999999964,0.013376125589417334,0.019486538983468853,-0.01162166286613899,0.0,0.0,5.0,0.026530742815610697,0.007076162714935161,-0.01087710922779277,0.0,0.0,4.9999999999999964,0.013376125589417334,0.019486538983468853,-0.01162166286613899,0.0,0.0,-3.552713678800501e-15,-0.013154617226193363,0.012410376268533693,-0.0007445536383462199,1.3947173695656743,1.0723147430412938,0.42617552607712533,0.3766483160389567,0.8231340803902989,0.2083910750649343,-0.37035049825579475,-0.6702819244386701,1.724942472545834,-2.5389266080681168,-7.438670165802133,3.967493359553533,0.0824784479049128
979,2.9370000000000003,5.0,0.027524242504429364,0.006048424351490484,-0.01071932716304442,4.9999999999999964,0.014409239782445713,0.01854410663927205,-0.011597503016358967,4.9999999999999964,0.014409239782445713,0.01854410663927205,-0.011597503016358967,0.0,0.0,5.0,0.027524242504429364,0.006048424351490484,-0.01071932716304442,0.0,0.0,4.9999999999999964,0.014409239782445713,0.01854410663927205,-0.011597503016358967,0.0,0.0,-3.552713678800501e-15,-0.01311500272198365,0.012495682287781567,-0.0008781758533145459,1.3926899679154492,1.0774611839616173,0.4185426338357585,0.3845560515160431,0.8211236155591941,0.2146534978432242,-0.3630379141040995,-0.6758005500749922,1.7154803067744822,-2.5442974137889443,-7.406552224524429,3.9904326409363176,0.07275509023721041
980,2.9400000000000004,5.0,0.028512950297060184,0.005018085742804199,-0.010551795722329222,4.9999999999999964,0.015439845365794094,0.017593702098970977,-0.011562795077555898,4.9999999999999964,0.015439845365794094,0.017593702098970977,-0.011562795077555898,0.0,0.0,5.0,0.028512950297060184,0.005018085742804199,-0.010551795722329222,0.0,0.0,4.9999999999999964,0.015439845365794094,0.017593702098970977,-0.011562795077555898,0.0,0.0,-3.552713678800501e-15,-0.01307310493126609,0.012575616356166778,-0.0010109993552266765,1.3906468048736074,1.0825787637393762,0.41089367814046,0.3923488078907897,0.819010823351753,0.2208878120932286,-0.35565750188633133,-0.6810543472806053,1.7058599259196745,-2.549651898432832,-7.372746170825705,4.012044635435851,0.0630598697331456
981,2.9430000000000005,5.0,0.029496694062150317,0.003985589836147669,-0.010374667277804245,4.9999999999999964,0.01646776291381742,0.016635733945816442,-0.011517570617079047,4.9999999999999964,0.01646776291381742,0.016635733945816442,-0.011517570617079047,0.0,0.0,5.0,0.029496694062150317,0.003985589836147669,-0.010374667277804245,0.0,0.0,4.9999999999999964,0.01646776291381742,0.016635733945816442,-0.011517570617079047,0.0,0.0,-3.552713678800501e-15,-0.013028931148332895,0.012650144109668773,-0.0011429033392748016,1.3885886841462154,1.0876670286979127,0.4032287149036058,0.40002405960174686,0.816797026351758,0.2270920629896287,-0.34821338918797706,-0.6860402424640255,1.696088319512164,-2.5549877456180834,-7.33725752311613,4.032316825240692,0.053401525192282404
982,2.9460000000000006,5.0,0.030475302532570532,0.00295138050622503,-0.010188102930233901,4.9999999999999964,0.017492813468850333,0.01567061401469091,-0.011461870767199255,4.9999999999999964,0.017492813468850333,0.01567061401469091,-0.011461870767199255,0.0,0.0,5.0,0.030475302532570532,0.00295138050622503,-0.010188102930233901,0.0,0.0,4.9999999999999964,0.017492813468850333,0.01567061401469091,-0.011461870767199255,0.0,0.0,-3.552713678800501e-15,-0.012982489063720199,0.01271923350846588,-0.0012737678369653532,1.3865164178613965,1.0927255463967356,0.39554780687258184,0.40757939878119015,0.8144836733481152,0.23326431653594093,-0.3407097564930361,-0.6907554282729649,1.6861725662743299,-2.5603026770079893,-7.30009228021068,4.051237058447682,0.04378876194274887
983,2.9490000000000007,5.0,0.03144860533523254,0.001915902364348905,-0.009992272362466612,4.9999999999999964,0.01851481857236318,0.014698757215058873,-0.011395746187698567,4.9999999999999964,0.01851481857236318,0.014698757215058873,-0.011395746187698567,0.0,0.0,5.0,0.03144860533523254,0.001915902364348905,-0.009992272362466612,0.0,0.0,4.9999999999999964,0.01851481857236318,0.014698757215058873,-0.011395746187698567,0.0,0.0,-3.552713678800501e-15,-0.01293378676286936,0.012782854850709967,-0.0014034738252319545,1.3844308257619582,1.0977539058635026,0.3878510235035082,0.4150125377032196,0.812072337826653,0.2394026619478991,-0.33315083241400917,-0.6951973664794284,1.676119822255714,-2.56559445635788,-7.261256922008095,4.06879355914977,0.03423024392320624
984,2.952000000000001,5.0,0.032416433020750444,0.0008796005672994342,-0.009787353685106004,4.9999999999999964,0.019533600296031215,0.01372058135259534,-0.011319257019794469,4.9999999999999964,0.019533600296031215,0.01372058135259534,-0.011319257019794469,0.0,0.0,5.0,0.032416433020750444,0.0008796005672994342,-0.009787353685106004,0.0,0.0,4.9999999999999964,0.019533600296031215,0.01372058135259534,-0.011319257019794469,0.0,0.0,-3.552713678800501e-15,-0.01288283272471923,0.012840980785295905,-0.0015319033346884656,1.3823327343911744,1.1027517177899546,0.3801384408231662,0.42232131103033355,0.80956471626961,0.2455052139906102,-0.3255408888670515,-0.6993637902612213,1.6659373088173284,-2.5708608934473274,-7.220758409641687,4.0849749378230715,0.02473458580245122
985,2.955000000000001,5.0,0.03337861709294144,-0.00015707937404958887,-0.00957353327451668,4.9999999999999964,0.02054898127271136,0.012736506949569303,-0.011232472831440615,4.9999999999999964,0.02054898127271136,0.012736506949569303,-0.011232472831440615,0.0,0.0,5.0,0.03337861709294144,-0.00015707937404958887,-0.00957353327451668,0.0,0.0,4.9999999999999964,0.02054898127271136,0.012736506949569303,-0.011232472831440615,0.0,0.0,-3.552713678800501e-15,-0.012829635820230077,0.012893586323618892,-0.001658939556923934,1.3802229762735465,1.1077186146914515,0.3724101412795037,0.42950367785269966,0.8069626262663987,0.25157011526385537,-0.31788423620300926,-0.7032527058759885,1.6556323004989846,-2.5760998478875,-7.178604185096539,4.09977020199861,0.015310345143812378
986,2.958000000000001,5.0,0.03433499003816066,-0.0011936917862584106,-0.009351005603312559,4.9999999999999964,0.021560784727321425,0.011746957064059232,-0.011135472554053817,4.9999999999999964,0.021560784727321425,0.011746957064059232,-0.011135472554053817,0.0,0.0,5.0,0.03433499003816066,-0.0011936917862584106,-0.009351005603312559,0.0,0.0,4.9999999999999964,0.021560784727321425,0.011746957064059232,-0.011135472554053817,0.0,0.0,-3.552713678800501e-15,-0.012774205310839233,0.012940648850317643,-0.0017844669507412585,1.378102389092368,1.112654251029864,0.3646662135811212,0.43655772351487093,0.8042680044396889,0.25759553843004984,-0.310185218305202,-0.7068623937261319,1.645212112804201,-2.5813092327941694,-7.134802170288863,4.113168767202989,0.005966014621474005
987,2.961000000000001,5.0,0.035285385354464356,-0.0022297910249188956,-0.009119973063481116,4.9999999999999964,0.02256883450761612,0.010752357108078533,-0.01102834441072483,4.9999999999999964,0.02256883450761612,0.010752357108078533,-0.01102834441072483,0.0,0.0,5.0,0.035285385354464356,-0.0022297910249188956,-0.009119973063481116,0.0,0.0,4.9999999999999964,0.02256883450761612,0.010752357108078533,-0.01102834441072483,0.0,0.0,-3.552713678800501e-15,-0.012716550846848237,0.012982148132997428,-0.0019083713472437137,1.3759718148659226,1.117558303299676,0.356906752526169,0.4434816612252325,0.8014829041913053,0.2635796883795366,-0.3024482076649235,-0.7101914088151824,1.6346840899373747,-2.586487018317419,-7.089360765604189,4.125160468151051,-0.0032899857041986287
988,2.9640000000000013,5.0,0.036229637580598203,-0.0032649316662380274,-0.008880645782305324,4.9999999999999964,0.02357295511485471,0.009753134664688985,-0.01091118583597823,4.9999999999999964,0.02357295511485471,0.009753134664688985,-0.01091118583597823,0.0,0.0,5.0,0.036229637580598203,-0.0032649316662380274,-0.008880645782305324,0.0,0.0,4.9999999999999964,0.02357295511485471,0.009753134664688985,-0.01091118583597823,0.0,0.0,-3.552713678800501e-15,-0.012656682465743495,0.013018066330927012,-0.0020305400536729055,1.3738320991241273,1.1224304700772598,0.34913185882111,0.45027383344401956,0.7986094932728646,0.2695208043280639,-0.2946776004457051,-0.7132385805984216,1.6240555925279045,-2.5916312350196753,-7.042288847892322,4.135735570172486,-0.012449316045300413
989,2.9670000000000014,5.0,0.03716758232480311,-0.004298668698528163,-0.008633241431249739,4.9999999999999964,0.024572971734354864,0.008749719304180762,-0.010784103387154381,4.9999999999999964,0.024572971734354864,0.008749719304180762,-0.010784103387154381,0.0,0.0,5.0,0.03716758232480311,-0.004298668698528163,-0.008633241431249739,0.0,0.0,4.9999999999999964,0.024572971734354864,0.008749719304180762,-0.010784103387154381,0.0,0.0,-3.552713678800501e-15,-0.012594610590448248,0.013048388002708924,-0.0021508619559046423,1.371684090087429,1.1272704720333873,0.3413416388898271,0.45693271304631683,0.795650051186494,0.2754171618414889,-0.28687781154742537,-0.7160030122327501,1.6133339853757815,-2.596739977094297,-6.993595767918036,4.144884780853241,-0.02150372447203104
990,2.9700000000000015,5.0,0.038099056293435546,-0.005330557713520119,-0.00837798502798555,4.9999999999999964,0.025568710265927424,0.007742542399398275,-0.01064721264749405,4.9999999999999964,0.025568710265927424,0.007742542399398275,-0.01064721264749405,0.0,0.0,5.0,0.038099056293435546,-0.005330557713520119,-0.00837798502798555,0.0,0.0,4.9999999999999964,0.025568710265927424,0.007742542399398275,-0.01064721264749405,0.0,0.0,-3.552713678800501e-15,-0.012530346027508122,0.013073100112918394,-0.0022692276195084987,1.36952863784973,1.1320780519091458,0.33353620467357425,0.4634569042570303,0.792606966421366,0.2812670747829534,-0.2790532696813452,-0.7184840792329642,1.6025266252528538,-2.6018114054176085,-6.943291347267694,4.152599261871532,-0.030445054418444476
991,2.9730000000000016,5.0,0.039023897319396504,-0.006360155097415257,-0.008115108731733682,4.9999999999999964,0.026559997354186776,0.0067320369402910085,-0.010500638121013862,4.9999999999999964,0.026559997354186776,0.0067320369402910085,-0.010500638121013862,0.0,0.0,5.0,0.039023897319396504,-0.006360155097415257,-0.008115108731733682,0.0,0.0,4.9999999999999964,0.026559997354186776,0.0067320369402910085,-0.010500638121013862,0.0,0.0,-3.552713678800501e-15,-0.012463899965209729,0.013092192037706266,-0.00238552938928018,1.3673665935670989,1.1368529744555262,0.32571567342229046,0.46984514335540906,0.7894827335321576,0.2870688971779995,-0.27120841246711785,-0.7206814275437313,1.5916408487935114,-2.6068437504279234,-6.891385874713096,4.158870641007242,-0.039265252101472706
992,2.9760000000000018,5.0,0.039941944390364366,-0.007387018221597608,-0.007844851632112878,4.9999999999999964,0.02754666041873152,0.005718637347769107,-0.010344513119268178,4.9999999999999964,0.02754666041873152,0.005718637347769107,-0.010344513119268178,0.0,0.0,5.0,0.039941944390364366,-0.007387018221597608,-0.007844851632112878,0.0,0.0,4.9999999999999964,0.02754666041873152,0.005718637347769107,-0.010344513119268178,0.0,0.0,-3.552713678800501e-15,-0.012395283971632847,0.013105655569366714,-0.0024996614871553007,1.365198808653983,1.14159502633705,0.31788016747781306,0.4760962991472962,0.7862799500659005,0.2928210249933228,-0.26334768156274463,-0.722594971038623,1.5806839605079317,-2.61183531482581,-6.837890102035056,4.163691024302546,-0.04795637384647737
993,2.979000000000002,5.0,0.040853037676826826,-0.008410705632922464,-0.007567459531684487,4.9999999999999964,0.0285285276841903,0.004702779286943904,-0.010178979640100401,4.9999999999999964,0.0285285276841903,0.004702779286943904,-0.010178979640100401,0.0,0.0,5.0,0.040853037676826826,-0.008410705632922464,-0.007567459531684487,0.0,0.0,4.9999999999999964,0.0285285276841903,0.004702779286943904,-0.010178979640100401,0.0,0.0,-3.552713678800501e-15,-0.012324509992636526,0.013113484919866369,-0.0026115201084159143,1.3630261339886043,1.146304015999901,0.3100298140495414,0.48220937320388363,0.7830013133440107,0.29852189782510624,-0.2554755178383409,-0.724224888459576,1.5696632209502805,-2.6167844760905594,-6.782815239310439,4.167053008350666,-0.05651059331266501
994,2.982000000000002,5.0,0.04175701855990628,-0.009430777243498046,-0.007283184722391411,4.9999999999999964,0.02950542821012741,0.0036848994798335004,-0.010004188238493965,4.9999999999999964,0.02950542821012741,0.0036848994798335004,-0.010004188238493965,0.0,0.0,5.0,0.04175701855990628,-0.009430777243498046,-0.007283184722391411,0.0,0.0,4.9999999999999964,0.02950542821012741,0.0036848994798335004,-0.010004188238493965,0.0,0.0,-3.552713678800501e-15,-0.012251590349778872,0.013115676723331547,-0.0027210035161025535,1.360849419129168,1.150979773505121,0.30216474498311574,0.4881834998663543,0.7796496171065929,0.3041700004931321,-0.24759635660443013,-0.7255716198120832,1.558585835073386,-2.6216896888085484,-6.726172949667524,4.1689496926888205,-0.06492020861179319
995,2.985000000000002,5.0,0.042653729658975695,-0.010446794519882,-0.0069922857560953755,4.9999999999999964,0.030477191920803063,0.002665435517613912,-0.009820297889640516,4.9999999999999964,0.030477191920803063,0.002665435517613912,-0.009820297889640516,0.0,0.0,5.0,0.042653729658975695,-0.010446794519882,-0.0069922857560953755,0.0,0.0,4.9999999999999964,0.030477191920803063,0.002665435517613912,-0.009820297889640516,0.0,0.0,-3.552713678800501e-15,-0.012176537738172632,0.013112230037495913,-0.0028280121335451406,1.3586695115424683,1.1556221503275221,0.2942850965226859,0.4940179460163954,0.7762277480263962,0.30976386453713434,-0.23971462290530182,-0.7266358622332713,1.547458940800392,-2.626549486809935,-6.667975343515831,4.169374692270593,-0.07317764931369365
996,2.988000000000002,5.0,0.04354301485905765,-0.011458320671608577,-0.0066950272094201645,4.9999999999999964,0.03144364963478312,0.0016448256724966915,-0.009627475844349774,4.9999999999999964,0.03144364963478312,0.0016448256724966915,-0.009627475844349774,0.0,0.0,5.0,0.04354301485905765,-0.011458320671608577,-0.0066950272094201645,0.0,0.0,4.9999999999999964,0.03144364963478312,0.0016448256724966915,-0.009627475844349774,0.0,0.0,-3.552713678800501e-15,-0.01209936522427453,0.013103146344105268,-0.0029324486349296096,1.356487255846413,1.1602310191210505,0.2863910090673533,0.49971211061317056,0.7727386821000478,0.31530206961212925,-0.23183472688775375,-0.7274185653517802,1.5362895978427686,-2.631362485110868,-6.608234972257734,4.168322149992261,-0.08127548333223701
997,2.9910000000000023,5.0,0.044424719338003654,-0.012464920838967542,-0.00639167944311581,4.9999999999999964,0.03240463309439312,0.0006235087093137003,-0.009425897476932605,4.9999999999999964,0.03240463309439312,0.0006235087093137003,-0.009425897476932605,0.0,0.0,5.0,0.044424719338003654,-0.012464920838967542,-0.00639167944311581,0.0,0.0,4.9999999999999964,0.03240463309439312,0.0006235087093137003,-0.009425897476932605,0.0,0.0,-3.552713678800501e-15,-0.012020086243610534,0.013088429548281242,-0.0030342180338167957,1.354303493067933,1.164806273451429,0.27848262692237585,0.5052655239979343,0.7691854809244147,0.3207832447797419,-0.22396105925528628,-0.7279209261600231,1.5250847767928135,-2.6361273816591613,-6.546964821490386,4.165786749246858,-0.0892064236854801
998,2.9940000000000024,5.0,0.04529868959344828,-0.013466162279951309,-0.006082518356161478,4.9999999999999964,0.03335997499501149,-0.0003980763031099575,-0.009215746125695685,4.9999999999999964,0.03335997499501149,-0.0003980763031099575,-0.009215746125695685,0.0,0.0,5.0,0.04529868959344828,-0.013466162279951309,-0.006082518356161478,0.0,0.0,4.9999999999999964,0.03335997499501149,-0.0003980763031099575,-0.009215746125695685,0.0,0.0,-3.552713678800501e-15,-0.01193871459843679,0.013068085976841351,-0.003133227769534207,1.35211905991767,1.1693478274969813,0.2705600980457295,0.5106778469680642,0.765571287866142,0.3262060696928377,-0.21609798681753298,-0.7281443834209581,1.5138513485174216,-2.640842958882114,-6.484178303707727,4.161763726479208,-0.09696333512383931
999,2.9970000000000026,5.0,0.04616477346953347,-0.014461614556293224,-0.005767825134831827,4.9999999999999964,0.0343095090141968,-0.0014194901807135635,-0.00899721292619276,4.9999999999999964,0.0343095090141968,-0.0014194901807135635,-0.00899721292619276,0.0,0.0,5.0,0.04616477346953347,-0.014461614556293224,-0.005767825134831827,0.0,0.0,4.9999999999999964,0.0343095090141968,-0.0014194901807135635,-0.00899721292619276,0.0,0.0,-3.552713678800501e-15,-0.011855264455336668,0.013042124375579662,-0.0032293877913609336,1.3499347880827712,1.1738556157186166,0.2626235737906217,0.5159488696228657,0.7618993241325863,0.33156927567106137,-0.208249848144394,-0.7280906116329444,1.5025960738784563,-2.6455080850359356,-6.419889250513538,4.1562488837145315,-0.10453924062026648
1000,3.0000000000000027,5.0,0.04702282018339862,-0.015450849718515458,-0.005447885996953917,4.9999999999999964,0.03525306984064407,-0.00244029381300804,-0.008770496637384243,4.9999999999999964,0.03525306984064407,-0.00244029381300804,-0.008770496637384243,0.0,0.0,5.0,0.04702282018339862,-0.015450849718515458,-0.005447885996953917,0.0,0.0,4.9999999999999964,0.03525306984064407,-0.00244029381300804,-0.008770496637384243,0.0,0.0,-3.552713678800501e-15,-0.01176975034275455,0.013010555905507419,-0.003322610640430326,1.3477515035390384,1.1783295925000272,0.2546732086445508,0.5210785099840776,0.7581728847524958,0.33687164666518643,-0.200420949333991,-0.727761514577579,1.4913255938035104,-2.650121715356959,-6.354111904357679,4.149238601032808,-0.11192732771652134
