step,time,ctrl_drone_1_rotor1,ctrl_drone_1_rotor2,ctrl_drone_1_rotor3,ctrl_drone_1_rotor4,act_drone_1_rotor1,act_drone_1_rotor2,act_drone_1_rotor3,act_drone_1_rotor4,actuator_force_drone_1_rotor1,actuator_force_drone_1_rotor2,actuator_force_drone_1_rotor3,actuator_force_drone_1_rotor4,desired_Fx,desired_Fy,desired_Fz,desired_Tx,desired_Ty,desired_Tz,actual_Fx,actual_Fy,actual_Fz,actual_Tx,actual_Ty,actual_Tz,error_Fx,error_Fy,error_Fz,error_Tx,error_Ty,error_Tz,qpos_x,qpos_y,qpos_z,qpos_qw,qpos_qx,qpos_qy,qpos_qz,qvel_x,qvel_y,qvel_z,qvel_wx,qvel_wy,qvel_wz
0,0.0,1.2664213562362585,0.9835786437637442,1.5164213562362563,1.2335786437637444,0.0,0.0,0.0,0.0,0.0,0.0,0.0,0.0,0.0,0.0,5.0,0.0,0.05,0.00848528137417537,0.0,0.0,0.0,0.0,0.0,0.0,0.0,0.0,-5.0,0.0,-0.05,-0.00848528137417537,0.0,0.0,2.0,1.0,0.0,0.0,0.0,0.0,0.0,0.0,0.0,0.0,0.0
1,0.003,1.2732872952536258,0.9767664428170169,1.517955834669822,1.2319904272595372,0.0,0.0,0.0,0.0,0.0,0.0,0.0,0.0,0.0,0.0,5.0,0.001055544502632441,0.049989252385871735,0.008737293897703415,0.0,0.0,0.0,0.0,0.0,0.0,0.0,0.0,-5.0,-0.001055544502632441,-0.049989252385871735,-0.008737293897703415,0.0,0.0,2.0,1.0,0.0,0.0,0.0,0.0,0.0,0.0,0.0,0.0,0.0
2,0.006,1.2800740565492215,0.9701408726311542,1.5193046011797386,1.2304804696398866,0.0,0.0,0.0,0.0,0.0,0.0,0.0,0.0,0.0,0.0,5.0,0.002110905237821425,0.04995701416392514,0.008981359731868803,0.0,0.0,0.0,0.0,0.0,0.0,0.0,0.0,-5.0,-0.002110905237821425,-0.04995701416392514,-0.008981359731868803,0.0,0.0,2.0,1.0,0.0,0.0,0.0,0.0,0.0,0.0,0.0,0.0,0.0
3,0.009000000000000001,1.286777446448622,0.963706057583785,1.520464450065632,1.2290520459019643,0.0,0.0,0.0,0.0,0.0,0.0,0.0,0.0,0.0,0.0,5.0,0.003165898470116912,0.04990329919351902,0.009217256895427588,0.0,0.0,0.0,0.0,0.0,0.0,0.0,0.0,-5.0,-0.003165898470116912,-0.04990329919351902,-0.009217256895427588,0.0,0.0,2.0,1.0,0.0,0.0,0.0,0.0,0.0,0.0,0.0,0.0,0.0
4,0.012,1.2933933721802904,0.9574659749848906,1.52143232237486,1.227708330459963,0.0,0.0,0.0,0.0,0.0,0.0,0.0,0.0,0.0,0.0,5.0,0.004220340528050118,0.04982813056696439,0.009444770836654454,0.0,0.0,0.0,0.0,0.0,0.0,0.0,0.0,-5.0,-0.004220340528050118,-0.04982813056696439,-0.009444770836654454,0.0,0.0,2.0,1.0,0.0,0.0,0.0,0.0,0.0,0.0,0.0,0.0,0.0
5,0.015,1.299917845232625,0.951424451769391,1.5222053090500578,1.2264523939479273,0.14320637389526125,0.11122264349113473,0.17147626471597163,0.13949253431184538,0.14320637389526125,0.11122264349113473,0.17147626471597163,0.13949253431184538,0.0,0.0,5.0,0.005274047836110228,0.04973154059959695,0.009663694628480475,0.0,0.0,0.565397816414213,2.7755575615628914e-17,0.005653978164142103,0.000959511912123792,0.0,0.0,-4.4346021835857865,-0.005274047836110201,-0.04407756243545485,-0.008704182716356684,0.0,0.0,2.0,1.0,0.0,0.0,0.0,0.0,0.0,0.0,0.0,0.0,0.0
6,0.018,1.306346984605319,0.9455851613152597,1.5227806539512194,1.2252872001282045,0.2709954309567374,0.20909795832107775,0.32373558645562267,0.263031718933796,0.2709954309567374,0.20909795832107775,0.32373558645562267,0.263031718933796,0.0,0.0,5.0,0.006326836946704394,0.04961357081588467,0.009873829156696134,0.0,0.0,1.0668606946672339,0.0001193605113832992,0.010667391611160353,0.001839020102362295,0.0,0.0,-3.933139305332766,-0.006207476435321095,-0.03894617920472432,-0.00803480905433384,-1.3016242401041306e-08,6.389345984260311e-23,2.0000041036839007,0.9999999999088323,6.602340156899921e-20,1.3450149687939834e-05,1.1953566681749245e-06,-4.3387474670137685e-06,2.129781994753437e-20,0.0013678946335151125,4.4015601047337074e-17,0.008966766458899048,0.0007969044454741671
7,0.020999999999999998,1.312677019952107,0.9399516203900138,1.5231557567495084,1.2242156029083717,0.3851016012567865,0.29515635871076296,0.458930008515124,0.3724304011621723,0.3851016012567865,0.29515635871076296,0.458930008515124,0.3724304011621723,0.0,0.0,5.0,0.0073785245720954604,0.04947427193157611,0.010074983301048453,0.0,0.0,1.5116183696448457,0.00034456351930717624,0.015110244970974688,0.0026466727484846277,0.0,0.0,-3.4883816303551543,-0.007033961052788284,-0.034364026960601424,-0.007428310552563825,-5.036132936760638e-08,2.746506022167224e-10,2.000015950683898,0.9999999986236894,2.838993169627612e-07,5.225543998674425e-05,4.680761707465393e-06,-1.2448362322188359e-05,9.155020073888617e-08,0.003948999999154841,0.0001892658826344403,0.0258701933220062,0.002323605906586053
8,0.023999999999999997,1.3189042946121619,0.934527186228352,1.523328175690088,1.2232403434693992,0.48706271205376717,0.37075566669220017,0.5789678595753516,0.46929680264797824,0.48706271205376717,0.37075566669220017,0.5789678595753516,0.46929680264797824,0.0,0.0,5.0,0.008428927616311869,0.04931370383189759,0.010266974109067491,0.0,0.0,1.906083040969297,0.0006635988434193635,0.01904462834773625,0.003389671534334105,0.0,0.0,-3.093916959030703,-0.007765328772892505,-0.030269075484161342,-0.006877302574733386,-1.212860303223695e-07,1.3350024897909385e-09,2.000038769058825,0.9999999918758903,1.3867348930981733e-06,0.00012694468979638745,1.1460455259132376e-05,-2.364156698492104e-05,3.5345062919140534e-07,0.007606124975630202,0.0007352206028521603,0.049792831261417383,0.004519820003472577
9,0.026999999999999996,1.3250252685274433,0.9293150537435175,1.5232956302213616,1.2223640475076794,0.5782422309624405,0.4371006121274795,0.6855413294383188,0.5550576470016308,0.5782422309624405,0.4371006121274795,0.6855413294383188,0.5550576470016308,0.0,0.0,5.0,0.00947786320702417,0.04913193554580822,0.010449626962464143,0.0,0.0,2.2559418195298697,0.0010657936398273116,0.022525613335002956,0.004074379519074734,0.0,0.0,-2.7440581804701303,-0.008412069567196858,-0.026606322210805264,-0.006375247443389409,-2.3242694769416278e-07,3.880063927949743e-09,2.0000754218402204,0.9999999692794062,4.065449554157729e-06,0.00024682044525207027,2.2457221722892296e-05,-3.704697245726442e-05,8.483538127196016e-07,0.01221759379842371,0.0017857950178200098,0.07991716146018583,0.007331293648445722
10,0.029999999999999995,1.3310365210434454,0.9243182528749365,1.5230560034881508,1.2215892225934688,0.6598489942559901,0.49526012730014163,0.7801509268672993,0.6309786717767126,0.6598489942559901,0.49526012730014163,0.7801509268672993,0.6309786717767126,0.0,0.0,5.0,0.010525148727382598,0.04892904521632401,0.010622775735947887,0.0,0.0,2.5662387202001438,0.0015416611865261831,0.025602047708788017,0.004706416830696527,0.0,0.0,-2.4337612797998562,-0.008983487540856415,-0.023326997507535994,-0.00591635890525136,-3.871581561189535e-07,8.734325223942563e-09,2.000128448315956,0.999999910976471,9.272819609643372e-06,0.0004200919564121872,3.852029527007348e-05,-5.157706947493024e-05,1.6180870986642731e-06,0.017675491911929585,0.0034715311070820437,0.1155143129755183,0.010709103535324777
11,0.032999999999999995,1.3369347535908842,0.9195396460744991,1.5226073446864512,1.2209182556481684,0.7329547046679276,0.5461826854819024,0.8641271720868055,0.6981828206179681,0.7329547046679276,0.5461826854819024,0.8641271720868055,0.6981828206179681,0.0,0.0,5.0,0.011570601847810181,0.04870512006692387,0.010786262948320023,0.0,0.0,2.8414473828546036,0.002082766771718786,0.02831726025549436,0.0052907455598229375,0.0,0.0,-2.1585526171453964,-0.009487835076091395,-0.020387859811429508,-0.005495517388497085,-5.849138608199546e-07,1.6769859788226363e-08,2.0002001006454813,0.9999997841560012,1.813420710132038e-05,0.0006539931496821777,6.043229049206528e-05,-6.591856823366702e-05,2.6785115214279334e-06,0.023884109841685687,0.005907461900332998,0.15593405981387642,0.014609034688240994
12,0.036,1.3427167922459862,0.9149819259337564,1.5219478712775145,1.2203534105427445,0.7985094509055809,0.5907099046756616,0.9386498366313737,0.7576663779118256,0.7985094509055809,0.5907099046756616,0.9386498366313737,0.7576663779118256,0.0,0.0,5.0,0.01261404055774581,0.04846025636405182,0.010939939905705,0.0,0.0,3.085535570124442,0.0026816087510371095,0.030709685896195674,0.005831745074242011,0.0,0.0,-1.914464429875558,-0.0099324318067087,-0.017750570467856143,-0.005108194831462989,-8.205263568122398e-07,2.8813183951887397e-08,2.0002923763335416,0.9999995396323966,3.192683508709372e-05,0.0009548872958912685,8.891526267127244e-05,-7.853749866409508e-05,4.0144413878870116e-06,0.03075856268680472,0.009194790471428325,0.20059595251083598,0.0189910300336735
13,0.039,1.3483795901671602,0.9106476129541825,1.5210759710591581,1.2198968258194995,0.8573554725665642,0.6295886127227339,1.0047650078730708,0.8103132786129371,0.8573554725665642,0.6295886127227339,1.0047650078730708,0.8103132786129371,0.0,0.0,5.0,0.013655283197331801,0.04819455937573161,0.011083666836789541,0.0,0.0,3.3020223717753057,0.0033315130583696784,0.03281342011967098,0.006333278836559458,0.0,0.0,-1.6979776282246943,-0.010323770138962123,-0.015381139256060633,-0.004750388000230083,-1.0836070802539461e-06,4.553800711127078e-08,2.0004070470296527,0.999999108607361,5.206131465646621e-05,0.001328359880566184,0.0001246359920605132,-8.769357448056875e-05,5.574941053127795e-06,0.0382235653704036,0.013422388451557339,0.2489814555297514,0.023818702980659995
14,0.042,1.3539202299059323,0.9065390534625108,1.5199902040922877,1.21955051253927,0.9102393688543965,0.6634815477776848,1.063400224196996,0.856907799609914,0.9102393688543965,0.6634815477776848,1.063400224196996,0.856907799609914,0.0,0.0,5.0,0.01469414848904038,0.04790814332631151,0.011217313019946594,0.0,0.0,3.4940289404389913,0.004026539648962976,0.034658710717482874,0.006798753684956908,0.0,0.0,-1.5059710595610087,-0.010667608840077404,-0.013249432608828639,-0.004418559334989686,-1.3579867668586886e-06,6.734551944483632e-08,2.0005456840677662,0.9999983996900584,8.006518002309165e-05,0.0017793010117246922,0.00016821057727578462,-9.145989553491411e-05,7.269170777855178e-06,0.04621234603787417,0.018668132691559022,0.3006269764236692,0.02905890589980851
15,0.045000000000000005,1.359335925590162,0.9026584176730466,1.5186893044807868,1.219316352256008,0.9578229270545979,0.6929768484782176,1.1153778989796743,0.89814581565826,0.9578229270545979,0.6929768484782176,1.1153778989796743,0.89814581565826,0.0,0.0,5.0,0.015730455569233606,0.04760113134735876,0.011340756902128442,0.0,0.0,3.6643234901707498,0.00476139952549659,0.036272393910511874,0.007231172428466916,0.0,0.0,-1.3356765098292502,-0.010969056043737015,-0.011328737436846884,-0.004109584473661526,-1.6212224756043277e-06,9.423408560004157e-08,2.0007096811137353,0.9999972962169241,0.0001175682131717601,0.002311978548892719,0.00022020841440732747,-8.774523624854634e-05,8.962855385068414e-06,0.054665681989665926,0.02500009698192817,0.3551176856632208,0.03468134819498162
16,0.04800000000000001,1.3646240249776662,0.8990076978987136,1.517172182003032,1.2191960951205931,1.000692726834682,0.7185964706865442,1.1614272268561108,0.9346447822120564,1.000692726834682,0.7185964706865442,1.1614272268561108,0.9346447822120564,0.0,0.0,5.0,0.01676402401965125,0.04727365542472472,0.011453886209420882,0.0,0.0,3.8153612065893934,0.0055313811504083266,0.0376782811546941,0.007633180511882887,0.0,0.0,-1.1846387934106066,-0.011232642869242922,-0.00959537427003062,-0.003820705697537995,-1.8441735877761239e-06,1.256602406040077e-07,2.00090027424665,0.9999956538884318,0.00016628936231134504,0.0029301030027697145,0.0002811556306920082,-7.431703739059874e-05,1.0475385001322046e-05,0.06353104430495671,0.032477614129814716,0.41208203751231515,0.040658258373918364
17,0.05100000000000001,1.3697820113785082,0.8955887069124748,1.5154379235934212,1.2191913581155975,1.0393686587836146,0.7408036522010012,1.202194743881732,0.9669525891298305,1.0393686587836146,0.7408036522010012,1.202194743881732,0.9669525891298305,0.0,0.0,5.0,0.017794673898821108,0.04692585634180356,0.011556598049157905,0.0,0.0,3.949319643996178,0.00633228518307119,0.03889750220269467,0.008007107420017725,0.0,0.0,-1.0506803560038218,-0.011462388715749918,-0.008028354139108893,-0.00354949062914018,-1.9906451589405904e-06,1.6039279142881618e-07,2.001118559763292,0.9999932987235869,0.00022802507896967767,0.003636885136025503,0.00035153803452112254,-4.882385705482225e-05,1.1577516941602828e-05,0.07276183888069152,0.041152222200035456,0.4711869125036656,0.046964085155876766
18,0.05400000000000001,1.374807505444344,0.8924030764606132,1.513485794672456,1.2193036234225891,1.0743114799540905,0.7600095331091992,1.2382536937900521,0.9955554129496103,1.0743114799540905,0.7600095331091992,1.2382536937900521,0.9955554129496103,0.0,0.0,5.0,0.018822225773386353,0.04655788361900885,0.011648799003503983,0.0,0.0,4.0681301198029525,0.007160366600444931,0.03994880936763727,0.008355003415279998,0.0,0.0,-0.9318698801970475,-0.011661859172941422,-0.006609074251371583,-0.0032937955882239855,-2.0170946604656676e-06,1.9636166538283988e-07,2.001365509962292,0.999990025321878,0.00030463891713030094,0.004435087090337586,0.00043180363713585875,-8.816500508359e-06,1.1989624651341232e-05,0.08231673299990888,0.051068507352325376,0.5321333110779138,0.05357523321473596
19,0.057000000000000016,1.379698266823275,0.8894522559292555,1.5113152403240218,1.2195342369234479,1.1059295152887063,0.776579027278796,1.270112335335861,1.0208846809887058,1.1059295152887063,0.776579027278796,1.270112335335861,1.0208846809887058,0.0,0.0,5.0,0.019846500749344378,0.04616989544949405,0.011730405214418895,0.0,0.0,4.173505558892069,0.008012283366275519,0.04084884737570643,0.008678672135355982,0.0,0.0,-0.8264944411079309,-0.011834217383068859,-0.005321048073787617,-0.0030517330790629134,-1.8723968028904147e-06,2.3050295020657811e-07,2.0016419871356153,0.999985595415445,0.0003980522545207902,0.0053270677714067505,0.0005223647955419774,4.823261919175097e-05,1.1380428274579415e-05,0.09215905777451541,0.06226485444730875,0.5946525359362523,0.06046982965297238
20,0.06000000000000002,1.3844521956789158,0.8867375111653644,1.5089258863186783,1.2198844068370454,1.1345846014986678,0.7908360296835448,1.2982213104489417,1.0433232477170968,1.1345846014986678,0.7908360296835448,1.2982213104489417,1.0433232477170968,0.0,0.0,5.0,0.02086732050319176,0.04576205863114452,0.01180134245992776,0.0,0.0,4.266965189348252,0.008885050908327807,0.0416123926983826,0.008979699518204518,0.0,0.0,-0.7330348106517484,-0.011982269594863953,-0.00414966593276192,-0.002821642941723242,-1.4976604903143163e-06,2.5860136420573374e-07,2.001948755969312,0.9999797366901619,0.0005102360111778866,0.006314823140939433,0.000623600020910729,0.00012491210419203282,9.366137999718543e-06,0.10225627789889205,0.07477411544452044,0.6585028077344456,0.06762751774268944
21,0.06300000000000001,1.3890673340723645,0.8842599234532846,1.506317539981867,1.2203552024924853,1.16059735904351,0.8030680346848926,1.322980179384676,1.0632108724947942,1.16059735904351,0.8030680346848926,1.322980179384676,1.0632108724947942,0.0,0.0,5.0,0.021884507312969897,0.04533454849487038,0.01186154622162695,0.0,0.0,4.349856445607873,0.009776001746873542,0.04225256581510675,0.009259479468727488,0.0,0.0,-0.6501435543921268,-0.012108505566096356,-0.0030819826797636313,-0.0026020667528994616,-8.26091793453012e-07,2.751311933085047e-07,2.002286494532666,0.999972141852361,0.0006432032538880528,0.007400021991237747,0.0007358554919809897,0.00022385623228710143,5.509943034256977e-06,0.11257952111802057,0.08862420457147899,0.7234662650198602,0.07502927486079075
22,0.06600000000000002,1.393541867206013,0.8820203886478342,1.5034901909061367,1.2209475532400187,1.1842518681750247,0.8135302318950226,1.344743217050202,1.0808490776894404,1.1842518681750247,0.8135302318950226,1.344743217050202,1.0808490776894404,0.0,0.0,5.0,0.02289788408920593,0.04488754882923094,0.01191096174336447,0.0,0.0,4.42337439480969,0.010682749691924023,0.042781019466959516,0.009519236634611454,0.0,0.0,-0.5766256051903103,-0.012215134397281908,-0.002106529362271424,-0.002391725108753016,2.1710301266532196e-07,2.730965449116992e-07,2.0026558040146805,0.9999624679173963,0.0007990025871760011,0.00858403771301466,0.0008594463086961804,0.00034773160203944466,-6.782161322685037e-07,0.12310316067144236,0.10383862829678336,0.7893463048744044,0.08265725189208314
23,0.06900000000000002,1.3978741245281592,0.8800196164647272,1.5004440115065556,1.22166224750056,1.205799816418523,0.8224491387133751,1.3638245540349476,1.096505457255469,1.205799816418523,0.8224491387133751,1.3638245540349476,1.096505457255469,0.0,0.0,5.0,0.023907274405743546,0.04442125180142316,0.011949544081041432,0.0,0.0,4.488578966422315,0.011603158092566929,0.043208105615851866,0.009760046617269397,0.0,0.0,-0.511421033577685,-0.012304116313176617,-0.0012131461855712927,-0.002189497463772035,1.7147799401028223e-06,2.438716008713453e-07,2.003057217348885,0.9999503356967061,0.0009797122423212152,0.009867976509400495,0.000994657517458918,0.0004992256424791667,-9.741648013451306e-06,0.13380444473487887,0.12043695728554672,0.8559652256564071,0.09049463168157693
24,0.07200000000000002,1.402062580697632,0.8782581299290291,1.4971793574186794,1.2224999319546608,1.2254641772458554,0.830025821946736,1.380502736428803,1.110417497931545,1.2254641772458554,0.830025821946736,1.380502736428803,1.110417497931545,0.0,0.0,5.0,0.024912502530458264,0.04393585787466811,0.011977258143489336,0.0,0.0,4.5464102335529395,0.01253531168018615,0.043543023516775664,0.009982853906945664,0.0,0.0,-0.4535897664470605,-0.012377190850272113,-0.0003928343578924465,-0.0019944042365436718,3.757890424805631e-06,1.7704140617864372e-07,2.0034912068515527,0.9999353294611225,0.0011874347855464844,0.011252702457986022,0.00114174493592897,0.0006810368282342695,-2.227673156423385e-05,0.14466316755586195,0.13843524674518357,0.92316213760537,0.09852550438995439
25,0.07500000000000002,1.4061058564076525,0.8767362649821946,1.4936967677385462,1.2234611108716082,1.2434424729374705,0.8364387549966108,1.395024770133757,1.1227959681845017,1.2434424729374705,0.8364387549966108,1.395024770133757,1.1227959681845017,0.0,0.0,5.0,0.02591339345585196,0.043431575722030866,0.011994078724385971,0.0,0.0,4.59770196625234,0.013477491599160438,0.04379395103841775,0.010188487798351728,0.0,0.0,-0.4022980337476598,-0.012435901856691522,0.000362375316386887,-0.0018055909260342434,6.445489690418644e-06,6.024360598688432e-08,2.003958190984287,0.9999169967596512,0.0014242923751561114,0.012738859777412792,0.0013009358021906776,0.0008958664218710044,-3.89326000639198e-05,0.15566137757805198,0.15784641087669482,0.9907911109488694,0.10673475784803471
26,0.07800000000000003,1.4100027190683737,0.8754541702480725,1.4899969651043232,1.2245461455792326,1.259909668637729,0.8418463518413667,1.4076097079447192,1.133827923794257,1.259909668637729,0.8418463518413667,1.4076097079447192,1.133827923794257,0.0,0.0,5.0,0.026909772929521174,0.042908622136711067,0.01199999052518091,0.0,0.0,4.643193652218072,0.014428153264590016,0.04396816112598806,0.01037767651420237,0.0,0.0,-0.3568063477819283,-0.012481619664931158,0.0010595389892769924,-0.001622314010978539,9.884724370308943e-06,-1.209885592667132e-07,2.004458540339426,0.9998948483746237,0.0016924225051083261,0.014326892614814611,0.001472429270341728,0.0011464115599634328,-6.041072175119917e-05,0.166783118379732,0.17868055652447537,1.0587195345870366,0.11510798122056534
27,0.08100000000000003,1.4137520833476267,0.8744118069581632,1.4860808556193665,1.225755254074846,1.2750207392923565,0.8463892143787509,1.4184518310853442,1.1436793734453468,1.2750207392923565,0.8463892143787509,1.4184518310853442,1.1436793734453468,0.0,0.0,5.0,0.027901467484494003,0.042367221938842514,0.011994988169009754,0.0,0.0,4.683541158201798,0.015385906727360815,0.04407212508595834,0.010551059738304044,0.0,0.0,-0.3164588417982017,-0.012515560757133188,0.0017049031471158271,-0.0014439284307057095,1.4190802880504252e-05,-3.8338177458339597e-07,2.004992582935595,0.999868358395874,0.0019939741793809783,0.01601706263475273,0.0016563967720754557,0.001435359503398436,-8.746440510556093e-05,0.17801419872291774,0.20094528055991392,1.1268266614769376,0.12363138047990933
28,0.08400000000000003,1.4173530115695467,0.873608949036246,1.4819495286166031,1.2270885107776066,1.2889129464426399,0.8501921255596595,1.4277234710399829,1.1524976427870512,1.2889129464426399,0.8501921255596595,1.4277234710399829,1.1524976427870512,0.0,0.0,5.0,0.02888830446943021,0.04180760787884194,0.011979076205584466,0.0,0.0,4.719326185829334,0.01634949926300487,0.04411160418247349,0.01070919973703868,0.0,0.0,-0.28067381417066617,-0.012538805206425339,0.002303996303631553,-0.0012698764685457869,1.948695152745609e-05,-7.460765274450716e-07,2.0055606089008773,0.9998369643983319,0.002331104467617671,0.01780946465865539,0.0018529822616155493,0.0017653828823172796,-0.00012089825095389186,0.18934198842739752,0.22464593503469388,1.1950023195410104,0.13229170435892038
29,0.08700000000000004,1.4208047139709197,0.873045183342342,1.4776042562642617,1.2285458464224817,1.3017078576698078,0.8533658170768421,1.4355775123391086,1.1604134710749239,1.3017078576698078,0.8533658170768421,1.4355775123391086,1.1604134710749239,0.0,0.0,5.0,0.029870112078679362,0.04123002053734856,0.011952269107055347,0.0,0.0,4.751064658160683,0.017317799932878103,0.04409173086673826,0.010852591227857256,0.0,0.0,-0.2489353418393172,-0.01255231214580126,0.0028617103293896995,-0.0010996778791980914,2.5904358865907803e-05,-1.2307792332697636e-06,2.006162874612342,0.9998000677090968,0.002705975398000915,0.0197040405757132,0.002062302359389168,0.002139135779483904,-0.0001615675686082307,0.20075523715480867,0.24978586369313704,1.2631457693196817,0.1410761796019355
30,0.09000000000000004,1.4241065488151268,0.872719910075888,1.473046493013154,1.2301270480958335,1.313513137774686,0.8560085371197038,1.4421496123580009,1.1675428706491469,1.313513137774686,0.8560085371197038,1.4421496123580009,1.1675428706491469,0.0,0.0,5.0,0.030846719382191738,0.04063470822179735,0.011914591254848408,0.0,0.0,4.779214157901537,0.018289785894612817,0.0440170808112758,0.010981670135457543,0.0,0.0,-0.2207858420984632,-0.012556933487578921,0.0033823725894784468,-0.000932921119390865,3.3582110399015496e-05,-1.8619125402778443e-06,2.0067996063528923,0.9997570337516141,0.003120751148160039,0.021700591721290748,0.0022844464080681924,0.0025592505110358975,-0.0002103777690026936,0.2122439135168825,0.2763666130340124,1.3311646917130746,0.14997245446552937
31,0.09300000000000004,1.4272580223638516,0.8726323433377967,1.4682778748858194,1.2318317594125334,1.3244241374887207,0.8582074408216182,1.4475601701107952,1.1739887760839327,1.3244241374887207,0.8582074408216182,1.4475601701107952,1.1739887760839327,0.0,0.0,5.0,0.03181795635527678,0.04002192685967058,0.011866076917490136,0.0,0.0,4.804180524505067,0.019264530264024027,0.043891736788438884,0.011096821360409473,0.0,0.0,-0.1958194754949334,-0.012553426091252755,0.003869809928768307,-0.0007692555570806628,4.2667115336978246e-05,-2.6667637730381455e-06,2.0074710035395342,0.9997071924560176,0.003577595499247869,0.023798789896833043,0.002519476453046875,0.0030283349793209175,-0.0002682837442534337,0.22379906221395413,0.30438812075619015,1.3989742910410932,0.15896854953837783
32,0.09600000000000004,1.4302587887066571,0.8727815118509787,1.4633002186080033,1.2336594808343642,1.3345253025953991,0.860039823467614,1.45191607240546,1.179842506807836,1.3345253025953991,0.860039823467614,1.45191607240546,1.179842506807836,0.0,0.0,5.0,0.03278365390820395,0.03939193988847337,0.011806770219439789,0.0,0.0,4.826323705276309,0.020241191353016136,0.043719345315028274,0.011198385670881134,0.0,0.0,-0.17367629472369117,-0.012542462555187817,0.004327405426554902,-0.0006083845485586551,5.331402680110135e-05,-3.6756314935032733e-06,2.008177241571041,0.999649838725998,0.004078669522168832,0.025998187185655153,0.0027674271580376305,0.0035489704880410345,-0.0003362892401550426,0.23541267716890862,0.3338488841050345,1.4664965003223658,0.16805281505396988
33,0.09900000000000005,1.4331086494488612,0.8731662598387371,1.4581155205830594,1.2356095701293448,1.3438914237539141,0.861574214261045,1.4553122425176905,1.185185064303597,1.3438914237539141,0.861574214261045,1.4553122425176905,1.185185064303597,0.0,0.0,5.0,0.03374364391564076,0.03874501814248077,0.011736725100957595,0.0,0.0,4.845962944836247,0.021219003127877584,0.043503166880632854,0.01128666581560444,0.0,0.0,-0.15403705516375332,-0.012524640787763178,0.004758148738152085,-0.0004500592853531552,6.568515657518182e-05,-4.921970170841343e-06,2.008918474337596,0.9995842329537199,0.004626129468363442,0.02829822470162298,0.003028305665237048,0.00412370992469349,-0.00041544622577935656,0.24707758885162043,0.36474611035351745,1.5336592771547268,0.17721389396249312
34,0.10200000000000005,1.4358075532581365,0.8737852480603427,1.452725955710043,1.2376812429714812,1.3525887450222995,0.862871346435189,1.457833013696848,1.190088282609203,1.3525887450222995,0.862871346435189,1.457833013696848,1.190088282609203,0.0,0.0,5.0,0.034697759245922964,0.03808143973630474,0.01165600526904534,0.0,0.0,4.86338138776354,0.02219726674994653,0.04324612048485625,0.011361931945121334,0.0,0.0,-0.1366186122364601,-0.012500492495976435,0.00516468074855151,-0.00029407332392400627,7.995038526216141e-05,-6.442532958300363e-06,2.0096948364301745,0.9995096015753404,0.005222124840596222,0.030698240392312327,0.0033020914084249866,0.004755076228993195,-0.00050685426248634,0.25878736419292253,0.39707585140011886,1.600395979894499,0.18644069011033376
35,0.10500000000000005,1.438355595270451,0.8746369550028925,1.447133876046348,1.2398735736803093,1.3606759470421403,0.8639850177106425,1.4595533472939484,1.1946158487248153,1.3606759470421403,0.8639850177106425,1.4595533472939484,1.1946158487248153,0.0,0.0,5.0,0.035645833790151724,0.037401489945331594,0.011564684139503971,0.0,0.0,4.878830160771546,0.023175343076236476,0.04295082312659809,0.011424426418509468,0.0,0.0,-0.12116983922845392,-0.012470490713915247,0.005549333181266498,-0.00014025772099450322,9.628706849741256e-05,-8.277512577957947e-06,2.010506445083179,0.9994251376605834,0.005868796621897319,0.03319747600455104,0.003588735886396021,0.00544556107841705,-0.0006116598732191947,0.27053621766812475,0.43083312424139797,1.6666448149977997,0.195722340948462
36,0.10800000000000005,1.440753016356096,0.8757196782285015,1.4413418093159347,1.2421854960994685,1.3682050190419848,0.8649628535161257,1.4605399130638863,1.1988242076525557,1.3682050190419848,0.8649628535161257,1.4605399130638863,1.1988242076525557,0.0,0.0,5.0,0.036587702491112706,0.03670546108308067,0.011462844770160914,0.0,0.0,4.892531993274552,0.02415264601145284,0.042619624815833146,0.011474368064057841,0.0,0.0,-0.10746800672544765,-0.012435056479659867,0.005914163732752477,1.1523293896927023e-05,0.00011487993969689062,-1.0470680313571595e-05,2.011353401880051,0.9993300015306088,0.006568275643209461,0.03579508330810798,0.0038881624032710642,0.006197623733159354,-0.0007310559118712162,0.2823189322906745,0.466012018877738,1.7323483474212567,0.2050481942555706
37,0.11100000000000006,1.4430002022466526,0.8770315358756631,1.4353524572642766,1.244615804613411,1.37522203221572,0.8658469839860886,1.4608520472093423,1.2027633651307932,1.37522203221572,0.8658469839860886,1.4608520472093423,1.2027633651307932,0.0,0.0,5.0,0.03752320137201213,0.03599365237553742,0.011350579785327828,0.0,0.0,4.904684428541944,0.025128636615108252,0.04225463961383266,0.011511955954622712,0.0,0.0,-0.09531557145805625,-0.012394564756903877,0.00626098723829524,0.0001613761692948832,0.00013592100967479314,-1.306952310872641e-05,2.012235794248248,0.9992233213990951,0.007322681072424346,0.038490129662519385,0.0042002657814856435,0.0070136899926341685,-0.0008662809317182716,0.29413078939901005,0.5026057950335328,1.7974530668967907,0.2144077884191264
38,0.11400000000000006,1.4450976825239004,0.8785704683135269,1.42916869386135,1.247163155301224,1.3817678256123647,0.8666746445030528,1.4605426019735304,1.206477599647528,1.3817678256123647,0.8666746445030528,1.4605426019735304,1.206477599647528,0.0,0.0,5.0,0.03845216756502464,0.035266369832514896,0.011227991291557524,0.0,0.0,4.915462671736476,0.026102817878330964,0.041857773150564104,0.011537372751529718,0.0,0.0,-0.084537328263524,-0.012349349686693677,0.006591403318049208,0.0003093814599721932,0.00015960946334756736,-1.612537876278978e-05,2.0131536967669863,0.9991041940320355,0.008134119009385949,0.04128160300248182,0.004524912052589116,0.007896151224258074,-0.0010186185513544573,0.30596750624603514,0.5406069689156232,1.861909003708739,0.22379083586831228
39,0.11700000000000006,1.4470461294718189,0.8803342399476906,1.42279356335407,1.2498260672264239,1.3878786144144724,0.8674787084479886,1.4596586990277187,1.2100060940074342,1.3878786144144724,0.8674787084479886,1.4596586990277187,1.2100060940074342,0.0,0.0,5.0,0.039374439339648196,0.034523926116098606,0.011095190784776639,0.0,0.0,4.9250221158976135,0.027074730094619928,0.04143074701726919,0.01155078766480152,0.0,0.0,-0.07497788410238648,-0.012299709245028267,0.006906820901170584,0.0004555968800248802,0.00018615155364559333,-1.9693569211394e-05,2.0141071723085244,0.9989716854222462,0.009004681173118579,0.04416841630875594,0.004861938130406326,0.008847363432675323,-0.0011893968162014074,0.31782518051275155,0.5800073910939648,1.9256693883232694,0.2331872092979115
40,0.12000000000000006,1.448846356792882,0.8823204411759598,1.4162302781697356,1.2526029238614227,1.3935865293655028,0.868288159842288,1.4582423975147905,1.213383495565202,1.3935865293655028,0.868288159842288,1.4582423975147905,1.213383495565202,0.0,0.0,5.0,0.040289856130860884,0.03376664040623176,0.010952299048878556,0.0,0.0,4.933500582287783,0.028043946757362645,0.04097512038722016,0.011552359072092046,0.0,0.0,-0.06649941771221712,-0.012245909373498239,0.007208479980988405,0.0006000600232134896,0.00021576049267742762,-2.383353187172323e-05,2.0150962730314257,0.9988248314750061,0.009936443669028714,0.04714941162399325,0.005211151470600981,0.009869646343944759,-0.0013799875534430757,0.3297002409670287,0.6207983164643941,1.9886903498601765,0.24258693036216689
41,0.12300000000000007,1.450499318190088,0.8845264904924219,1.4094822166722043,1.255491974645287,1.3989200951159848,0.8691285126959295,1.4563312863820408,1.2166404132072892,1.3989200951159848,0.8691285126959295,1.4563312863820408,1.2166404132072892,0.0,0.0,5.0,0.04119825856707486,0.0329948382634983,0.010799446045868782,0.0,0.0,4.941020307401244,0.029010070924530396,0.04049230917774155,0.011542236833922102,0.0,0.0,-0.05897969259875602,-0.012188187642544465,0.00749747091424325,0.0007427907880533206,0.0002486563401312281,-2.8608949026123862e-05,2.016121041242156,0.998662638701606,0.010931465825152321,0.050223363666212294,0.005572329720230554,0.010965282484600164,-0.0015918057181335448,0.3415894035766937,0.6629704671432537,2.0509306489649712,0.2519801605531127
42,0.12600000000000006,1.452006105816179,0.886949636738009,1.4025529207725793,1.258491336673236,1.4039046543797817,0.870022183105708,1.4539590095472186,1.21980385825016,1.4039046543797817,0.870022183105708,1.4539590095472186,1.21980385825016,0.0,0.0,5.0,0.042099488497882524,0.03220885148916289,0.010636770797662723,0.0,0.0,4.947689705282869,0.02997273199770152,0.03998360303118888,0.011520564338566984,0.0,0.0,-0.052310294717131,-0.012126756500181003,0.00777475154202599,0.0008837935409042614,0.0002850658888513093,-3.4087875210740755e-05,2.017181510139549,0.9984840849178861,0.011991789087692533,0.05338898308671475,0.00594522036048871,0.012136516240027075,-0.0018263087282056306,0.3534896324643556,0.7065140890459929,2.112351441142855,0.261357194009338
43,0.12900000000000006,1.453367948591712,0.8895869614956506,1.3954460933964001,1.261598996516241,1.4085627440126165,0.8709888194638253,1.4511557314758168,1.22289763561242,1.4085627440126165,0.8709888194638253,1.4511557314758168,1.22289763561242,0.0,0.0,5.0,0.04299338902159007,0.03140901798252814,0.010464421259643307,0.0,0.0,4.953604930564679,0.03093158286853942,0.03945018036117948,0.01148748030618281,0.0,0.0,-0.04639506943532101,-0.01206180615305065,0.008041162378651337,0.001023059046539503,0.0003252225474924318,-4.034286256918972e-05,2.0182777044550315,0.9982881199450916,0.013119435967132543,0.056644919413960985,0.006329540345486806,0.013385552880374171,-0.002084995786149656,0.3653981051607602,0.7514190028153083,2.1729160670629524,0.27070845202904836
44,0.13200000000000006,1.454586210393721,0.8924353816279327,1.3881655958094,1.2648128121689508,1.4129144284339883,0.8720455955308354,1.447948549890855,1.2259426908992235,1.4129144284339883,0.8720455955308354,1.447948549890855,1.2259426908992235,0.0,0.0,5.0,0.04387980451253365,0.030595681595670027,0.010282554186093562,0.0,0.0,4.958851264754902,0.031886297391152146,0.03889312168252548,0.011443120378421767,0.0,0.0,-0.04114873524509832,-0.011993507121381503,0.008297440086855457,0.0011605661923282055,0.00036936622012842936,-4.7451084124834896e-05,2.0194096410000566,0.9980736663105881,0.014316409027130376,0.0599897637202438,0.006724975739625359,0.014714557545332515,-0.002369407185215058,0.37731218167500186,0.7976746496877133,2.232589866737495,0.28002447908605455
45,0.13500000000000006,1.4556623881168385,0.8954916519550911,1.3807154448040415,1.26813051512403,1.4169775952007224,0.8732074705891847,1.4443618615765443,1.2289574183996077,1.4169775952007224,0.8732074705891847,1.4443618615765443,1.2289574183996077,0.0,0.0,5.0,0.04475858064817337,0.02976919198561443,0.010091334987626389,0.0,0.0,4.96350434576606,0.0328365681434601,0.038313421418624496,0.011387618516827111,0.0,0.0,-0.0364956542339403,-0.011922012504713267,0.008544229433010066,0.001296283529200722,0.0004177431826734137,-5.549445491912653e-05,2.02057732913092,0.9978396199461599,0.015584689909218897,0.06342205104384036,0.0071311813558444645,0.016125654181661453,-0.002681123598097211,0.389229376954484,0.8452701328195207,2.2913400148322154,0.2892959401692837
46,0.13800000000000007,1.4565981096088794,0.8987523680710323,1.3730998097491662,1.2715497125709236,1.4207682169968483,0.8744874204166325,1.440417686563301,1.231957934431773,1.4207682169968483,0.8744874204166325,1.440417686563301,1.231957934431773,0.0,0.0,5.0,0.04562956443596046,0.02892990446401792,0.009890937580741367,0.0,0.0,4.967631258408555,0.0337821044448688,0.03771199835815932,0.011321108230676155,0.0,0.0,-0.032368741591445094,-0.011847459991091658,0.008782093894141398,0.001430170649934788,0.0004706059559616035,-6.455975095771161e-05,2.021780771139988,0.9975848508817559,0.0169262383870577,0.06694026259562846,0.00754778039681452,0.017620924429396594,-0.003021765346195025,0.40114733635590816,0.8941942545331187,2.349135374676048,0.2985136192859032
47,0.14100000000000007,1.4573951314829774,0.9022139692949369,1.3653230095051994,1.2750678897168897,1.4243005838224163,0.8758966423957901,1.436135955383879,1.2349583199696457,1.4243005838224163,0.8758966423957901,1.436135955383879,1.2349583199696457,0.0,0.0,5.0,0.04649260423997279,0.028078179844417645,0.009681544229645254,0.0,0.0,4.971291501571732,0.03472263060123927,0.03708970491353182,0.011243723652612891,0.0,0.0,-0.028708498428268392,-0.01176997363873352,0.009011525069114176,0.001562179422967637,0.0005282131753245573,-7.473872590067227e-05,2.0230199625813623,0.9973082039326825,0.018342991444623813,0.07054282777586922,0.007974364100931327,0.019202406454317943,-0.0033929916476535503,0.4130638137914766,0.9444355498912603,2.405946368814887,0.30766841898544295
48,0.14400000000000007,1.4580553368085019,0.9058727417559211,1.3573895092075072,1.2786824122280729,1.4275875087363112,0.8774447377008051,1.4315347635602957,1.2379708360390942,1.4275875087363112,0.8774447377008051,1.4315347635602957,1.2379708360390942,0.0,0.0,5.0,0.04734754980731438,0.027214384287116013,0.009463345380480227,0.0,0.0,4.974537846036506,0.03565788435143047,0.03644733531622735,0.01115560047835061,0.0,0.0,-0.025462153963493606,-0.011689665455883909,0.009232951029111335,0.0016922550978703838,0.0005908294565011999,-8.612822542826469e-05,2.02429489253812,0.9970084993783432,0.019836862373294625,0.07422812602393984,0.008410491394809176,0.02087209372554751,-0.003796499842530806,0.4249766522525399,0.995982316960063,2.4617448641995243,0.3167513607776565
49,0.14700000000000008,1.4585807326831117,0.9097248216080591,1.3493039169205716,1.2823905287882613,1.430640510128935,0.8791398731694133,1.4266305970110842,1.241006114977507,1.430640510128935,0.8791398731694133,1.4266305970110842,1.241006114977507,0.0,0.0,5.0,0.048194252294273925,0.026338889141766575,0.009236539488110441,0.0,0.0,4.97741709528694,0.036587615492594455,0.03578563286902428,0.011056876784896481,0.0,0.0,-0.022582904713059904,-0.01160663680167947,0.009446743727257706,0.0018203372967860402,0.0006587252577156357,-9.883029920890387e-05,2.02560554383746,0.9966845336307195,0.021409739883277403,0.07799448852120443,0.008855688553818733,0.02263193373814527,-0.004234024593546395,0.43688376644665533,1.048822644079892,2.5165040703155754,0.32575358633048523
50,0.15000000000000008,1.4589734476883494,0.9137661983730054,1.3410709801658043,1.286189373772842,1.4334699731643237,0.8809889251733954,1.4214385316514466,1.2440733303003848,1.4334699731643237,0.8809889251733954,1.4214385316514466,1.2440733303003848,0.0,0.0,5.0,0.049032564292238144,0.02545207078772929,0.009001332835624615,0.0,0.0,4.97997076028955,0.03751158466398666,0.035105296361411215,0.010947693740129855,0.0,0.0,-0.020029239710449787,-0.011520979628251486,0.009653225573681926,0.0019463609045052392,0.0007321767377596175,-0.00011295231039182989,2.026951893219402,0.9963350798908713,0.023063487225282443,0.08184019976490187,0.00930944887209066,0.024483826681327245,-0.004707337060975337,0.4487831273139343,1.102944434426601,2.5701984487562908,0.33466635934658956
51,0.15300000000000008,1.459235729231375,0.9179927184073104,1.3326955823259148,1.2900759700354016,1.43608529273302,0.88299760753866,1.415972410089086,1.2471803476081298,1.43608529273302,0.88299760753866,1.415972410089086,1.2471803476081298,0.0,0.0,5.0,0.049862339853355184,0.02455431047226313,0.00875793934671872,0.0,0.0,4.9822356579688964,0.03842956227134038,0.03440698574255359,0.010828196215129746,0.0,0.0,-0.017764342031103553,-0.011432777582014803,0.009852675270290458,0.002070256868411025,0.0008114656099200726,-0.00012860704254286039,2.0283339114640473,0.9959588887918045,0.024799941318727717,0.08576349902887559,0.009771232343298514,0.02642962405348505,-0.005218244050343501,0.4606727482150784,1.158335428113244,2.6228036329104314,0.34348106802765005
52,0.15600000000000008,1.4593699407754508,0.9224000884914187,1.324182738928863,1.2940472318042693,1.438494999992493,0.8851705853339449,1.4102449979905223,1.2503338586908201,1.438494999992493,0.8851705853339449,1.4102449979905223,1.2503338586908201,0.0,0.0,5.0,0.05068343451594377,0.023645994146626322,0.008506580391129412,0.0,0.0,4.98424444200778,0.03934132753588461,0.03369132713549046,0.010698533309373752,0.0,0.0,-0.01575555799221995,-0.011342106980059163,0.010045332988864137,0.0021919529182443404,0.0008968789915968032,-0.0001459128039378326,2.0297515634818684,0.9955546890261203,0.026620911883107654,0.0897625817251406,0.010240465353443333,0.028471127225576882,-0.005768587131657396,0.47255067260702227,1.2149832220538124,2.674296356589315,0.35218922804518354
53,0.15900000000000009,1.4593785589619788,0.9269838795372536,1.3155375938145293,1.2980999676862415,1.4407068743373126,0.8875115761411551,1.4042681224018378,1.253539500744513,1.4407068743373126,0.8875115761411551,1.4042681224018378,1.253539500744513,0.0,0.0,5.0,0.05149570532964361,0.022727512300154018,0.008247484583295203,0.0,0.0,4.986026073624819,0.04024666765388327,0.03295891726678832,0.010558858797802238,0.0,0.0,-0.013973926375181023,-0.01124903767576034,0.0102314049666343,0.002311374214507035,0.0009887092494609622,-0.00016499352912472109,2.031204808370997,0.9951211879569299,0.028528180569462658,0.0938356006786549,0.010716540386785586,0.030610085954719722,-0.006360241728962831,0.4844149630429523,1.2728752877853982,2.7246543905519154,0.360782485945091
54,0.1620000000000001,1.4592641706269367,0.9317395304111402,1.3067654151873473,1.302230883774579,1.442728042433235,0.8900234402376471,1.3980527940498277,1.256801962395961,1.442728042433235,0.8900234402376471,1.3980527940498277,1.256801962395961,0.0,0.0,5.0,0.052299010880302595,0.021799259792385194,0.007980887574428488,0.0,0.0,4.987606239116671,0.04114537705417212,0.03221032737749066,0.010409331507741822,0.0,0.0,-0.012393760883329108,-0.011153633826130473,0.010411067585105467,0.0024284439333133335,0.0010872538400108576,-0.0001859788776619347,2.032693599445053,0.9946570722105714,0.03052350008915335,0.09798066732621118,0.011198815746006098,0.032848196849965115,-0.006995116179071203,0.4962636913519628,1.331998987423037,2.773856486006434,0.3692526229206857
55,0.1650000000000001,1.459029469714676,0.9366623518687733,1.2978715915582435,1.3064365868583105,1.4445650657648361,0.8927082609587236,1.391609315420758,1.260125078040472,1.4445650657648361,0.8927082609587236,1.391609315420758,1.260125078040472,0.0,0.0,5.0,0.053093211314596704,0.020861635683310724,0.0077070318381875155,0.0,0.0,4.989007720184789,0.04203725674258266,0.031446106673767044,0.010250115632795972,0.0,0.0,-0.010992279815210892,-0.011055954572014047,0.01058447099045632,0.002543083794608457,0.0011928151453877908,-0.0002090043299368985,2.0342178842346628,0.9941610082497345,0.03260859333737874,0.10219585284907129,0.011686615287624644,0.03518710179231107,-0.007675150758321269,0.5080949298700076,1.3923415879019954,2.821882324272785,0.37759155889564344
56,0.1680000000000001,1.4586772540921273,0.9417475305987963,1.2888616275793134,1.3107135877297647,1.446224017982702,0.8955674163648534,1.3849473762110311,1.2635119118271902,1.446224017982702,0.8955674163648534,1.3849473762110311,1.2635119118271902,0.0,0.0,5.0,0.053878168364378025,0.01991504306181568,0.007426166450143213,0.0,0.0,4.990250722385777,0.04292211372340078,0.0306667853690666,0.01008138099002534,0.0,0.0,-0.009749277614223395,-0.010956054640977243,0.010751742307250917,0.002655214539882127,0.0013057003043208143,-0.00023421127996567338,2.035777604465488,0.9936316429256584,0.034785152509083914,0.10647918924781333,0.012179228173661983,0.03762838631100785,-0.008402316676258296,0.5199067436083469,1.453890273645154,2.868712471884499,0.3857913568642667
57,0.1710000000000001,1.4582104222665877,0.9469901333714672,1.2797411397747995,1.3150583045871485,1.447710553191056,0.8986016432106371,1.3780761375641233,1.2669648324749,1.447710553191056,0.8986016432106371,1.3780761375641233,1.2669648324749,0.0,0.0,5.0,0.05465374537074693,0.018959888872389523,0.007138546861241582,0.0,0.0,4.9913531664407165,0.04379976048911956,0.029872877363733077,0.00990330322604463,0.0,0.0,-0.008646833559283529,-0.010853984881627372,0.010912988491343555,0.0027647563648030473,0.0014262210380753273,-0.00026174712507100694,2.0373726960152636,0.993067604008133,0.037054838205083776,0.11082867036683237,0.012675908640496659,0.040173577918170986,-0.009178615035111179,0.5316971832585901,1.5166321577781017,2.9143283404919416,0.3938442274417521
58,0.1740000000000001,1.4576319700102882,0.9523851112888191,1.2705158521719617,1.3194670665289334,1.4490299661880135,0.9018110940994413,1.3710043063485742,1.270485579967351,1.4490299661880135,0.9018110940994413,1.3710043063485742,1.270485579967351,0.0,0.0,5.0,0.05541980730784394,0.01799658374017892,0.00684443466546747,0.0,0.0,4.99233094660338,0.0446700145707349,0.029064882602847023,0.009716063977046933,0.0,0.0,-0.007669053396620384,-0.010749792737109042,0.011068298862668101,0.0028716293115794633,0.0015546934712862305,-0.0002917653523328102,2.0390030888520982,0.9924675006921017,0.039419278526387706,0.11524225287501852,0.013175875785841404,0.04282414440363443,-0.010006075753934432,0.5434642789448727,1.5805542920013882,2.958712151002729,0.401742533581861
59,0.1770000000000001,1.4569449868951039,0.9579273041326077,1.2611915918356067,1.3239361171366846,1.4501872455565143,0.9051953886073065,1.3637402005902886,1.2740753250581534,1.4501872455565143,0.9051953886073065,1.3637402005902886,1.2740753250581534,0.0,0.0,5.0,0.05617622080635743,0.01702554179445798,0.006544097361921295,0.0,0.0,4.993198159812263,0.04553269814170727,0.02824328914846211,0.009519850987220142,0.0,0.0,-0.00680184018773744,-0.010643522664650164,0.011217747354004128,0.0029757536252988477,0.0016914379475618424,-0.0003244256217015772,2.04066870695603,0.9918299240797375,0.04188006815484813,0.11971785720831675,0.013678313374744063,0.04558149209187066,-0.010886756456255652,0.5552060346438606,1.6456436752178427,3.001846901460833,0.4094787954235904
60,0.1800000000000001,1.4561526527407922,0.963611444806248,1.2517742843100366,1.3284616181429245,1.4511871204027682,0.9087536590707505,1.3562918070468966,1.2777347224097968,1.4511871204027682,0.9087536590707505,1.3562918070468966,1.2777347224097968,0.0,0.0,5.0,0.05692285417674286,0.016047180490592318,0.006237808111524858,0.0,0.0,4.993967308930213,0.04638763766949179,0.02740857499831746,0.009314858189536757,0.0,0.0,-0.0060326910697874325,-0.010535216507251068,0.011361394507725144,0.0030770500780118986,0.0018367788397498823,-0.00035989384566166934,2.042369468225637,0.9911534476369408,0.044438767418376476,0.12425336847914277,0.014182369665504162,0.04844696406267995,-0.011822741320030711,0.5669204232022805,1.7118872610027778,3.043716338224028,0.4170456952321818
61,0.1830000000000001,1.4552582339802391,0.969432163866899,1.2422699489723552,1.3330396531805107,1.452034101449291,0.9124845916541521,1.3486668318006185,1.2814639580977425,1.452034101449291,0.9124845916541521,1.3486668318006185,1.2814639580977425,0.0,0.0,5.0,0.057659577432149486,0.015061920430573012,0.0059258454885777806,0.0,0.0,4.994649483001804,0.04723466360922626,0.0265612096794918,0.009101285752470226,0.0,0.0,-0.00535051699819622,-0.010424913822923224,0.011499289248918786,0.003175440263892445,0.001991044354761535,-0.00039834226532765464,2.0441052843713057,0.9904366276232845,0.047096901339075035,0.12884663735697574,0.014687157256387716,0.05142183833721754,-0.01281613988866177,0.5786053818896724,1.7792719639960994,3.0843049300509415,0.4244360824031408
62,0.1860000000000001,1.4542650799453036,0.9753839941437081,1.2326846943010386,1.3376662316099512,1.4527325171100056,0.9163864632423839,1.3408727446473712,1.285262792127537,1.4527325171100056,0.9163864632423839,1.3408727446473712,1.285262792127537,0.0,0.0,5.0,0.05838626231105085,0.014070185182197907,0.005608493227390286,0.0,0.0,4.995254517127298,0.04807361013477873,0.025701655642251853,0.008879340095811844,0.0,0.0,-0.004745482872701601,-0.01031265217627212,0.011631470460053946,0.0032708468684215578,0.0021545663328538978,-0.00043994952285298256,2.045876060796599,0.9896780034945262,0.04985595866272375,0.13349548092386732,0.015191752954019044,0.05450732603078769,-0.013869085841775973,0.5902588084311606,1.847784665287664,3.123597844754694,0.43164297850091643
63,0.1890000000000001,1.453176619076875,0.9814613754382373,1.22302471306389,1.342337292421,1.4532865451042944,0.9204571746422475,1.3329168179723139,1.2891305965392534,1.4532865451042944,0.9204571746422475,1.3329168179723139,1.2891305965392534,0.0,0.0,5.0,0.05910278229957466,0.013072401096977876,0.005286039964222951,0.0,0.0,4.995791134258109,0.04890431490289866,0.024830369476502537,0.008649233878426615,0.0,0.0,-0.004208865741890833,-0.010198467396676,0.01175796837952466,0.0033631939142036646,0.00232768004127498,-0.00048490073002617614,2.047681696469013,0.988876098276894,0.052717390868140215,0.13819768350808634,0.015695197664328756,0.057704569473693984,-0.014983735724397864,0.6018785574713448,1.917412216860556,3.1615809281206744,0.43865958230655044
64,0.19200000000000012,1.4519963550628414,0.9876586593029297,1.213296277429429,1.3470487082048046,1.4537002401042949,0.924694280521169,1.324806160724412,1.2930663896082428,1.4537002401042949,0.924694280521169,1.324806160724412,1.2930663896082428,0.0,0.0,5.0,0.05980901265352858,0.012068997126846405,0.00495877897476804,0.0,0.0,4.996267070958119,0.0497266188466957,0.023947802970719065,0.008411185960489426,0.0,0.0,-0.00373292904188105,-0.01008239380683288,0.01187880584387266,0.0034524069857213855,0.002510723962178877,-0.000533387532925406,2.049522083781291,0.9880294189124539,0.05568261115499919,0.14295099749865534,0.016196496306941095,0.06101464030129895,-0.016162267633076644,0.6134624374260174,1.988141445151159,3.1982406848219362,0.44547927485098304
65,0.19500000000000012,1.4507278629077713,0.9939701138934756,1.2035057340059367,1.351796289192819,1.4539775578542193,0.9290950164627324,1.3165477480337477,1.297068866593241,1.4539775578542193,0.9290950164627324,1.3165477480337477,1.297068866593241,0.0,0.0,5.0,0.06050483042011778,0.011060404639751074,0.004627007907411215,0.0,0.0,4.99668918894394,0.05054036599509802,0.023054404031003714,0.008165421342479912,0.0,0.0,-0.0033108110560595705,-0.009964464425019762,0.01199399939125264,0.003538413435068696,0.0027040395747218206,-0.0005856081724977606,2.051397108404341,0.9871364565749687,0.05875299340875711,0.14775314414312277,0.016694617753891212,0.06443853751431453,-0.017406879857451537,0.6250082076833992,2.0599591537798805,3.233564261097569,0.45209562441283435
66,0.19800000000000012,1.4493747849381324,1.0003899288908369,1.19365949881241,1.356575787358624,1.4541223761512565,0.9336563234752712,1.3081484469542748,1.3011364274314698,1.4541223761512565,0.9336563234752712,1.3081484469542748,1.3011364274314698,0.0,0.0,5.0,0.06119011445935077,0.010047057234206699,0.004291028512516226,0.0,0.0,4.997063574012272,0.05134540331531803,0.022150617475921702,0.007912171082981853,0.0,0.0,-0.0029364259877278087,-0.009844711144032736,0.012103560241715003,0.003621142570465627,0.0029079711312524886,-0.0006417675409247272,2.053306649132704,0.9861956869557736,0.06192987114137797,0.152601814330547,0.017188494793573275,0.06797718551022262,-0.01871978947565555,0.6365135761210172,2.1328521255020556,3.2675394289876305,0.45850239146138855
67,0.20100000000000012,1.4479408267469163,1.0069122204886405,1.183764052185711,1.3613829005787337,1.4541385130339661,0.9383748702512683,1.2996150387605623,1.3052672017347802,1.4541385130339661,0.9383748702512683,1.2996150387605623,1.3052672017347802,0.0,0.0,5.0,0.0618647454651295,0.009029390552889142,0.003951146367978783,0.0,0.0,4.997395623780577,0.05214158057569157,0.02123688572101079,0.007651672197127195,0.0,0.0,-0.0026043762194234432,-0.009723164889437932,0.012207495168121647,0.003700525829148412,0.003122865427512322,-0.0007020772336303386,2.055250577723429,0.9852055705193034,0.06521453640660158,0.15749466936134301,0.01767702412083325,0.07163143208661113,-0.020103230901870432,0.6479761969082987,2.2068071234248143,3.300154571943241,0.46469353352722353
68,0.20400000000000013,1.4464297530816628,1.0135310364415857,1.1738259336283134,1.3662132768484405,1.4540297424853739,0.9432470734411947,1.290954238179092,1.3094590714004333,1.4540297424853739,0.9432470734411947,1.290954238179092,1.3094590714004333,0.0,0.0,5.0,0.06252860598602022,0.008007842095350716,0.003607670601299252,0.0,0.0,4.997690125506093,0.052928750226552065,0.020313649365295658,0.007384167537342563,0.0,0.0,-0.0023098744939069604,-0.00959985575946816,0.012305807269944942,0.0037764969360433113,0.0033490715667636476,-0.0007667555967831041,2.0572287587291345,0.9841645527280336,0.06860823868853358,0.16242934170535264,0.018159066354135483,0.07540204641710863,-0.02155945438425518,0.659393668568474,2.281810891532495,3.3313986716526056,0.4706632099844719
69,0.20700000000000013,1.4448453836798612,1.0202403611704551,1.1638517366010368,1.3710625185486478,1.4537998079236492,0.9482691161751382,1.2821727098920839,1.3137096911142323,1.4537998079236492,0.9482691161751382,1.2821727098920839,1.3137096911142323,0.0,0.0,5.0,0.0631815804457015,0.006982851029937025,0.0032609136084269185,0.0,0.0,4.997951325105103,0.053706767297065916,0.019381347690752893,0.007109905657895439,0.0,0.0,-0.002048674894896685,-0.009474813148635589,0.012398496660815867,0.0038489920494685207,0.0035869407177651783,-0.000836027770137234,2.059241049325964,0.9830710642367251,0.07211218376237095,0.16740343574924552,0.018633446080749665,0.07928971700051024,-0.023090724451376644,0.6707635322765254,2.3578501545604253,3.361261295943355,0.47640578673008893
70,0.21000000000000013,1.4431915890557756,1.0270341209192937,1.153848103265278,1.375926186759654,1.4534524337228247,0.953436965038718,1.2732770826140964,1.318016506991888,1.4534524337228247,0.953436965038718,1.2732770826140964,1.318016506991888,0.0,0.0,5.0,0.0638235551630857,0.005954858004986517,0.0029111907696315826,0.0,0.0,4.998182988367527,0.05447548930618981,0.018440419084444187,0.006829140664594724,0.0,0.0,-0.0018170116324727204,-0.00934806585689589,0.01248556107945767,0.003917949894963141,0.003836825866516007,-0.0009101257250527619,2.061287299137082,0.9819235210559941,0.0757275325261066,0.1724145285341327,0.01909895193092406,0.08329504958360949,-0.024699318305175976,0.6820832703727191,2.434911617254562,3.38973258763897,0.481915840746759
71,0.21300000000000013,1.4414722862428082,1.0339061889602261,1.143821719179221,1.3807998056177482,1.4529913349790309,0.9587463856859507,1.2642739610081666,1.3223767735762593,1.4529913349790309,0.9587463856859507,1.2642739610081666,1.3223767735762593,0.0,0.0,5.0,0.0644544183721106,0.004924304959393749,0.002558820162660819,0.0,0.0,4.998388455249408,0.0552347761861173,0.017491301391944408,0.006542132050874817,0.0,0.0,-0.0016115447505917757,-0.009219642185993304,0.012566996432550659,0.003983311888213999,0.004099081561690566,-0.000989288297527985,2.063367350052303,0.9807203246853706,0.07945539980208433,0.17746017048407953,0.019554336682031916,0.08741856505818635,-0.02638752415840766,0.6933503050737764,2.51298196305247,3.4168032542624407,0.4871881645372081
72,0.21600000000000014,1.4396914344955163,1.0408503908413977,1.1337793079526155,1.3856788667104745,1.452420225713787,0.9641929572505924,1.255169935678582,1.3267875693830542,1.452420225713787,0.9641929572505924,1.255169935678582,1.3267875693830542,0.0,0.0,5.0,0.0650740602411975,0.0038916349326178646,0.0022041222734438997,0.0,0.0,4.998570688026016,0.055984490216766686,0.01653443220972564,0.0062491445213808255,0.0,0.0,-0.0014293119739843263,-0.00908957002443081,0.012642797277107777,0.004045022247936926,0.004374063653688219,-0.0010737612160711587,2.065481036044401,0.9794598622161511,0.08329685310730094,0.18253788612603325,0.019998317393700595,0.09166069733255128,-0.028157639514391236,0.7045619973659851,2.592047852219436,3.4424645584939064,0.4922177704187202
73,0.21900000000000014,1.437853030955479,1.0478605096734346,1.1237276258647035,1.3905588335063863,1.4517428256846887,0.9697720856987242,1.245971591451059,1.3312458111653571,1.4517428256846887,0.9697720856987242,1.245971591451059,1.3312458111653571,0.0,0.0,5.0,0.06568237289237264,0.002857291874217812,0.0018474197046054134,0.0,0.0,4.998732313999829,0.05672449597002627,0.015570249123300323,0.005950447804074992,0.0,0.0,-0.001267686000170798,-0.00895787692234637,0.01271295724908251,0.004103028099469578,0.004662129027222246,-0.001163797124231616,2.0676281829826006,0.9781405064045032,0.0872529113913761,0.18764517480153542,0.020429575574956862,0.09602179117800909,-0.030011969386819076,0.7157156460665784,2.672095919472093,3.466708309301073,0.49699989466759503
74,0.22200000000000014,1.4359611062851916,1.0549302914498266,1.1136734564499322,1.3954351458150516,1.450962865955014,0.9754790162487057,1.236685514127768,1.3357482670476204,1.450962865955014,0.9754790162487057,1.236685514127768,1.3357482670476204,0.0,0.0,5.0,0.06627925042004852,0.0018217204529965632,0.0014890368820537254,0.0,0.0,4.998875663379108,0.05745466026261607,0.01459918989716684,0.0056463164517968345,0.0,0.0,-0.0011243366208919525,-0.00882459015743245,0.012777469444170277,0.004157279569743109,0.0049636353273739995,-0.0012596555976034176,2.0698086084437253,0.9767606157154342,0.09132454374113452,0.1927795113704637,0.020846757384447058,0.10050210005058441,-0.031952824457267236,0.7268084870415252,2.753112771120716,3.4895268536718076,0.5015300015041373
75,0.22500000000000014,1.434019720274251,1.0620534503965722,1.1036236050561208,1.4003032242730589,1.450084093357098,0.981308844969857,1.2273182958839561,1.3402915686622703,1.450084093357098,0.981308844969857,1.2273182958839561,1.3402915686622703,0.0,0.0,5.0,0.06686458890946165,0.0007853658658357873,0.0011292997599111388,0.0,0.0,4.999002802873182,0.058174852116555514,0.013621692621927167,0.005337029634133905,0.0,0.0,-0.0009971971268178947,-0.008689736792906133,0.012836326756091379,0.0042077298742227666,0.005278940679039036,-0.0013616031551073068,2.072022121521434,0.9753185343383909,0.09551266805076888,0.19793834690694448,0.021248473864817204,0.10510178388834546,-0.03398251916796308,0.7378376925695214,2.8350849817603714,3.510913068887743,0.5058037869095525
76,0.22800000000000015,1.432032957422053,1.0692236743464298,1.0935848933797514,1.4051584748517683,1.449110273969538,0.9872565296581254,1.2178765394545723,1.3448722224065537,1.449110273969538,0.9872565296581254,1.2178765394545723,1.3448722224065537,0.0,0.0,5.0,0.06743828645476392,-0.00025132635369616915,0.0007685355240541223,0.0,0.0,4.99911556548879,0.0588849427263394,0.012638195823346271,0.00502287092039147,0.0,0.0,-0.0008844345112102303,-0.00855334372842452,0.01288952217704244,0.004254335396337348,0.005608403399693051,-0.0014699132643491188,2.074268522633964,0.9738125921754276,0.0998181496565768,0.20311910938749167,0.021633301212365386,0.10982090688467153,-0.03610336974727063,0.7488003708434564,2.9179990905402415,3.530860355285975,0.5098171822668423
77,0.23100000000000015,1.4300049225013352,1.0764346301330727,1.0835641539831067,1.4099962933824872,1.4480451957151845,0.9933169000753711,1.208366861243035,1.3494866199234794,1.4480451957151845,0.9933169000753711,1.208366861243035,1.3494866199234794,0.0,0.0,5.0,0.06800024317676412,-0.001287910526881283,0.00040707229453324054,0.0,0.0,4.99921557695707,0.05958480543202581,0.011649138537595874,0.004704128054390536,0.0,0.0,-0.0007844230429299159,-0.00841543774473831,0.012937049064477157,0.004297055759857295,0.005952381705406558,-0.0015848663408449177,2.07654760333077,0.9722411048030373,0.10424179993529159,0.2083192043713607,0.021999781083107066,0.11465943523783578,-0.03831769216526633,0.7596935656019796,3.0018415970397783,3.549362629463269,0.5135663578184517
78,0.23400000000000015,1.4279397361068127,1.0836799690004462,1.0735682247979712,1.4148120700947737,1.4468926701752503,0.99948466762859,1.1987958934698595,1.3541310478984943,1.4468926701752503,0.99948466762859,1.1987958934698595,1.3541310478984943,0.0,0.0,5.0,0.06855036124031662,-0.0023239410214511485,4.52388271434403e-05,0.0,0.0,4.999304279172194,0.0602743156975295,0.01065496035645136,0.004381092721770376,0.0,0.0,-0.0006957208278057792,-0.008276045542787117,0.012978901377902509,0.004335853894626936,0.0063112334100385095,-0.0017067497408949964,2.078859146098425,0.9706023734089204,0.10878437486505566,0.21353601567305502,0.022346420936422896,0.11961723487731711,-0.040627800016692896,0.7705142558850192,3.0865989567797514,3.5664143178836327,0.5170477259340376
79,0.23700000000000015,1.4258415301932392,1.090953332022596,1.0636039436206333,1.4196011941635351,1.445656533704564,1.0057544345562401,1.1891702854660748,1.3588016972526904,1.445656533704564,1.0057544345562401,1.1891702854660748,1.3588016972526904,0.0,0.0,5.0,0.0690885448713542,-0.0033589724431663257,-0.0003166357855838808,0.0,0.0,4.9993829509795695,0.060953351093493924,0.009656101445796095,0.004054060310425628,0.0,0.0,-0.0006170490204304713,-0.008135193777860275,0.01301507388896242,0.004370696096009509,0.006685315617540452,-0.0018358577478804928,2.0812029241661496,0.9688946847051313,0.1134465735481163,0.21876690602688842,0.022671694417488272,0.12469406916731408,-0.04303600232849876,0.7812593559082311,3.1722575763957988,3.5820103508557626,0.5202579441822869
80,0.24000000000000016,1.423714443607223,1.0982483555292473,1.0536781426029433,1.4243590582605905,1.4443406479238603,1.0121207026807186,1.1794967042050204,1.3634946718037249,1.4443406479238603,1.0121207026807186,1.1794967042050204,1.3634946718037249,0.0,0.0,5.0,0.06961470037356209,-0.004392559827293354,-0.0006782224136950729,0.0,0.0,4.999452726613324,0.06162179128418463,0.008653002540416621,0.0037233296646665553,0.0,0.0,-0.0005472733866760393,-0.007992909089377456,0.013045562367709975,0.004401552078361628,0.007074984407304485,-0.0019724915517477784,2.083578701311307,0.9671163108192214,0.11822903669435979,0.22400921774348487,0.02297404177971404,0.129889596588011,-0.04554460128909524,0.7919257150523871,3.2588038085016784,3.596146156851851,0.52319391820125
81,0.24300000000000016,1.4215626176170948,1.105558676532393,1.043797642744157,1.4290810631063582,1.4429488996568955,1.0185778817788298,1.1697818341560609,1.3682059964571,1.4429488996568955,1.0185778817788298,1.1697818341560609,1.3682059964571,0.0,0.0,5.0,0.07012873614469019,-0.005424258829897105,-0.0010391921891624739,0.0,0.0,4.999514612048886,0.062279518017910485,0.007646104917743535,0.0033892028336553887,0.0,0.0,-0.0004853879511141912,-0.007849218126779703,0.01307036374764064,0.004428395022817862,0.007480594512490209,-0.002116959221436967,2.085986231665201,0.9652655091651756,0.12313234506483825,0.22926027335809238,0.02325187034845839,0.1352033683952415,-0.048155889896396235,0.802510117964658,3.3462239462691272,3.6088176571436303,0.5258528043621422
82,0.24600000000000016,1.41939019144518,1.1128779381491545,1.0339692483883416,1.4337626220173267,1.4414852003730017,1.025120297615693,1.1600323765348435,1.3729316249828831,1.4414852003730017,1.025120297615693,1.1600323765348435,1.3729316249828831,0.0,0.0,5.0,0.07063056269250086,-0.006453625918866352,-0.0013992168049943964,0.0,0.0,4.999569499506421,0.06292641512053482,0.006635850352903205,0.0030519848146390305,0.0,0.0,-0.00043050049357873377,-0.0077041475719660385,0.013089476271769557,0.004451201619633427,0.007902498991268134,-0.0022695756700018958,2.08842525951951,0.9633405222961166,0.12815701787448822,0.2345173762705931,0.023503555027300845,0.14063482625930862,-0.050872149521642825,0.8130092847696334,3.434504217750936,3.620021260735308,0.5282320122220304
83,0.24900000000000017,1.4172012978067683,1.1201997950161848,1.0241997417320698,1.43839916544498,1.4399534851893177,1.0317421996818676,1.1502550480168166,1.3776674474262267,1.4399534851893177,1.0317421996818676,1.1502550480168166,1.3776674474262267,0.0,0.0,5.0,0.07112009265034913,-0.0074802185645901,-0.0017579688138349002,0.0,0.0,4.999618180314228,0.06356236849168603,0.005622681057185802,0.002711983291470599,0.0,0.0,-0.00038181968577166714,-0.007557724158663098,0.013102899621775903,0.004469952105305499,0.008341048890919696,-0.002430662612159785,2.090895519133676,0.9613395777409317,0.13330351115328903,0.23977781137711188,0.023727438848200277,0.14618329988385398,-0.053695647385963094,0.8234198713887297,3.5236307799736393,3.6297538595764207,0.5303292067612619
84,0.25200000000000017,1.4150000584601319,1.127517918690887,1.0144958773471475,1.4429861455018367,1.438357711481294,1.0384377686684398,1.1404565789737202,1.3824092971940949,1.438357711481294,1.0384377686684398,1.1404565789737202,1.3824092971940949,0.0,0.0,5.0,0.07159724079239321,-0.008503595430203256,-0.002115121925781658,0.0,0.0,4.999661356317549,0.06418726610332287,0.004607039601808138,0.002369508368887198,0.0,0.0,-0.0003386436824506234,-0.007409974689070342,0.013110635032011394,0.004484630294668856,0.008796592904737163,-0.002600548513999506,2.093396734543578,0.9592608878271616,0.1385722160651646,0.24503884569315584,0.023921833566890108,0.15184800460582204,-0.056628633946573616,0.8337384699674056,3.613589712826024,3.6380128240405205,0.5321423104018992
85,0.25500000000000017,1.41279057977186,1.1348260030347386,1.0048643767231036,1.447519040470301,1.4367018571450603,1.0452011237103505,1.1306437112865448,1.387152957855314,1.4367018571450603,1.0452011237103505,1.1306437112865448,1.387152957855314,0.0,0.0,5.0,0.07206192404843187,-0.009523316561319212,-0.0024703513051511305,0.0,0.0,4.99969964999727,0.06480099800034791,0.003589368828644801,0.00202487230298911,0.0,0.0,-0.0003003500027300987,-0.007260926048083954,0.013112685389964013,0.004495223608140241,0.00926947702167038,-0.0027795685345679924,2.095928619371809,0.9571026494926642,0.1439634571839933,0.2502977289682604,0.024085020304894608,0.15762803897773953,-0.059673340189495494,0.8439616094103158,3.704367012769474,3.6447959986581235,0.5336695048038196
86,0.2580000000000002,1.4105769483018205,1.1421177695740234,0.9953119228341438,1.4519933592900152,1.4349899185508035,1.0520263294242882,1.1208231957829398,1.3918941696863791,1.4349899185508035,1.0520263294242882,1.1208231957829398,1.3918941696863791,0.0,0.0,5.0,0.07251406151836685,-0.010538943575168339,-0.0028233338659211012,0.0,0.0,4.999733613444411,0.06540345630299549,0.002570111749422732,0.001678389228346143,0.0,0.0,-0.0002663865555891931,-0.007110605215371366,0.01310905532459107,0.004501723094267244,0.009760044168671557,-0.0029680644590449,2.0984908766398847,0.9548630440887571,0.14947749072616043,0.2555516942921697,0.024215250239581057,0.16352238233372518,-0.06283197482563588,0.8540857560252094,3.7959485863960087,3.6501016980945264,0.534909232435511
87,0.2610000000000002,1.4083632264120072,1.1493869728332986,0.9858451547352642,1.4564046460194318,1.4332259082223682,1.0589074027639545,1.1110017893421675,1.3966286359912912,1.4332259082223682,1.0589074027639545,1.1110017893421675,1.3966286359912912,0.0,0.0,5.0,0.07295357448628732,-0.011550039849060703,-0.0031737485655818744,0.0,0.0,4.999763736319782,0.06599453521075377,0.0015497114347136076,0.00133037488213935,0.0,0.0,-0.0002362636802182294,-0.0069590392755335545,0.013099751283774311,0.004504123447721224,0.010268633845694148,-0.003166384623206131,2.1010831985827156,0.9525402371777104,0.15511450273916244,0.26079795869264155,0.024310745343692614,0.16952989234086352,-0.06610672138707706,0.8641073142770108,3.8883202438597313,3.6539287033649734,0.5358601979169489
88,0.2640000000000002,1.4061534479035176,1.1566274056369434,0.9764706621921859,1.460748484267353,1.4314138522747943,1.0658383197123973,1.101186251706361,1.4013520292200075,1.4314138522747943,1.0658383197123973,1.101186251706361,1.4013520292200075,0.0,0.0,5.0,0.07338038643417413,-0.012556170708092168,-0.0035212766971288658,0.0,0.0,4.99979045291356,0.06657413100760433,0.0005286108939176887,0.0009811463257312636,0.0,0.0,-0.00020954708644005393,-0.006806255426569804,0.013084781602009857,0.004502423022860129,0.010795581753307594,-0.003374883828867388,2.103705266465678,0.9501323783276515,0.16087460724585761,0.2660337237250416,0.024369699175836493,0.17564930253781538,-0.06949973522041891,0.8740226276541259,3.9814676922072163,3.656276258281229,0.5365213691322825
89,0.2670000000000002,1.4039516136859056,1.1638329043741638,0.9671949803497301,1.4650205015902054,1.4295577876384178,1.0728130218283458,1.091383342032995,1.4060599969068237,1.4295577876384178,1.0728130218283458,1.091383342032995,1.4060599969068237,0.0,0.0,5.0,0.07379442305522135,-0.013556903612013088,-0.0038656021789310194,0.0,0.0,4.999814148406582,0.06714214206839006,-0.0004927470526944755,0.0006310216640436489,0.0,0.0,-0.00018585159341810709,-0.006652280986831294,0.013064156559318613,0.004496623842974668,0.011341219412896002,-0.0035939232499895115,2.1063567504046268,0.94763760090811,0.16675784434405008,0.2712561760539692,0.024390277723430505,0.18187921986280245,-0.07301314037404115,0.8838279796495861,4.075376528632236,3.657144066124991,0.5368919781103867
90,0.2700000000000002,1.401761687483025,1.170997354222874,0.9580245844432618,1.4692163738508413,1.4276617590953948,1.0798254226610318,1.0815998152200692,1.410748167447106,1.4276617590953948,1.0798254226610318,1.0815998152200692,1.410748167447106,0.0,0.0,5.0,0.07419561226677293,-0.014551808341179435,-0.004206411842211418,0.0,0.0,4.999835164423602,0.06769846886614,-0.001513919908925132,0.0002803197631098958,0.0,0.0,-0.00016483557639812574,-0.0064971434006329265,0.013037888432254303,0.004486731605321314,0.011905873779416171,-0.003823870329118072,2.1090373091892074,0.94505402188961,0.17276417826119597,0.27646248802725093,0.02437062029963895,0.18821812217339004,-0.07664902637618672,0.8935195948601913,4.170032233680014,3.656532286544662,0.5369715216716515
91,0.2730000000000002,1.3995875915796372,1.1781146943278968,0.9489658845577452,1.473331829534726,1.4257298161520875,1.0868694140458162,1.071842418032472,1.4154121557282193,1.4257298161520875,1.0868694140458162,1.071842418032472,1.4154121557282193,0.0,0.0,5.0,0.07458388422287202,-0.01554045718150602,-0.0045433957158786,0.0,0.0,4.999853803958596,0.06824301398020186,-0.0025344656437212565,-7.064003384214118e-05,0.0,0.0,-0.00014619604140442277,-0.00634087024267016,0.013005991537784764,0.004472755682036459,0.012489866846698585,-0.00406509866382054,2.1117465901098296,0.9423797416508843,0.1788934953641314,0.2816498182427317,0.024308840495854994,0.1946643557608047,-0.08040944490082258,0.9030936402073273,4.265420164426036,3.6544415326729776,0.536759761839689
92,0.2760000000000002,1.3974332026127516,1.1851789229289649,0.9400252204389306,1.4773626540193552,1.423766009768567,1.0939388722910142,1.0621178850553041,1.420047568628226,1.423766009768567,1.0939388722910142,1.0621178850553041,1.420047568628226,0.0,0.0,5.0,0.07495917132642106,-0.016522425108342922,-0.0048762473084495534,0.0,0.0,4.999870335743111,0.06877568210504745,-0.0035539428376051008,-0.0004215381914305233,0.0,0.0,-0.00012966425688887284,-0.006183489221373614,0.012968482270737821,0.00445470911701903,0.013093515245284165,-0.00431798788277546,2.1144842287886805,0.9396128437974531,0.1851456021238446,0.2868153121084005,0.024203027191311552,0.20121613286186005,-0.08429640631830686,0.9125462262836382,4.361525547654217,3.6508728684637024,0.5362567260169313
93,0.2790000000000002,1.395302347411898,1.1921841024340796,0.9312088563611706,1.4813046937928533,1.421774388964575,1.1010276642646137,1.0524329344975545,1.4246500103939101,1.421774388964575,1.1010276642646137,1.0524329344975545,1.4246500103939101,0.0,0.0,5.0,0.0753214082409502,-0.01749728996919536,-0.005204663886807929,0.0,0.0,4.9998849981206535,0.0692963800596317,-0.004571910833772411,-0.0007720552679459092,0.0,0.0,-0.00011500187934654349,-0.006025028181318504,0.012925379135422948,0.00443260861886202,0.013717129832799945,-0.004582923511159415,2.117249849015171,0.9367513949954696,0.19152022303544405,0.2919561023964972,0.024051245621425653,0.20787152917192686,-0.08831187612798504,0.9218734088302032,4.458333473058999,3.645827806246231,0.535462706923385
94,0.2820000000000002,1.3931987988922707,1.1991243644337763,0.9225229760562632,1.4851538606176917,1.419758997319575,1.1081296533880758,1.0427942638673955,1.429215087907901,1.419758997319575,1.1081296533880758,1.0427942638673955,1.429215087907901,0.0,0.0,5.0,0.07567053190199219,-0.018464632665209067,-0.005528346751544016,0.0,0.0,4.999898002482947,0.06980501679720048,-0.005587929893235435,-0.0011218722016350935,0.0,0.0,-0.0001019975170528653,-0.005865515104791705,0.012876702771973631,0.004406474549908923,0.01436101527688826,-0.004860296824969279,2.120043062586219,0.9337934448248921,0.19801699849361923,0.29706930979236557,0.023851538506502026,0.21462848136277196,-0.09245777126995453,0.9310711903493247,4.555828886495688,3.6393083044973547,0.5343782622980858
95,0.2850000000000002,1.3911262720047473,1.2059939146519696,0.9139736777077223,1.4889061356355642,1.4177238693829919,1.1152387055430713,1.0332085455384878,1.4337384158530808,1.4177238693829919,1.1152387055430713,1.0332085455384878,1.4337384158530808,0.0,0.0,5.0,0.07600648152806176,-0.019424037331342788,-0.005847001508625957,0.0,0.0,4.999909536317632,0.07030150341545136,-0.006601561353449442,-0.0014706705971200829,0.0,0.0,-9.046368236820257e-05,-0.0057049781126104065,0.012822475977893346,0.004376330911505875,0.015025469630716774,-0.005150504693909408,2.1228634691517945,0.9307370256561956,0.20463548262404202,0.30215204343893914,0.023601927242440146,0.2214847846095045,-0.09673595631337649,0.9401355218584695,4.653996583303091,3.631316765829806,0.5330042143630712
96,0.2880000000000002,1.389088419746718,1.212787037829036,0.9055669690147761,1.4925575734094707,1.4156730270094122,1.1223486948958363,1.023682422225001,1.4382156217810782,1.4156730270094122,1.1223486948958363,1.023682422225001,1.4382156217810782,0.0,0.0,5.0,0.0763291986312375,-0.020375091515150545,-0.006160338337155185,0.0,0.0,4.9999197659113275,0.07078575316696531,-0.007612367789916946,-0.0018181330116375238,0.0,0.0,-8.023408867252613e-05,-0.005543445464272184,0.012762723725233599,0.0043422053255176615,0.015710783901110702,-0.005453949412466047,2.1257106560661683,0.9275801525549744,0.2113751410713238,0.3072014014778745,0.023300413155104473,0.22843809013130947,-0.10114823951887952,0.9490623047913144,4.752821201722137,3.6218560351973776,0.531341649049958
97,0.2910000000000002,1.3870888292375627,1.2194981025329237,0.8973087623303544,1.4961043058991614,1.413610475632282,1.129453509642784,1.0142225023815674,1.4426423510904018,1.413610475632282,1.129453509642784,1.0142225023815674,1.4426423510904018,0.0,0.0,5.0,0.07663862702734446,-0.021317386354096822,-0.006468072252962535,0.0,0.0,4.999928838747035,0.07125768146983323,-0.008619913180309677,-0.002163943240790042,0.0,0.0,-7.116125296491305e-05,-0.00538094555751123,0.012697473173787145,0.0043041290121724925,0.016417241609364048,-0.005771038518784423,2.128584198245325,0.9243208232189307,0.2182353487443189,0.3122144715884781,0.022944978820030208,0.23548590275111553,-0.10569636877279176,0.9578473930522444,4.852287216433885,3.610929398316521,0.5293919149894697
98,0.2940000000000002,1.385131017862574,1.2261215658940703,0.8892048698772513,1.4995425463661063,1.4115402004885946,1.1365470576800976,1.0048353555430645,1.4470142719186867,1.4115402004885946,1.1365470576800976,1.0048353555430645,1.4470142719186867,0.0,0.0,5.0,0.07693471284573564,-0.022250516751328504,-0.006769923367805274,0.0,0.0,4.999936885630444,0.07171720591841194,-0.009623763070694097,-0.0025077866035068813,0.0,0.0,-6.311436955641625e-05,-0.005217506927323701,0.012626753680634407,0.0042621367642983925,0.017145118344803558,-0.006102184600957902,2.131483658031018,0.920957017951871,0.22521538751975478,0.31718833152570697,0.022533589449145797,0.24262557847983676,-0.11038202739115964,0.9664865952310177,4.952378932239921,3.5985405803043427,0.5271566222645186
99,0.2970000000000002,1.383218429489093,1.2326519782600474,0.8812609990465974,1.502868593204263,1.4094661628060872,1.14362327219922,0.9955275076179254,1.4513270799525575,1.4094661628060872,1.14362327219922,0.9955275076179254,1.4513270799525575,0.0,0.0,5.0,0.07721740453867075,-0.023174081549827752,-0.007065617143929318,0.0,0.0,4.99994402257579,0.07216424629414994,-0.010623484743482431,-0.0028493502259164805,0.0,0.0,-5.597742420970775e-05,-0.005053158244520808,0.012550596806345321,0.004216266918012837,0.017894681311197605,-0.006447805090333188,2.134408585061972,0.9174866996794521,0.23231444390537034,0.3221200496586624,0.022064194346198537,0.2498543221313493,-0.11520682979176211,0.9749756769846628,5.053080477907733,3.5846937445328093,0.5246376409276954
100,0.3000000000000002,1.3813544307584882,1.2390839877658713,0.8734827477826771,1.5060788336929676,1.4073922959636167,1.1506761172094473,0.9863054361476364,1.4555765031577734,1.4073922959636167,1.1506761172094473,0.9863054361476364,1.4555765031577734,0.0,0.0,5.0,0.07748665289029051,-0.024087683704871285,-0.007354884643765113,0.0,0.0,4.999950352478473,0.07259872457643066,-0.011618647386765407,-0.0031883233238395106,0.0,0.0,-4.9647521526807736e-05,-0.0048879283138598545,0.012469036318105878,0.0041665613199256026,0.018666188866122327,-0.006808322041431027,2.1373585161527537,0.9139078140115342,0.2395316066639583,0.32700668551113377,0.021534728432570364,0.2571691849749075,-0.12017231703261318,0.9833103635939962,5.154375800203224,3.5693934916988557,0.5218370992842665
101,0.3030000000000002,1.3795423074575994,1.2454123448160108,0.8658756000580656,1.5091697476683263,1.4053225016346267,1.1576995929882057,0.9771755655441264,1.4597583064315676,1.4053225016346267,1.1576995929882057,0.9771755655441264,1.4597583064315676,0.0,0.0,5.0,0.07774241102518503,-0.024990930454721796,-0.0076374627745300645,0.0,0.0,4.9999559665985265,0.07302056495338621,-0.012608822264713854,-0.003524397483615299,0.0,0.0,-4.403340147351997e-05,-0.004721846071798819,0.012382108190007943,0.004113065290914765,0.019459890053419155,-0.007184161898078314,2.140332975180861,0.9102182893560976,0.24686586439993322,0.33184529030589227,0.020943113845166905,0.2645670624322759,-0.12527995221576207,0.9914863427024446,5.256248658132056,3.552644859109815,0.5187573819420204
102,0.3060000000000002,1.3777852609731638,1.251631906474227,0.8584449214430017,1.5121379111096098,1.4032606459229242,1.164687741459053,0.9681442623159163,1.4638682961784415,1.4032606459229242,1.164687741459053,0.9681442623159163,1.4638682961784415,0.0,0.0,5.0,0.07798463441655465,-0.025883433489477876,-0.007913094527515048,0.0,0.0,4.999960945876335,0.07342969383263964,-0.013593582888761946,-0.003857266940979813,0.0,0.0,-3.905412366478345e-05,-0.004554940583915007,0.01228985060071593,0.004055827586535235,0.0202760241289015,-0.007575755245344971,2.143331472982596,0.9064160370897733,0.25431610311028696,0.3366329075145736,0.020287261608053588,0.27204469182744884,-0.13053111575555235,0.9994992672451332,5.3586826174109925,3.5344533201833137,0.5154011276295422
103,0.3090000000000002,1.3760864048326429,1.2577376407574121,0.8511959547727799,1.5149799996371698,1.4012105554993795,1.1716346514969596,0.9592178302931391,1.4679023248101055,1.4012105554993795,1.1716346514969596,0.9592178302931391,1.4679023248101055,0.0,0.0,5.0,0.07821328089396197,-0.026764809118010314,-0.008181529211837386,0.0,0.0,4.999965362099584,0.07382603985193863,-0.014572505189309429,-0.0041866288577182,0.0,0.0,-3.4637900416356615e-05,-0.004387241042023343,0.012192303928700885,0.003994900354119186,0.02111482007949384,-0.007983536546877643,2.1463535072583255,0.9024989517901201,0.26188110370204576,0.3413665734151316,0.019565073379497786,0.2795986501974474,-0.13592710051089069,1.0073447585764341,5.4616610451898815,3.514824784160427,0.5117712267847265
104,0.3120000000000002,1.374448761334839,1.2637246308297252,0.8441338159169062,1.5176927919185303,1.3991760137476064,1.178534464160016,0.9504025058608659,1.4718562951697476,1.3991760137476064,1.178534464160016,0.9504025058608659,1.4718562951697476,0.0,0.0,5.0,0.07842831065067359,-0.027634678432912608,-0.00844252268244766,0.0,0.0,4.999969278938236,0.0742095338896472,-0.015545167687700881,-0.004512183595819369,0.0,0.0,-3.0721061763827606e-05,-0.004218776761026388,0.012089510745211727,0.003930339086628291,0.02197649613601382,-0.008407943867222153,2.1493985624877388,0.8984649115348469,0.2695595394786074,0.34604331765898294,0.018774443276054664,0.2872253521733263,-0.1414691067815031,1.0150184098043884,5.565167105044337,3.4937655960304648,0.5078708189155694
105,0.3150000000000002,1.3728752582735828,1.269588079093395,0.8372634896536524,1.520273172979372,1.397160756926188,1.1853813778463502,0.9417044532095624,1.4757261648803837,1.397160756926188,1.1853813778463502,0.9417044532095624,1.4757261648803837,0.0,0.0,5.0,0.07862968625059036,-0.028492667473395072,-0.008695837562182987,0.0,0.0,4.999972752862485,0.07458010907506589,-0.016511151668259186,-0.00483363498886475,0.0,0.0,-2.7247137515118425e-05,-0.004049577175524469,0.011981515805135887,0.003862202573318237,0.022861259279837374,-0.008849418578728023,2.1524661098557605,0.8943117782732398,0.2773499735976156,0.3506601638501021,0.017913259775306646,0.2949210479411852,-0.14715823716862336,1.0225157893405838,5.669183752258578,3.471282536665307,0.5037032897355043
106,0.3180000000000002,1.37136872575763,1.2753233111726328,0.8305898256535429,1.5227181374161962,1.395168470354559,1.1921696533747261,0.9331297596109523,1.4795079506166577,1.395168470354559,1.1921696533747261,0.9331297596109523,1.4795079506166577,0.0,0.0,5.0,0.07881737263476488,-0.029338407386052187,-0.008941243457664854,0.0,0.0,4.999975833956896,0.07493770079855384,-0.01747004135016751,-0.005150690610388087,0.0,0.0,-2.416604310440107e-05,-0.003879671836211032,0.011868366035884675,0.003790552847276767,0.023769304743718363,-0.009308405052631226,2.155555607189783,0.8900373982750935,0.28525085650331916,0.3552141301384601,0.01697940769883128,0.3026818212936627,-0.15299549130106763,1.0298324446742144,5.773693729417218,3.447382823160703,0.4992722680757657
107,0.32100000000000023,1.3699318931299325,1.2809257797872418,0.8241175345752336,1.5250247925075948,1.3932027846292567,1.1988936189870316,0.9246844307270707,1.4831977322991372,1.3932027846292567,1.1988936189870316,0.9246844307270707,1.4831977322991372,0.0,0.0,5.0,0.07899133712750525,-0.03017153458343441,-0.00917851716884505,0.0,0.0,4.999978566642496,0.07528224672142916,-0.018421424059008068,-0.005463062038947621,0.0,0.0,-2.1433357503930495e-05,-0.0037090904060760876,0.01175011052442634,0.003715455129897429,0.024700815507067635,-0.009785350333915827,2.1586664989089206,0.8856396026624792,0.29326052333666586,0.359702229830332,0.015970770276929273,0.3105035877830909,-0.15898176042820017,1.0369639063791432,5.878679562324163,3.4220741093814233,0.4945816225774838
108,0.32400000000000023,1.368567385989231,1.286391068512553,0.8178511842771308,1.5271903612210906,1.3912672718768724,1.2055476752706322,0.9163743859598379,1.4867916572098605,1.3912672718768724,1.2055476752706322,0.9163743859598379,1.4867916572098605,0.0,0.0,5.0,0.0791515494420637,-0.030991690900356056,-0.009407442892009217,0.0,0.0,4.999980990317203,0.07561368678562626,-0.019364890397780624,-0.005770465119656731,0.0,0.0,-1.9009682796777838e-05,-0.003537862656437449,0.011626800502575432,0.0036369777723524854,0.02565596178603225,-0.010280703799561499,2.161798215986009,0.8811162080296969,0.30137719132669755,0.3641214720181255,0.014885231296593308,0.31838209298820536,-0.1651178218818903,1.04390569236285,5.984123556266026,3.3953644867065402,0.4896354581664232
109,0.32700000000000023,1.367277723316902,1.2917148954224627,0.8117951961479921,1.5292121851126483,1.3893654420497115,1.2121262999983797,0.9082054538480796,1.4902859440276612,1.3893654420497115,1.2121262999983797,0.9082054538480796,1.4902859440276612,0.0,0.0,5.0,0.07929798168590954,-0.031798523747872245,-0.009627812416053268,0.0,0.0,4.999983139923832,0.07593196322309134,-0.02030003441723502,-0.006072620221923751,0.0,0.0,-1.6860076168079274e-05,-0.003366018462818199,0.011498489330637227,0.0035551921941295167,0.026634900518753363,-0.010794916799792104,2.164950175923108,0.8764650171567592,0.3095989571671389,0.3684688622325029,0.013720677334137905,0.32631291090703707,-0.17140433341020178,1.0506533123661563,6.090007792636741,3.367262484970533,0.4844381123134887
110,0.33000000000000024,1.3660653147118709,1.2968931166124222,0.8059538415596537,1.5310877271160555,1.387500739269853,1.2186240528838992,0.9001833675185468,1.4936768867815833,1.387500739269853,1.2186240528838992,0.9001833675185468,1.4936768867815833,0.0,0.0,5.0,0.0794306083655851,-0.032591686264858345,-0.00983942531185428,0.0,0.0,4.999985046453882,0.07623702056489905,-0.02122645378536224,-0.006369252493156237,0.0,0.0,-1.4953546117801864e-05,-0.003193587800686057,0.011365232479496105,0.003470172818698044,0.02763777484622142,-0.01132844228195083,2.1681217827412755,0.8716838198217387,0.3179237943824106,0.3727414031196858,0.012475000073840913,0.3342914424893518,-0.17784182738624207,1.0572022727225767,6.196314125939318,3.337777073595279,0.47899415108432536
111,0.33300000000000024,1.3649324577362874,1.3019217295993513,0.8003312384449295,1.5328145742194352,1.385676538227018,1.2250355802496502,0.8923137601971459,1.496960858720533,1.385676538227018,1.2250355802496502,0.8923137601971459,1.496960858720533,0.0,0.0,5.0,0.0795494063911441,-0.03337083746712725,-0.01004208911456356,0.0,0.0,4.999986737394347,0.07652880565007548,-0.022143749955898948,-0.0066600921081902895,0.0,0.0,-1.3262605652819559e-05,-0.0030206007410686214,0.0112270875112283,0.003381997006373271,0.02866471358918968,-0.011881734396639828,2.1713124269854336,0.8667703937172815,0.3263495506876486,0.37693609514693693,0.011146098713867278,0.34231291432275407,-0.18443070489633262,1.0635480813860638,6.303024181179808,3.30691766290728,0.4733083649815402
112,0.33600000000000024,1.363881335374547,1.306796876595556,0.7949313480035867,1.5343904400263135,1.3838961406353962,1.231355619605152,0.8846021607862818,1.5001343160971725,1.3838961406353962,1.231355619605152,0.8846021607862818,1.5001343160971725,0.0,0.0,5.0,0.07965435508017155,-0.03413564239402,-0.01023561949865607,0.0,0.0,4.999988237124002,0.07680726763411348,-0.023051528335709406,-0.006944874514209706,0.0,0.0,-1.1762875997689548e-05,-0.0028470874460580636,0.011084114058310592,0.003290744984446363,0.02971583072165166,-0.01245524808577716,2.174521485745141,0.8617225054765383,0.33487394534766984,0.38104993733931575,0.009731882460655284,0.3503723774873265,-0.19117122971244377,1.0696862532357587,6.4101193516678086,3.274694105633857,0.4673857645832693
113,0.33900000000000025,1.3629140136081974,1.3115148476538403,0.7897579715392382,1.535813167198728,1.382162771754338,1.2375790041326762,0.8770539895139238,1.5031938018639461,1.382162771754338,1.2375790041326762,0.8770539895139238,1.5031938018639461,0.0,0.0,5.0,0.07974543616138448,-0.034885772252406966,-0.01041984044557701,0.0,0.0,4.999989567264884,0.07707235799716843,-0.023949398450914414,-0.0072233406709254,0.0,0.0,-1.0432735115806224e-05,-0.002673078164216053,0.010936373801492552,0.0031964997746516104,0.030791224841434955,-0.01304943865224116,2.1777483226921395,0.8565379118136992,0.34349456654019395,0.3850799280508931,0.00823027311284344,0.35846470659443125,-0.19806352215466672,1.075612315666158,6.517580797236891,3.241116698571277,0.46123157598200554
114,0.34200000000000025,1.362032439109074,1.3160720836811146,0.7848147474298213,1.537080729779992,1.3804795769775888,1.2437006670776527,0.869674553659739,1.506135949279035,1.3804795769775888,1.2437006670776527,0.869674553659739,1.506135949279035,0.0,0.0,5.0,0.07982263377781298,-0.035620904558037424,-0.010594584403833162,0.0,0.0,4.9999907469940155,0.07732403055192319,-0.02483697411164676,-0.0074952372857904,0.0,0.0,-9.253005984533047e-06,-0.002498603225889795,0.010783930446390665,0.003099347118042762,0.03189097863851312,-0.013664761310792282,2.180992288135552,0.8512143607842347,0.3522088687290102,0.38902306577369006,0.006639207735702564,0.3665845990260543,-0.20510755285037405,1.0813218144708345,6.625389442897504,3.2061961844170948,0.4548512360277905
115,0.34500000000000025,1.361238437052959,1.320465179317929,0.7801051482342676,1.5381912353948475,1.378849618495537,1.249715646040989,0.8624690433633896,1.5089574854199757,1.378849618495537,1.249715646040989,0.8624690433633896,1.5089574854199757,0.0,0.0,5.0,0.07988593448956079,-0.036340723274177054,-0.010759692441383266,0.0,0.0,4.999991793319891,0.0775622414511134,-0.02571387357531607,-0.0077603170440305735,0.0,0.0,-8.206680108813202e-06,-0.002323693038447386,0.010626849698860984,0.0029993753973526927,0.03301515836168858,-0.014301670719985225,2.184252719095635,0.8457495931698401,0.36101417005316416,0.39287634998767884,0.004956641426911315,0.3747265743918209,-0.21230313639764795,1.0868103200275179,6.733525977933962,3.1699437537582362,0.44825038738005674
116,0.34800000000000025,1.360533709055899,1.3246908856814699,0.7756324779378049,1.5391429273248278,1.377275872034744,1.2556190871704762,0.8554425275198556,1.5116552346026186,1.377275872034744,1.2556190871704762,0.8554425275198556,1.5116552346026186,0.0,0.0,5.0,0.07993532727614515,-0.037044918947473575,-0.010915014390188913,0.0,0.0,4.999992721327694,0.07778694919470311,-0.02657971970827458,-0.00801833883327742,0.0,0.0,-7.278672305766065e-06,-0.00214837808144204,0.010465199239198995,0.002896675556911494,0.034163813284353216,-0.014960620494809816,2.1875289393970108,0.8401413439929598,0.36990764973863327,0.39663678205523645,0.0031805501743741135,0.3828849742215453,-0.21964992494153004,1.0920734337919251,6.841970855456208,3.1323710472056256,0.4414348733725855
117,0.35100000000000026,1.3599198312352796,1.3287461129696831,0.7713998693382409,1.5399341864567995,1.3757612236788328,1.2614062492484455,0.8485999497664263,1.5142261217030757,1.3757612236788328,1.2614062492484455,0.8485999497664263,1.5142261217030757,0.0,0.0,5.0,0.07997080353841553,-0.03773318884099215,-0.01106040898279442,0.0,0.0,4.99999354439678,0.07799811463670368,-0.027434140145777594,-0.008269067962593933,0.0,0.0,-6.45560321999028e-06,-0.0019726889017118443,0.010299048695214558,0.0027913410202004864,0.035336975170088915,-0.015642062699827833,2.1908202597823325,0.834387344165624,0.3788863455393583,0.4003013661634912,0.0013089338066275672,0.3910539619119001,-0.22714740167267192,1.0971067951072577,6.95070429241607,3.0934901576653977,0.4344107326962189
118,0.35400000000000026,1.3593982523975117,1.332627932924309,0.7674102815754391,1.5405635331027452,1.3743084667746424,1.2670725076728429,0.8419461245657973,1.516667175380291,1.3743084667746424,1.2670725076728429,0.8419461245657973,1.516667175380291,0.0,0.0,5.0,0.07999235710005057,-0.038405237064363384,-0.01119574398081157,0.0,0.0,4.999994274393574,0.07819570099162933,-0.028276767450139698,-0.008512276375690409,0.0,0.0,-5.725606426310037e-06,-0.001796656108421238,0.010128469614223687,0.0026834676051211617,0.03653465773892838,-0.016346447322604936,2.1941259780473397,0.828485322277166,0.3879471512149051,0.40386711031803046,-0.0006601809637856262,0.3992275229464881,-0.23479487425903478,1.1019060883357175,7.059706270096712,3.0533136327359687,0.42718419390413537
119,0.35700000000000026,1.3589702923541833,1.336333581150757,0.7636664978060757,1.5410296286889849,1.3729202989273719,1.2726133583289028,0.8354857333895138,1.5189755311968598,1.3729202989273719,1.2726133583289028,0.8354857333895138,1.5189755311968598,0.0,0.0,5.0,0.07999998420863348,-0.03906077470098791,-0.011320896295192236,0.0,0.0,4.999994921842648,0.07837967384058153,-0.029107239266990104,-0.008747742858133158,0.0,0.0,-5.078157352400581e-06,-0.0016203103680519498,0.00995353543399781,0.002573153437059078,0.037756856135156204,-0.017074221727272153,2.197445379198293,0.8224330065252059,0.3970868140524355,0.40733102739145644,-0.0027287374037780155,0.40739946540927413,-0.24259146822240574,1.1064670503177512,7.168956535083029,3.0118544772195124,0.41976166974466184
120,0.36000000000000026,1.3586371403683781,1.3398604592928378,0.7601711230256369,1.5413312773131487,1.3715993190882827,1.2780244213486307,0.8292233210058103,1.5211484346357405,1.3715993190882827,1.2780244213486307,0.8292233210058103,1.5211484346357405,0.0,0.0,5.0,0.07999368353630529,-0.039699519932243,-0.011435752098179552,0.0,0.0,4.999995496078464,0.07855000113695823,-0.029925198479536258,-0.008975253238354172,0.0,0.0,-4.5039215361697416e-06,-0.0014436823993470571,0.009774321452706743,0.0024604988598253795,0.039003546397592126,-0.01782583008809013,2.200777735632785,0.8162281267940794,0.4063019324410801,0.4106901362302782,-0.004898645530013614,0.41556342081197306,-0.2505361202726586,1.1107854781640103,7.278434600719663,2.9691261557356254,0.4121497513267551
121,0.36300000000000027,1.3583998537326556,1.3432061370605353,0.7569265820394846,1.541467427167327,1.3703480247383626,1.2833014447553426,0.8231632918757209,1.5231832440105189,1.3703480247383626,1.2833014447553426,0.8231632918757209,1.5231832440105189,0.0,0.0,5.0,0.07997345617999602,-0.040321198158637654,-0.011540206926835847,0.0,0.0,4.999996005379945,0.0787066532117818,-0.030730293360746536,-0.009194600582276675,0.0,0.0,-3.994620055181031e-06,-0.0012668029682142146,0.009590904797891119,0.002345606344559171,0.04027468493336191,-0.018601712802931807,2.2041223073449374,0.809868416884662,0.41558895350721353,0.41394146282361277,-0.0071717787862512275,0.42371284525659336,-0.2586275716138926,1.1148572373841945,7.388119749062279,2.9251425954242007,0.40435520212343995
122,0.36600000000000027,1.358259356480194,1.3463683541091291,0.753935117584703,1.5414371718259767,1.369168809171205,1.288440307990554,0.8173099066611574,1.5250774332669204,1.369168809171205,1.288440307990554,0.8173099066611574,1.5250774332669204,0.0,0.0,5.0,0.07993930566123368,-0.04092554211786417,-0.011634165778053126,0.0,0.0,4.9999964570898365,0.07884960277864139,-0.03152217772336813,-0.009405585381376681,0.0,0.0,-3.5429101634676385e-06,-0.0010897028825922889,0.009403364394496044,0.0022285803966764443,0.04157020799622658,-0.01940230588664529,2.2074783421560054,0.80335161689929,0.42494417081954605,0.41708204153713796,-0.00954997062817567,0.431841020954891,-0.266864361237828,1.11867827035604,7.497991033326687,2.87991818872382,0.3963849518186432
123,0.36900000000000027,1.3582164382304063,1.3493450217680727,0.7511987886042708,1.5412397513972516,1.3680639588782055,1.293437025320569,0.8116672788484869,1.52682859467331,1.3680639588782055,1.293437025320569,0.8116672788484869,1.52682859467331,0.0,0.0,5.0,0.07989123792553125,-0.04151229199969545,-0.011717543194959709,0.0,0.0,4.999996857720571,0.07897882493824598,-0.03230051106769777,-0.009608015734007797,0.0,0.0,-3.142279428658412e-06,-0.0009124129872852688,0.009211780931997683,0.002109527460951912,0.042890031170607565,-0.020228040344308647,2.2108450759714153,0.7966754757852054,0.4343637221733505,0.42010891641568976,-0.012035011016402745,0.4399410581269944,-0.27524481922111865,1.1222446051367154,7.608027280839286,2.8334677962112234,0.3882460900030024
124,0.3720000000000003,1.358271753170171,1.3521342246182249,0.7487194686750176,1.5408745535365895,1.3670356510390294,1.2982877491201847,0.8062393714909757,1.5284344413979674,1.3670356510390294,1.2982877491201847,0.8062393714909757,1.5284344413979674,0.0,0.0,5.0,0.07982926134135154,-0.042081195557678565,-0.011790263344644418,0.0,0.0,4.999997213048157,0.07909429718258365,-0.03306495872702708,-0.009801707519822206,0.0,0.0,-2.7869518426371087e-06,-0.0007349641587678923,0.009016236830651482,0.0019885558248222118,0.04423404886251328,-0.021079341524442335,2.2142217330652687,0.789837754039658,0.44384358746354885,0.42301914255783085,-0.01462864281860566,0.44800589730190477,-0.2837670600445628,1.1255523646177847,7.71820709649124,2.7858067494867034,0.3799458597243734
125,0.3750000000000003,1.3584258191717757,1.3547342219161114,0.7464988445906374,1.540341114321479,1.3660859511201657,1.3029887730309926,0.8010299940733097,1.5298928099709865,1.3660859511201657,1.3029887730309926,0.8010299940733097,1.5298928099709865,0.0,0.0,5.0,0.07975338669865023,-0.04263200821757675,-0.011852260087127675,0.0,0.0,4.999997528195454,0.079195999398685,-0.03381519201068624,-0.009986484567127557,0.0,0.0,-2.4718045459337645e-06,-0.0005573872999652257,0.00881681620689051,0.0018657755200001177,0.04560213379864215,-0.02195662845230295,2.2176075263933397,0.782836226579475,0.4533795866567782,0.42580978756562954,-0.0173325581219894,0.45602831204295635,-0.29242897595353823,1.128597776023702,7.828508866697674,2.7369508540896033,0.3714916508988884
126,0.3780000000000003,1.358679017048498,1.3571434488640675,0.7445384151009454,1.5396391189864904,1.3652168105842366,1.3075365349918404,0.7960427995012415,1.5312016626287148,1.3652168105842366,1.3075365349918404,0.7960427995012415,1.5312016626287148,0.0,0.0,5.0,0.07966362720699746,-0.043164493182512836,-0.01190347703551673,0.0,0.0,4.999997807706033,0.07928391387198697,-0.03455088834461206,-0.010162178813026154,0.0,0.0,-2.1922939668073127e-06,-0.0003797133350104953,0.008613604837900773,0.001741298222490575,0.046994136535007024,-0.02286031314344405,2.2210016579355973,0.7756686857775706,0.46296737787294684,0.4284779330727836,-0.02014839445763571,0.46400091212162453,-0.3012282303803661,1.1313771807524984,7.938910763862035,2.6869163924273662,0.36289099358854987
127,0.3810000000000003,1.359031589948614,1.3593605177252344,0.7428394898083767,1.538768402517777,1.364430064712591,1.3119276201391017,0.7912812812192664,1.5323590895387187,1.364430064712591,1.3119276201391017,0.7912812812192664,1.5323590895387187,0.0,0.0,5.0,0.07955999849327797,-0.04367842153476943,-0.011943867607290291,0.0,0.0,4.999998055609678,0.07935802528929417,-0.03527173140937076,-0.010328630456189439,0.0,0.0,-1.944390321639844e-06,-0.00020197320398379626,0.008406690125398672,0.0016152371511008526,0.0484098849764969,-0.02379079989779616,2.224403319069265,0.7683329446684969,0.4726024555871681,0.43102067635409774,-0.023077730938554877,0.47191614716329033,-0.31016225145070486,1.133887044555917,8.049390751344687,2.635720126700996,0.35415155115146446
128,0.3840000000000003,1.3594836428884987,1.361384218782511,0.7414031882226358,1.5377289501063562,1.363727430543583,1.3161587635744845,0.786748770459075,1.5333633109033442,1.363727430543583,1.3161587635744845,0.786748770459075,1.5333633109033442,0.0,0.0,5.0,0.07944251859897059,-0.04417357233420163,-0.011973395066666,0.0,0.0,4.999998275480486,0.07941832074133676,-0.03597741127556481,-0.010485688102127556,0.0,0.0,-1.7245195138571034e-06,-2.4197857633828646e-05,0.008196161058636825,0.001487706964538444,0.049849183908863004,-0.024748484574588628,2.227811690973429,0.7608268403247518,0.4822801489633254,0.43343513201917655,-0.026122084313611422,0.4797663107887028,-0.3192282255974884,1.1361239680547475,8.15992658893361,2.5833793018091034,0.34528111327093963
129,0.3870000000000003,1.3600351424253676,1.3632135211407355,0.7402304389742299,1.5365208974596696,1.3631105049287855,1.3202268529982095,0.7824484336213824,1.534212678940023,1.3631105049287855,1.3202268529982095,0.7824484336213824,1.534212678940023,0.0,0.0,5.0,0.07931120797700722,-0.04464973271322027,-0.011992032558012114,0.0,0.0,4.9999984704884,0.07946478972492169,-0.036667624536558946,-0.010633208900820972,0.0,0.0,-1.5295116000402231e-06,0.00015358174791446633,0.007982108176661326,0.001358823657191142,0.05131181454468774,-0.02573375384851068,2.2312259450661798,0.7531482374051427,0.49199562033087485,0.4357184337930287,-0.02928290493983937,0.4875435452749098,-0.32842309130735103,1.1380846975834868,8.270495838813968,2.529911648212151,0.3362875888697759
130,0.3900000000000003,1.3606859164700753,1.3648475733714491,0.7393219791874902,1.5351445309709875,1.3625807627092654,1.3241289312054858,0.7783832697935881,1.5349056797365652,1.3625807627092654,1.3241289312054858,0.7783832697935881,1.5349056797365652,0.0,0.0,5.0,0.07916608948821206,-0.04510669796830455,-0.011999763130273084,0.0,0.0,4.999998643444904,0.07949742414467569,-0.03734207443845976,-0.01077105867658796,0.0,0.0,-1.3565550958105632e-06,0.00033133465646362215,0.007764623529844791,0.0012287044536851248,0.0527975340849658,-0.026746984447588405,2.23464524347525,0.7452950318760697,0.5017438638168237,0.43786773638608906,-0.03256157267602856,0.4952398467593533,-0.33774353302590804,1.1397661363567406,8.381075872032152,2.4753353847379227,0.3271789989161948
131,0.3930000000000003,1.3614356542402055,1.366285703999822,0.7386783540135704,1.5336002877464043,1.362139555013905,1.327862198444312,0.7745561084055728,1.5354409349797726,1.362139555013905,1.327862198444312,0.7745561084055728,1.5354409349797726,0.0,0.0,5.0,0.07900718839732157,-0.04554427164800512,-0.011996579752386766,0.0,0.0,4.999998796843562,0.07951621831437929,-0.038000471007287165,-0.010899112050069097,0.0,0.0,-1.2031564375902803e-06,0.0005090299170577156,0.007543800640717954,0.0010974677023176688,0.05430607529799769,-0.027788542373337482,2.238068739543094,0.7372651549061295,0.5115197041451379,0.43988021745595546,-0.03595939270084651,0.502847071010631,-0.34718597524969214,1.1411653559479447,8.491643875448752,2.419669221308723,0.3179634691279392
132,0.3960000000000003,1.3622839063536438,1.3675274218333549,0.738299916323716,1.5318887554892877,1.3617881076816236,1.3314240146327423,0.7709696070257933,1.535817203555808,1.3617881076816236,1.3314240146327423,0.7709696070257933,1.535817203555808,0.0,0.0,5.0,0.07883453236858597,-0.0459622656373994,-0.011982485319679274,0.0,0.0,4.999998932895967,0.07952116895788962,-0.03864253117327647,-0.011017252552217,0.0,0.0,-1.0671040326926118e-06,0.0006866365893036519,0.007319734464122929,0.0009652327674622742,0.05583714611736502,-0.02885878210383936,2.241495578367301,0.7290565769339578,0.5213177956161236,0.4417530796629057,-0.0394775912591602,0.5103569397891085,-0.3567465768339597,1.142279608069058,8.602176859173772,2.362932361570314,0.30864922258117844
133,0.3990000000000003,1.3632300850625985,1.3685724161322197,0.7381868265630162,1.530010672242169,1.3615275198092163,1.3348119014338629,0.7676262492996947,1.5360333830208515,1.3615275198092163,1.3348119014338629,0.7676262492996947,1.5360333830208515,0.0,0.0,5.0,0.07864815146095293,-0.04636050023896307,-0.011957492651231638,0.0,0.0,4.999999053563625,0.07951227520965103,-0.039267978892253294,-0.011125372730187051,0.0,0.0,-9.464363746047866e-07,0.0008641237486980979,0.007092521346709776,0.000832119921044587,0.057390429260825354,-0.029958045780480305,2.244924897377215,0.7206673119087218,0.5311326212785932,0.44348355282100727,-0.043117311340638745,0.5177610478201127,-0.36642122554698175,1.14310633663784,8.712651664476242,2.305144505402122,0.29924457223093526
134,0.4020000000000003,1.3642734646279666,1.3694205566211504,0.7383390527646793,1.5279669259862079,1.3613587624263974,1.3380235441868413,0.7645283430323115,1.536088510940687,1.3613587624263974,1.3380235441868413,0.7645283430323115,1.536088510940687,0.0,0.0,5.0,0.07844807812283448,-0.046738804249822845,-0.011921624478220679,0.0,0.0,4.9999991605862375,0.07948953861479319,-0.03987654526402401,-0.011223374245032294,0.0,0.0,-8.394137624989639e-07,0.001041460491958704,0.0068622589857988345,0.0006982502331883845,0.05896558187203088,-0.03108666237918872,2.2483558269475665,0.7120954217021458,0.5409584923078682,0.4450688961463558,-0.04687960829515032,0.5250508704018428,-0.3762055329028053,1.143643190117187,8.823044972159252,2.2463258512878785,0.28975791334983514
135,0.4050000000000003,1.3654131818337947,1.370071893342994,0.7387563707247178,1.5257585540984957,1.3612826772995,1.341056793692523,0.7616780184167907,1.5359817660979656,1.3612826772995,1.341056793692523,0.7616780184167907,1.5359817660979656,0.0,0.0,5.0,0.07823434718645773,-0.04709701503535737,-0.011874913423244678,0.0,0.0,4.999999255506779,0.07945296312881518,-0.04046796864772663,-0.011311167961112964,0.0,0.0,-7.444932208500177e-07,0.0012186159423574483,0.0066290463876307396,0.000563745462131714,0.060562235187039036,-0.03224494686710613,2.251787491049893,0.7033390206903968,0.5507895476028759,0.44650640060368424,-0.050765445389914406,0.532217771669386,-0.3860948293058056,1.1438880341087716,8.933333311390282,2.1864970985254386,0.28019771589205233
136,0.4080000000000003,1.3666482366414108,1.370526656354163,0.7394383643368333,1.5233867426675936,1.3612999758651472,1.3439096678521745,0.7590772264104226,1.5357124695660034,1.3612999758651472,1.3439096678521745,0.7590772264104226,1.5357124695660034,0.0,0.0,5.0,0.07800699586180071,-0.04743497859911459,-0.011817401970652688,0.0,0.0,4.999999339693748,0.07940255511685536,-0.041041994774089555,-0.011388674027139126,0.0,0.0,-6.603062523424796e-07,0.0013955592550546486,0.006392983825025032,0.0004287279435135627,0.06217999422764499,-0.033433199345731045,2.2552190079424355,0.6943962805035901,0.5606197536157764,0.4477933913522632,-0.05477568931383331,0.5392530135353181,-0.396084159541637,1.1438389641808915,9.043493068975595,2.1256794492542315,0.27057251678939315
137,0.4110000000000003,1.3679774929827508,1.3707852552623279,0.7403844260871021,1.5208528256678209,1.3614112382950871,1.346580353158088,0.7567277372596256,1.53528008564809,1.3614112382950871,1.346580353158088,0.7567277372596256,1.53528008564809,0.0,0.0,5.0,0.07776606373011426,-0.047752549649015534,-0.011749142427904419,0.0,0.0,4.99999941436089,0.07933832335254634,-0.041598376854545954,-0.011455821948771983,0.0,0.0,-5.856391096514812e-07,0.0015722596224320845,0.00615417279446958,0.00029332047913243654,0.06381843752362387,-0.03465170418168231,2.2586494908991597,0.6852654349400792,0.5704429044276929,0.4489272302916771,-0.05891110563490276,0.5461477653262932,-0.40616827865042066,1.143494318908025,9.153500499066318,2.063894610278529,0.26089091218652366
138,0.4140000000000003,1.369399679692188,1.3708482786068954,0.7415937577079517,1.5181582839929693,1.3616169126932358,1.3490672060348916,0.7546311391751869,1.5346842226813917,1.3616169126932358,1.3490672060348916,0.7546311391751869,1.5346842226813917,0.0,0.0,5.0,0.07751159273703093,-0.048049591659816024,-0.011670196877995889,0.0,0.0,4.999999480584705,0.07926027901645491,-0.04213687568715488,-0.011512550652717904,0.0,0.0,-5.194152947751718e-07,0.0017486862794239832,0.005912715972661145,0.00015764622527798464,0.06547711686602518,-0.035900729126339806,2.262078048978451,0.6759447850420792,0.58025262208422,0.44990531870769873,-0.06317235421709091,0.5528931141337722,-0.4163416482191669,1.1428526930970806,9.263331733282781,2.0011647946644873,0.25116154962239967
139,0.4170000000000003,1.370913391576088,1.3707164930829112,0.7430653709907771,1.5153047443502252,1.3619173144258534,1.3513687540305284,0.7527888371589203,1.533924633704659,1.3619173144258534,1.3513687540305284,0.7527888371589203,1.533924633704659,0.0,0.0,5.0,0.07724362718526248,-0.04832597693179953,-0.011580637122994078,0.0,0.0,4.999999539319961,0.07916843569410639,-0.042657259759280225,-0.011558808542256202,0.0,0.0,-4.6068003900501253e-07,0.0019248085088439115,0.005668717172519308,2.182858073787597e-05,0.067155557093712,-0.03718052442573434,2.2655037878319693,0.6664327043285445,0.5900423572044443,0.4507251000181057,-0.06755998460357542,0.5594800758956043,-0.42659843313151136,1.1419129511727517,9.372962791242525,1.937512723088744,0.2413931201650095
140,0.4200000000000003,1.3725170906192092,1.3703908426091727,0.7447980887563943,1.5122939780152276,1.3623126255856381,1.3534836968560002,0.7512020519827596,1.5330012169890612,1.3623126255856381,1.3534836968560002,0.7512020519827596,1.5330012169890612,0.0,0.0,5.0,0.07696221372688684,-0.04858158664567583,-0.011480544618731969,0.0,0.0,4.999999591413459,0.07906280937359399,-0.043159305346981744,-0.011594553544149955,0.0,0.0,-4.085865406011635e-07,0.002100595646707143,0.005422281298694084,-0.00011400892541798581,0.06885325591538263,-0.03849132192217583,2.2689258105540446,0.6567276441805688,0.599805389877224,0.45138406261788266,-0.0720744313737397,0.5658996072235453,-0.43693249881382823,1.1406742406917434,9.482369591476404,1.8729616249162753,0.23159435050658092
141,0.4230000000000003,1.3742091073268328,1.3698724472414785,0.7467905459823909,1.509127899449299,1.3628028945903892,1.3554109072730995,0.7498718193211624,1.5319140164315956,1.3628028945903892,1.3554109072730995,0.7498718193211624,1.5319140164315956,0.0,0.0,5.0,0.0766674013552261,-0.04881631091366198,-0.011370010400723319,0.0,0.0,4.999999637616247,0.07894341844277229,-0.04364279661107305,-0.01161975314689715,0.0,0.0,-3.62383753227391e-07,0.0022760170875461977,0.00517351430258893,-0.00024974274617383177,0.07056968376935255,-0.03983333414922883,2.2723432185719035,0.6468281393739141,0.609534830858442,0.45187974282283605,-0.07671600948184937,0.57214261798997,-0.4473374090176662,1.1391360059529256,9.591527962716118,1.807535238985135,0.2217739950264409
142,0.4260000000000003,1.3759876422015254,1.3691626019320946,0.7490411910863214,1.505808564780061,1.3633880359167616,1.35714943182948,0.7487989890375623,1.5306632218106397,1.3633880359167616,1.35714943182948,0.7487989890375623,1.5306632218106397,0.0,0.0,5.0,0.07635924139631689,-0.0490300488267236,-0.011249135001364636,0.0,0.0,4.999999678594444,0.07881028368603592,-0.04410752568980396,-0.011634384430286936,0.0,0.0,-3.214055563915963e-07,0.002451042289719027,0.00492252313691964,-0.0003852494289222994,0.07230428372340758,-0.04120675342176646,2.2757551125769067,0.636732813752587,0.6192236230828667,0.4522097279102107,-0.08148490958585725,0.5781999846850095,-0.4578064241792106,1.1372980016677137,9.70041365553547,1.7412578140757193,0.2119408278287448
143,0.4290000000000003,1.3778507673531688,1.3682627751366128,0.7515482873635146,1.5023381701467056,1.3640678299694988,1.3586984914405487,0.747984224625458,1.5292491689033385,1.3640678299694988,1.3586984914405487,0.747984224625458,1.5292491689033385,0.0,0.0,5.0,0.07603778749997474,-0.049222708497956055,-0.011118028358499545,0.0,0.0,4.999999714938844,0.07866342828068308,-0.0445532927881251,-0.011638434086233954,0.0,0.0,-2.850611560134553e-07,0.0026256407807083437,0.004669415709830954,-0.000520405727734409,0.07405647141706688,-0.04261175092295777,2.2791605934968633,0.6264403860366925,0.6288645435041119,0.45237165925444706,-0.08638119337531854,0.5840625645530986,-0.4683325003971033,1.1351603066521792,9.809002354326742,1.6741541090422902,0.20210363476231627
144,0.43200000000000033,1.379796428240872,1.3671746072695647,0.7543099145781673,1.4987190499113971,1.3648419230863977,1.3600574818177995,0.7474280028045961,1.5276723394646419,1.3648419230863977,1.3600574818177995,0.7474280028045961,1.5276723394646419,0.0,0.0,5.0,0.07570309563045373,-0.04939420710208713,-0.01097680971542883,0.0,0.0,4.999999747173435,0.0785028777928644,-0.04497990626349595,-0.011631898430871708,0.0,0.0,-2.5282656501701695e-07,0.002799782162410669,0.0044143008385911855,-0.0006550887154428784,0.0758256350486133,-0.044048475790169066,2.282558763509362,0.6159496757570875,0.6384502052760026,0.45236323555574887,-0.09140478890793449,0.5897212105154728,-0.478908289070431,1.1327233374995749,9.917269689592462,1.606249392584561,0.1922712054298549
145,0.43500000000000033,1.381822445545187,1.3658999090102344,0.7573239707062479,1.4949536747383312,1.3657098276791306,1.361225973743332,0.747130613272554,1.5259333610679364,1.3657098276791306,1.361225973743332,0.747130613272554,1.5259333610679364,0.0,0.0,5.0,0.07535522405670322,-0.04954447091108398,-0.01082560751245698,0.0,0.0,4.999999775762953,0.07832866017311811,-0.045387182708197235,-0.011614783407893757,0.0,0.0,-2.2423704670870848e-07,0.0029734361164148876,0.004157288202886744,-0.0007891758954367764,0.07761113540926075,-0.04551705420188609,2.285948727095929,0.6052596093086359,0.6479730602884005,0.4521822161586503,-0.0965554859647818,0.5951667868824831,-0.48952613723900884,1.1299878621891186,10.025191250532103,1.5375694426374404,0.18245232519377685
146,0.43800000000000033,1.3839265171689497,1.3644406594602967,0.7605881738285855,1.4910446495421685,1.3666709225099116,1.3622037131904392,0.7470921586118956,1.5240330068073342,1.3666709225099116,1.3622037131904392,0.7470921586118956,1.5240330068073342,0.0,0.0,5.0,0.07499423334222349,-0.04967343532584909,-0.010664559270073988,0.0,0.0,4.99999980111958,0.0781408057514911,-0.045774947028112106,-0.011587104583139489,0.0,0.0,-1.9888041968840753e-07,0.003146572409267606,0.0038984882977369864,-0.0009225453130655009,0.07941230596683088,-0.047017588467890774,2.2893295921366814,0.5943692261131458,0.6574254020702328,0.45182642445727406,-0.1018329314348228,0.6003901858567119,-0.5001780886682278,1.1269550135840545,10.132742597902148,1.4681405453571783,0.17265576718596082
147,0.44100000000000034,1.3861062203649757,1.3627990041549851,0.7641000641724073,1.4869947113076343,1.367724453103868,1.3629906212902796,0.7473125543529278,1.5219721948618168,1.367724453103868,1.3629906212902796,0.7473125543529278,1.5219721948618168,0.0,0.0,5.0,0.07462018633452171,-0.0497810449039918,-0.010493811463878547,0.0,0.0,4.999999823608892,0.07793934723224775,-0.04614303251794026,-0.011548887130429508,0.0,0.0,-1.763911079422087e-07,0.003319160897726048,0.003638012386051541,-0.001055075666550961,0.08122845300130518,-0.048550156125052826,2.292700471044989,0.583277684882337,0.6667993690720962,0.4512937513834712,-0.10723662473982731,0.6053823448247655,-0.5108558857206839,1.1236263027691882,10.239899277127273,1.3979894936825705,0.16289028432866196
148,0.44400000000000034,1.3883590139886446,1.3609772529296738,0.7678570062994751,1.4828067267822096,1.3688695322968436,1.363586794144783,0.7477915291919477,1.5197519879215475,1.3688695322968436,1.363586794144783,0.7477915291919477,1.5197519879215475,0.0,0.0,5.0,0.07423314815417043,-0.04986725338366319,-0.010313519391356473,0.0,0.0,4.999999843555122,0.07772431968816605,-0.046491280932813114,-0.011500165808663088,0.0,0.0,-1.5644487838528676e-07,0.0034911715339956267,0.0033759724508500774,-0.0011866464173066141,0.08305885579460208,-0.05011480904122248,2.2960604819415154,0.5719842699704508,0.6760869483403702,0.45058215897351117,-0.11276591331136751,0.6101342644322996,-0.5215509720565511,1.120003632175321,10.346636831639474,1.327143585450226,0.15316460137385318
149,0.44700000000000034,1.3906822408733635,1.3589778776438615,0.7718561914387891,1.4784836900439906,1.3701051409182314,1.3639925024860737,0.7485286253647306,1.5173735924768046,1.3701051409182314,1.3639925024860737,0.7485286253647306,1.5173735924768046,0.0,0.0,5.0,0.07383318618347016,-0.04993202370344428,-0.010123847030635515,0.0,0.0,4.99999986124584,0.07749576055442318,-0.046819542556277,-0.011440984930198746,0.0,0.0,-1.387541601616249e-07,0.00366257437095302,0.0031124811471672786,-0.0013171378995632307,0.08490276687690194,-0.051711572529835034,2.299408749866821,0.5604883978053787,0.6852799795942675,0.44968968400847475,-0.11841998813206915,0.6146370274332885,-0.5322544962041843,1.1160893084352759,10.452930816421212,1.255630621043355,0.14348740696823087
150,0.45000000000000034,1.3930731303267445,1.3568035097646511,0.7760946399617573,1.4740287199468485,1.3714301286082997,1.3642081911828288,0.7495231991748712,1.5148383579701008,1.3714301286082997,1.3642081911828288,0.7495231991748712,1.5148383579701008,0.0,0.0,5.0,0.07342037005471845,-0.04997532801827889,-0.009924966891344957,0.0,0.0,4.9999998769361005,0.07725370962207005,-0.047127676264615656,-0.011371398320546386,0.0,0.0,-1.2306389951532992e-07,0.0038333395673516013,0.0028476517536632356,-0.0014464314292014294,0.08675941233180434,-0.05334044447796022,2.302744408031562,0.5487896233864464,0.6943701597166799,0.44861444172296916,-0.12419787935381503,0.6188818183007985,-0.5429573160417278,1.1118860549135583,10.55875681172796,1.18347890055406,0.133867345751102
151,0.45300000000000035,1.3955288007452344,1.3544569378119906,0.7805692039975756,1.469445057445203,1.3728432147693508,1.364234478594122,0.7507744216764489,1.5121477758121908,1.3728432147693508,1.364234478594122,0.7507744216764489,1.5121477758121908,0.0,0.0,5.0,0.07299477163808693,-0.04999714771144439,-0.00971705985771577,0.0,0.0,4.999999890852113,0.07699820903109708,-0.04741554958748331,-0.011291469269407696,0.0,0.0,-1.0914788717286683e-07,0.004003437393010151,0.002581598123961075,-0.001574409411691926,0.08862799216255203,-0.055001394490648864,2.3060665991031093,0.5368876468362637,0.7033490476690305,0.44735462957625305,-0.13009845200609488,0.6228599435825615,-0.5536500042295468,1.1073970238491366,10.664090436964786,1.1107172204397044,0.12431301049233816
152,0.45600000000000035,1.3980462623447636,1.3519411046680139,0.785276570186443,1.4647360628007828,1.374342989649922,1.3640721557714408,0.7522812795103552,1.5093034782627903,1.374342989649922,1.3640721557714408,0.7522812795103552,1.5093034782627903,0.0,0.0,5.0,0.07255646502910902,-0.04999747340255505,-0.00950031502406386,0.0,0.0,4.999999903194508,0.07672930326309164,-0.04768303876482173,-0.011201270473109308,0.0,0.0,-9.680549162283114e-08,0.004172838233982623,0.0023144346377333216,-0.0017009554490454472,0.09050768072149348,-0.0566943630545451,2.3093744765272546,0.5247823199933161,0.7122080698396291,0.44590853107932826,-0.13612040180817805,0.6265628529804842,-0.5643228546320791,1.1026258080483786,10.76890736469105,1.037374869654578,0.11483293427754608
153,0.45900000000000035,1.400622420005001,1.3492591047529752,0.7902132625681262,1.459905212673901,1.3759279155611064,1.363722185509691,0.7540425758934817,1.5063072371769521,1.3759279155611064,1.363722185509691,0.7540425758934817,1.5063072371769521,0.0,0.0,5.0,0.07210552653578008,-0.049976304951594795,-0.009274929522806232,0.0,0.0,4.999999914141231,0.07644703913348859,-0.04793002880003637,-0.01110088396848083,0.0,0.0,-8.585876898337119e-08,0.004341512597708513,0.002046276151558425,-0.0018259544456745973,0.0923976272048801,-0.058419260723843736,2.3126672058834434,0.5124736530312628,0.7209385258342447,0.4442745196710192,-0.14226225109924814,0.6299821611288718,-0.5749658897662107,1.0975764520628772,10.873183334726658,0.9634816252387715,0.10543558274756129
154,0.46200000000000035,1.4032540762245223,1.346414181070367,0.7953756456032717,1.4549560971018418,1.3775963282239494,1.3631857012481436,0.7560569317598335,1.5031609626181772,1.3775963282239494,1.3631857012481436,0.7560569317598335,1.5031609626181772,0.0,0.0,5.0,0.0716420346652723,-0.049933651458977324,-0.00904110834516627,0.0,0.0,4.999999923850104,0.07615146578341496,-0.04815641350940823,-0.010990401058238071,0.0,0.0,-7.614989616655521e-08,0.004509431118142657,0.001777237949569091,-0.0019492927130718013,0.09429695621500492,-0.06017596733177823,2.3159439662717975,0.49996182109019394,0.7295315947167405,0.4424510626355337,-0.14852234490107827,0.6331096700416061,-0.5855688693114971,1.0922534627847529,10.976894168332839,0.8890677473469878,0.09612934639932297
155,0.46500000000000036,1.4059379341842295,1.3434097221239423,0.8007599273247237,1.4498924163671079,1.3793464382467484,1.362464005822403,0.758322787052496,1.4998667013394535,1.3793464382467484,1.362464005822403,0.758322787052496,1.4998667013394535,0.0,0.0,5.0,0.07116607011026697,-0.04986953126163385,-0.00879906415473147,0.0,0.0,4.999999932461101,0.07584263467113031,-0.04836209556772017,-0.010869922227939179,0.0,0.0,-6.753889891797371e-08,0.004676564560863336,0.001507435693913678,-0.002070858073207709,0.09620476839158637,-0.06196433123092465,2.3192039517299676,0.48724717090441483,0.7379783417066914,0.440436725053474,-0.15489884712823995,0.6359373921938153,-0.5961212997154759,1.0866618193900552,11.080015782439913,0.8141639737008026,0.08692253295512811
156,0.46800000000000036,1.4086706009162113,1.340249258709441,0.8063621626160278,1.4447179777583212,1.3811763327309619,1.3615585700686095,0.7608384021652537,1.4964266351335456,1.3811763327309619,1.3615585700686095,0.7608384021652537,1.4964266351335456,0.0,0.0,5.0,0.07067771573490601,-0.04978397192512993,-0.008549017094032892,0.0,0.0,4.999999940098371,0.07552059956306445,-0.04854698655007722,-0.010739557054589094,0.0,0.0,-5.990162943447785e-08,0.004842883828158437,0.0012369853750527071,-0.0021905399605562023,0.0981201411141825,-0.06378416856569945,2.322446372677645,0.4743302274106484,0.7462697253398878,0.4382301737777534,-0.16138973696122236,0.6384575741987096,-0.606612444924931,1.0808069825591429,11.182524203894165,0.7388015134488382,0.07782335980720803
157,0.47100000000000036,1.4114485905750758,1.336936460584,0.8121782566141731,1.4394366922267525,1.3830839770043029,1.3604710312812223,0.7636018595325225,1.4928430790539735,1.3830839770043029,1.3604710312812223,0.7636018595325225,1.4928430790539735,0.0,0.0,5.0,0.0701770565603655,-0.04967701023181494,-0.008291194584322568,0.0,0.0,4.9999999468720215,0.07518541652445315,-0.04871100696990294,-0.010599424106975563,0.0,0.0,-5.3127978461020575e-08,0.005008359964087647,0.000966003261912006,-0.0023082295226529957,0.10004212927728828,-0.06563526258051326,2.3256704573863494,0.4612117003198973,0.7543966050965545,0.4358301814253687,-0.16799280539819042,0.6406627210352612,-0.6170313382712697,1.0746949029013964,11.284395583695567,0.6630120404202355,0.06883994654449448
158,0.47400000000000037,1.4142683278088142,1.333475133016234,0.8182039682334988,1.434052570941457,1.3850672164794828,1.3592031915258487,0.7666110653661322,1.4891184795082464,1.3850672164794828,1.3592031915258487,0.7666110653661322,1.4891184795082464,0.0,0.0,5.0,0.06966417975005385,-0.04954869216500915,-0.008025831118730658,0.0,0.0,4.99999995287971,0.07483714390957483,-0.04885408631309526,-0.010449650837827201,0.0,0.0,-4.7120289892177425e-08,0.005172964159520982,0.0006946058519138876,-0.0024238197190965434,0.10196976613962015,-0.0675173629671187,2.3288754534718805,0.447892490635581,0.7623497495009544,0.4332356303754882,-0.17470565200142524,0.6425456207772906,-0.6273667955351471,1.0683320285103746,11.385606211197848,0.5868276857578163,0.05998030756837314
159,0.47700000000000037,1.4171261512260014,1.3298692132201761,0.8244349138076399,1.4285697217461837,1.3871237786369381,1.357757015808723,0.7698637515373622,1.4852554122250288,1.3871237786369381,1.357757015808723,0.7698637515373622,1.4852554122250288,0.0,0.0,5.0,0.06913917459443676,-0.0493990728892353,-0.007753168048990781,0.0,0.0,4.999999958208052,0.07447584235158815,-0.048976163068327014,-0.010290373467891772,0.0,0.0,-4.179194768028083e-08,0.0053366677571513865,0.0004229098209082849,-0.002537205418900992,0.10390206424892809,-0.06943018525475508,2.332060629406604,0.4343736970999664,0.7701198446948231,0.43044551676384396,-0.18152568185476464,0.6440993697693114,-0.637607429212128,1.0617253115745482,11.486132528242193,0.5102810299184323,0.051252344804137547
160,0.48000000000000037,1.420018316956202,1.3261227666763156,0.8308665708462246,1.4229923455212605,1.3892512751297614,1.3561346301045574,0.773357477602507,1.481256580097042,1.3892512751297614,1.3561346301045574,0.773357477602507,1.481256580097042,0.0,0.0,5.0,0.06860213249549213,-0.0492282167265031,-0.007473453365927248,0.0,0.0,4.999999962933868,0.0741015747519739,-0.04907718475347697,-0.01012173686203996,0.0,0.0,-3.70661323856325e-08,0.0054994422564817735,0.0001510319730261278,-0.002648283496112711,0.10583801644349569,-0.07137341024674754,2.3352252760485084,0.4206566225503414,0.7776975034857825,0.4274589544629602,-0.18845010274859378,0.6453173981892006,-0.6477416639974839,1.054882213968098,11.585951143195729,0.43340509402906335,0.04266384051477158
161,0.4830000000000004,1.422941002300237,1.3222399833430498,0.837494281902966,1.41732473245375,1.3914472040089405,1.354338319244612,0.7770896329701237,1.4771248109016142,1.3914472040089405,1.354338319244612,0.7770896329701237,1.4771248109016142,0.0,0.0,5.0,0.06805314695079703,-0.04903619712865693,-0.00718694147390397,0.0,0.0,4.999999967125291,0.0737144062695819,-0.04915710793818148,-0.009943894397507431,0.0,0.0,-3.2874709177121986e-08,0.0056612593187848614,-0.00012091080952455341,-0.002756952923603461,0.10777659693129299,-0.07334668350726019,2.3383687081837463,0.4067427801658554,0.7850732748705154,0.4242751790373203,-0.19547592260911922,0.6461934959324318,-0.6577577535042148,1.0478107117459439,11.685038844865927,0.3562333305884626,0.0342224502235951
162,0.4860000000000004,1.4258903094669535,1.3182251737620416,0.8443132585517075,1.4115712582193,1.3937089520668904,1.3523705246669602,0.7810574392079888,1.472863054900909,1.3937089520668904,1.3523705246669602,0.7810574392079888,1.472863054900909,0.0,0.0,5.0,0.06749231353725026,-0.04882309664579853,-0.006893892959440231,0.0,0.0,4.999999970842748,0.07331440430928504,-0.04921589826249528,-0.009757007824394842,0.0,0.0,-2.9157251724143407e-08,0.005822090772034785,-0.00039280161669675434,-0.0028631148649546113,0.10971676244753477,-0.07534961490193227,2.341490266079148,0.3926338995854541,0.7922376540310524,0.4208935516621678,-0.20259994718879354,0.6467218387472591,-0.6676437982240268,1.0405192984672225,11.783372616261998,0.2787996135052737,0.02593569575220815
163,0.4890000000000004,1.4288622693930186,1.3140827650609754,0.8513185854668641,1.4057363800791451,1.396033797297155,1.3502338420310378,0.7852579524876668,1.4684743823239783,1.396033797297155,1.3502338420310378,0.7852579524876668,1.4684743823239783,0.0,0.0,5.0,0.06691972989443243,-0.048589006890798356,-0.006594574354203586,0.0,0.0,4.999999974139838,0.0729016385102429,-0.04925353045165476,-0.009561247118552912,0.0,0.0,-2.586016201178154e-08,0.005981908615810466,-0.0006645235608564032,-0.002966672764349326,0.11165745349116948,-0.07738177819614124,2.3445893170409633,0.3783319328768911,0.7991810928010259,0.41731356299425854,-0.20981877803483695,0.6468970145449047,-0.6773877647363201,1.033016987271869,11.880929648174542,0.20113822746490229,0.01781095838006351
164,0.4920000000000004,1.4318528456422033,1.309817296857354,0.8585052246046092,1.3998246328958375,1.398418911468036,1.3479310186986884,0.7896880661644782,1.4639619807328912,1.398418911468036,1.3479310186986884,0.7896880661644782,1.4639619807328912,0.0,0.0,5.0,0.06633549570760741,-0.04833402849991079,-0.006289257892595705,0.0,0.0,4.999999977064094,0.07247618073377608,-0.04926998832693551,-0.009356790326985977,0.0,0.0,-2.2935905619192454e-08,0.006140685026168671,-0.0009359598270247196,-0.0030675324343902716,0.11359759564058002,-0.07944271071463695,2.347665256975871,0.36383906033639407,0.8058940105971901,0.41353483698253524,-0.21712881075282367,0.6467140498035108,-0.6869775061652335,1.025313311635808,11.977687352544786,0.12328385661863434,0.009855472131887979
165,0.4950000000000004,1.434857938380506,1.305433417067046,0.8658680194811175,1.3938406250713316,1.4008613628078068,1.3454649510840362,0.7943445134905306,1.4593291522753027,1.4008613628078068,1.3454649510840362,0.7943445134905306,1.4593291522753027,0.0,0.0,5.0,0.06573971269036714,-0.04805827108951013,-0.005978221264151349,0.0,0.0,4.999999979657677,0.07203810505085424,-0.049265264812600976,-0.009143823405915026,0.0,0.0,-2.0342323381328242e-08,0.006298392360487098,-0.0012069937230908476,-0.003165602141763677,0.11553610094851822,-0.08153191306627533,2.3507175119500654,0.349157696098211,0.8123668058098913,0.40955713460638093,-0.22452623358226154,0.6461684359794042,-0.6964007838794626,1.0174183247315454,12.07362337559507,0.04527157258988569,0.0020763171990562292
166,0.4980000000000004,1.4378733884234598,1.3009358776213729,0.8734016995440096,1.3877890344111616,1.4033581187990534,1.3428386818746274,0.7992238704583646,1.4545793108259324,1.4033581187990534,1.3428386818746274,0.7992238704583646,1.4545793108259324,0.0,0.0,5.0,0.06513248456692386,-0.047761853208966025,-0.005661747360975986,0.0,0.0,4.999999981957978,0.07158748772919939,-0.04923936193893837,-0.00892254005164713,0.0,0.0,-1.804202209854111e-08,0.006455003162275527,-0.001477508729972342,-0.0032607926906711446,0.11747186941602061,-0.08364884893754716,2.3537455397420337,0.3342904935329631,0.8185898676445107,0.40538035752883267,-0.23200702630098977,0.6452561558341284,-0.7056452904239423,1.0093425973226975,12.168715610692503,-0.032863178206172225,-0.005519586499102667
167,0.5010000000000003,1.440894981351803,1.2963295300965925,0.8811008846331505,1.3816746039184575,1.4059060490795852,1.3400553971263975,0.8043225587726505,1.4497159790195289,1.4059060490795852,1.3400553971263975,0.8043225587726505,1.4497159790195289,0.0,0.0,5.0,0.06451391705405171,-0.04744490228967858,-0.005340124020451454,0.0,0.0,4.999999983998162,0.0711244072200066,-0.049192290841380354,-0.008693141524405368,0.0,0.0,-1.6001838076817876e-08,0.006610490165954885,-0.001747388551701777,-0.003353017503953914,0.11940379054476288,-0.08579294495854682,2.356748831384403,0.31924035041348764,0.8245535884041832,0.40100455165189924,-0.23956695947504866,0.6439737095807544,-0.7146986736665512,1.0010972141232142,12.26294221091817,-0.11108458793199462,-0.012925485608210777
168,0.5040000000000003,1.4439184516917118,1.2916193212597649,0.8889600895268266,1.3755021375216994,1.4085019284472529,1.3371184232351336,0.809636848947261,1.4447427851779957,1.4085019284472529,1.3371184232351336,0.809636848947261,1.4447427851779957,0.0,0.0,5.0,0.06388411784268191,-0.047107554590294975,-0.005013643763443908,0.0,0.0,4.999999985807643,0.07064894414428538,-0.04912407175571301,-0.008455836465279233,0.0,0.0,-1.419235662325491e-08,0.006764826301603466,-0.002016517165418036,-0.0034421927018353253,0.12133074496700759,-0.08796359064495719,2.3597269126900673,0.3040104138266726,0.830248376202342,0.39642991056093113,-0.24720159407043427,0.6423181407482369,-0.7235485621367919,0.992693768554767,12.356281601314688,-0.18935650138697194,-0.0201347994802361
169,0.5070000000000003,1.446939487155681,1.2868102885349786,0.8969737285692524,1.369276495740093,1.4111424399659116,1.3340312237872047,0.8151628635249358,1.4396634601344571,1.4111424399659116,1.3340312237872047,0.8151628635249358,1.4396634601344571,0.0,0.0,5.0,0.06324319657915409,-0.0467499551381313,-0.004682603528252101,0.0,0.0,4.99999998741251,0.07016118127882282,-0.04903473400937236,-0.008210840706462212,0.0,0.0,-1.2587490161308779e-08,0.006917984699668728,-0.0022847788712410597,-0.0035282371782101108,0.1232516061519818,-0.09016013841953802,2.3626793457575843,0.2886040848096645,0.8356646680918399,0.3916567788448407,-0.254906281442836,0.6402870616580725,-0.7321825915269395,0.9841443558390052,12.448712490785544,-0.26764243075615957,-0.027141126157795778
170,0.5100000000000003,1.449953732940082,1.2819075553940418,0.9051361203753244,1.3630025912905532,1.413824178169669,1.330797396292442,0.8208965804166493,1.4344818339571372,1.413824178169669,1.330797396292442,0.8208965804166493,1.4344818339571372,0.0,0.0,5.0,0.06259126484612697,-0.046372257666824575,-0.004347304400537819,0.0,0.0,4.9999999888358975,0.06966120354177147,-0.04892431600883246,-0.00795837707494891,0.0,0.0,-1.1164102531324716e-08,0.007069938695644498,-0.0025520583420078832,-0.003611072674411092,0.12516524218719163,-0.09238190371649635,2.36560573045068,0.27302502268878265,0.8407929435955817,0.38668565527886956,-0.2626761637210686,0.6378786784032815,-0.7405884323194467,0.9754615643651264,12.540213883620233,-0.34590557104645864,-0.0339382481959241
171,0.5130000000000003,1.4529567960754126,1.276916326675798,0.9134414926084403,1.356685384640349,1.4165436523624648,1.327420668802155,0.8268338363576848,1.429201832576025,1.4165436523624648,1.327420668802155,0.8268338363576848,1.429201832576025,0.0,0.0,5.0,0.06192843614315231,-0.04597462455024204,-0.004008051339484409,0.0,0.0,4.999999990098329,0.069149097977865,-0.04879286522309101,-0.007698675189870455,0.0,0.0,-9.901670594558709e-09,0.007220661834712691,-0.0028182406728489706,-0.003690623850386046,0.12707051763283914,-0.0946281651719888,2.368505705846512,0.25727714909948274,0.845623738621727,0.3815171958565364,-0.27050617459943577,0.6350918152158304,-0.748753818497484,0.9666584652775017,12.630765090619944,-0.4241088162067873,-0.0405201383160133
172,0.5160000000000003,1.4559442498251103,1.2718418838382703,0.9218839868271541,1.3503298795094663,1.419297290009936,1.3239048964153637,0.8329703304773234,1.4238274743153834,1.419297290009936,1.3239048964153637,0.8329703304773234,1.4238274743153834,0.0,0.0,5.0,0.06125482586691486,-0.04555722673267583,-0.0036651529004321057,0.0,0.0,4.999999991218006,0.06862495374326325,-0.04864043816325933,-0.00743197125365231,0.0,0.0,-8.781993798834264e-09,0.007370127876348387,-0.0030832114305835018,-0.0037668183532202043,0.12896629544715432,-0.09689816490385401,2.371378951647211,0.24136465166581483,0.8501476597446879,0.3761522166574103,-0.27839104055372654,0.6319259381050636,-0.7566665772884046,0.957748600232916,12.720345739799383,-0.5022147759272968,-0.04688096488678638
173,0.5190000000000003,1.4589116381288618,1.266689580147908,0.9304576633963823,1.3439411183268515,1.4220814402204276,1.3202540576764332,0.8393016279789528,1.4183628663352572,1.4220814402204276,1.3202540576764332,0.8393016279789528,1.4183628663352572,0.0,0.0,5.0,0.06057055129114205,-0.04512024365535331,-0.0033189209542427663,0.0,0.0,4.999999992211071,0.0680888620900299,-0.04846710035826507,-0.0071585078371846494,0.0,0.0,-7.788928613194912e-09,0.007518310798887852,-0.003346856702911759,-0.003839586882941883,0.13085143898009408,-0.09919110888350204,2.374225189549058,0.22529198731797506,0.8543553988312287,0.3705916965373896,-0.2863252824949075,0.628381177646585,-0.7643146598826754,0.9487459672823642,12.808935786641145,-0.5801857931111827,-0.053015097227320195
174,0.5220000000000004,1.4618544800862217,1.2614648358102523,0.9391565064588137,1.337524177644715,1.4248923773119304,1.3164722508673854,0.845823163927308,1.4128122009852162,1.4248923773119304,1.3164722508673854,0.845823163927308,1.4128122009852162,0.0,0.0,5.0,0.05987573154618713,-0.04466386317929436,-0.002969670403648988,0.0,0.0,4.99999999309184,0.06754091635024531,-0.04827292632667915,-0.006878533659200443,0.0,0.0,-6.908160266050345e-09,0.00766518480405818,-0.0036090631473847876,-0.003908863255551455,0.13272481403248912,-0.10150616740269243,2.3770441845635726,0.20906388522680058,0.8582377479891148,0.3648367796282795,-0.2943032178738687,0.6244583507983492,-0.7716861730634641,0.939665004838261,12.896515523880018,-0.65798396201118,-0.05891711072729531
175,0.5250000000000004,1.464768274476335,1.2561731330464143,0.9479744289621446,1.3310841635151114,1.4277263044616377,1.3125636901982554,0.852530247139464,1.4071797520736549,1.4277263044616377,1.3125636901982554,0.852530247139464,1.4071797520736549,0.0,0.0,5.0,0.0591704875982887,-0.044188281504549176,-0.0026177188968456943,0.0,0.0,4.999999993873011,0.06698121191975731,-0.04805799954467743,-0.006592303360062127,0.0,0.0,-6.126988694177271e-09,0.007810724321468614,-0.003869718040128256,-0.003974584463216432,0.13458529097734476,-0.10384247563771634,2.3798357462846558,0.19268534933437848,0.861785614813864,0.3588887776336198,-0.30231896324978513,0.6201589816185497,-0.7787694116746366,0.9305205736943878,12.983065590795658,-0.7355711470212816,-0.06458179177981904
176,0.5280000000000004,1.4676485043094922,1.2508200111197643,0.9569052777376829,1.3246262068330636,1.4305793574347347,1.3085327018989512,0.8594180641761099,1.4014698710560534,1.4305793574347347,1.3085327018989512,0.8594180641761099,1.4014698710560534,0.0,0.0,5.0,0.05845494222851096,-0.04369370308585093,-0.0022633865385847923,0.0,0.0,4.999999994565849,0.06640984624157269,-0.04782241241015227,-0.0063000772701624005,0.0,0.0,-5.434150907035473e-09,0.007954904013061724,-0.004128709324301337,-0.004036690731577608,0.1364317469396195,-0.10619913431325871,2.3825997300958743,0.17616166046034454,0.8649900379072929,0.3527491719079328,-0.31036643733377767,0.615485320758252,-0.7855528918474548,0.921327937072901,13.068566981993133,-0.812909002112788,-0.07000414252233765
177,0.5310000000000004,1.4704906414062955,1.2454110613173035,0.9659428386258587,1.3181554586505433,1.4334476083889547,1.3043837202161592,0.8664816834295498,1.395686983145677,1.4334476083889547,1.3043837202161592,0.8664816834295498,1.395686983145677,0.0,0.0,5.0,0.05772922001136776,-0.043180340544719725,-0.001906995599035401,0.0,0.0,4.999999995180341,0.06582691878889228,-0.04756626620298869,-0.00600212117314998,0.0,0.0,-4.819659338295423e-09,0.008097698777524524,-0.004385925658268966,-0.004095125574114579,0.13826306803042154,-0.10857521046795511,2.385336038311915,0.15949837796393745,0.867842202639702,0.3464196153068371,-0.31843936451859395,0.6104403636006777,-0.7920253848988017,0.912102738680251,13.15300105565204,-0.8899589909022962,-0.07517938538132575
178,0.5340000000000004,1.4732901510000647,1.2399519218902162,0.9750808416441124,1.3116770854656103,1.4363270697513646,1.300121283318919,0.8737160593047911,1.3898355833502714,1.4363270697513646,1.300121283318919,0.8737160593047911,1.3898355833502714,0.0,0.0,5.0,0.05699344729313459,-0.04264841457805567,-0.001548870220674769,0.0,0.0,4.9999999957253465,0.0652325310477926,-0.04728967104152211,-0.005698706064195515,0.0,0.0,-4.274653520042193e-09,0.008239083754658011,-0.004641256463466442,-0.004149835843520746,0.1400781516311774,-0.1109697383233742,2.3880446212482007,0.1427013409424473,0.8703334571257293,0.33990193379581096,-0.3265312789039842,0.6050278669186173,-0.7981759518063656,0.902860978761896,13.236349541226115,-0.9666824073377773,-0.0801029674166235
179,0.5370000000000004,1.4760424963581797,1.2344482729581232,0.9843129661926174,1.3051962644910817,1.4392136981637722,1.2957500291165729,0.8811160364900019,1.3839202324383755,1.4392136981637722,1.2957500291165729,0.8811160364900019,1.3839202324383755,0.0,0.0,5.0,0.05624775216985195,-0.042098153863260254,-0.0011893361234761339,0.0,0.0,4.9999999962087225,0.0646267864995573,-0.046992745835196775,-0.005390107903517613,0.0,0.0,-3.791277514153535e-09,0.008379034329705354,-0.004894591971936521,-0.004200771780041479,0.1418759087229425,-0.11338172025785094,2.3907254782126635,0.12577666894735742,0.8724553283821253,0.3331981278057808,-0.3346355288263141,0.5992523639217004,-0.8039939781589143,0.8936189881542127,13.318594546576598,-1.0430403969874655,-0.08477056446147042
180,0.5400000000000004,1.478743143418013,1.2289058313816241,0.9936328462932558,1.2987181789071112,1.442103398493075,1.291274690992869,0.8886763543125447,1.3779455528389506,1.442103398493075,1.291274690992869,0.8886763543125447,1.3779455528389506,0.0,0.0,5.0,0.05549226446502432,-0.04152979495992689,-0.0008287203086619975,0.0,0.0,4.999999996637439,0.06400979060266118,-0.04667561823344488,-0.005076607365393004,0.0,0.0,-3.362560896391642e-09,0.008517526137636865,-0.005145823273517987,-0.004247887056731007,0.14365526625564107,-0.1158101278862689,2.3933786584136865,0.10873076220022591,0.8741995386339789,0.32631037332416885,-0.34274528189974757,0.5931191775661909,-0.8094692094726533,0.8843934003409966,13.399718564523935,-1.1189939789148697,-0.0891780850544732
181,0.5430000000000004,1.4813875654330402,1.2233303456076783,1.0030340758572331,1.2922480131020537,1.4449920279028095,1.286700093460071,0.8963916511767178,1.371916224478078,1.4449920279028095,1.286700093460071,0.8963916511767178,1.371916224478078,0.0,0.0,5.0,0.05472711570701802,-0.04094358220814287,-0.00046735076129191645,0.0,0.0,4.999999997017676,0.06338165077440985,-0.04633842457080847,-0.004758489582879319,0.0,0.0,-2.982323721312241e-09,0.008654535067391833,-0.005394842362665603,-0.004291138821587402,0.14541516955164605,-0.11825390324654211,2.3960042617782804,0.09157030129118571,0.8755580217342527,0.3192410227105449,-0.3508535305750368,0.5866344320016608,-0.8145917867577352,0.8752011215313529,13.479704478803892,-1.1945040681218309,-0.0933216741599336
182,0.5460000000000004,1.4839712476247655,1.217727590492471,1.0125102139767166,1.2857909479060523,1.4478753999821017,1.2820311477369957,0.9042564690792698,1.3658369805565493,1.4478753999821017,1.2820311477369957,0.9042564690792698,1.3658369805565493,0.0,0.0,5.0,0.05395243910616273,-0.04033976762344644,-0.00010555615195565035,0.0,0.0,4.999999997354916,0.06274247637223854,-0.04598130980832785,-0.004436043888482601,0.0,0.0,-2.645084151708943e-09,0.008790037266075808,-0.005641542184881408,-0.004330487736526951,0.14715458473774007,-0.12071196009317908,2.398602439674637,0.07430224634386445,0.8765229396598901,0.3119926052266014,-0.35895309822058635,0.57980506203134,-0.8193522822123243,0.8660592987855964,13.5585355694156,-1.2695314985401884,-0.09719771667315233
183,0.5490000000000004,1.4864896918360675,1.212103362106355,1.022054790235846,1.2793521558217327,1.450749288928155,1.2772728472549617,0.9122652581986835,1.3597126032722213,1.450749288928155,1.2772728472549617,0.9122652581986835,1.3597126032722213,0.0,0.0,5.0,0.05316836953155968,-0.03971861078848418,0.00025633446215736044,0.0,0.0,4.9999999976540215,0.06209237867467311,-0.04560442747122119,-0.004109563551005169,0.0,0.0,-2.3459785225554697e-09,0.008924009143113434,-0.005885816682737008,-0.004365898013162529,0.1488725011991386,-0.12318318529792492,2.401173395533315,0.05693383563153201,0.8770866990462349,0.3045678272708019,-0.367036645729011,0.5726388204661806,-0.8237417349152816,0.8569852862259472,13.636195517350593,-1.3440370465513434,-0.10080284070752578
184,0.5520000000000004,1.4889384211815428,1.2064634725255345,1.0316613100364571,1.2729367962564666,1.4536094337783645,1.2724302630957016,0.9204123815541674,1.3535479194910707,1.4536094337783645,1.2724302630957016,0.9204123815541674,1.3535479194910707,0.0,0.0,5.0,0.05237504348760155,-0.039080378741415234,0.0006179919365399745,0.0,0.0,4.999999997919304,0.06143147086195662,-0.045207939582882786,-0.0037793455088136058,0.0,0.0,-2.080695615802597e-09,0.009056427374355067,-0.0061275608414675525,-0.00439733744535358,0.15056793404890878,-0.12566644035707267,2.403717385361453,0.03947258363037706,0.8772419677200692,0.29696957230874,-0.37509667865088797,0.5651442832567256,-0.8277516863825796,0.8479966093792859,13.712668408693538,-1.4179814550116623,-0.10413392066044405
185,0.5550000000000004,1.491312984690444,1.2008137446151101,1.0413232599338527,1.2665500107605947,1.4564515426880937,1.2675085393653398,0.9286921197302302,1.347347796370925,1.4564515426880937,1.2675085393653398,0.9286921197302302,1.347347796370925,0.0,0.0,5.0,0.0515725990902072,-0.0384253458611104,0.0009790873387288518,0.0,0.0,4.999999998154589,0.06075986799634489,-0.04479201659522783,-0.003445690099769118,0.0,0.0,-1.8454109351750958e-09,0.009187268906137691,-0.006366670734117431,-0.00442477743849797,0.15223992660578406,-0.12816056300461376,2.406234718144583,0.021926278496992035,0.8769816911902428,0.28920090049098784,-0.3831255548558136,0.5573308522917575,-0.8313742158470295,0.83911092770998,13.78793873808692,-1.4913254577605262,-0.10718808005520664
186,0.5580000000000004,1.493608961937815,1.1951600068081625,1.051034112977956,1.2601969182760668,1.4592712972501034,1.2625128885085986,0.937098675662664,1.3411171369419017,1.4592712972501034,1.2625128885085986,0.937098675662664,1.3411171369419017,0.0,0.0,5.0,0.05076117604277625,-0.0377537937491953,0.0013392922474731012,0.0,0.0,4.9999999983632675,0.060077687002074234,-0.044356837315413636,-0.003108900788065992,0.0,0.0,-1.6367325272881317e-09,0.009316510959297981,-0.006603043566218339,-0.004448193035539094,0.15388755287305936,-0.13066436892996142,2.408725756130818,0.0043029789584063845,0.8762991090536364,0.2812650479510101,-0.3911154927192247,0.5492087557584332,-0.8346019751158845,0.8303459954117348,13.86199141155368,-1.5640298045865622,-0.10996269415636935
187,0.5610000000000004,1.4958219676594386,1.1895080878855073,1.060787334055159,1.253882610399898,1.462064356851578,1.257448586567443,0.9456261794817045,1.334860875647624,1.462064356851578,1.257448586567443,0.9456261794817045,1.334860875647624,0.0,0.0,5.0,0.04994091561186693,-0.03706601110898875,0.0016982790514378635,0.0,0.0,4.999999998548349,0.05938504664500546,-0.043902588828969275,-0.0027692838882267604,0.0,0.0,-1.4516512436557605e-09,0.009444131033138535,-0.006836577719980523,-0.0044675629396646235,0.15550992001095493,-0.13317665359853065,2.4111909149924333,-0.013388989395650608,0.8751877712730879,0.2731654257765643,-0.3990585798317286,0.5407890459651911,-0.837428222856408,0.8217196205385255,13.934811748673491,-1.636055286626518,-0.11245539235614835
188,0.5640000000000004,1.4979476563461667,1.1838638117607734,1.0705763852262158,1.2476121466668455,1.4648263630646612,1.2523209683884207,0.9542686934080972,1.3285839738513225,1.4648263630646612,1.2523209683884207,0.9542686934080972,1.3285839738513225,0.0,0.0,5.0,0.04911196060260212,-0.03636229362138773,0.0020557212471714274,0.0,0.0,4.999999998712502,0.05868206751194659,-0.04342946641936622,-0.0024271482865047753,0.0,0.0,-1.2874981081267833e-09,0.00957010690934447,-0.007067172797978492,-0.004482869533676203,0.15710617079456338,-0.13569619417299755,2.413630663860131,-0.031141038427156795,0.8736415542829261,0.26490561864890483,-0.4069467822259217,0.5320835945361485,-0.8398468581556354,0.8132496225658414,14.006385484110103,-1.7073627621701282,-0.11466406032970984
189,0.5670000000000004,1.4999817268133118,1.1782329922754546,1.0803947310555082,1.2413905498557267,1.4675529440663686,1.2471354227830007,0.9630202166977486,1.3222914153109735,1.4675529440663686,1.2471354227830007,0.9630202166977486,1.3222914153109735,0.0,0.0,5.0,0.04827445533380718,-0.03564294381775289,0.0024112937360645393,0.0,0.0,4.999999998858092,0.05796887198965929,-0.04293767348406473,-0.0020828051599478606,0.0,0.0,-1.1419079015695388e-09,0.009694416655852113,-0.007294729666311839,-0.0044940988960124,0.15867548604924536,-0.13822175153258964,2.416045525225585,-0.0489443223782787,0.8716546768769012,0.256489383145048,-0.41477195411385775,0.5231050848939915,-0.8418524531973606,0.8049537884846772,14.076698768488942,-1.7779131828433272,-0.11658684195738829
190,0.5700000000000004,1.5019199267407044,1.1726214280085414,1.0902358439270354,1.23522280132372,1.4702397190837218,1.2418973876452473,0.9718746906306048,1.3159882016276445,1.4702397190837218,1.2418973876452473,0.9718746906306048,1.3159882016276445,0.0,0.0,5.0,0.047428545612884634,-0.03490827094984882,0.0027646731200321583,0.0,0.0,4.999999998987218,0.05724558424355142,-0.042427421447071983,-0.001736567693378481,0.0,0.0,-1.0127818583782755e-09,0.009817038630666783,-0.007519150497223161,-0.004501240813410639,0.16021708705511778,-0.14075207238728035,2.4184360747082105,-0.06678974341976646,0.8692217158325898,0.24792064569933586,-0.4225258481264714,0.5138670019574711,-0.8434402848969025,0.7968498275418465,14.145738168625977,-1.8476676201411661,-0.11822214101208427
191,0.5730000000000004,1.5037580571791203,1.1670348971053595,1.1000932093424944,1.2291138363730285,1.4728823028599134,1.2366123450312059,0.9808260035393653,1.3096793476712587,1.4728823028599134,1.2366123450312059,0.9808260035393653,1.3096793476712587,0.0,0.0,5.0,0.04657437871042931,-0.03415859085689551,0.0031155379956483934,0.0,0.0,4.9999999991017425,0.05651233019606007,-0.04189892966804952,-0.0013887507945477828,0.0,0.0,-8.982574684068823e-10,0.009937951485630758,-0.007740338811154011,-0.004504288790196176,0.16173023791208643,-0.14328589148327783,2.420802940682464,-0.08466795782346731,0.8663376212257942,0.23920350022156192,-0.4302001260443664,0.5043836189895557,-0.8446063653324949,0.7889553247512091,14.213490667110609,-1.9165872922809104,-0.11956862261031011
192,0.5760000000000004,1.5054919770187334,1.1614791521302053,1.10996033119685,1.2230685396542138,1.4754763101372985,1.2312858162044076,0.9898679958736063,1.3033698769880058,1.4754763101372985,1.2312858162044076,0.9898679958736063,1.3033698769880058,0.0,0.0,5.0,0.04571210333458909,-0.033394225829787426,0.0034635692464674373,0.0,0.0,4.999999999203318,0.05576923750472905,-0.04135242534800941,-0.0010396708077226313,0.0,0.0,-7.966818316162971e-10,0.01005713417013996,-0.007958199518221985,-0.004503240054190069,0.16321424785671548,-0.14582193389571158,2.4231468037623975,-0.10256938276146577,0.8629977313880512,0.2303422053699723,-0.437786370007457,0.4946699815430137,-0.8453474708112496,0.7812876933112156,14.279943661247223,-1.98463359134495,-0.12062521442556326
193,0.5790000000000004,1.5071176074153603,1.155959914947339,1.1198307370267848,1.217091740610518,1.478017360152975,1.2259233566519243,0.998994465294861,1.2970648171936465,1.478017360152975,1.2259233566519243,0.998994465294861,1.2970648171936465,0.0,0.0,5.0,0.0448418696051751,-0.03261550447253934,0.0038084503332642943,0.0,0.0,4.999999999293406,0.055016435539983616,-0.04078814343163917,-0.0006896452259660193,0.0,0.0,-7.065938945061134e-10,0.010174565934808519,-0.00817263895909983,-0.004498095559230314,0.16466847352210054,-0.14835891740393442,2.4254683961406216,-0.1204842037326035,0.8591977874601294,0.22134118147854676,-0.44527609418900926,0.4847418884616847,-0.8456611694076109,0.7738641260746973,14.34508496136179,-2.051768110682365,-0.12139110766292666
194,0.5820000000000004,1.5086309361702233,1.1504828716348676,1.129697983227501,1.2111882089674102,1.48050108114271,1.2205305510754334,1.0081991717981824,1.2907691953569824,1.48050108114271,1.2205305510754334,1.0081991717981824,1.2907691953569824,0.0,0.0,5.0,0.04396382902752624,-0.03182276156101783,0.004149867581931655,0.0,0.0,4.999999999373308,0.05425405536260765,-0.04020632650629784,-0.00033899240237285355,0.0,0.0,-6.266915875130508e-10,0.010290226335081407,-0.00838356494528001,-0.004488859984304509,0.16609232113182423,-0.15089555494437368,2.4277685007793024,-0.13840238261532337,0.8549339474943243,0.21220500713907375,-0.4526607569176712,0.474615869907901,-0.8455458468130811,0.7667015462269908,14.408902788481775,-2.11795267253729,-0.12186575779400849
195,0.5850000000000004,1.5100280220590614,1.1450536674360388,1.1395556602332981,1.2053626502716035,1.482923114848954,1.2151130083617654,1.017475842855691,1.2844880333777644,1.482923114848954,1.2151130083617654,1.017475842855691,1.2844880333777644,0.0,0.0,5.0,0.04307813446613271,-0.031016337899019704,0.004487510468770749,0.0,0.0,4.999999999444174,0.053482229700926184,-0.03960722469772639,1.1968739476724e-05,0.0,0.0,-5.558256077620172e-10,0.010404095234793471,-0.008590886798706683,-0.004475541729294025,0.16748524861902242,-0.15343055713538706,2.430047950451317,-0.15631366634392593,0.8502028000584735,0.2029384154396685,-0.45993177322912504,0.46430916239939757,-0.8450007303377968,0.7598165573381992,14.471385771399383,-2.183149355871582,-0.12204888505155487
196,0.5880000000000004,1.5113049991064045,1.1396779017523913,1.1493973976574967,1.1996197014837096,1.4852791210286722,1.209676356537427,1.0268181785775972,1.2782263433633307,1.4852791210286722,1.209676356537427,1.0268181785775972,1.2782263433633307,0.0,0.0,5.0,0.04218494011802247,-0.030196580171758854,0.004821071902917004,0.0,0.0,4.999999999507027,0.05270109292769788,-0.038991095562517133,0.0003629189955826756,0.0,0.0,-4.929727737135181e-10,0.010516152809675411,-0.00879451539075828,-0.004458152907334328,0.16884676766158005,-0.15596263486810893,2.4323076266302106,-0.1742075962034297,0.8450013772949047,0.19354628986253344,-0.46708052782703835,0.4538396808525428,-0.8440259109072966,0.753225392964573,14.53252294312997,-2.2473205243487033,-0.12194047468328661
197,0.5910000000000004,1.5124580808009096,1.1343611231832158,1.1592168693872038,1.1939639266286726,1.4875647819567273,1.2042262377116046,1.0362198568861778,1.271989123008263,1.4875647819567273,1.2042262377116046,1.0362198568861778,1.271989123008263,0.0,0.0,5.0,0.04128440148591616,-0.029363840796824688,0.005150248505643363,0.0,0.0,4.999999999562773,0.05191078103672077,-0.03835820397738911,0.0007135391718455578,0.0,0.0,-4.3722714337945945e-10,0.010626379550804609,-0.00899436318056442,-0.004436709333797805,0.17017644562450837,-0.15849050195681363,2.4345484582281585,-0.19207351773629341,0.839327167388003,0.18403365984492162,-0.4740983884310516,0.44322598764277404,-0.8426223629015663,0.746943865982566,14.592303736779245,-2.310428854445249,-0.12154077696472965
198,0.5940000000000004,1.5134835642477007,1.1291088246156815,1.169007798628548,1.1883998125080713,1.4897758069205351,1.1987683030121528,1.0456745386981716,1.2657813509813547,1.4897758069205351,1.1987683030121528,1.0456745386981716,1.2657813509813547,0.0,0.0,5.0,0.040376675351154294,-0.028518477772676222,0.005474740886287451,0.0,0.0,4.999999999612214,0.05111143161915656,-0.037708822025316155,0.0010635103743779906,0.0,0.0,-3.877858034684323e-10,0.010734756268002264,-0.009190344252639933,-0.0044112305119094605,0.17147390740063137,-0.16101287784187823,2.4367714201816995,-0.20990059125229882,0.8331781263947543,0.17440569600843306,-0.48097671948762294,0.4324872587076621,-0.8407919616881971,0.7409873178469909,14.650717980834582,-2.3724373636560885,-0.12085030697102736
199,0.5970000000000004,1.5143778342537086,1.1239264383699776,1.1787639628980109,1.1829317644783042,1.4919079367017314,1.1933082075190857,1.0551758731110683,1.2596079823241797,1.4919079367017314,1.1933082075190857,1.0551758731110683,1.2596079823241797,0.0,0.0,5.0,0.039461919746402264,-0.02766085452473695,0.0057942539145515405,0.0,0.0,4.999999999656065,0.05030318383957573,-0.03704322887855692,0.001412514299543012,0.0,0.0,-3.439346585309977e-10,0.010841264093173465,-0.009382374353819969,-0.004381739615008528,0.17273883714083033,-0.16352849033800002,2.438977531885615,-0.2276778029309096,0.826552689393475,0.16466770506294134,-0.48770689621766766,0.42164324673298115,-0.8385374987072577,0.7353705679718052,14.70775589389755,-2.433309438758752,-0.1198698441079437
200,0.6000000000000004,1.5151373673420283,1.1188193314037558,1.1884791989555592,1.1775641022986592,1.493956948040586,1.1878516052000803,1.0647175025887492,1.2534739438655416,1.493956948040586,1.1878516052000803,1.0647175025887492,1.2534739438655416,0.0,0.0,5.0,0.03854029392813709,-0.02679133974915642,0.006108496988927563,0.0,0.0,4.999999999694957,0.04948617841172981,-0.03636171067863758,0.0017602335234557023,0.0,0.0,-3.050431018891686e-10,0.010945884483592717,-0.009570370929481164,-0.0043482634654718605,0.17397097986526266,-0.16603607841991677,2.44116785547593,-0.2453939765034282,0.8194497809069863,0.1548251243926128,-0.4942803189730887,0.41071424147744945,-0.8358626939722552,0.730107863438302,14.763408078876385,-2.4930088641023707,-0.11860043140248427
201,0.6030000000000004,1.515758735691459,1.1137928005800743,1.1981474076753185,1.1723010560531506,1.4959186580789172,1.1824041438524984,1.07429306814196,1.2473841296560757,1.4959186580789172,1.1824041438524984,1.07429306814196,1.2473841296560757,0.0,0.0,5.0,0.03761195834892149,-0.025910307254306316,0.006417184301003269,0.0,0.0,4.999999999729452,0.04866055757405344,-0.03566456041333799,0.002106351790684545,0.0,0.0,-2.7054802842485515e-10,0.011048599225131947,-0.00975425315903167,-0.004310832510318724,0.17517014294718466,-0.16853439503749484,2.4433434939636527,-0.26303778550026913,0.8118688245577381,0.1448835163326341,-0.5006884278725061,0.39972102730733505,-0.832772205859356,0.7252128292408023,14.817665516658767,-2.551499849886271,-0.11704337455377979
202,0.6060000000000004,1.5162386109973516,1.108852068003042,1.2077625588496115,1.1671467621499965,1.4977889287772705,1.1769714600564274,1.0838962144990911,1.2413433964272562,1.4977889287772705,1.1769714600564274,1.0838962144990911,1.2413433964272562,0.0,0.0,5.0,0.036677074629469286,-0.025018135800078375,0.006720035095408845,0.0,0.0,4.999999999760045,0.04782646506490083,-0.034952077790735045,0.002450554301890173,0.0,0.0,-2.3995472275828433e-10,0.011149390435431547,-0.00993394199065667,-0.004269480793518672,0.17633619746126808,-0.17102220995169232,2.4455055892215056,-0.2805977660466703,0.8038097519138179,0.1348485621464016,-0.506922717684769,0.3886848380278076,-0.8292716380658209,0.7206984192842704,14.870519559286903,-2.608747060393159,-0.11520024074509608
203,0.6090000000000004,1.5165737682500366,1.1040022764252337,1.2173186959222269,1.1621052594025045,1.4995636713021503,1.1715591741432219,1.0935205952627611,1.2353565590790463,1.4995636713021503,1.1715591741432219,1.0935205952627611,1.2353565590790463,0.0,0.0,5.0,0.03573580553050795,-0.024115208935053836,0.007016773925167869,0.0,0.0,4.99999999978718,0.04698404609752137,-0.03422456911035647,0.0027925280001396408,0.0,0.0,-2.128199838580258e-10,0.011248240567013415,-0.010109360175302635,-0.004224245925028228,0.17746907938860904,-0.17349831258257747,2.44765531982656,-0.29806233018817274,0.7952730104864071,0.12472605571404259,-0.5129747529271793,0.3776273091136553,-0.8253675436283852,0.7165768683515342,14.921961922658376,-2.6647156421417453,-0.1130728572180525
204,0.6120000000000004,1.5167610894271424,1.0992484847309294,1.2268099406468607,1.1571804851950689,1.5012388503791134,1.1661728851840163,1.1031598780477139,1.2294283862004016,1.5012388503791134,1.1661728851840163,1.1031598780477139,1.2294283862004016,0.0,0.0,5.0,0.03478831492444212,-0.023201914831614136,0.0073071309022200714,0.0,0.0,4.999999999811245,0.04613344733477849,-0.03348234713150143,0.003131961855636141,0.0,0.0,-1.8875478957625091e-10,0.01134513241033637,-0.010280432299887295,-0.0041751690465839306,0.17856879067098208,-0.17596151486028655,2.4497938987623398,-0.31541977972522933,0.7862595708410618,0.11452189694422678,-0.5188361831437861,0.36657042745768104,-0.8210674259030251,0.7128596452599323,14.97198467877775,-2.719371251923646,-0.11066330961034333
205,0.6150000000000004,1.5167975670961937,1.0945956634991276,1.236230497666752,1.1523762717379296,1.502810488607559,1.1608181660026538,1.1128077495955617,1.2235635956268152,1.502810488607559,1.1608181660026538,1.1128077495955617,1.2235635956268152,0.0,0.0,5.0,0.033834767766824134,-0.022278646119063834,0.007590841942888308,0.0,0.0,4.99999999983259,0.04527481686361587,-0.03272573093878359,0.0034685471486047767,0.0,0.0,-1.674100857940175e-10,0.011440049096791735,-0.010447084819719753,-0.004122294794283532,0.17963540010729398,-0.17841065406954412,2.451922570984624,-0.3326583205343602,0.7767709327871931,0.10424208492228255,-0.5244987583276319,0.35553647877063316,-0.8163797364191944,0.7095574074281645,15.020580247585254,-2.7726800846894157,-0.10797394005847527
206,0.6180000000000004,1.5166803079239541,1.0900486906502347,1.245574659011589,1.147696342414224,1.5042746707330847,1.1555005582174525,1.1224579208619276,1.2177668500390557,1.5042746707330847,1.1555005582174525,1.1224579208619276,1.2177668500390557,0.0,0.0,5.0,0.03287533006763544,-0.021345799714837486,0.007867649008066253,0.0,0.0,4.9999999998515205,0.04440830416927603,-0.03195504580495538,0.0038019777500775606,0.0,0.0,-1.4847945095652904e-10,0.011532974101640593,-0.010609246090117895,-0.004065671257988693,0.1806690440856394,-0.18084459567814645,2.4540426108558457,-0.34976607735136195,0.7668091306123014,0.09389271080865108,-0.5299543444494534,0.3445479927818084,-0.8113138695341077,0.7066799570738669,15.067741388390298,-2.8246089012487188,-0.10500734506724758
207,0.6210000000000004,1.5164065360890986,1.0856123471802195,1.2548368085078567,1.1431443082228288,1.50562754787331,1.150225567316203,1.132104132071576,1.2120427526072217,1.50562754787331,1.150225567316203,1.132104132071576,1.2120427526072217,0.0,0.0,5.0,0.03191016886238497,-0.020403776653863066,0.008137300337908583,0.0,0.0,4.999999999868311,0.04353406010927531,-0.031170623051071558,0.004131950400321924,0.0,0.0,-1.3168932611051787e-10,0.011623891246890339,-0.010766846397208492,-0.004005349937586659,0.18166992714485256,-0.18326223613962436,2.4561553194536283,-0.366731108990216,0.7563767373298719,0.08347995050268449,-0.535194939054073,0.3336276864043792,-0.8058801538259711,0.7042361992608955,15.1134611909387,-2.87512505574978,-0.10176637314791082
208,0.6240000000000004,1.5159735965947934,1.081291312985984,1.264011426098874,1.1387236643203507,1.5068653416931082,1.1449986577687563,1.1417401577371453,1.2063958426841923,1.5068653416931082,1.1449986577687563,1.1417401577371453,1.2063958426841923,0.0,0.0,5.0,0.03093945218302847,-0.01945298191615506,0.00839955068080998,0.0,0.0,4.999999999883202,0.042652236887139885,-0.030372799904052686,0.00445816498465957,0.0,0.0,-1.1679812672582557e-10,0.011712784704111415,-0.010919817987897627,-0.00394138569615041,0.18263832235998434,-0.18566250566016174,2.4582620217596656,-0.38354142396952845,0.7454768679123612,0.07301005708772097,-0.5402126868845727,0.3227984050439288,-0.8000898401791267,0.7022341020124855,15.157733066143825,-2.924196522903517,-0.0982541222271523
209,0.6270000000000004,1.5153789584779813,1.0770901627855798,1.273093092070848,1.1344377866655933,1.50798434852523,1.1398252481815243,1.1513598116371422,1.2008305915525133,1.50798434852523,1.1398252481815243,1.1513598116371422,1.2008305915525133,0.0,0.0,5.0,0.029963349028714822,-0.018493824252711934,0.00865416151646487,0.0,0.0,4.99999999989641,0.04176298802590768,-0.02956191935170989,0.0047803248064250126,0.0,0.0,-1.03590025446465e-10,0.011799638997192857,-0.011068095098997956,-0.003873836710039857,0.18357457154671192,-0.18804437091974824,2.4603640637357724,-0.40018499651658296,0.734113181483383,0.06248935307424065,-0.5449998954933205,0.3120830622425219,-0.7939550865288346,0.7006806587023049,15.200550736512778,-2.971791924918047,-0.0944739368292665
210,0.6300000000000004,1.5146202179121406,1.0730133621368227,1.2820764911813607,1.1302899287696797,1.508980943432351,1.1347107064981745,1.1609569517488858,1.195351398228713,1.508980943432351,1.1347107064981745,1.1609569517488858,1.195351398228713,0.0,0.0,5.0,0.0289820293363635,-0.017526716009792085,0.008900901272804962,0.0,0.0,4.999999999908124,0.04086646834140034,-0.02873832999529266,0.00509813685681524,0.0,0.0,-9.187584026904005e-11,0.011884439005036843,-0.011211613985500576,-0.003802764415989722,0.18447908528030324,-0.1904068377374946,2.4624628092945624,-0.41664978291740795,0.7222898824460355,0.05192422245872004,-0.549549050798039,0.30150457786377444,-0.7874889392487814,0.6995818529299518,15.241908226299909,-3.017880558109585,-0.09042940503407083
211,0.6330000000000005,1.5136951012004294,1.069065263557793,1.2909564166868108,1.1262832185549678,1.509851584206617,1.129660345250758,1.1705254851321476,1.189962585328991,1.509851584206617,1.129660345250758,1.1705254851321476,1.189962585328991,0.0,0.0,5.0,0.027995663951079282,-0.016552072951644316,0.009139545536617177,0.0,0.0,4.999999999918513,0.03996283391527024,-0.02790238589962364,0.005411312081385226,0.0,0.0,-8.148681729380769e-11,0.011967169964190956,-0.011350312947979325,-0.0037282334552319503,0.1853523427254134,-0.19274895367103545,2.4645596371728042,-0.43292373817965607,0.7100117205272864,0.04132110261655356,-0.5538528325403658,0.29108581503672126,-0.7807053111802865,0.6989426260806326,15.281799851420725,-3.0624324191562184,-0.08612435521333403
212,0.6360000000000005,1.512601467656289,1.0652501027525578,1.299727774265401,1.1224206553257552,1.510592815302828,1.1246794168654581,1.1800593727592712,1.184668395000171,1.510592815302828,1.1246794168654581,1.1800593727592712,1.184668395000171,0.0,0.0,5.0,0.02700442459640834,-0.015570314081768892,0.00936987725765063,0.0,0.0,4.999999999927729,0.03905224206782698,-0.027054446440884394,0.005719565642947053,0.0,0.0,-7.227107801099919e-11,0.012047817471418643,-0.011484132359115502,-0.003650311614703578,0.18619489127367647,-0.19506981053999095,2.466655937716086,-0.4489948329735761,0.6972839897214328,0.030686476048094317,-0.5579041296037701,0.2808495160876906,-0.7736189563185042,0.6987668477606215,15.320220209160127,-3.1054182309614324,-0.08156285254868527
213,0.6390000000000005,1.5113373123685165,1.0615719949454157,1.3083855858323774,1.1187051068536942,1.511201271701444,1.1197731090270966,1.1895526342876115,1.1794729849197492,1.511201271701444,1.1197731090270966,1.1895526342876115,1.1794729849197492,0.0,0.0,5.0,0.02600848384444172,-0.014581861462786031,0.009591686946026762,0.0,0.0,4.999999999935902,0.03813485133064852,-0.026194876152118005,0.006022617180633141,0.0,0.0,-6.409806019291864e-11,0.0121263674862068,-0.011613014689331973,-0.003569069765393621,0.18700734598677585,-0.19736854686355368,2.468753109583958,-0.46485107081493465,0.6841125261188795,0.020026861997479564,-0.5616960551472543,0.27081823769979263,-0.7662454411875717,0.6990572892906507,15.357164167709604,-3.1468094680948284,-0.07674919533417084
214,0.6420000000000005,1.5099007688481252,1.058034931326823,1.316924993244321,1.115139306580733,1.5116736826976673,1.1149465401064809,1.1989993527701885,1.174380424368813,1.5116736826976673,1.1149465401064809,1.1989993527701885,1.174380424368813,0.0,0.0,5.0,0.025008015085771163,-0.013587140034989254,0.00980477286277334,0.0,0.0,4.9999999999431495,0.03721082141898108,-0.02532404456651466,0.006320191064888431,0.0,0.0,-5.6850524288165616e-11,0.012202806333209915,-0.011736904531525405,-0.0034845817978849097,0.18779038884342258,-0.19964435020241433,2.470852556385244,-0.4804805054524223,0.6705037046098093,0.009348807964445286,-0.5652219615110066,0.26101428554891193,-0.7586011129535518,0.6998156004286482,15.392626855568615,-3.1865783817780073,-0.07168791106681968
215,0.6450000000000005,1.5082901115542224,1.0546427756140866,1.325341261889404,1.111725850942288,1.5120068756129175,1.11020475465461,1.2083936793005121,1.1693946903815389,1.5120068756129175,1.11020475465461,1.2083936793005121,1.1693946903815389,0.0,0.0,5.0,0.02400319249930195,-0.012586577433661645,0.010008941203308776,0.0,0.0,4.999999999949578,0.03628031320393342,-0.024442326058547667,0.006612016648159212,0.0,0.0,-5.042188888637611e-11,0.01227712070463147,-0.011855748624886022,-0.0033969245551495643,0.1885447677894421,-0.20189645939543743,2.4729556832536876,-0.4958712584208669,0.6564644344557397,-0.0013411188702036874,-0.5684754548500642,0.2514596486731691,-0.7507030643410354,0.7010422894812564,15.426603650845871,-3.224698024384211,-0.06638375232877416
216,0.6480000000000005,1.5065037582964105,1.0513992607297586,1.333629784160596,1.1084671968132376,1.5121977794250763,1.1055527189677037,1.2177298375875907,1.1645196639749096,1.5121977794250763,1.1055527189677037,1.2177298375875907,1.1645196639749096,0.0,0.0,5.0,0.022994191021929174,-0.011580603805233333,0.010204006273710122,0.0,0.0,4.99999999995528,0.03534348868446914,-0.023550099683027972,0.006897828511050801,0.0,0.0,-4.4719783431901305e-11,0.012349297662539966,-0.01196949587779464,-0.0033061777626593215,0.1892712955909609,-0.20412416668174638,2.475063893374539,-0.5110115367204758,0.6420021537254645,-0.012036340284419304,-0.5714504094521239,0.24217593383960279,-0.742569095436311,0.7027367069503868,15.459090170496621,-3.2611422734209494,-0.06084169246473034
217,0.6510000000000005,1.5045402725111723,1.0483079856006277,1.3417860828089678,1.1053656590792345,1.5122434283139643,1.100995316726939,1.2270021284572117,1.1597591264622227,1.5122434283139643,1.100995316726939,1.2270021284572117,1.1597591264622227,0.0,0.0,5.0,0.021981186318081398,-0.010569651622359826,0.010389790659604204,0.0,0.0,4.9999999999603375,0.034400510959203615,-0.022647749012146903,0.0071773667037302105,0.0,0.0,-3.966249551012879e-11,0.012419324641122217,-0.012078097389787077,-0.0032124239558739935,0.18997084849149262,-0.20632681969917724,2.477178584473079,-0.5258896505813575,0.6271248225954513,-0.02273027569868282,-0.5741409816958747,0.23318430017724337,-0.734217672476953,0.7048970328467504,15.490082259532333,-3.295885854965543,-0.05506692105861836
218,0.6540000000000005,1.5023983654099875,1.0453724120800127,1.3498058141742966,1.1024234083357043,1.5121409651185695,1.0965373447167255,1.2362049342756432,1.155116755853885,1.5121409651185695,1.0965373447167255,1.2362049342756432,1.155116755853885,0.0,0.0,5.0,0.0209643547491382,-0.009554155497999879,0.010566125387528491,0.0,0.0,4.999999999964824,0.03345154419800861,-0.021735661970576692,0.00745037698235404,0.0,0.0,-3.517630631222346e-11,0.012487189448870409,-0.012181506472576813,-0.003115748405174451,0.19064436467454182,-0.20850382335041048,2.4793011452764397,-0.5404940312717198,0.611840915518375,-0.03341635088215853,-0.5765416236066585,0.22450539434973116,-0.7256678837444128,0.7075202677869072,15.519575980239281,-3.3289043665242164,-0.049064839213636025
219,0.6570000000000005,1.50007689799683,1.0425958619960403,1.3576847712903315,1.0996424687168023,1.51188764470264,1.0921835086252598,1.2453327232919866,1.150596123348915,1.51188764470264,1.0921835086252598,1.2453327232919866,1.150596123348915,0.0,0.0,5.0,0.019943873342725914,-0.008534551998573428,0.010732850078614752,0.0,0.0,4.999999999968802,0.03249675361343085,-0.020814230668699807,0.007716611040306777,0.0,0.0,-3.11981551703866e-11,0.012552880270704937,-0.012279678670126378,-0.0030162390383079753,0.1912928425341712,-0.21065464152848828,2.481432951960362,-0.5548132489074319,0.5961594122671299,-0.04408800665953128,-0.5786470959668587,0.21615928654312438,-0.7169393926925993,0.7106022279740122,15.547567601442676,-3.3601742992861916,-0.04284105463992966
220,0.6600000000000005,1.4975748829530422,1.0399815143283577,1.3654188868621544,1.0970247158564477,1.5114808372253212,1.0879384189310386,1.254380053895481,1.1462006899204886,1.5114808372253212,1.0879384189310386,1.254380053895481,1.1462006899204886,0.0,0.0,5.0,0.01891991976189783,-0.007511279456279713,0.010889813094455879,0.0,0.0,4.99999999997233,0.03153630543192902,-0.019883851234039032,0.007975826734039126,0.0,0.0,-2.76703104873377e-11,0.012616385670031191,-0.01237257177775932,-0.0029139863604167524,0.19191733875680766,-0.21277879869387248,2.4835753645927974,-0.5688360302200589,0.580089787865328,-0.05473870759678438,-0.5804524809392031,0.2081654075454852,-0.7080523884614018,0.7141375441451414,15.574053587852767,-3.389673059744943,-0.036401376554386904
221,0.6630000000000005,1.4948914863875347,1.0375324025157475,1.3730042361132357,1.0945718749834827,1.5109180313136157,1.083806586878915,1.2633415787841433,1.1419338029987844,1.5109180313136157,1.083806586878915,1.2633415787841433,1.1419338029987844,0.0,0.0,5.0,0.01789267227420328,-0.0064847777806562425,0.011036871675023084,0.0,0.0,4.999999999975458,0.03057036686493418,-0.0189449236409603,0.008227788303300884,0.0,0.0,-2.454214609315386e-11,0.012677694590730901,-0.01246014586030406,-0.0028090833717222003,0.19251896621839026,-0.214875881295691,2.4857297235864473,-0.5825512762400454,0.5636420014189663,-0.06536195064421442,-0.5819531941621241,0.20054248719420117,-0.699027533939501,0.7181196645500064,15.599030589529333,-3.4173789906596803,-0.029751810397181132
222,0.6660000000000005,1.4920260294504177,1.0352514118968839,1.3804370394998566,1.0922855191528458,1.5101968371335122,1.0797924205492146,1.2722120490412097,1.1377986932542976,1.5101968371335122,1.0797924205492146,1.2722120490412097,1.1377986932542976,0.0,0.0,5.0,0.016862309720652006,-0.005455488269459693,0.011173892068508131,0.0,0.0,4.999999999978234,0.02959910607973855,-0.01799785153872195,0.008472266585568142,0.0,0.0,-2.176570035317127e-11,0.012736796359086543,-0.01254236326926226,-0.0027016254829399892,0.19309889170178454,-0.21694553903035763,2.4878973461724687,-0.5959480798514369,0.5468264838676009,-0.07595127371510542,-0.5831449962774562,0.19330849446475568,-0.6898859115555421,0.7225408620070735,15.622495431500525,-3.4432713913309314,-0.02289855236987206
223,0.6690000000000005,1.4889779898083633,1.0331412772863895,1.387713665290721,1.0901670676145296,1.5093149893567424,1.0759002210233255,1.2809863181159307,1.133798471484697,1.5093149893567424,1.0759002210233255,1.2809863181159307,1.133798471484697,0.0,0.0,5.0,0.015829011484578163,-0.004423853418950021,0.01130074965297246,0.0,0.0,4.999999999980695,0.028622692170218345,-0.01704304207794405,0.008709039224469757,0.0,0.0,-1.9304557952182222e-11,0.012793680685640182,-0.012619188658994028,-0.0025917104285027026,0.19365833344019695,-0.21898748593132966,2.49007952290766,-0.6090157431743934,0.5296541246770019,-0.08650026417869597,-0.5840240038520639,0.1864805794707988,-0.6806489669906809,0.7273922450637388,15.644445103571703,-3.467330537164993,-0.015847983800028408
224,0.6720000000000005,1.4857470029800508,1.0312045806882462,1.3948306320097013,1.0882177843220027,1.5082703500201964,1.072134178649105,1.2896593457053616,1.1299361256082159,1.5082703500201964,1.072134178649105,1.2896593457053616,1.1299361256082159,0.0,0.0,5.0,0.014792957460410426,-0.003390316733659129,0.01141732904969253,0.0,0.0,4.999999999982879,0.02764129512739459,-0.01608090573557243,0.008937890872023554,0.0,0.0,-1.7121415396559314e-11,0.012848337666984165,-0.0126905890019133,-0.0024794381776689755,0.1941985584931166,-0.22100150128438534,2.492277514227462,-0.6217437947317618,0.512136257498832,-0.09700256724636808,-0.5845866996564771,0.18007501763988046,-0.6713384510185568,0.7326637732673724,15.66487675035933,-3.4895376985029016,-0.008606665337498778
225,0.6750000000000005,1.4823328635301725,1.0294437491484625,1.4017846107397762,1.0864387765815928,1.5070609112751365,1.068498369409335,1.2982262015338801,1.1262145177664633,1.5070609112751365,1.068498369409335,1.2982262015338801,1.1262145177664633,0.0,0.0,5.0,0.013754328022352592,-0.002355322535726509,0.011523524228098396,0.0,0.0,4.999999999984816,0.026655085809838455,-0.015111856138412802,0.009158613384498276,0.0,0.0,-1.518429826319334e-11,0.012900757787485864,-0.012756533602686294,-0.00236491084360012,0.19472087996208293,-0.22298743036345772,2.494492547057064,-0.6341220063561461,0.49428464482641543,-0.10745189423036455,-0.5848299422652589,0.17410715632210622,-0.661976359690794,0.7383442765338668,15.683787661584352,-3.5098751586905297,-0.0011813309876077633
226,0.6780000000000005,1.4787355261206605,1.0278610527487557,1.4085724272863387,1.0848309938442469,1.5056847980234431,1.0649967513963772,1.306682069027263,1.122636381539449,1.5056847980234431,1.0649967513963772,1.306682069027263,1.122636381539449,0.0,0.0,5.0,0.012713303992981182,-0.0013193157738829466,0.011619238602209947,0.0,0.0,4.999999999986532,0.02566423591392522,-0.014136309885310866,0.009371006011723193,0.0,0.0,-1.3468337556332699e-11,0.012950931920944039,-0.012816994111427919,-0.0022482325904867543,0.19522665405432377,-0.22494518498274899,2.4967258114928037,-0.6461404097942366,0.47611146167909446,-0.11784203065479995,-0.584750974945647,0.16859136408027983,-0.652584873097087,0.7444214785799406,15.701175262658758,-3.5283262313673127,0.006421118013295946
227,0.6810000000000005,1.474955106417878,1.0264586027429488,1.4151910641982295,1.083395226640945,1.504140270438224,1.0616331613960746,1.3150222488782428,1.1192043192755141,1.504140270438224,1.0616331613960746,1.3150222488782428,1.1192043192755141,0.0,0.0,5.0,0.01167006661176446,-0.0002827418321650747,0.011704385118483202,0.0,0.0,4.999999999988056,0.02466891794394209,-0.013154686368054183,0.009574875579673167,0.0,0.0,-1.1944223388127284e-11,0.01299885133217763,-0.012871944535889109,-0.0021295095388100347,0.1957172770030233,-0.2268747438615651,2.4989784575658986,-0.6577893129656414,0.4576292783510091,-0.12816684419926638,-0.5843474338029769,0.1635409828998456,-0.6431862929386989,0.7508820243649843,15.717037105598093,-3.544875276952097,0.01419361947437158
228,0.6840000000000005,1.47099188185466,1.0252383498375552,1.421637662644898,1.0821321056628883,1.5024257263662275,1.058411311583846,1.323242162500577,1.115920799538756,1.5024257263662275,1.058411311583846,1.323242162500577,1.115920799538756,0.0,0.0,5.0,0.01062479750350939,0.0007539536615572559,0.011778886334986702,0.0,0.0,4.999999999989406,0.02366930518205604,-0.01216740759107407,0.009770036666163037,0.0,0.0,-1.0594192190183094e-11,0.013044507678546648,-0.012921361252631325,-0.002008849668823665,0.19619418185365883,-0.22877615279905322,2.501251592100302,-0.6690593158340973,0.43885104226336186,-0.13842029245594747,-0.5836173551535114,0.15896828354518228,-0.6338029791627078,0.757711511467834,15.731370860291786,-3.559507718305559,0.02212895667318776
229,0.6870000000000005,1.4668462922462262,1.0242020826179847,1.4279095241483106,1.081042100987482,1.5005397036096033,1.0553347863358178,1.331337355368756,1.1127881546764276,1.5005397036096033,1.0553347863358178,1.331337355368756,1.1127881546764276,0.0,0.0,5.0,0.009577678646740993,0.0017903250271584328,0.011842674491836026,0.0,0.0,4.999999999990605,0.022665571658145728,-0.011174897990023774,0.009956311769491716,0.0,0.0,-9.395151323587925e-12,0.013087893011404735,-0.012965223017182207,-0.0018863627223443102,0.1966588351264856,-0.23064952465678773,2.503546275676213,-0.6799413258497284,0.4197900589623255,-0.14859643048183663,-0.5825591820975589,0.15488442427559004,-0.6244572859115065,0.7648945253036535,15.744174306162009,-3.572210055549629,0.030219764919155075
230,0.6900000000000005,1.462518940259116,1.023351426121601,1.4340041121682967,1.0801255214509888,1.4984808820846607,1.0524070391577318,1.3393035002405858,1.109808578508689,1.4984808820846607,1.0524070391577318,1.3393035002405858,1.109808578508689,0.0,0.0,5.0,0.008528892342020629,0.0028259267238570024,0.011895691572822328,0.0,0.0,4.999999999991667,0.02165789211950321,-0.010177584249311741,0.010133531469882384,0.0,0.0,-8.332889933626575e-12,0.013128999777482582,-0.013003510973168743,-0.0017621601029399435,0.19711273336584478,-0.2324950391479312,2.5058635197104118,-0.6904265729219591,0.4004599723077049,-0.15868941812840753,-0.581171770268152,0.1512994131197244,-0.6151714970478298,0.7724146780662431,15.755445324240663,-3.58296988002536,0.038458538251519264
231,0.6930000000000005,1.458010591732446,1.0226878405587776,1.4399190535401853,1.079382514168594,1.4962480858553873,1.0496313897342582,1.3471364002599906,1.1069841241429736,1.4962480858553873,1.0496313897342582,1.3471364002599906,1.1069841241429736,0.0,0.0,5.0,0.007478621180207737,0.0038603135417556427,0.01193788935817889,0.0,0.0,4.9999999999926095,0.020646442000411214,-0.00917589511866812,0.010301534583572185,0.0,0.0,-7.390532630324742e-12,0.013167820820203477,-0.013036208660423763,-0.0016363547746067048,0.19755739958751883,-0.2343129424324909,2.5082042836641967,-0.7005066238837837,0.3808747439002645,-0.16869352713190047,-0.5794543927330684,0.1482220738913493,-0.6059677615198977,0.7802546512616944,15.765181889692734,-3.59177588737165,0.046837636265824906
232,0.6960000000000005,1.4533221758508772,1.0222126201829305,1.4456521397637139,1.0788130642024827,1.493840285039603,1.0470110211012347,1.3548319919374872,1.1043167019151205,1.493840285039603,1.0470110211012347,1.3548319919374872,1.1043167019151205,0.0,0.0,5.0,0.006427048010671368,0.004893040793239106,0.011969229468437653,0.0,0.0,4.999999999993445,0.019631397391600205,-0.008170261228823014,0.010460168309411023,0.0,0.0,-6.554756737386924e-12,0.013204349380928838,-0.01306330202206212,-0.0015090611590266294,0.19799437963585545,-0.23610354651899312,2.510569472389238,-0.7101733964093306,0.36104863179825697,-0.17860314794826337,-0.5774067440305946,0.14566001611220236,-0.5968680288340762,0.7883962416805359,15.773382064812957,-3.598617889708303,0.055349291062640874
233,0.6990000000000005,1.4484547851688707,1.0219268923103937,1.4512013281423253,1.078416994378412,1.4912565975857395,1.044548976943237,1.3623863480058986,1.101808077459312,1.4912565975857395,1.044548976943237,1.3623863480058986,1.101808077459312,0.0,0.0,5.0,0.005374355909456694,0.0059236645041471905,0.011989683399335893,0.0,0.0,4.999999999994188,0.018612935009591575,-0.007161114906376581,0.01060928836783634,0.0,0.0,-5.8122395785176195e-12,0.01323857910013488,-0.013084779410523772,-0.0013803950314995542,0.1984252384628242,-0.23786722847370437,2.5129599336211506,-0.7194191723480367,0.34099616857613574,-0.18841279631771615,-0.5750289433221599,0.14361960898958678,-0.5878939849037438,0.7968204106374644,15.780043992521191,-3.6034868269078606,0.0639856143122286
234,0.7020000000000005,1.443409675485949,1.0218316164908465,1.456564742772094,1.078193965251113,1.4884962909183466,1.0422481590187753,1.3697956801489874,1.0994598699087357,1.4884962909183466,1.0422481590187753,1.3697956801489874,1.0994598699087357,0.0,0.0,5.0,0.004320728147411727,0.006951741604641435,0.011999232547741219,0.0,0.0,4.999999999994845,0.017591232165931947,-0.006148889987939887,0.010748759132097344,0.0,0.0,-5.154987547939527e-12,0.013270504018520219,-0.013100631592581322,-0.0012504734156438754,0.19885155634155566,-0.23960442943933272,2.5153764556300224,-0.7282366104402725,0.3207321387806826,-0.19811711954488911,-0.5723215366477722,0.1421059595771494,-0.5790669885427846,0.8055073362905878,15.785165890380396,-3.606374776941717,0.07273860442872858
235,0.7050000000000005,1.4381882655726854,1.021927583828902,1.4617406753796955,1.0781434752187191,1.4855587834505555,1.0401113247152902,1.377056341600807,1.0972735502287754,1.4855587834505555,1.0401113247152902,1.377056341600807,1.0972735502287754,0.0,0.0,5.0,0.003266348158280642,0.007976830119682822,0.011997868228571391,0.0,0.0,4.999999999995428,0.016566466736323338,-0.005134021633626307,0.010878453751609458,0.0,0.0,-4.572342504616245e-12,0.013300118578042695,-0.013110851753309128,-0.0011194144769619326,0.1992749250272375,-0.24131565346594364,2.5178197650365304,-0.7366187583809022,0.30027155584182746,-0.2077109024815096,-0.5692854982730745,0.14112289522728735,-0.570408008870303,0.8144364688359214,15.788746045159453,-3.607274965287048,0.08160015384734072
236,0.7080000000000005,1.432792136747551,1.0222154164572572,1.4667275860089024,1.0782648607862921,1.4824436459618395,1.0381410847360062,1.384164829613687,1.0952504396844125,1.4824436459618395,1.0381410847360062,1.384164829613687,1.0952504396844125,0.0,0.0,5.0,0.002211399506768173,0.008998489359038865,0.011985591682693522,0.0,0.0,4.9999999999959455,0.01553881712965588,-0.004116946139974598,0.010998254267326618,0.0,0.0,-4.054534485931072e-12,0.013327417622887706,-0.013115435499013462,-0.0009873374153669037,0.19969694387850614,-0.24300146615761295,2.5202905248016036,-0.7445590641990409,0.2796296384972691,-0.2171890731996777,-0.5659222311197888,0.14067295042287964,-0.5619375638897739,0.8235865883577969,15.790782807961342,-3.606181773382095,0.09056205639788044
237,0.7110000000000005,1.427223032304535,1.0226955671617755,1.4715241035553164,1.078557296978376,1.4791506028395376,1.0363399009205783,1.3911177877928889,1.0933917084433997,1.4791506028395376,1.0363399009205783,1.3911177877928889,1.0933917084433997,0.0,0.0,5.0,0.001156065856581779,0.010016280106738346,0.011962414075795482,0.0,0.0,4.999999999996405,0.014508462256947005,-0.003098100752382718,0.011108051719026728,0.0,0.0,-3.595346242946107e-12,0.013352396400365226,-0.013114380859121064,-0.0008543623567687543,0.20011921595267024,-0.2446624931391157,2.5227893323969095,-0.7520513869241736,0.258821786791611,-0.22654670834487048,-0.5622335662743096,0.1407573580547014,-0.5536756605009187,0.8329358651019759,15.791274589935421,-3.603090746118419,0.09961601476800476
238,0.7140000000000005,1.421482856791919,1.02336831915862,1.4761290261491002,1.0790197979003615,1.4756795331827288,1.0347100842013468,1.39791200829609,1.0916983743166455,1.4756795331827288,1.0347100842013468,1.39791200829609,1.0916983743166455,0.0,0.0,5.0,0.00010053093845600484,0.011029764809892277,0.011928356488230568,0.0,0.0,4.999999999996811,0.013475581500193734,-0.0020779234771339805,0.011207746244412398,0.0,0.0,-3.1885605267234496e-12,0.013375050561737729,-0.013107688287026258,-0.0007206102438181705,0.2005433440882375,-0.2462994183477042,2.5253167181626868,-0.7590900065107992,0.2378635577121065,-0.23577903815894177,-0.558221761572243,0.14137604518908745,-0.5456417361961596,0.8424619219257017,15.790219858590682,-3.597998598359767,0.10875364804932248
239,0.7170000000000005,1.4155736751424917,1.0242337860235096,1.4805413213856626,1.0796512174483373,1.4720304717671775,1.0332537926968912,1.4045444338959812,1.0901713016371222,1.4720304717671775,1.0332537926968912,1.4045444338959812,1.0901713016371222,0.0,0.0,5.0,-0.0009550214818342587,0.012038507766799834,0.011883449895844618,0.0,0.0,4.999999999997172,0.01244035468114274,-0.0010568528930965382,0.011297247169937179,0.0,0.0,-2.8279600883251987e-12,0.013395376162976999,-0.013095360659896372,-0.0005862027259074393,0.20097092698828245,-0.24791298215576096,2.52787314385869,-0.7656696329958861,0.21677064052424488,-0.24488145116453575,-0.553889499259739,0.14252763334831298,-0.5378546026855946,0.8521418986677556,15.78761713472498,-3.590903220478239,0.11796649935952384
240,0.7200000000000005,1.409497711655738,1.0252919117729702,1.4847601264043655,1.080450250166928,1.4682036098701765,1.0319730299444487,1.4110121599043797,1.0888112002784873,1.4682036098701765,1.0319730299444487,1.4110121599043797,1.0888112002784873,0.0,0.0,5.0,-0.002010407635467183,0.013042075314258678,0.011827735141803056,0.0,0.0,4.999999999997493,0.011402962029983518,-3.5327963175804666e-05,0.011376473093274303,0.0,0.0,-2.5073276788134535e-12,0.013413369665450701,-0.013077403277434483,-0.0004512620485287531,0.20140355531819415,-0.24950397933081625,2.5304590014132056,-0.7717854148656293,0.1955588318713126,-0.25384949850349925,-0.5492398827355287,0.14420944330390184,-0.5303323916850974,0.8619525181719004,15.78346498998321,-3.5818036828994884,0.12724604353359942
241,0.7230000000000005,1.4032573488326445,1.0265424710973647,1.4887847478154719,1.08141543225452,1.4641992959542678,1.0308696432726343,1.4173124359563967,1.0876186248144772,1.4641992959542678,1.0308696432726343,1.4173124359563967,1.0876186248144772,0.0,0.0,5.0,-0.0030654437825673735,0.014040036013998492,0.011761262899443473,0.0,0.0,4.999999999997776,0.0103635841539714,0.0009862121543971758,0.011445351957353286,0.0,0.0,-2.2239987629291136e-12,0.013429027936538773,-0.013053823859601316,-0.0003159109420901862,0.20184280783127656,-0.2510732568400906,2.533074611874272,-0.7774329466102987,0.174244010702714,-0.26267889792305793,-0.5442764323806313,0.1464175043608057,-0.5230925030914484,0.8718701536889444,15.777762045055443,-3.570700239649759,0.13658369487715383
242,0.7260000000000005,1.3968551260639095,1.0279850697452995,1.4926146614756743,1.0825451427151176,1.4600180362089248,1.0299453223157777,1.4234426676533172,1.0865939738200083,1.4600180362089248,1.0299453223157777,1.4234426676533172,1.0865939738200083,0.0,0.0,5.0,-0.004119946244194768,0.015031960838158435,0.011684093626187511,0.0,0.0,4.999999999998028,0.009322402005983832,0.002007328294862276,0.011503821115896838,0.0,0.0,-1.971756091734278e-12,0.0134423482501786,-0.01302463254329616,-0.00018027251029067298,0.20229024753554137,-0.2526217115073598,2.5357202245664006,-0.7826082754483422,0.15284211309624515,-0.27136553740470454,-0.5390030804857256,0.1491465680882693,-0.5161515557564125,0.8818708973761049,15.770506968523955,-3.557594330898589,0.1459708149747619
243,0.7290000000000005,1.3902937381724427,1.029619145058918,1.4962495121126933,1.0838376046559475,1.4556604949494238,1.0292015976710565,1.4294004180629836,1.0857374893147873,1.4556604949494238,1.0292015976710565,1.4294004180629836,1.0857374893147873,0.0,0.0,5.0,-0.005173731434322359,0.016017423353728133,0.011596297508554041,0.0,0.0,4.999999999998251,0.00827959685301713,0.003027581475729041,0.01155182739039845,0.0,0.0,-1.7488233083895466e-12,0.01345332828733949,-0.012989841877999092,-4.447011815559079e-05,0.20274741791483544,-0.2541502875305352,2.538396016455223,-0.7873079072033535,0.13136910703966947,-0.2799054784319341,-0.5334241652891861,0.1523901264313574,-0.5095253410584771,0.8919306296074436,15.76169847636599,-3.542488584492092,0.15539872054626794
244,0.7320000000000005,1.3835760338112146,1.0314439666594217,1.4996891127995702,1.0852908867297955,1.451127494872258,1.0286398396994805,1.4351834090766022,1.0850492563501084,1.451127494872258,1.0286398396994805,1.4351834090766022,1.0850492563501084,0.0,0.0,5.0,-0.006226615891798313,0.016995999905873176,0.011497954398323509,0.0,0.0,4.999999999998449,0.007235350244628375,0.0040465330854972115,0.01158932711848907,0.0,0.0,-1.5507595207964187e-12,0.013461966136426688,-0.012949466820375965,9.137272016556015e-05,0.2032158392171826,-0.25565997386890515,2.541102091721641,-0.7915288113200148,0.10984096723685462,-0.2882949588941381,-0.5275444241417238,0.15614043411571235,-0.5032287794566517,0.9020250888058909,15.751335332116968,-3.5253868164727633,0.1648586913438824
245,0.7350000000000005,1.3767050137176484,1.0334586372820218,1.5029334442794082,1.086902904720924,1.4464200171665744,1.0282612574716483,1.4407895226210226,1.0845292027393794,1.4464200171665744,1.0282612574716483,1.4407895226210226,1.0845292027393794,0.0,0.0,5.0,-0.007278416312285769,0.017967269800066268,0.011389153739911671,0.0,0.0,4.999999999998625,0.006189843981328283,0.005063745072217921,0.011616286193648538,0.0,0.0,-1.3749001936957939e-12,0.013468260293614052,-0.012903524727848347,0.0002271324537368672,0.20369700482289443,-0.2571518015094913,2.5438384815461585,-0.7952684250076753,0.08827365000338938,-0.2965303956251386,-0.5213689858164646,0.1603885352372817,-0.4972758801953833,0.9121299415058228,15.739416347696762,-3.5062940305828505,0.1743419780828946
246,0.7380000000000005,1.3696838288258413,1.0356620937594312,1.5059826541414476,1.0886714232732801,1.4415392014812514,1.028066897859068,1.4462168017256725,1.0841770989327884,1.4415392014812514,1.028066897859068,1.4462168017256725,1.0841770989327884,0.0,0.0,5.0,-0.008328949580175918,0.018930815482945725,0.011269994489018654,0.0,0.0,4.9999999999987805,0.005143260082929951,0.006078780131814149,0.011632680096226013,0.0,0.0,-1.219468970248272e-12,0.01347220966310587,-0.012852035351131576,0.0003626856072073588,0.20419237770462034,-0.2586268406224315,2.5466051441032245,-0.7985246565028151,0.06668306831601896,-0.3046083865759966,-0.5149033619861013,0.16512429390863687,-0.4916797043134055,0.9222208523552732,15.725940384899427,-3.4852164167493482,0.18383981039878913
247,0.7410000000000005,1.362515778238063,1.0380531081528215,1.5088370558495172,1.0905940577596005,1.4364863457473607,1.0280576447716987,1.4514634514434612,1.0839925580363974,1.4364863457473607,1.0280576447716987,1.4514634514434612,1.0839925580363974,0.0,0.0,5.0,-0.009378032800467648,0.019886222721823527,0.011140585022627368,0.0,0.0,4.999999999998918,0.00409578075685979,0.007091201896079924,0.011638493915740886,0.0,0.0,-1.0818013151947525e-12,0.013473813557327439,-0.012795020825743603,0.0004979088931135172,0.20470338699106305,-0.26008619761570834,2.5494019647645305,-0.8012958874442638,0.045085067079411595,-0.3125257126228577,-0.5081534378914787,0.17033642881423253,-0.4864523310922763,0.932273553768676,15.710906357544673,-3.4621613485498064,0.19334340482352957
248,0.7440000000000005,1.3552043070571174,1.0406302890290555,1.5114971276239915,1.0926682762898394,1.4312629058558932,1.0282342185422435,1.456527839625097,1.083975035975807,1.4312629058558932,1.0282342185422435,1.456527839625097,1.083975035975807,0.0,0.0,5.0,-0.01042548333060936,0.02083308078276601,0.01100104304043319,0.0,0.0,4.999999999999041,0.0030475883664359688,0.008100575120276718,0.011633722364444099,0.0,0.0,-9.592326932761353e-13,0.013473071697045329,-0.01273250566248929,0.000632679324010909,0.205231424645589,-0.26153101209989627,2.552228756509364,-0.8035809743576685,0.02349539867271203,-0.3202793390117053,-0.501125462228587,0.17601255150864809,-0.4816048280626438,0.9422639149444879,15.694313234287184,-3.437137379659141,0.2028439727737561
249,0.7470000000000006,1.3477530040812427,1.0433920828829089,1.5139635111785714,1.0948914018572782,1.4258704951907561,1.028597175457582,1.461408497546398,1.0841238318044133,1.4258704951907561,1.028597175457582,1.461408497546398,1.0841238318044133,0.0,0.0,5.0,-0.011471118812296247,0.021770982607170013,0.010851495457794394,0.0,0.0,4.999999999999149,0.0019988653991189487,0.009106465870247299,0.01161836978212738,0.0,0.0,-8.5087492607272e-13,0.013469984211415195,-0.012664516736922714,0.0007668743243329865,0.2057778422704129,-0.2629624537739002,2.5550852605392653,-0.8053792492483473,0.0019296988370487984,-0.3278664164429641,-0.4938260362834417,0.18213920827463437,-0.4771472246679841,0.9521680099671292,15.676160042077736,-3.4101542392787754,0.21233272854363222
250,0.7500000000000006,1.3401655993634054,1.0463367757027995,1.516237010313295,1.0972606146205033,1.4203108840171865,1.0291469074376058,1.46610412038831,1.0844380881561435,1.4203108840171865,1.0291469074376058,1.46610412038831,1.0844380881561435,0.0,0.0,5.0,-0.012514757203218634,0.022699524986759385,0.01069207829030096,0.0,0.0,4.999999999999246,0.0009497944347414133,0.010108441708966132,0.011592450132176205,0.0,0.0,-7.540634783254063e-13,0.013464551637960048,-0.012591083277793253,0.0009003718418752454,0.20634394804643816,-0.2643817192429007,2.5579711470934234,-0.8066905193042991,-0.019596537036346548,-0.33528428179993974,-0.486262102346709,0.18870192534175406,-0.47308848966684314,0.9619621847193432,15.656445870267898,-3.381222826550485,0.22180089729507213
251,0.7530000000000006,1.3324459616369064,1.049462494678465,1.5183185893653102,1.0997729543193207,1.4145859987258529,1.0298836418615842,1.470613567569475,1.0849167918424192,1.4145859987258529,1.0298836418615842,1.470613567569475,1.0849167918424192,0.0,0.0,5.0,-0.01355621680875496,0.02361830873692604,0.010522936530066454,0.0,0.0,4.999999999999331,-9.944188627870887e-05,0.011106071882445709,0.011555986988869865,0.0,0.0,-6.687983500341943e-13,0.013456774922476251,-0.01251223685448033,0.0010330504588034108,0.20693100381819315,-0.2657900287799075,2.560886016460441,-0.8075150657137532,-0.04106797715947284,-0.3425304585260776,-0.4784409314421752,0.19568525725166108,-0.4694365123355938,0.9716231223392471,15.635169875348026,-3.35035520395841,0.23123972303808182
252,0.7560000000000006,1.3245980956093992,1.0527672100488958,1.5202093715191258,1.1024253228225804,1.4086979209330523,1.0308074415420512,1.474935862931329,1.0855587745929747,1.4086979209330523,1.0308074415420512,1.474935862931329,1.0855587745929747,0.0,0.0,5.0,-0.014595316313604185,0.024526938868341217,0.010344224013855733,0.0,0.0,4.999999999999407,-0.0011486608947352955,0.01209892750491999,0.01150901351594033,0.0,0.0,-5.933031843596837e-13,0.01344665541886889,-0.012428011363421226,0.0011647895020845973,0.20754022233262123,-0.26718862304245106,2.563829400181339,-0.8078536416042329,-0.06246947608633567,-0.3496026566569874,-0.4703701104052577,0.20307283814268917,-0.4661980875145284,0.9811279069659771,15.612331286306114,-3.3175645897237884,0.24064047659395799
253,0.7590000000000006,1.316626139127518,1.0562487370886702,1.5219106369780948,1.105214486805723,1.4026488864375406,1.0319182048460755,1.4790701947758436,1.0863627139400147,1.4026488864375406,1.0319182048460755,1.4790701947758436,1.0863627139400147,0.0,0.0,5.0,-0.01563187481335257,0.025425024756763233,0.01015610328316828,0.0,0.0,4.999999999999474,-0.0021976799244363965,0.013086581743224218,0.011451572436409416,0.0,0.0,-5.258016244624741e-13,0.013434194888916173,-0.012338443013539015,0.0012954691532411355,0.20817276463976472,-0.2685787597560137,2.5668007624379254,-0.8077074691126616,-0.0837860968832761,-0.3564987725140894,-0.46205752834969815,0.21084743571449446,-0.463378904520872,0.9904540855288256,15.587929410593054,-3.282865349198065,0.2499944635341009
254,0.7620000000000006,1.3085343602144004,1.0599047382307587,1.5234238209990834,1.1081370805557593,1.396441284034664,1.0332156659636413,1.483015915756154,1.0873271342450745,1.396441284034664,1.0332156659636413,1.483015915756154,1.0873271342450745,0.0,0.0,5.0,-0.01666571184596835,0.02631218031096858,0.009958745436404463,0.0,0.0,4.999999999999534,-0.0032463163440056703,0.014068610000292317,0.011383715993731537,0.0,0.0,-4.662936703425657e-13,0.01341939550196268,-0.012243570310676265,0.0014249705573270745,0.20882973766263396,-0.2699617103758132,2.5697995016199666,-0.8070782355985443,-0.10500313267926167,-0.36321688806760666,-0.4535113625623564,0.21899100762307683,-0.46098353993315333,0.9995797273470386,15.561963640677805,-3.246272985261102,0.25929303208722404
255,0.7650000000000006,1.3003271539826025,1.0637327253237276,1.524750511792371,1.1111896089012998,1.390077654188595,1.0346993953227317,1.4867725426204534,1.0884504078678068,1.390077654188595,1.0346993953227317,1.4867725426204534,1.0884504078678068,0.0,0.0,5.0,-0.017696647423219962,0.027188024138734324,0.00975232997324917,0.0,0.0,4.999999999999587,-0.004294387588678325,0.015044590097693336,0.011305505904277646,0.0,0.0,-4.1300296516055823e-13,0.013402259834541637,-0.012143434041040988,0.001553175931028477,0.2095121919427769,-0.2713387567385105,2.5728249520639292,-0.8059680890147047,-0.12610612754702002,-0.36975526997743985,-0.444740063867637,0.2274847600476473,-0.45901545423243073,1.0084834813209036,15.534433461174007,-3.2078041277323632,0.26852758100776825
256,0.7680000000000006,1.2920090394248787,1.0677300620211216,1.5258924482889362,1.1143684502650666,1.383560687563599,1.0363688001505793,1.490339755809662,1.0897307564757936,1.383560687563599,1.0363688001505793,1.490339755809662,1.0897307564757936,0.0,0.0,5.0,-0.018724502062011237,0.028052179710800446,0.009537044631414403,0.0,0.0,4.999999999999634,-0.005341711192084861,0.016014102457127713,0.011217013301203317,0.0,0.0,-3.659295089164516e-13,0.013382790869926376,-0.012038077253672733,0.001679968669788914,0.21022111956726752,-0.2727111877153123,2.575876385955457,-0.8043796324524392,-0.1470808966685217,-0.3761123683212209,-0.43575234150451153,0.23630920816354373,-0.457476992267269,1.017144630509287,15.505338456517677,-3.1674765218039997,0.27768956739836564
257,0.7710000000000006,1.283584656085563,1.071893966300732,1.5268515177774127,1.1176698598362933,1.3768932234153937,1.038223125180414,1.4937173989095145,1.0911662524943533,1.3768932234153937,1.038223125180414,1.4937173989095145,1.0911662524943533,0.0,0.0,5.0,-0.019749096815629207,0.02890427552274133,0.009313085215889217,0.0,0.0,4.999999999999675,-0.006388104818018145,0.016976730280806,0.01111831866975211,0.0,0.0,-3.2507330161024584e-13,0.013360991997611062,-0.01192754524193533,0.0018052334538628933,0.2109574522820168,-0.27408029587778593,2.57895301538717,-0.8023159178802545,-0.16791354574108977,-0.38228681501954936,-0.42655714756035695,0.24544423824975647,-0.4563693874912098,1.0255431439042815,15.474678319173744,-3.1253090155059167,0.28677051447923957
258,0.7740000000000006,1.27505876061527,1.076221513111347,1.527629753413144,1.1210899728602435,1.3700782478437905,1.0402614535029056,1.4969054779578388,1.092754820695178,1.3700782478437905,1.0402614535029056,1.4969054779578388,1.092754820695178,0.0,0.0,5.0,-0.020770253304897953,0.029743945254677315,0.009080655420852351,0.0,0.0,4.999999999999712,-0.007433386292177574,0.017932059730632083,0.01100951177405319,0.0,0.0,-2.877698079828406e-13,0.013336867012720379,-0.011811885524045232,0.001928856353200838,0.21172205979548364,-0.2754473741874976,2.5820539945628598,-0.7997804390975752,-0.18859048958331204,-0.3882774219690611,-0.4171636610068949,0.2548691711556169,-0.45569276990389485,1.0336597252299657,15.442452858347417,-3.0813215462139896,0.2957620192974751
259,0.7770000000000006,1.2664362232118502,1.080709637144365,1.5282293316018043,1.124624808041981,1.3631188919079307,1.0424827075613716,1.4999041606079273,1.0944942399225157,1.3631188919079307,1.0424827075613716,1.4999041606079273,1.0944942399225157,0.0,0.0,5.0,-0.021787793749234226,0.030570827928757274,0.008839966644409607,0.0,0.0,4.999999999999746,-0.008477373633885274,0.018879680106114086,0.01089069157547956,0.0,0.0,-2.540190280342358e-13,0.013310420115348953,-0.011691147822643189,0.002050724931069954,0.21251574827603012,-0.27681371272032784,2.585178422138688,-0.7967771239269308,-0.20909846990294575,-0.39408317889457234,-0.4075812713843989,0.2645628268488263,-0.45544617761008593,1.0414758586093558,15.408662009174655,-3.035535126213727,0.3046557603691499
260,0.7800000000000006,1.2577220239505498,1.0853551357277298,1.5286525692602626,1.1282702710614612,1.356018429605564,1.0448856502896915,1.5027137751490363,1.0963821449554825,1.356018429605564,1.0448856502896915,1.5027137751490363,1.0963821449554825,0.0,0.0,5.0,-0.022801540997598266,0.031384568064344615,0.008591237796324334,0.0,0.0,4.999999999999774,-0.009519885087768118,0.01981918402092632,0.010761966142641397,0.0,0.0,-2.255973186038318e-13,0.013281655909830149,-0.011565384043418295,0.002170728346317062,0.21333925904532888,-0.2781805954360119,2.588325343691572,-0.7933103256701596,-0.22942457219211865,-0.3997032509320703,-0.39781956218102543,0.27450358976624983,-0.4556275718946859,1.0489738509612943,15.373305842364342,-2.9879718273328053,0.3134435052473757
261,0.7830000000000006,1.2489212490064963,1.0901546718393051,1.5289019209573724,1.1320221581968282,1.348780275717931,1.047468886391735,1.505334809385172,1.0984160285049622,1.348780275717931,1.047468886391735,1.505334809385172,1.0984160285049622,0.0,0.0,5.0,-0.023811318559335635,0.03218481583084006,0.008334695098915984,0.0,0.0,4.9999999999998,-0.010560739155401386,0.020750167578046833,0.010623452553096088,0.0,0.0,-1.9984014443252818e-13,0.013250579403934249,-0.01143464825279323,0.002288757454180104,0.2141932674693981,-0.2795492970031017,2.5914937543045933,-0.7893848138560807,-0.24955624171832758,-0.4051369759547974,-0.38788829395462054,0.2846694746897385,-0.4562338556965894,1.0561368710071717,15.336384574263292,-2.9386547646569934,0.32211711800936826
262,0.7860000000000006,1.2400390867726838,1.095104777236941,1.5289799759375766,1.1358761600528005,1.3414079835219486,1.050230863760993,1.5077679093734508,1.1005932433434307,1.3414079835219486,1.050230863760993,1.5077679093734508,1.1005932433434307,0.0,0.0,5.0,-0.024816950634903443,0.0329712271980754,0.008070571881307772,0.0,0.0,4.999999999999822,-0.011599754626906461,0.021672230543393983,0.010475276786864635,0.0,0.0,-1.7763568394002505e-13,0.013217196007996982,-0.011298996654681419,0.0024047049055568627,0.21507838204801305,-0.2809210796891513,2.594682601258951,-0.7850057643088881,-0.2694812985830046,-0.4103838616550875,-0.3777973872446626,0.295038192871647,-0.4572608953498629,1.0629489847858637,15.297898577313655,-2.8876080793451475,0.33066856665573774
263,0.7890000000000006,1.2310808238767856,1.1002018557021471,1.5288894550302374,1.1398278653908305,1.3339052423715054,1.0531698750389684,1.5100138780234513,1.1029110045659185,1.3339052423715054,1.0531698750389684,1.5100138780234513,1.1029110045659185,0.0,0.0,5.0,-0.025818262146476884,0.03374346408421359,0.00779910836721068,0.0,0.0,4.999999999999844,-0.012636750612499581,0.0225849765178896,0.010317573611851039,0.0,0.0,-1.5631940186722204e-13,0.013181511533977303,-0.01115848756632399,0.0025184652446403584,0.21599514370242892,-0.28229719032549366,2.5978907868217327,-0.7801787485681954,-0.28918795182274015,-0.4154435823949667,-0.36755690532211377,0.30558721813862527,-0.458703545447451,1.0693951875939722,15.257848390871011,-2.8348569205600413,0.33908993041527014
264,0.7920000000000006,1.2220518411001402,1.1054421863944017,1.528633207447746,1.1438727650577127,1.3262758751498098,1.05628405931076,1.5120736735590903,1.105366391980201,1.3262758751498098,1.05628405931076,1.5120736735590903,1.105366391980201,0.0,0.0,5.0,-0.026815078768429514,0.03450119450109183,0.0075205514564365755,0.0,0.0,4.9999999999998614,-0.01367154657398395,0.02348801310787213,0.010150486461269079,0.0,0.0,-1.3855583347321954e-13,0.013143532194445563,-0.011013181393219697,0.0026299350048325032,0.21694402526055181,-0.28367885735550485,2.6011171711185943,-0.7749097226932149,-0.3086648125316145,-0.42031597583882707,-0.35717703682488083,0.3162938527076343,-0.4605556766703887,1.0754614322872598,15.216234732350093,-2.780427426532956,0.34737340694855867
265,0.7950000000000006,1.2129576092024243,1.1108219273128555,1.5282142074755614,1.1480062560091615,1.3185238355948405,1.0595714039361532,1.5139484078446905,1.107956352624193,1.3185238355948405,1.0595714039361532,1.5139484078446905,1.107956352624193,0.0,0.0,5.0,-0.027807226957683163,0.03524409269694456,0.007235154500339543,0.0,0.0,4.999999999999877,-0.014703962356181044,0.024380952093788988,0.00997416730318778,0.0,0.0,-1.2256862191861728e-13,0.013103264601502119,-0.010863140603155574,0.0027390128028482365,0.2179254311379165,-0.2850672879747482,2.604360575080288,-0.7692050154849761,-0.327900905986471,-0.4250010393817182,-0.3466680783263264,0.3271352924548895,-0.4628102064144327,1.0811346538979199,15.173058508663972,-2.724346704781033,0.3555113194439321
266,0.7980000000000006,1.203803684655572,1.1163371188622015,1.527635551057404,1.1522236454248251,1.3106532055000744,1.0630297465144039,1.5156393445770169,1.1106777034083963,1.3106532055000744,1.0630297465144039,1.5156393445770169,1.1106777034083963,0.0,0.0,5.0,-0.028794533983921018,0.03597183929644584,0.006943177071389224,0.0,0.0,4.999999999999892,-0.015733818218295004,0.0252634095970935,0.009788776502314363,0.0,0.0,-1.0835776720341528e-13,0.013060715765626014,-0.010708429699352338,0.0028455994309251383,0.218939697212076,-0.2864636653708566,2.607619783451911,-0.7630713161617675,-0.34688568276035553,-0.4294989263869844,-0.33604041688382885,0.33808869138650616,-0.46545913203614236,1.0864027905409328,15.128320827921453,-2.6666428114975367,0.36349612359923056
267,0.8010000000000006,1.1945957052905951,1.1219836875193558,1.5269004522789436,1.1565201549111066,1.3026681917927783,1.0666567769807922,1.5171478973451864,1.1135271338811472,1.3026681917927783,1.0666567769807922,1.5171478973451864,1.1135271338811472,0.0,0.0,5.0,-0.029776827959659805,0.03668412143801011,0.006644884727086139,0.0,0.0,4.999999999999904,-0.01676093486520533,0.026135006245276343,0.009594482674140384,0.0,0.0,-9.592326932761353e-14,0.013015893094454476,-0.010549115192733764,0.002949597947054245,0.21998709088728277,-0.287869146070452,2.6108935478537143,-0.7565156615241335,-0.3656090288127309,-0.4338099422470978,-0.32530451261377197,0.34913122506891864,-0.4684935665317943,1.0912548006010843,15.08202301134647,-2.6073447301362696,0.37132041448307695
268,0.8040000000000006,1.1853393858610572,1.1277574495974805,1.5260122397533935,1.1608909247880712,1.2945731234922697,1.0704500398328916,1.5184756275604723,1.1165012091142814,1.2945731234922697,1.0704500398328916,1.5184756275604723,1.1165012091142814,0.0,0.0,5.0,-0.030753937870174643,0.0373806329082929,0.006340548768433456,0.0,0.0,4.999999999999915,-0.017785133478681284,0.02699536733495926,0.00939146253158353,0.0,0.0,-8.526512829121202e-14,0.012968804391493359,-0.010385265573333642,0.003050913763150074,0.22106781134564552,-0.28928485739981735,2.614180589882345,-0.7495454226467634,-0.38406127454843875,-0.43793454028161205,-0.31447088133855366,0.3602401527875773,-0.4719037764551126,1.095680676210162,15.034166605382463,-2.5464823492124777,0.378976933269407
269,0.8070000000000006,1.1760405135269865,1.1336541151038482,1.5249743529125133,1.1653310184566523,1.286372448550656,1.0744069364843964,1.5196242422581359,1.1195963727067366,1.286372448550656,1.0744069364843964,1.5196242422581359,1.1195963727067366,0.0,0.0,5.0,-0.03172569360327252,0.038061074273833366,0.00603044599318499,0.0,0.0,4.999999999999925,-0.018806235748513978,0.027844122992982,0.009179900724264889,0.0,0.0,-7.460698725481052e-14,0.012919457854758544,-0.010216951280851365,0.003149454731079899,0.22218198998028724,-0.2907118950654384,2.6174796042414687,-0.7421682911354565,-0.4022332028407074,-0.44187331748617875,-0.30355007735024797,0.3713928782139033,-0.47567922187367234,1.099671453041294,14.984753393943967,-2.4840864393436766,0.38645857383913257
270,0.8100000000000006,1.1667049432631729,1.1396692916879196,1.5237903382066216,1.1698354268422886,1.278070730578678,1.0785247277442274,1.5205955917735372,1.1228089499034914,1.278070730578678,1.0785247277442274,1.5205955917735372,1.1228089499034914,0.0,0.0,5.0,-0.03269192597890811,0.038725153009781986,0.005714858444093783,0.0,0.0,4.999999999999934,-0.019824063903559494,0.028680908335412328,0.008959989670567443,0.0,0.0,-6.572520305780927e-14,0.012867862075348617,-0.010044244674369658,0.00324513122647366,0.22332969100540592,-0.2921513208599153,2.6207892618908617,-0.734392264988075,-0.4201160560167826,-0.4456270101465399,-0.29255267633444143,0.3825670083728946,-0.479808598158979,1.1032192164642438,14.933785410777048,-2.420188629554913,0.3937583892429364
271,0.8130000000000006,1.1573385931957687,1.1457984886759407,1.5224638452172488,1.1743990729110436,1.2696726454593863,1.082800536418528,1.521391667294886,1.1261351508271416,1.2696726454593863,1.082800536418528,1.521391667294886,1.1261351508271416,0.0,0.0,5.0,-0.03365246677863778,0.03937258362565841,0.005394073152390488,0.0,0.0,4.999999999999941,-0.02083844074268862,0.029505363624411335,0.008731929382629039,0.0,0.0,-5.861977570020827e-14,0.01281402603594916,-0.009867220001247075,0.0033378562302385506,0.22451091223755698,-0.29360416049812027,2.6241082132032267,-0.7262256340989475,-0.4377015418079756,-0.4491964893313312,-0.2814892584965009,0.39374041071702,-0.4842798794016485,1.1063171041216413,14.881264951889783,-2.354821382874016,0.4008695980193208
272,0.8160000000000006,1.147947439871263,1.1520371211883145,1.5209986226862156,1.1790168162542107,1.2611829778524872,1.0872313500330553,1.5220145982951023,1.1295710738193037,1.2611829778524872,1.0872313500330553,1.5220145982951023,1.1295710738193037,0.0,0.0,5.0,-0.03460714877490585,0.0400030877880852,0.005068381876724269,0.0,0.0,4.9999999999999485,-0.02184918966563669,0.030317134422886374,0.00849592728442846,0.0,0.0,-5.1514348342607263e-14,0.012757959109269162,-0.009685953365198827,0.0034275454077041913,0.22572558604193502,-0.2950714015878426,2.6274350911182314,-0.7176769654466146,-0.454981838269061,-0.452582756277407,-0.2703703919311243,0.4048912681260092,-0.48908036324078874,1.1089593050015238,14.82719458801355,-2.2880179712434567,0.4077855903621649
273,0.8190000000000006,1.1385375134619022,1.158380514335878,1.5193985144649143,1.1836834577373079,1.2526066175922943,1.0918140236733576,1.5224666498453672,1.1331127088889357,1.2526066175922943,1.0918140236733576,1.5224666498453672,1.1331127088889357,0.0,0.0,5.0,-0.035555805760158425,0.040616394440444445,0.0047380808378044365,0.0,0.0,4.999999999999955,-0.02285613470374949,0.03111587174686513,0.008252198023130528,0.0,0.0,-4.529709940470639e-14,0.012699671056408936,-0.009500522693579316,0.003514117185326091,0.2269735804369352,-0.2965539917385294,2.6307685142835195,-0.7087550880050785,-0.4719495976750145,-0.4557869376812321,-0.25920661627448904,0.4159981316667242,-0.4941967168956028,1.1111410550961036,14.771577177055711,-2.2198124497764438,0.41449993413218217
274,0.8220000000000006,1.1291148929117645,1.1648239074912077,1.517667455387692,1.1883937442093404,1.2439485559823207,1.0965452829400317,1.5227502198130431,1.1367559412645645,1.2439485559823207,1.0965452829400317,1.5227502198130431,1.1367559412645645,0.0,0.0,5.0,-0.036498272575779825,0.041212239919406334,0.004403470448983593,0.0,0.0,4.99999999999996,-0.02385910055061899,0.031901232215525516,0.008000963273861517,0.0,0.0,-3.9968028886505635e-14,0.012639172025160836,-0.009311007703880818,0.0035974928248779237,0.22825470034982234,-0.2980528368110915,2.6341070901727703,-0.6994690774188467,-0.4885979494060343,-0.4588102809096779,-0.24800842667665243,0.42703997096238094,-0.49961502418735665,1.112858629750306,14.714415876504164,-2.150239630385889,0.4210063807068134
275,0.8250000000000006,1.1196857010276462,1.1713624586309592,1.5158094670732725,1.1931423732681241,1.2352138819896503,1.1014217270162483,1.5228678359467513,1.1404965550473145,1.2352138819896503,1.1014217270162483,1.5228678359467513,1.1404965550473145,0.0,0.0,5.0,-0.037434385140846044,0.04179036806827923,0.004064855043027534,0.0,0.0,4.9999999999999645,-0.024857912592603504,0.03267287819881673,0.007742451538092589,0.0,0.0,-3.552713678800501e-14,0.01257647254824254,-0.009117489869462501,0.003677596495065055,0.22956868901592992,-0.29956879931111496,2.637449418171219,-0.6898282404820537,-0.5049205018346421,-0.46165414914331776,-0.23678625813008364,0.43799622203585403,-0.5053208333411474,1.1141093328162783,14.655714155744201,-2.0793350548158425,0.4272988706632327
276,0.8280000000000006,1.1102560995191157,1.177991248745223,1.5138286536582324,1.1979239980774306,1.2264077783423128,1.1064398318446331,1.522822152851489,1.1443302369615338,1.2264077783423128,1.1064398318446331,1.522822152851489,1.1443302369615338,0.0,0.0,5.0,-0.038363980480691055,0.04235053034713259,0.003722542595320406,0.0,0.0,4.999999999999969,-0.025852396939227557,0.033430477962607674,0.007476897935814526,0.0,0.0,-3.108624468950438e-14,0.012511583541463499,-0.008920052384524917,0.0037543553404941203,0.23091522951345256,-0.30110269692719294,2.640794092619444,-0.6798420994617819,-0.5209113432313875,-0.4643200164650344,-0.22555047018833418,0.4488468325075452,-0.5112992053593256,1.1148914827416878,14.595475808248313,-2.007134967105956,0.43337153928930255
277,0.8310000000000006,1.100832283991969,1.1847052863098066,1.5117291974665945,1.2027332322316329,1.2175355175329825,1.111595953410498,1.5226159488567668,1.1482525801997254,1.2175355175329825,1.111595953410498,1.5226159488567668,1.1482525801997254,0.0,0.0,5.0,-0.03928689675527997,0.0428924859396454,0.003376844443756843,0.0,0.0,4.9999999999999725,-0.02684238045345569,0.03417370581130119,0.007204543991692888,0.0,0.0,-2.7533531010703882e-14,0.012444516301824284,-0.008718780128344206,0.0038276995479360454,0.23229394642558515,-0.3026553012154787,2.644139705806635,-0.6695203763054237,-0.5365650417082862,-0.46680946290644354,-0.21431133210688366,0.45957230404420246,-0.5175347627619138,1.1152043957301943,14.533704963599781,-1.9336762855204244,0.43921872191746286
278,0.8340000000000006,1.0914204788995494,1.1914995118172809,1.5095153546196454,1.2075646546635257,1.2086024577324086,1.1168863311283195,1.522252122780845,1.1522590883584032,1.2086024577324086,1.1168863311283195,1.522252122780845,1.1522590883584032,0.0,0.0,5.0,-0.04020297328738526,0.04341600185663423,0.0030280750055758105,0.0,0.0,4.999999999999976,-0.02782769078183525,0.034902242227852015,0.006925637415397964,0.0,0.0,-2.398081733190338e-14,0.012375282505550006,-0.008513759628782216,0.003897562409822154,0.2337044076214983,-0.3042273364309603,2.6474848509050006,-0.6588729767715001,-0.5518766442215933,-0.4691241694642955,-0.20307900843615184,0.4701537319710492,-0.5240117384938665,1.1150483661219366,14.470406099311342,-1.8589965739737513,0.44483495907670695
279,0.8370000000000006,1.0820269324562934,1.1983688023626273,1.507191450590173,1.2124128145909092,1.1996140386160736,1.1223070913282729,1.5217336905942302,1.156345179461403,1.1996140386160736,1.1223070913282729,1.5217336905942302,1.156345179461403,0.0,0.0,5.0,-0.041112050590559904,0.04392085303621633,0.002676551491393958,0.0,0.0,4.9999999999999805,-0.02880815638450264,0.035615774011128684,0.006640431876309423,0.0,0.0,-1.9539925233402755e-14,0.012303894206057264,-0.008305079025087647,0.003963880384915465,0.2351461261474248,-0.30581947850537367,2.6508281248374512,-0.6479099745228049,-0.5668416746578413,-0.4712659130986504,-0.1918635450945502,0.4805728419755055,-0.5307140248044684,1.1144246441502181,14.405584052400657,-1.7831340129865059,0.4502150014579573
280,0.8400000000000006,1.0726579115179642,1.2053079762792152,1.5047618757053034,1.2172722364975208,1.1905757771076506,1.1278542508395402,1.5210637819856905,1.1605061900671012,1.1905757771076506,1.1278542508395402,1.5210637819856905,1.1605061900671012,0.0,0.0,5.0,-0.04201397039690385,0.04440682244056482,0.0023225936166979366,0.0,0.0,4.999999999999982,-0.029783606565047888,0.0363139944105601,0.006349186772800497,0.0,0.0,-1.7763568394002505e-14,0.01223036383185596,-0.008092828030004717,0.00402659315610256,0.23661856221896452,-0.30743235417110515,2.6541681310711644,-0.6366415952200669,-0.5814561310292556,-0.4732365617242305,-0.18067485594727012,0.4908120238465666,-0.5376252219105022,1.1133354112377802,14.339244030684965,-1.7061273702050628,0.45535381468832725
281,0.8430000000000006,1.0633196964330698,1.212311797820861,1.5022310806022285,1.2221374251438424,1.1814932630429205,1.1335237206670277,1.5202456368341262,1.1647373794559106,1.1814932630429205,1.1335237206670277,1.5202456368341262,1.1647373794559106,0.0,0.0,5.0,-0.04290857568461776,0.04487370114921413,0.001966523311058916,0.0,0.0,4.999999999999985,-0.030753871500232288,0.03699660325800888,0.006052166996311628,0.0,0.0,-1.509903313490213e-14,0.012154704184385474,-0.007877097891205248,0.004085643685252712,0.23812112530559285,-0.30906654022989105,2.6575034823301706,-0.6250782006535375,-0.5957164818066927,-0.47503806920594366,-0.16952270991428284,0.5008543622094446,-0.5447286862619648,1.1117837530021157,14.271391623758076,-1.6280159705200203,0.4602465839099273
282,0.8460000000000006,1.0540185758700136,1.219374981885609,1.4996035716410934,1.227002870603287,1.1723721547578723,1.1393113097580452,1.519282601589721,1.1690339338943485,1.1723721547578723,1.1393113097580452,1.519282601589721,1.1690339338943485,0.0,0.0,5.0,-0.04379571070534035,0.045321288448875965,0.0016086644253331575,0.0,0.0,4.999999999999987,-0.03171878226955453,0.03766330709681519,0.005749642690427992,0.0,0.0,-1.3322676295501878e-14,0.012076928435785818,-0.007657981352060778,0.004140978265094834,0.23965317629828373,-0.310722562964602,2.6608328032206034,-0.6132302729489998,-0.6096196614201113,-0.4766724703691405,-0.15841671862876688,0.5106836642302945,-0.5520075782369858,1.1097736301442143,14.20203281361364,-1.5488396658187538,0.4648887181590503
283,0.8490000000000006,1.0447608416244445,1.2264921987769224,1.4968839062793957,1.2318630533192387,1.163218174604799,1.1452127288554204,1.5181781255678692,1.1733909709719001,1.163218174604799,1.1452127288554204,1.5181781255678692,1.1733909709719001,0.0,0.0,5.0,-0.04467522101126347,0.04574939191972681,0.0012493424371151913,0.0,0.0,4.999999999999989,-0.03267817088465906,0.038313819307955035,0.005441889005180209,0.0,0.0,-1.0658141036401503e-14,0.01199705012660441,-0.0074355726117717735,0.004192546568065017,0.24121402975112566,-0.31240089769190543,2.6641547327628,-0.6011083988836938,-0.6231630649583133,-0.4781418760347231,-0.14736632466489605,0.5202844842806484,-0.5594449091011447,1.1073098473989331,14.131173984879661,-1.4686388044081735,0.4692758545417561
284,0.8520000000000006,1.0355527834114808,1.233658078997871,1.4940766884122363,1.2367124491784147,1.1540371044002544,1.151223594433446,1.5169357571594608,1.177803544006829,1.1540371044002544,1.151223594433446,1.5169357571594608,1.177803544006829,0.0,0.0,5.0,-0.04554695348202135,0.046157827518130114,0.000888884154711454,0.0,0.0,4.99999999999999,-0.033631870318582335,0.03894786023325897,0.0051291858467916035,0.0,0.0,-9.769962616701378e-15,0.011915083163439012,-0.007209967284871145,0.004240301692080149,0.24280295618782213,-0.31410196845313193,2.6674679268249837,-0.5887232543465392,-0.636344542101229,-0.4794484680887665,-0.13638079035162282,0.5296421455654937,-0.5670235870754979,1.104398020727893,14.058821934630274,-1.3874542001443602,0.4734038622020557
285,0.8550000000000006,1.0264006836472985,1.2408672180739182,1.4911865636828243,1.2415455345959643,1.1448347808088148,1.157339432712988,1.5155591399611676,1.1822666465170213,1.1448347808088148,1.157339432712988,1.5155591399611676,1.1822666465170213,0.0,0.0,5.0,-0.04641075635134812,0.046546419655757475,0.0005276174199035793,0.0,0.0,4.999999999999991,-0.03457971453483197,0.039565157295638614,0.004811817623099596,0.0,0.0,-8.881784197001252e-15,0.011831041816516154,-0.00698126236011886,0.004284200203196017,0.2444191844640202,-0.31582614784023366,2.670771060453796,-0.5760855889758336,-0.6491623903194162,-0.4805944945958451,-0.12546918718679162,0.5387427587326897,-0.5747264623672401,1.101044542937428,13.984983881741963,-1.3053271013063152,0.4772688460790894
286,0.8580000000000007,1.0173108122247632,1.248114181399865,1.488218214767637,1.2463567916077378,1.1356170906666416,1.1635556837520113,1.514052008829451,1.186775216751889,1.1356170906666416,1.1635556837520113,1.514052008829451,1.186775216751889,0.0,0.0,5.0,-0.047266479233500254,0.04691500127507487,0.00016587080977194672,0.0,0.0,4.999999999999993,-0.03552153851629315,0.0401654451162687,0.004490072984882881,0.0,0.0,-7.105427357601002e-15,0.011744940717207102,-0.006749556158806173,0.0043242021751109345,0.24606190417650384,-0.3175737569533146,2.67406283009751,-0.5632062110063203,-0.6616153473766603,-0.4815822649647786,-0.11464038586362306,0.547573237494544,-0.5825363710269634,1.097256547904697,13.909667475762722,-1.222299159251512,0.48086715044987893
287,0.8610000000000007,1.008289421287671,1.255393509106523,1.485176356640665,1.2511407129651415,1.1263899662489103,1.1698677056077134,1.5124181858620718,1.1913241422812983,1.1263899662489103,1.1698677056077134,1.5124181858620718,1.1913241422812983,0.0,0.0,5.0,-0.04811397314943798,0.04726341392116146,-0.00019602666214996357,0.0,0.0,4.999999999999994,-0.03645717829395766,0.040748465628674665,0.004164244563329554,0.0,0.0,-6.217248937900877e-15,0.011656794855480324,-0.006514948292486791,0.004360271225479518,0.24773026811041832,-0.31934506548583513,2.677341955718294,-0.5500959723561488,-0.6737025831726211,-0.482414145175036,-0.10390304691933341,0.5561213113048247,-0.5904361775068456,1.0930418735946446,13.832880805263983,-1.1384123968913784,0.48419536225443305
288,0.8640000000000007,0.9993427400082255,1.2626997209426283,1.482065731821186,1.2558918072279652,1.117159380485215,1.1762707785663997,1.5106615763109492,1.1959082646374306,1.117159380485215,1.1762707785663997,1.5106615763109492,1.1959082646374306,0.0,0.0,5.0,-0.048953090552762424,0.04759150780983007,-0.0005577458451177489,0.0,0.0,4.999999999999995,-0.03738647097547035,0.04131396818967653,0.0038346287038849985,0.0,0.0,-5.329070518200751e-15,0.011566619577292075,-0.006277539620153538,0.004392374549002747,0.24942339471585695,-0.32114029193324933,2.680607182790441,-0.5367657539828165,-0.6854236909633643,-0.4830925530715448,-0.09326561201340396,0.564375535146209,-0.5984088158047359,1.0884090240491153,13.754632405646628,-1.0537091770251785,0.48725031420018355
289,0.8670000000000007,0.9904769693723915,1.2700273211675115,1.4788911056095027,1.2606046038505976,1.1079313421271182,1.1827601094371718,1.5087861644302678,1.2005223840054375,1.1079313421271182,1.1827601094371718,1.5087861644302678,1.2005223840054375,0.0,0.0,5.0,-0.04978368535540279,0.047899141892020124,-0.0009189577505432704,0.0,0.0,4.999999999999995,-0.03830925477348841,0.04186170968714155,0.0035015251967216443,0.0,0.0,-5.329070518200751e-15,0.011474430581914379,-0.006037432204878575,0.004420482947264915,0.25114037060533934,-0.3229596039205191,2.6838572841820225,-0.5232264515356754,-0.6967786779983443,-0.4836199537351719,-0.08273629584080155,0.5723252964941216,-0.6064373290899214,1.083367130527129,13.674931266373951,-0.96823217057105,0.49002908764292663
290,0.8700000000000007,0.9816982769777165,1.2773708034501094,1.475657261315141,1.265273658257035,1.0987118908720577,1.1893308359054438,1.5067960092637944,1.2051612639587006,1.0987118908720577,1.1893308359054438,1.5067960092637944,1.2051612639587006,0.0,0.0,5.0,-0.05060561295305011,0.04818618391443521,-0.0012793338512143138,0.0,0.0,4.9999999999999964,-0.03922536903384799,0.04239145464449934,0.003165237004075623,0.0,0.0,-3.552713678800501e-15,0.011380243919202122,-0.005794729269935871,0.004444570855289937,0.2528802530639385,-0.32480311864367095,2.687091061917939,-0.5094889613310332,-0.7077679556129761,-0.4839988549356561,-0.07232307868328258,0.5799608195330649,-0.6145049077172843,1.0779259119721771,13.593786837606059,-0.8820243247331636,0.49252901524165066
291,0.8730000000000007,0.9730127918482613,1.2847246557697432,1.4723689954819192,1.2698935569000775,1.0895070924478694,1.1959780309422574,1.5046952403754106,1.20981963623446,1.0895070924478694,1.1959780309422574,1.5046952403754106,1.20981963623446,0.0,0.0,5.0,-0.05141873025033235,0.04845251047639946,-0.001638546380094622,0.0,0.0,4.999999999999997,-0.04013465426353387,0.04290297532197439,0.0028260699846984344,0.0,0.0,-2.6645352591003757e-15,0.01128407598679848,-0.005549535154425071,0.004464616364793056,0.2546420725640711,-0.3266709034203135,2.6903073488228744,-0.4955641666742677,-0.7183923288163504,-0.48423180267328897,-0.06203369959979702,0.5872731667108642,-0.6225949255475187,1.0720956349784463,13.511209036211888,-0.7951288311441211,0.49474768338483477
292,0.8760000000000007,0.9644265992712038,1.2920833653142574,1.469031113114378,1.2744589223001628,1.0803230336622247,1.2026967072653139,1.502488053526917,1.2144922055455423,1.0803230336622247,1.2026967072653139,1.502488053526917,1.2144922055455423,0.0,0.0,5.0,-0.052222895685726856,0.048698007082908015,-0.0019962686284325797,0.0,0.0,4.999999999999998,-0.04103695215844637,0.04339605181449206,0.002484332615674281,0.0,0.0,-1.7763568394002505e-15,0.011185943527280487,-0.005301955268415953,0.0044806012441068604,0.25642483527724524,-0.32856297634381953,2.693505010043144,-0.48146292455173295,-0.728652985413896,-0.48432137681516446,-0.051875650254954025,0.5942542377247144,-0.6306909745020086,1.0658870734231831,13.42720825113682,-0.7075890940217541,0.4966829343860103
293,0.8790000000000007,0.9559457356597438,1.2994414233710128,1.4656484229100188,1.2789644180592268,1.0711658174213141,1.209481821847599,1.5001787063072112,1.2191736544238743,1.0711658174213141,1.209481821847599,1.5001787063072112,1.2191736544238743,0.0,0.0,5.0,-0.053017969256206054,0.048922568193848964,-0.0023521752429071607,0.0,0.0,4.999999999999998,-0.04193210563096218,0.04387047214621727,0.002140335711855776,0.0,0.0,-1.7763568394002505e-15,0.011085863625243872,-0.005052096047631696,0.004492510954762937,0.2582275255753668,-0.3304793070356949,2.696682944446925,-0.46719605271354886,-0.7385514847049165,-0.484270186831345,-0.041856169382523706,0.6008967660405191,-0.6387768972917941,1.0593114679270508,13.341795348105677,-0.6194486983795073,0.4983328684465918
294,0.8820000000000007,0.9475761834468422,1.3067933302062822,1.4622257325017756,1.2834047538451028,1.0620415577221463,1.2163282804694362,1.4977715137169747,1.2238586480914417,1.0620415577221463,1.2163282804694362,1.4977715137169747,1.2238586480914417,0.0,0.0,5.0,-0.05380381254161134,0.04912609726937551,-0.00270594252154152,0.0,0.0,4.999999999999998,-0.04281995883728229,0.04432603236168339,0.0017943921431736454,0.0,0.0,-1.7763568394002505e-15,0.010983853704329048,-0.004800064907692116,0.004500334664715165,0.26004910851452806,-0.3324198174905071,2.69984008590282,-0.45277431716666683,-0.7480897457948839,-0.4840808676358271,-0.03198223787903692,0.6071943130537429,-0.6468368182707291,1.0523804852983405,13.25498167364278,-0.5307513783294621,0.49969584538418627
295,0.8850000000000007,0.9393238660143622,1.3141335999285952,1.4587678437151645,1.2877746903418794,1.0529563746228554,1.2232309423097736,1.4952708437130489,1.2285418393543215,1.0529563746228554,1.2232309423097736,1.4952708437130489,1.2285418393543215,0.0,0.0,5.0,-0.05458028872875189,0.04930850681140891,-0.0030572487081142337,0.0,0.0,5.0,-0.043700357204564555,0.044762536613474124,0.0014468165500771402,0.0,0.0,0.0,0.010879931524187335,-0.004545970197934783,0.004504065258191374,0.2618885322945456,-0.33438438300762724,2.7029754044371512,-0.4382084200958775,-0.7572700355622041,-0.4837560755367345,-0.022260574520713027,0.6131412600058611,-0.6548551723733825,1.0451061781103796,13.16677905839269,-0.4415409855169281,0.500770486124813
296,0.8880000000000007,0.9311946426621219,1.3214567653316065,1.4552795478445095,1.2920690441617622,1.0439163891954386,1.2301846245724672,1.4926811127167028,1.2332178735153911,1.0439163891954386,1.2301846245724672,1.4926811127167028,1.2332178735153911,0.0,0.0,5.0,-0.05534726263522325,0.04946971840125429,-0.003405774284801072,0.0,0.0,5.0,-0.04457314745783403,0.045179797246418796,0.001097925057364238,0.0,0.0,0.0,0.010774115177389222,-0.004289921154835494,0.00450369934216531,0.2637447306878721,-0.3363728332039525,2.7060879072708146,-0.4235089882286948,-0.7660949563188616,-0.48329848429971983,-0.012697632295198939,0.6187327977754828,-0.6628167321084207,1.0375009445544616,13.077199819727259,-0.3518614577252443,0.5015556739576731
297,0.8910000000000007,0.9231943036213487,1.3287573827120864,1.4517656209526235,1.2962826927139404,1.0349277184653611,1.2371841071433067,1.4900067810900326,1.2378813933012995,1.0349277184653611,1.2371841071433067,1.4900067810900326,1.2378813933012995,0.0,0.0,5.0,-0.05610460073294244,0.04960966273331318,-0.0037512022627808595,0.0,0.0,5.0,-0.04543817764666788,0.04557763487826644,0.0007480349866618025,0.0,0.0,0.0,0.010666423086274558,-0.004032027855046742,0.004499237249442662,0.2656166254318742,-0.33838495310171673,2.709176639736924,-0.40868656165831324,-0.7745674332039187,-0.48271078132812234,-0.0032995953379474936,0.6239649146673734,-0.6707066325880723,1.0295774887032043,12.986256763626573,-0.2617567876891369,0.5020505555513285
298,0.8940000000000007,0.9153285651169648,1.3360300366586446,1.4482308191983293,1.3004105790260627,1.0259964703424889,1.2442241372734975,1.4872523485847495,1.2425270437992642,1.0259964703424889,1.2442241372734975,1.4872523485847495,1.2425270437992642,0.0,0.0,5.0,-0.05685217117139464,0.049728279644878345,-0.004093218470541193,0.0,0.0,5.0,-0.0462952971716494,0.04595587847680274,0.00039746456781715456,0.0,0.0,0.0,0.01055687399974524,-0.0037724011680756037,0.004490683038358347,0.2675031285788519,-0.34042048428546806,2.7122406860808583,-0.39375158313710157,-0.7826907013482889,-0.4819956639630044,0.005927623538498371,0.6288343823259046,-0.6785103945837777,1.021348781311461,12.893963185823475,-0.17127099215454708,0.502254541730364
299,0.8970000000000007,0.9076030644831743,1.343269344806838,1.4446798741961033,1.3044477165138872,1.0171287385478138,1.2512994342852968,1.4844223497676394,1.2471494773992502,1.0171287385478138,1.2512994342852968,1.4844223497676394,1.2471494773992502,0.0,0.0,5.0,-0.05758984380058817,0.049825518141997975,-0.004431511839621757,0.0,0.0,5.0,-0.04714435681058721,0.04631436543337791,4.653264946359592e-05,0.0,0.0,0.0,0.01044548699000096,-0.003511152708620062,0.0044780444890853525,0.26940314479855776,-0.34247912612228976,2.71527917014468,-0.37871438785137385,-0.79046829284854,-0.48115583590578076,0.014978384735511777,0.6333387399019603,-0.6862139456072259,1.012828021273855,12.800332872203391,-0.08044808122236154,0.5021673080118249
300,0.9000000000000007,0.9000233553366338,1.3504699625563785,1.4411174884121887,1.3083891936948038,1.008330597540454,1.2584046942954827,1.4815213494269885,1.2517433587370752,1.008330597540454,1.2584046942954827,1.4815213494269885,1.2517433587370752,0.0,0.0,5.0,-0.05831749019371307,0.049901336421398226,-0.004765774687535427,0.0,0.0,5.0,-0.047985208744494204,0.04665294163281271,-0.00030444159097673534,0.0,0.0,0.0,0.01033228144921887,-0.003248394788585518,0.004461333096558692,0.27131557362836983,-0.3445605370393637,2.718291255938229,-0.3635851936864714,-0.7979040235867068,-0.4801940037657557,0.023847323194236644,0.6374762766040301,-0.693803639024645,1.0040285978497165,12.705380098453272,0.010667971987091115,0.501788794900943
301,0.9030000000000007,0.8925949028116222,1.3576265877461071,1.4375483306013945,1.3122301788408794,0.9996080974494072,1.2655345949523265,1.478553937964287,1.25630336963398,0.9996080974494072,1.2655345949523265,1.478553937964287,1.25630336963398,0.0,0.0,5.0,-0.05903498366950011,0.049955701888454655,-0.005095702997609578,0.0,0.0,5.0,-0.048817706583322615,0.046971461519653354,-0.0006551389375891864,0.0,0.0,0.0,0.010217277086177493,-0.002984240368801301,0.004440564060020392,0.2732393116666654,-0.3466643358530249,2.7212761480995025,-0.34837409198950636,-0.8050019799322203,-0.4791128737345021,0.032529349172107876,0.6412460127651767,-0.7012662712204129,0.9949640537577612,12.609119628955561,0.10203326131258675,0.5011192079458779
302,0.9060000000000007,0.8853230788614076,1.3647339652825718,1.433977031288806,1.3159659245672186,0.9909672590145452,1.272683800181724,1.4755247267755256,1.2608242140282055,0.9909672590145452,1.272683800181724,1.4755247267755256,1.2608242140282055,0.0,0.0,5.0,-0.059742199314275365,0.04998859117120477,-0.0054209966954936765,0.0,0.0,5.0,-0.04964170539144988,0.0472697881607462,-0.0010052404262978834,0.0,0.0,0.0,0.010100493922825485,-0.0027188030104585703,0.004415756269195793,0.27517325470533877,-0.3487901031435262,2.7242330922472053,-0.3330910388354626,-0.8117665053611016,-0.47791514838864535,0.04101964848700772,0.6446476795577918,-0.7085890968337616,0.9856480492342964,12.511566714925186,0.19360397713810545,0.500159017551425
303,0.9090000000000007,0.8782131576300622,1.3717868917179605,1.430408178300577,1.3195917723514015,0.9824140685413222,1.2798469649381459,1.472438343626414,1.2653006228941184,0.9824140685413222,1.2798469649381459,1.472438343626414,1.2653006228941184,0.0,0.0,5.0,-0.060439014003707624,0.04999999013039577,-0.005741359922080891,0.0,0.0,5.0,-0.05045706171291191,0.04754779330410645,-0.0013544276349679168,0.0,0.0,0.0,0.009981952290795716,-0.0024521968262893185,0.0043869322871129745,0.27711629979780156,-0.3509373826698249,2.7271613752286257,-0.31774584680072854,-0.8182021870265119,-0.4766035236222626,0.04931368224707685,0.6476816974875953,-0.7157598420995537,0.9760943271401483,12.41273709178965,0.28533643555183785,0.4989089585518565
304,0.9120000000000007,0.8712703108988852,1.3787802197733035,1.4268463123479158,1.3231031569798994,0.9739544728736759,1.2870187399560562,1.4692994280258342,1.2697273591444345,0.9739544728736759,1.2870187399560562,1.4692994280258342,1.2697273591444345,0.0,0.0,5.0,-0.06112530642424378,0.049989893865563066,-0.006056501302596066,0.0,0.0,5.000000000000001,-0.051263633596378005,0.04780535743405365,-0.0017023829730146989,0.0,0.0,8.881784197001252e-16,0.009861672827865778,-0.0021845364315094193,0.004354118329581367,0.27906734725919324,-0.3531056828188172,2.7300603252662046,-0.3023481772465561,-0.8243138423136345,-0.4751806857097682,0.05740718608514003,0.650349153797235,-0.7227667163307785,0.9663166791929128,12.312646975814388,0.37718710704431563,0.49737002954328274
305,0.9150000000000007,0.8644996036115006,1.385708862802816,1.4232959226683308,1.3264956109173542,0.9655943743895746,1.2941937764974631,1.4661126266018598,1.2740992225111036,0.9655943743895746,1.2941937764974631,1.4661126266018598,1.2740992225111036,0.0,0.0,5.0,-0.06180095709422929,0.049958306717137,-0.006366134211605101,0.0,0.0,5.000000000000002,-0.05206128061986447,0.048042369822592565,-0.002048789970256981,0.0,0.0,1.7763568394002505e-15,0.009739676474364821,-0.0019159368945444316,0.00431734424134812,0.2810253025959176,-0.3552944780835769,2.7329293120063824,-0.2869075331134025,-0.8301065054106653,-0.4736493084998314,0.06529616891754136,0.6526517789081301,-0.7295984215865615,0.9563289133925982,12.211313059977615,0.4691126447128715,0.49554349197614006
306,0.9180000000000007,0.8579059894817058,1.3925677991954117,1.4197614427281378,1.3297647685947467,0.9573396260236615,1.3013667310912629,1.4628825884846453,1.278411054400432,0.9573396260236615,1.3013667310912629,1.4628825884846453,1.278411054400432,0.0,0.0,5.0,-0.06246584838470971,0.04990524226457687,-0.006669977033704746,0.0,0.0,5.000000000000002,-0.052849863915181455,0.04825872857701527,-0.00239333356475082,0.0,0.0,1.7763568394002505e-15,0.009615984469528258,-0.0016465136875616002,0.004276643468953926,0.28298907836199844,-0.3575032105653021,2.735767746474483,-0.2714332522256223,-0.8355854139264423,-0.47201205074056524,0.07297691124791311,0.6545919220269395,-0.7362441605750761,0.9461448227003049,12.10875250910087,0.5610699119406465,0.49343086900862776
307,0.9210000000000007,0.8514943066879669,1.3993520767093686,1.4162472459901774,1.3329063706124882,0.9491960263214156,1.3085322702600577,1.4596139607004925,1.282657742718036,0.9491960263214156,1.3085322702600577,1.4596139607004925,1.282657742718036,0.0,0.0,5.0,-0.06311986453990936,0.04983072332053311,-0.006967753419655718,0.0,0.0,5.000000000000002,-0.05362924619210986,0.048454340683705535,-0.002735700389342781,0.0,0.0,1.7763568394002505e-15,0.009490618347799504,-0.0013763826368275722,0.004232053030312937,0.28495759594011916,-0.3597312914938395,2.738575080939547,-0.2559345011045435,-0.840755995583926,-0.47027155353592986,0.08044596303702677,0.6561725260402458,-0.7426936428457994,0.9357781550212987,12.004982954243573,0.6530160095194941,0.49103394412213597
308,0.9240000000000007,0.8452692736585082,1.4060568167362941,1.412757641750627,1.3359162678545724,0.941169314529234,1.3156850752301388,1.4563113835813764,1.2868342266592525,0.941169314529234,1.3156850752301388,1.4563113835813764,1.2868342266592525,0.0,0.0,5.0,-0.06376289169738425,0.04973478192103995,-0.00725919253772602,0.0,0.0,5.000000000000002,-0.054399291762302876,0.04862912204812561,-0.0030755790566817168,0.0,0.0,1.7763568394002505e-15,0.009363599935081374,-0.00110565987291434,0.0041836134810443034,0.28692978724557255,-0.3619781027618297,2.7413508086931544,-0.24042026928657995,-0.8456238550174058,-0.46843043793301736,0.08770014116039587,0.6573971018177932,-0.748937089330066,0.9252425845357459,11.900022486371718,0.744908302187299,0.48835475949992085
309,0.9270000000000007,0.8392354849507591,1.4126772184905283,1.409296871048698,1.3387904255100171,0.9332651657248083,1.3228198466203476,1.4529794861941987,1.2909355014606472,0.9332651657248083,1.3228198466203476,1.4529794861941987,1.2909355014606472,0.0,0.0,5.0,-0.0643948179078451,0.04961745931174305,-0.00754402932001634,0.0,0.0,5.000000000000002,-0.05515986656290908,0.04878299753096901,-0.003412660442429813,0.0,0.0,1.7763568394002505e-15,0.009234951344936015,-0.0008344617807740373,0.004131368877586527,0.28890459635169535,-0.3642429984677082,2.744094463746392,-0.22489936414171396,-0.8501947606999003,-0.4664913026396196,0.09473652647572062,0.6582697020409349,-0.754965235292845,0.9145516844125055,11.793889649312892,0.836704444551463,0.4853956141705012
310,0.9300000000000007,0.8333974072289155,1.419208563120248,1.4058691026529921,1.341524926997848,0.9254891859921364,1.3299313091055487,1.449622881794015,1.2949566231083016,0.9254891859921364,1.3299313091055487,1.449622881794015,1.2949566231083016,0.0,0.0,5.0,-0.06501553315464766,0.04947880593016776,-0.007822004703542827,0.0,0.0,5.000000000000002,-0.05591083817991256,0.04891590098046318,-0.0037466379664154864,0.0,0.0,1.7763568394002505e-15,0.009104694974735095,-0.0005629049497045818,0.0040753667371273405,0.290880981035702,-0.3665253064629945,2.746805620449193,-0.20938040618642628,-0.8544746320258109,-0.4644567218712342,0.10155246052258494,0.6587948946688843,-0.7607693317621053,0.9037189009337593,11.686603432011562,0.9283624063716374,0.482159061917461
311,0.9330000000000007,0.8277593753432401,1.425646217736583,1.4024784291281458,1.3441159777920326,0.9178469076454784,1.3370142160504805,1.4462461633054484,1.2988927129985945,0.9178469076454784,1.3370142160504805,1.4462461633054484,1.2988927129985945,0.0,0.0,5.0,-0.06562492937294598,0.049318881384035826,-0.008092865865858485,0.0,0.0,5.000000000000002,-0.05665207587118559,0.049027775260808426,-0.00407720787147222,0.0,0.0,1.7763568394002505e-15,0.008972853501760386,-0.0002911061232273998,0.004015657994386265,0.2928579142441549,-0.3688243298995097,2.749483893036346,-0.1938718248839569,-0.8584695265724342,-0.4623292433264285,0.1081455418770424,0.6589777361509701,-0.7663411455050573,0.892757529050934,11.578183260100474,1.0198404971761286,0.47864790895755865
312,0.9360000000000007,0.8223255885146582,1.4319856393571446,1.3991288629853875,1.3465599091428113,0.9103437845065223,1.3440633541097742,1.4428538988364794,1.3027389625472259,0.9103437845065223,1.3440633541097742,1.4428538988364794,1.3027389625472259,0.0,0.0,5.0,-0.06622290046850635,0.04913775442563974,-0.008356366454998676,0.0,0.0,5.000000000000002,-0.05738345058925054,0.04911857227674088,-0.004404069499709971,0.0,0.0,1.7763568394002505e-15,0.008839449879255806,-1.9182148898858054e-05,0.003952296955288705,0.29483438547762014,-0.37113934877237864,2.7521289351045017,-0.1783818549236579,-0.8621856275624777,-0.46011138628926135,0.11451362218385906,0.6588237444884139,-0.7716729576229752,0.8816806893853459,11.468648986805674,1.1110973901878287,0.47486521138925175
313,0.9390000000000007,0.8171001066281465,1.438222378760425,1.3958243329204665,1.3488531816909626,0.9029851872389842,1.3510735477899722,1.439450627228763,1.3064906377422822,0.9029851872389842,1.3510735477899722,1.439450627228763,1.3064906377422822,0.0,0.0,5.0,-0.0668093423361782,0.04893550292228578,-0.008612266813541627,0.0,0.0,5.000000000000002,-0.058104835003746885,0.04918825299420884,-0.004726925565967613,0.0,0.0,1.7763568394002505e-15,0.008704507332431319,0.00025275007192306076,0.003885341247574014,0.2968094020943528,-0.3734696214548933,2.754740439024543,-0.16291853297014183,-0.865629231548251,-0.4578056398572598,0.12065480188922469,0.6583388722442172,-0.7767575608382302,0.8705013066803191,11.358020883204432,1.2020921455370026,0.47081427241395496
314,0.9420000000000007,0.8120868466382414,1.4443520842476683,1.3925686801424226,1.350992388971671,0.8957763987448205,1.3580396639694112,1.436040853648584,1.3101430836371861,0.8957763987448205,1.3580396639694112,1.436040853648584,1.3101430836371861,0.0,0.0,5.0,-0.06738415287801822,0.04871221382281865,-0.008860334196580168,0.0,0.0,5.000000000000002,-0.05881610352359887,0.04923678745715385,-0.005045482428197898,0.0,0.0,1.7763568394002505e-15,0.00856804935441935,0.0005245736343351959,0.0038148517683822703,0.29878199053313664,-0.3758143862215392,2.7573181352936587,-0.147489694871945,-0.868806736336724,-0.4554144612932519,0.1265674256967,0.6575294795946185,-0.7815882555486234,0.8592320897051838,11.246319627856902,1.292784232739772,0.466498639332558
315,0.9450000000000007,0.8072895790899597,1.4503705053088343,1.389365654796493,1.352974260804715,0.8887226096261779,1.36495661637188,1.4326290452225239,1.3136917287794203,0.8887226096261779,1.36495661637188,1.4326290452225239,1.3136917287794203,0.0,0.0,5.0,-0.06794723202106547,0.04846798312024153,-0.009100342983406466,0.0,0.0,5.000000000000002,-0.05951713231888059,0.04926415480038862,-0.005359450354538983,0.0,0.0,1.7763568394002505e-15,0.008430099702184876,0.0007961716801470897,0.0037408926288674833,0.30075119745566753,-0.3781728627557145,2.7598617918314754,-0.13210297331851054,-0.8717246291731684,-0.4529402744991824,0.13225007776904357,0.6564023075102873,-0.7861588447251088,0.8478855126055972,11.133566295833917,1.383133552422706,0.46192210031993003
316,0.9480000000000007,0.8027119247583547,1.456273496189405,1.386218912484413,1.3547956665678293,0.8818289137171537,1.3718193699900105,1.4292196267218629,1.317132089570975,0.8818289137171537,1.3718193699900105,1.4292196267218629,1.317132089570975,0.0,0.0,5.0,-0.06849848173476383,0.04820291581044853,-0.009332074882717051,0.0,0.0,5.000000000000002,-0.06020779934237447,0.049270343258567384,-0.00566854378682953,0.0,0.0,1.7763568394002505e-15,0.008290682392389365,0.0010674274481188573,0.0036635310958875213,0.30271609080911754,-0.3805442536389032,2.7623712132245424,-0.11676579593345512,-0.8743894751996292,-0.45038546860986906,0.13770157669835908,0.6549644511500139,-0.7904636277295786,0.8364737976890267,11.019782347164796,1.4731004572755269,0.45708868098034616
317,0.9510000000000007,0.7983573514096824,1.4620570193548885,1.3831320108852552,1.3564536183501756,0.8751003036893785,1.378622945454404,1.425816976299695,1.3204597745565245,0.8751003036893785,1.378622945454404,1.425816976299695,1.3204597745565245,0.0,0.0,5.0,-0.06903780604802895,0.047917125847086156,-0.009555319131151948,0.0,0.0,5.000000000000002,-0.06088798435081956,0.04925535017124373,-0.005972481600327831,0.0,0.0,1.7763568394002505e-15,0.008149821697209389,0.0013382243241575748,0.0035828375308241175,0.30467576080975,-0.38292774581829186,2.7648462399234295,-0.10148538379131267,-0.876807906203017,-0.4477523967045068,0.1429209702667276,0.6532233335441581,-0.7944973931295515,0.8250088996290293,10.904989614730388,1.5626457722155778,0.4520026406869623
318,0.9540000000000007,0.7942291706872546,1.467717148849926,1.3801084064798572,1.3579452739829665,0.8685416667353756,1.3853624233445536,1.4224254212846739,1.3236704886353987,0.8685416667353756,1.3853624233445536,1.4224254212846739,1.3236704886353987,0.0,0.0,5.0,-0.06956511106595628,0.0476107360925645,-0.009769872684986738,0.0,0.0,5.000000000000002,-0.061557568925845324,0.04921918198401434,-0.006270987359398544,0.0,0.0,1.7763568394002505e-15,0.008007542140110957,0.0016084458914498445,0.0034988853255881937,0.30662932084866873,-0.3853225120500511,2.7672867473966307,-0.08626875034425235,-0.8789866096661709,-0.4450433746335842,0.1479075300191458,0.6511866796395802,-0.7982554105863978,0.8135024910671339,10.789210291627915,1.651730813749363,0.4466684687086672
319,0.9570000000000007,0.7903305351247589,1.4732500735490546,1.3771514513817869,1.3592679399444014,0.8621577803335803,1.3920329484376808,1.4190492340352592,1.3267600371934818,0.8621577803335803,1.3920329484376808,1.4190492340352592,1.3267600371934818,0.0,0.0,5.0,-0.07008030498616821,0.04728387826523771,-0.009975540404803664,0.0,0.0,5.000000000000002,-0.0622164364945878,0.04916185424574798,-0.006563789568934844,0.0,0.0,1.7763568394002505e-15,0.007863868491580411,0.0018779759805102741,0.00341175083586882,0.3085759083209854,-0.3877277123157306,2.769692645245391,-0.07112270074464305,-0.880932318133828,-0.44226067995874774,0.15266074567018129,0.6488624907722257,-0.8017334218931692,0.801965949586706,10.672466918035333,1.7403174085181532,0.44109088012783354
320,0.9600000000000007,0.7866644352898402,1.4786521002962738,1.3742643902777094,1.360419074136182,0.8559533080988365,1.398629733891659,1.4156926278582678,1.329724330151239,0.8559533080988365,1.398629733891659,1.4156926278582678,1.329724330151239,0.0,0.0,5.0,-0.07058329811479637,0.04693669288277799,-0.01017213523297362,0.0,0.0,5.000000000000002,-0.06286447234998513,0.049083391601901144,-0.006850621921286902,0.0,0.0,1.7763568394002505e-15,0.007718825764811241,0.0021466987191231524,0.003321513311686718,0.3105146853798694,-0.3901424952094422,2.7720638762834784,-0.05605383154878303,-0.8826517989040454,-0.4394065510030326,0.15718031936528873,0.6462590196279988,-0.8049276312372077,0.790410346029133,10.55478236760409,1.8283679110163764,0.43527481155267406
321,0.9630000000000007,0.7832336970605476,1.483919656930622,1.3714503574798658,1.3613962885289663,0.8499327957221204,1.405148065358268,1.4123597529954695,1.3325593859241442,0.8499327957221204,1.405148065358268,1.4123597529954695,1.3325593859241442,0.0,0.0,5.0,-0.07107400288209736,0.04656932920176629,-0.010359478363787646,0.0,0.0,5.000000000000002,-0.06350156367074726,0.04898382778392256,-0.007131223538472328,0.0,0.0,1.7763568394002505e-15,0.007572439211350104,0.0024144985821562687,0.0032282548253153177,0.31244483961711067,-0.39256599929372676,2.7744004155858355,-0.04106853078663081,-0.8841518440542602,-0.43648318600876773,0.1614661598172068,0.6433847457470789,-0.8078346947615098,0.778846434119017,10.436179833410176,1.9158452204732193,0.4292254166281066
322,0.9660000000000007,0.7800409790372201,1.4890492951951497,1.3687123740933405,1.36219735167429,0.8441006670031513,1.4115833050230893,1.409054692681903,1.3352613352918585,0.8441006670031513,1.4115833050230893,1.409054692681903,1.3352613352918585,0.0,0.0,5.0,-0.07155233385769816,0.04618194515352622,-0.010537399406083206,0.0,0.0,5.000000000000002,-0.06412759954099825,0.048863205594752074,-0.0074053392094484,0.0,0.0,1.7763568394002505e-15,0.007424734316699905,0.0026812604412258523,0.0031320601966348064,0.31436558467197495,-0.3949973544222188,2.776702269509921,-0.026172978381960053,-0.8854392608098507,-0.43349274240036983,0.16551837633728375,0.64024835162142,-0.8104517094973459,0.7672846413617942,10.316682813494248,2.0027127968896004,0.42294806134920254
323,0.9690000000000007,0.7770887700921357,1.4940376935267228,1.366053345300625,1.3628201910805184,0.8384612199794879,1.4179308955684153,1.4057814592795155,1.3378264251725838,0.8384612199794879,1.4179308955684153,1.4057814592795155,1.3378264251725838,0.0,0.0,5.0,-0.07201820776546942,0.04577470727622864,-0.010705736538217226,0.0,0.0,5.000000000000003,-0.06474247096958592,0.04872157689041963,-0.007672719622229936,0.0,0.0,2.6645352591003757e-15,0.007275736795883503,0.0029468696141909875,0.0030330169159872907,0.31627616077026455,-0.3974356830274355,2.7789694746934437,-0.011373146907016126,-0.886520862261776,-0.4304373361491503,0.16933727278096045,0.6368586994298663,-0.8127762017389079,0.7557350611743069,10.196315096022511,2.088934676224427,0.41644831918148295
324,0.9720000000000008,0.7743793870592807,1.49888165972424,1.36347605776588,1.363262895450602,0.833018623155611,1.4241863640556318,1.402543990489656,1.3402510222991035,0.833018623155611,1.4241863640556318,1.402543990489656,1.3402510222991035,0.0,0.0,5.0,-0.07247154349802364,0.04534779064329618,-0.010864336655245228,0.0,0.0,5.000000000000002,-0.06534607090905734,0.04855900255775167,-0.00793312159064203,0.0,0.0,1.7763568394002505e-15,0.0071254725889663,0.003211211914455489,0.0029312150646031987,0.31817583519561493,-0.3998801013722219,2.781202097032063,0.003325197344526748,-0.887403458438623,-0.42731904123718367,0.17292334142598145,0.633224808450133,-0.8148061149288065,0.7442074462063306,10.07510074410069,2.1744754847257712,0.40973196599249573
325,0.9750000000000008,0.7719149725663619,1.5035781334929497,1.3609831771612304,1.363523716779462,0.8277769118354188,1.430345325723602,1.3993461456478757,1.342531616793106,0.8277769118354188,1.430345325723602,1.3993461456478757,1.342531616793106,0.0,0.0,5.0,-0.07291226213083572,0.04490137878813836,-0.011013055508172312,0.0,0.0,5.000000000000003,-0.06593829427429529,0.04837555248819611,-0.008186308275501208,0.0,0.0,2.6645352591003757e-15,0.006973967856540433,0.003474173700057752,0.002826747232671104,0.3200639026951605,-0.4023297207635852,2.7834002306404892,0.01791649298272292,-0.8880938477371912,-0.42413988921721524,0.17627725680121067,0.6293558331818543,-0.8165397971210872,0.7327112028088876,9.953064080274135,2.259300452404332,0.40280497479928423
326,0.9780000000000008,0.7696974930110924,1.508124188862661,1.3585772458172563,1.3636010723089926,0.8227399845614625,1.4364034876996623,1.3961917021044066,1.3446648256344713,0.8227399845614625,1.4364034876996623,1.3961917021044066,1.3446648256344713,0.0,0.0,5.0,-0.07334028693598352,0.04443566362524973,-0.011151757835149623,0.0,0.0,5.000000000000003,-0.06651903796081349,0.04817130554777532,-0.00843204940002397,0.0,0.0,2.6645352591003757e-15,0.00682124897517003,0.0037356419225255955,0.0027197084351256538,0.32193968582179056,-0.4047836487278435,2.7855639968002994,0.03239538186119383,-0.8885988087145884,-0.4209018688655265,0.17939986948320225,0.6252610422100229,-0.8179759880861056,0.7212553866033536,9.830229670747588,2.343375425648283,0.3956735103365199
327,0.9810000000000008,0.7677287366836937,1.512517036477783,1.3562606804997461,1.3634935463387787,0.8179115996641695,1.4423566526199245,1.3930843516936093,1.346647396022299,0.8179115996641695,1.4423566526199245,1.3930843516936093,1.346647396022299,0.0,0.0,5.0,-0.07375554339550591,0.043950845367704966,-0.011280317484496873,0.0,0.0,5.000000000000003,-0.06708820086270656,0.047946349543181443,-0.008670121459266676,0.0,0.0,2.6645352591003757e-15,0.006667342532799353,0.0039955041754764775,0.002610196025230197,0.32380253521529084,-0.4072409901462009,2.787693542897611,0.0467567071483052,-0.8889250922436969,-0.4176069259246246,0.18229219987692516,0.6209497978334361,-0.8191138061191291,0.709848699103871,9.706622309358586,2.4266668789802948,0.38834392345023894
328,0.9840000000000008,0.7660103120373613,1.5167540257572076,1.3540357703146728,1.363199891890759,0.813295371924194,1.448200722155668,1.390027697295595,1.3484762086245454,0.813295371924194,1.448200722155668,1.390027697295595,1.3484762086245454,0.0,0.0,5.0,-0.07415795921437625,0.043447132441086334,-0.011398617529439034,0.0,0.0,5.000000000000003,-0.06764568389025234,0.04770078118402783,-0.008900307923406375,0.0,0.0,2.6645352591003757e-15,0.006512275324123906,0.004253648742941499,0.0024983096060326587,0.32565182982472557,-0.4097008483500367,2.789789041353644,0.060995511146373124,-0.8890794140328214,-0.4142569629325778,0.18495543199626666,0.6164315364782512,-0.8199527346119228,0.6984994853444011,9.582267001338813,2.5091419259592174,0.38082274532227944
329,0.9870000000000008,0.7645436461083642,1.5208326469222349,1.3519046747432093,1.3627190322261942,0.8088947693509478,1.4539317004426873,1.3870252494931312,1.3501482807132361,0.8088947693509478,1.4539317004426873,1.3870252494931312,1.3501482807132361,0.0,0.0,5.0,-0.07454746433308873,0.04292474139388065,-0.011506550374452865,0.0,0.0,5.000000000000003,-0.06819138998716345,0.0474347060412732,-0.009122399434677665,0.0,0.0,2.6645352591003757e-15,0.006356074345925278,0.0045099646473925475,0.0023841509397752,0.3274869770744629,-0.4121623261753683,2.7918506885510266,0.07510703287556679,-0.8890684475093087,-0.4108538391357818,0.18739090725914695,0.6117157499124365,-0.8204926084438725,0.6872157324608715,9.457188946897965,2.590768329230558,0.37311668153067007
330,0.9900000000000008,0.7633299830872964,1.524750532890787,1.3498694218084912,1.3620500622134288,0.8047131100802586,1.4595456974105618,1.3840804233268598,1.3516607691823226,0.8047131100802586,1.4595456974105618,1.3840804233268598,1.3516607691823226,0.0,0.0,5.0,-0.07492399093985548,0.04238389680438387,-0.011604017853126475,0.0,0.0,5.0000000000000036,-0.06872522414748404,0.04714823850183618,-0.009336193997786485,0.0,0.0,3.552713678800501e-15,0.006198766792371441,0.0047643416974523095,0.00226782385533999,0.3293074129762813,-0.4146245269761075,2.7938787037585615,0.08908670543909945,-0.8888988170659814,-0.40739937048191255,0.18960011831127194,0.6068119672727983,-0.8207336002464054,0.6760050691782802,9.331413524664796,2.6715145097315287,0.3652326059513711
331,0.9930000000000008,0.7623703830428662,1.5285054610363633,1.3479319063756992,1.361192249545073,0.8007535593939981,1.4650389320089046,1.381196535151749,1.3530109734453513,0.8007535593939981,1.4650389320089046,1.381196535151749,1.3530109734453513,0.0,0.0,5.0,-0.07528747348241248,0.04182483118415434,-0.011690931317443106,0.0,0.0,5.000000000000003,-0.06924709343213044,0.04684150171941977,-0.009541497163627635,0.0,0.0,2.6645352591003757e-15,0.00604038005028204,0.00501667053526543,0.002149434153815471,0.3311126021900184,-0.41708655559588237,2.7958733280570183,0.10293015318617296,-0.888577091668318,-0.40389532968979835,0.19158470289173601,0.601729737912382,-0.8206762065916118,0.6648747661522915,9.204966275020086,2.7513495550580194,0.35717755450691213
332,0.9960000000000008,0.7616657207994924,1.5320953548102385,1.346093888586921,1.3601450358033502,0.7970191268644236,1.4704077353277425,1.3783767995976162,1.3541963382102207,0.7970191268644236,1.4704077353277425,1.3783767995976162,1.3541963382102207,0.0,0.0,5.0,-0.07563784867943203,0.04124778487805431,-0.011767211718407673,0.0,0.0,5.000000000000003,-0.06975690698507145,0.04651462756156707,-0.009738122206138844,0.0,0.0,2.6645352591003757e-15,0.0058809416943605836,0.005266842683512761,0.0020290895122688293,0.33290203803523555,-0.4195475192983416,2.7978348232683627,0.11663318868896742,-0.8881097788194636,-0.400343446392926,0.19334643775286506,0.5964786150723744,-0.820321234153079,0.6538317371147846,9.077872883356196,2.8302432270024314,0.34895871876761164
333,0.9990000000000008,0.7612166849697894,1.535518285225585,1.3443569924321153,1.3589080373725129,0.7935126636258608,1.4756485536092863,1.375624326636446,1.3552144561284096,0.7935126636258608,1.4756485536092863,1.375624326636446,1.3552144561284096,0.0,0.0,5.0,-0.07597505553153984,0.04065300596092541,-0.011832789677942934,0.0,0.0,5.000000000000003,-0.07025457604914621,0.046167756552970854,-0.00992589029213084,0.0,0.0,2.6645352591003757e-15,0.005720479482393626,0.005514750592045446,0.0019068993858120942,0.33467524245637315,-0.4220065286559937,2.7997634708906816,0.13019180954974882,-0.8875033188793562,-0.3967454073532881,0.19488723264586721,0.5910681403792014,-0.8196697858840234,0.6428825407729716,8.950159163297764,2.90816596827279,0.34058343941119434
334,1.0020000000000007,0.7610237771429867,1.5387724722023184,1.3427227044573558,1.357481046197341,0.7902368597762492,1.4807579511484457,1.3729421187591377,1.35606307031617,0.7902368597762492,1.4807579511484457,1.3729421187591377,1.35606307031617,0.0,0.0,5.0,-0.0762990353319348,0.0400407501309393,-0.01188760555198981,0.0,0.0,5.000000000000003,-0.07074001398151641,0.045801037815061285,-0.010104630643938434,0.0,0.0,2.6645352591003757e-15,0.005559021350418386,0.005760287684121984,0.0017829749080513768,0.33643176594386603,-0.4244626983977583,2.801659571040918,0.14360219505390626,-0.8867640797335042,-0.3931028567422714,0.19620912438303584,0.5855078291643052,-0.8187232472548766,0.6320333834120775,8.821851039917807,2.985088908405046,0.3320591995467574
335,1.0050000000000006,0.7610873112300554,1.5418562857715843,1.3411923726114647,1.3558640303868983,0.7871942419109572,1.4857326130795543,1.3703330682642012,1.35674007674529,0.7871942419109572,1.4857326130795543,1.3703330682642012,1.35674007674529,0.0,0.0,5.0,-0.07660973167660982,0.0394112805996725,-0.011931609484754465,0.0,0.0,5.000000000000003,-0.07121313626875081,0.045414629001897966,-0.010274180694745283,0.0,0.0,2.6645352591003757e-15,0.0053965954078590145,0.006003348402225467,0.001657428790009182,0.33817118741366936,-0.426915148215527,2.8035234414073744,0.15686070268443153,-0.8858983518062666,-0.38941739648528867,0.19731427098643275,0.5798071566011002,-0.8174832725895617,0.6212901221521441,8.6929745329832,3.0609838688818902,0.32339361790915244
336,1.0080000000000005,0.7614074129663166,1.5447682471389332,1.3397672052319234,1.3540571346628272,0.7843871707911586,1.4905693480468736,1.367799954660821,1.357243526501149,0.7843871707911586,1.4905693480468736,1.367799954660821,1.357243526501149,0.0,0.0,5.0,-0.07690709047417149,0.0387648679789503,-0.01196476145405286,0.0,0.0,5.000000000000002,-0.07167386054153868,0.045008696232393786,-0.010434386236440642,0.0,0.0,1.7763568394002505e-15,0.00523322993263281,0.006243828253443488,0.0015303752176122187,0.33989311404762196,-0.4293630035301374,2.8053554162138052,0.16996386451301718,-0.8849123434128373,-0.3856905866668625,0.1982049459321691,0.57397554465086,-0.815951771536795,0.6106582688102757,8.563555740263112,3.1358233674727427,0.31459444192997443
337,1.0110000000000003,0.7619840195720603,1.547507029605394,1.3384482701708929,1.3520606806516542,0.7818178391489481,1.4952650907565552,1.365345442188596,1.3575716279059031,0.7818178391489481,1.4952650907565552,1.365345442188596,1.3575716279059031,0.0,0.0,5.0,-0.07719105995525731,0.03810179016450938,-0.011987031307711464,0.0,0.0,5.000000000000003,-0.07212210658903,0.04458341401889958,-0.01058510155987371,0.0,0.0,2.6645352591003757e-15,0.005068953366227313,0.006481623854390196,0.001401929747837755,0.34159718109704224,-0.43180539621726705,2.807155845196767,0.18290838348257976,-0.8838121764435559,-0.3819239459928809,0.1988835324986022,0.5680223498067557,-0.8141308957098834,0.6001429943205592,8.433620820933408,3.2095806218109315,0.3056695406914575
338,1.0140000000000002,0.7628168795716237,1.5500714593457339,1.3372364940620107,1.3498751670206377,0.7794882696312463,1.4998169044078524,1.3629720774561493,1.3577227485047545,0.7794882696312463,1.4998169044078524,1.3629720774561493,1.3577227485047545,0.0,0.0,5.0,-0.07746159068154848,0.03742233221652929,-0.011998398790991086,0.0,0.0,5.000000000000002,-0.07255779637280008,0.044138965192180524,-0.010726189587378171,0.0,0.0,1.7763568394002505e-15,0.004903794308748405,0.006716632975651234,0.0012722092036129146,0.34328305165191114,-0.43424146529384405,2.808925092597762,0.19569112959561666,-0.8826038823736225,-0.37811895230676007,0.19935251822598016,0.5619568516229642,-0.8120230255256735,0.5897491336649563,8.303195979109532,3.2822295522252722,0.2966268977696863
339,1.0170000000000001,0.7639055527712018,1.55246051604338,1.3361326617285059,1.3475012694569137,0.7774003128844346,1.5042219830014858,1.3606822872006943,1.3576954169133877,0.7774003128844346,1.5042219830014858,1.3606822872006943,1.3576954169133877,0.0,0.0,5.0,-0.07771863555437719,0.03672678623708387,-0.01199885356500882,0.0,0.0,5.000000000000003,-0.07298085404043576,0.043675540822816175,-0.01085752199744617,0.0,0.0,2.6645352591003757e-15,0.0047377815139414275,0.006948754585732304,0.0011413315675626503,0.34495041637795215,-0.4366703575656557,2.8106635361715706,0.20830913602237638,-0.8812933985908107,-0.3742770431562727,0.1996144894942961,0.5557882420136765,-0.8096307572705488,0.5794811912696638,8.172307447539682,3.3537447838444736,0.28747460397362984
340,1.02,0.7652494103955826,1.5546733333815936,1.335137415733039,1.3449398404897879,0.775555645781525,1.5084776535231827,1.3584783761705244,1.3574883245247702,0.775555645781525,1.5084776535231827,1.3584783761705244,1.3574883245247702,0.0,0.0,5.0,-0.07796214982292617,0.03601545124456514,-0.011988395216141427,0.0,0.0,5.000000000000002,-0.0733912059387412,0.043193340139058664,-0.01097897934143855,0.0,0.0,1.7763568394002505e-15,0.004570943884184969,0.007177888894493521,0.0010094158747028757,0.34659899322386706,-0.43909122823691177,2.8123715662120388,0.2207595951423715,-0.8798865650333341,-0.37039961640782204,0.19967212622536024,0.5495256153049642,-0.8069568904186822,0.5693433468227438,8.040981471489355,3.424101647993908,0.2782208499866025
341,1.023,0.7668476353837598,1.556709199390573,1.3342512560695254,1.3421919091561434,0.7739557697935573,1.5125813780005268,1.3563625251322768,1.3571003270736413,0.7739557697935573,1.5125813780005268,1.3563625251322768,1.3571003270736413,0.0,0.0,5.0,-0.07819209109201979,0.03528863304513382,-0.01196703325640151,0.0,0.0,5.000000000000002,-0.07378878062656055,0.04269257044118338,-0.011090451152225012,0.0,0.0,1.7763568394002505e-15,0.004403310465459234,0.0074039373960495605,0.000876582104176498,0.34822852710092944,-0.4415032414825872,2.8140495845964497,0.2330398545322898,-0.8783891211296267,-0.3664880309049748,0.1995281967143656,0.5431779590207926,-0.8040044152251395,0.5593394614702434,7.909244292847587,3.493276182905322,0.2688739189168449
342,1.0259999999999998,0.7686992228433389,1.5585675566504036,1.3334745399971224,1.3392586805091382,0.7726020095067792,1.5165307554313738,1.354336789004706,1.356530446057143,0.7726020095067792,1.5165307554313738,1.354336789004706,1.356530446057143,0.0,0.0,5.0,-0.07840841932950494,0.03454664410125193,-0.011934787114786223,0.0,0.0,5.000000000000002,-0.07417350888721577,0.04217344701236961,-0.01119183604465547,0.0,0.0,1.7763568394002505e-15,0.004234910442289172,0.007626802911117676,0.0007429510701307523,0.3498387895370784,-0.4439055709844289,2.8156980038494983,0.2451474129128662,-0.876806703031457,-0.36254360716809814,0.19918555259551288,0.5367541453830011,-0.8007765006138983,0.5494730843495139,7.777122134484282,3.561245133761062,0.259442178763997
343,1.0289999999999997,0.7708029806634616,1.5602480023497707,1.3328074820163316,1.3361415349704386,0.7714955112870459,1.5203235235822088,1.3524030951205783,1.3557778700101695,0.7714955112870459,1.5203235235822088,1.3524030951205783,1.3557778700101695,0.0,0.0,5.0,-0.07861109687322046,0.03378980339735395,-0.011891686119606313,0.0,0.0,5.000000000000003,-0.0745453237405572,0.04163619302614932,-0.011283041807771309,0.0,0.0,2.6645352591003757e-15,0.004065773132663264,0.007846389628795372,0.0006086443118350042,0.3514295783075898,-0.44629740043156413,2.8173172462277583,0.25707991606676983,-0.8751448411314903,-0.3585676281319824,0.1986471239455704,0.5302629235037997,-0.7972764823784098,0.5397474594200147,7.644641184887144,3.627985952095286,0.2499340748083187
344,1.0319999999999996,0.7731575302858048,1.5617502882006278,1.332250153987143,1.332842027526426,0.7706372420927393,1.523957560654942,1.35056324161818,1.3548419556341407,0.7706372420927393,1.523957560654942,1.35056324161818,1.3548419556341407,0.0,0.0,5.0,-0.07880008843755407,0.033018436302713776,-0.01183776947181163,0.0,0.0,5.000000000000002,-0.07490416045462422,0.04108103945046393,-0.01136398548867245,0.0,0.0,1.7763568394002505e-15,0.003895927982929842,0.008062603147750154,0.00047378398313917963,0.3530007170443345,-0.4486779239866941,2.818907742825419,0.26883515273903613,-0.8734089578561589,-0.35456133991837413,0.1979159145285844,0.5237129122482311,-0.7935078517099888,0.5301655325535065,7.51182758310571,3.693476794575478,0.240358121929577
345,1.0349999999999995,0.7757613076331658,1.5630743202090014,1.331802485388926,1.3293618867689088,0.7700279884373834,1.5274308868207669,1.3488188959638112,1.3537222287780408,0.7700279884373834,1.5274308868207669,1.3488188959638112,1.3537222287780408,0.0,0.0,5.0,-0.0789753611195855,0.03223287443156688,-0.01177308620933732,0.0,0.0,5.000000000000002,-0.07524995655691538,0.04050822494837017,-0.011434593467964195,0.0,0.0,1.7763568394002505e-15,0.0037254045626701204,0.008275350516803288,0.00033849274137312535,0.35455205482556396,-0.4510463467188953,2.8204699327019602,0.28041105053104187,-0.871604365724483,-0.35052595264038827,0.19699499718431634,0.5171125937431433,-0.7894742440670748,0.5207299588472197,7.378707404028955,3.7576965211883397,0.23072289686258757
346,1.0379999999999994,0.7786125641948771,1.5642201583023865,1.3314642637216885,1.3257030137810524,0.7696683555029944,1.5307416656198192,1.3471715936065036,1.352418385270685,0.7696683555029944,1.5307416656198192,1.3471715936065036,1.352418385270685,0.0,0.0,5.0,-0.07913688440481481,0.03143345550054795,-0.011697695162503147,0.0,0.0,5.000000000000003,-0.07558265184526435,0.03991799577543752,-0.011494801526715094,0.0,0.0,2.6645352591003757e-15,0.003554232559550466,0.008484540274889568,0.00020289363578805328,0.3560834657480893,-0.4534018850040841,2.822004262032336,0.2918056717984763,-0.8697362656633039,-0.3464626412358156,0.19588750936237584,0.5104703075084563,-0.7851794283962652,0.5114431101252831,7.245306644021808,3.8206246928548304,0.22103703039645362
347,1.0409999999999993,0.7817093682682766,1.5651880158141998,1.331235135048176,1.3218674808693505,0.7695587664050774,1.5338882052255136,1.3456227367660931,1.3509302916033181,0.7695587664050774,1.5338882052255136,1.3456227367660931,1.3509302916033181,0.0,0.0,5.0,-0.07928463017247485,0.030620523183505107,-0.011611664900506496,0.0,0.0,5.000000000000002,-0.07590218839832114,0.039310605673882004,-0.011544554904864925,0.0,0.0,1.7763568394002505e-15,0.0033824417741537133,0.008690082490376897,6.710999564157188e-05,0.3575948484836471,-0.45574376689422613,2.8235111832801225,0.3030172095632125,-0.8678097455692578,-0.3423725463263934,0.19459664880343447,0.5037942451859282,-0.7806272967139966,0.5023070825954347,7.111651206944827,3.8822415684997353,0.2113091995245982
348,1.0439999999999992,0.7850496063552561,1.5659782588259805,1.3311146046761535,1.3178575301426103,0.7696994616100458,1.5368689595725489,1.3441735933556318,1.3492579854617759,0.7696994616100458,1.5368689595725489,1.3441735933556318,1.3492579854617759,0.0,0.0,5.0,-0.07941857270042696,0.029794426963752837,-0.011515073669057768,0.0,0.0,5.000000000000002,-0.07620851058563591,0.03868631576348128,-0.011583808351029713,0.0,0.0,1.7763568394002505e-15,0.0032100621147910513,0.00889188879972844,-6.873468197194504e-05,0.3590861258211676,-0.4580712324563936,2.824991154394012,0.3140439834484291,-0.8658297791077105,-0.3382567751001632,0.19312566936835462,0.4970924458401755,-0.7758218540558166,0.4933237046297756,6.977766890580029,3.9425281016016833,0.20154811955272922
349,1.046999999999999,0.7886309847127546,1.5665914053681096,1.3311020379800884,1.3136755719390494,0.7700904985057027,1.539682529347709,1.3428252960390137,1.347401676107577,0.7700904985057027,1.539682529347709,1.3428252960390137,1.347401676107577,0.0,0.0,5.0,-0.07953868866963927,0.028955521983827344,-0.011408009319214766,0.0,0.0,5.000000000000003,-0.07650156507734429,0.038045394429317925,-0.011612526163658543,0.0,0.0,2.6645352591003757e-15,0.0030371235922949796,0.00908987244549058,-0.00020451684444377713,0.36055724419658686,-0.46038353408278876,2.826444638027932,0.3248844356457767,-0.8638012247388033,-0.3341164022140948,0.19147787701554267,0.4903727918064066,-0.7707672087983826,0.48449454464007735,6.843679373484713,4.001465936249999,0.19176253617191596
350,1.049999999999999,0.792451031056013,1.5670281244799424,1.3311966613612887,1.3093241831027576,0.7707317511252966,1.5423276628427076,1.3415788414245524,1.345361744607446,0.7707317511252966,1.5423276628427076,1.3415788414245524,1.345361744607446,0.0,0.0,5.0,-0.07964495716824636,0.0281041688928093,-0.011290569227481027,0.0,0.0,5.000000000000003,-0.07678130085345176,0.03738811720639941,-0.011630682223504565,0.0,0.0,2.6645352591003757e-15,0.0028636563147945993,0.009283948313590109,-0.000340112996023538,0.3620081732117643,-0.46267993677286157,2.827872100784992,0.3355371269228267,-0.8617288249607268,-0.329952470714218,0.18965662592634247,0.4836430050591531,-0.7654675633576097,0.4758209190198915,6.70941420229377,4.0590374027351706,0.1819612175039873
351,1.0529999999999988,0.796507096413155,1.5672892351304517,1.3313975633454989,1.3048061051108981,0.7716229100255184,1.5448032566684597,1.3404350893951222,1.3431387439109024,0.7716229100255184,1.5448032566684597,1.3404350893951222,1.3431387439109024,0.0,0.0,5.0,-0.07973735969519001,0.027240733691279325,-0.011162860207240496,0.0,0.0,5.000000000000003,-0.07704766921271614,0.03671476666120463,-0.01163826001738083,0.0,0.0,2.6645352591003757e-15,0.002689690482473875,0.009474032969925304,-0.00047539981014033464,0.363438905143993,-0.46495971838865596,2.8292740124853744,0.34600073267848697,-0.8596172057603279,-0.32576599297056685,0.18766531477782064,0.47691064407623607,-0.759927205264803,0.46730390012744305,6.574996779489764,4.1152255127000155,0.1721529461264874
352,1.0559999999999987,0.8007963571296477,1.5673757050004906,1.3317036958167108,1.300124242053152,0.7727634823186802,1.5471083563302859,1.3393947625753475,1.3407333987756893,0.7727634823186802,1.5471083563302859,1.3393947625753475,1.3407333987756893,0.0,0.0,5.0,-0.07981588016344014,0.026365587573972494,-0.01102499841160929,0.0,0.0,5.000000000000003,-0.07730062378112637,0.03602563227020708,-0.01163525265317921,0.0,0.0,2.6645352591003757e-15,0.0025152563823137714,0.009660044696234587,-0.0006102542415699214,0.3648494544475098,-0.4672221698845193,2.8306508454582295,0.3562740390535159,-0.8574708762611792,-0.3215579516243054,0.18550738316186166,0.4701831011722656,-0.7541504986211135,0.458944324284993,6.440452351658671,4.170013953878878,0.16234651108444303
353,1.0589999999999986,0.8053158170209649,1.5672886491280371,1.332113875385942,1.2952816584650582,0.7741527918591751,1.549242156663689,1.3384584459361937,1.338146605540945,0.7741527918591751,1.549242156663689,1.3384584459361937,1.338146605540945,0.0,0.0,5.0,-0.07988050490279558,0.025479106770199902,-0.010877109227792857,0.0,0.0,5.000000000000003,-0.07754012051997627,0.035321010295427446,-0.011621662866138978,0.0,0.0,2.6645352591003757e-15,0.002340384382819305,0.009841903525227545,-0.000744553638346121,0.36623985724833824,-0.4694665955123072,2.8320030738575457,0.36635593910272407,-0.8552942285592865,-0.3173293005444751,0.1831863081490859,0.4634676002761389,-0.7481418759292829,0.4507427997720383,6.30580599824786,4.2233870844523675,0.1525506998962086
354,1.0619999999999985,0.8100623096716685,1.567029328417803,1.3326267848935172,1.2902815770170137,0.7757899795841826,1.5512040021304703,1.3376265865371868,1.3353794317481629,0.7757899795841826,1.5512040021304703,1.3376265865371868,1.3353794317481629,0.0,0.0,5.0,-0.07993122266226395,0.024581672382106096,-0.010719327163044513,0.0,0.0,5.000000000000003,-0.07776611773353118,0.034601203657069673,-0.011597503016358951,0.0,0.0,2.6645352591003757e-15,0.0021651049287327723,0.010019531274963578,-0.0008781758533144383,0.36761017083372005,-0.4716923130032083,2.8333311730019197,0.3762454290349121,-0.8530915377366819,-0.31308096579187306,0.18070560099573016,0.45677119512726166,-0.7419058303003635,0.442699714791366,6.171082620841531,4.275329927045213,0.14277429056066174
355,1.0649999999999984,0.8150325008790503,1.566599148016795,1.3332409750433096,1.285127376060851,0.7776740040084501,1.552993386975083,1.336899493406355,1.3324331156101146,0.7776740040084501,1.552993386975083,1.336899493406355,1.3324331156101146,0.0,0.0,5.0,-0.0799680246120205,0.02367367022083168,-0.010551795722329338,0.0,0.0,5.000000000000002,-0.07797857607628733,0.03386652180329364,-0.011562795077555893,0.0,0.0,1.7763568394002505e-15,0.001989448535733171,0.010192851582461956,-0.001010999355226555,0.3689604731373167,-0.4738986537273041,2.8346356187380857,0.3859416045260642,-0.8508669620432475,-0.3088138465876442,0.1780688039912844,0.4501007678655637,-0.7354469080319308,0.4348152453885871,6.036306932967421,4.325828162394885,0.1330260435730184
356,1.0679999999999983,0.8202228912392711,1.5659996555574742,1.333954866167252,1.2798225870360038,0.7798036418728396,1.5546099552412498,1.3362773375578605,1.3293090653280526,0.7798036418728396,1.5546099552412498,1.3362773375578605,1.3293090653280526,0.0,0.0,5.0,-0.0799909043449453,0.02275549064065119,-0.01037466727780437,0.0,0.0,5.000000000000003,-0.0781774585598218,0.033117280577182356,-0.011517570617079032,0.0,0.0,2.6645352591003757e-15,0.0018134457851234909,0.010361789936531165,-0.0011429033392746611,0.37029086222128915,-0.47608496283196383,2.8359168868280076,0.3954436571107973,-0.8486245432372298,-0.3045288162842464,0.17527948744436372,0.44346302799080395,-0.7287697015532344,0.42708936330734454,5.901503450447212,4.3748681227185395,0.12331469395653277
357,1.0709999999999982,0.8256298188738613,1.5652325392703519,1.3347667501183413,1.2743708917374483,0.7821774889462005,1.5560535006490028,1.3357601521471592,1.32600885825764,0.7821774889462005,1.5560535006490028,1.3357601521471592,1.32600885825764,0.0,0.0,5.0,-0.07999985787773871,0.02182752837115788,-0.010188102930234031,0.0,0.0,5.000000000000002,-0.07836273055923217,0.03235380208095957,-0.01146187076719924,0.0,0.0,1.7763568394002505e-15,0.0016371273185065427,0.010526273709801692,-0.0012737678369652092,0.3716014557562906,-0.4782505993601591,2.837175452359299,0.4047508706565565,-0.8463682070750387,-0.30022672333652467,0.1723412468040062,0.43686451166715223,-0.7218788427317597,0.4195218437639102,5.766696482301679,4.4224367848057815,0.11364894331732837
358,1.073999999999998,0.8312494622942661,1.5642996259678967,1.335674792290177,1.2687761194476617,0.78479396097999,1.5573239663324299,1.3353478327633923,1.3225342399241902,0.78479396097999,1.5573239663324299,1.3353478327633923,1.3225342399241902,0.0,0.0,5.0,-0.07999488365161488,0.02089018234756777,-0.009992272362466774,0.0,0.0,5.000000000000003,-0.07853435981916423,0.03157641453751625,-0.01139574618769857,0.0,0.0,2.6645352591003757e-15,0.0014605238324506414,0.010686232189948481,-0.0014034738252317967,0.3728923905003394,-0.4803949363497635,2.838411789178678,0.41386261792455104,-0.8441017639410852,-0.29590839227071064,0.16925769991332906,0.4303115813495896,-0.7147789965347946,0.4121122731263584,5.631910122220179,4.468521762864531,0.10403745192958921
359,1.076999999999998,0.8370778434020945,1.563202878901829,1.3366770337610356,1.2630422439350426,0.7876512948149236,1.5584214444385458,1.3350401378585952,1.318887122887938,0.7876512948149236,1.5584214444385458,1.3350401378585952,1.318887122887938,0.0,0.0,5.0,-0.07997598253257313,0.01994385553921578,-0.009787353685106196,0.0,0.0,5.000000000000003,-0.07869231645942792,0.03078545214930639,-0.01131925701979447,0.0,0.0,2.6645352591003757e-15,0.001283666073145201,0.010841596610090612,-0.0015319033346882747,0.3741638217774672,-0.4825173609148799,2.839626369348133,0.42277835722094154,-0.841828909608571,-0.2915746246492443,0.16603248439224266,0.42381042570927874,-0.7074748550388097,0.40486005648492085,5.497168240602714,4.51311130114706,0.09448883085831118
360,1.0799999999999979,0.8431108306224767,1.5619443954959396,1.3377713935602964,1.2571733803212903,0.7907475496388126,1.5593461755878308,1.334836689313168,1.3150695854601917,0.7907475496388126,1.5593461755878308,1.334836689313168,1.3150695854601917,0.0,0.0,5.0,-0.07994315781124717,0.018988954776317204,-0.009573533274516908,0.0,0.0,5.0000000000000036,-0.07883657298019946,0.02998125495467162,-0.011232472831440625,0.0,0.0,3.552713678800501e-15,0.0011065848310477105,0.010992300178354415,-0.0016589395569237171,0.37541592295697435,-0.4846172743102162,2.840819662623437,0.43149762914132284,-0.8395532261223398,-0.2872262000293985,0.1626692551457175,0.41736705983571126,-0.6999711317787609,0.39776442510149407,5.362494477181361,4.556194266382978,0.08501163412677872
361,1.0829999999999977,0.8493441421679531,1.5605264049567031,1.3389556710549582,1.2511737818203896,0.794080608394605,1.5600985481971092,1.3347369731369352,1.3110838702713534,0.794080608394605,1.5600985481971092,1.3347369731369352,1.3110838702713534,0.0,0.0,5.0,-0.07989641520233223,0.018025890575069366,-0.009351005603312793,0.0,0.0,5.000000000000003,-0.07896710426680861,0.029164168681657415,-0.011135472554053838,0.0,0.0,2.6645352591003757e-15,0.0009293109355236195,0.011138278106588049,-0.001784466950741045,0.37664888493405674,-0.4866940919795026,2.84199213595462,0.4400200534110893,-0.8372781827950857,-0.2828638769137727,0.15917168199391898,0.4109873256941337,-0.6922725564288071,0.39082444372757563,5.227912234226465,4.597760140045571,0.07561435093589312
362,1.0859999999999976,0.8557733494300819,1.5589512657640756,1.3402275484538755,1.2450478363519701,0.7976481793375179,1.5606790976655696,1.3347403403049884,1.306932382691927,0.7976481793375179,1.5606790976655696,1.3347403403049884,1.306932382691927,0.0,0.0,5.0,-0.0798357628435901,0.017055076961169018,-0.009119973063481389,0.0,0.0,5.0000000000000036,-0.07908388759411131,0.02833454459938281,-0.01102834441072486,0.0,0.0,3.552713678800501e-15,0.0007518752494787978,0.011279467638213792,-0.0019083713472434708,0.3778629156125092,-0.4887472435889188,2.843144253007963,0.44834532582383557,-0.8350071373084317,-0.2784883936908055,0.15554344742037043,0.4046768928174859,-0.6843838698054036,0.3840390177811578,5.093444670341615,4.637799010477494,0.0663053979424305
363,1.0889999999999975,0.8623938804959416,1.557221463044956,1.3415845934272073,1.2388000630318976,0.8014477977400102,1.5610885054248498,1.3348460077273823,1.3026176891077603,0.8014477977400102,1.5610885054248498,1.3348460077273823,1.3026176891077603,0.0,0.0,5.0,-0.07976121129443244,0.01607693129182094,-0.008880645782305605,0.0,0.0,5.000000000000003,-0.07918690263044617,0.027492739367028257,-0.01091118583597827,0.0,0.0,2.6645352591003757e-15,0.0005743086639862643,0.011415808075207316,-0.0020305400536726644,0.3790582393901477,-0.4907761730464686,2.844276473709086,0.45647321527952356,-0.8327433369106054,-0.2741004695635471,0.15178824443417405,0.3984412592128415,-0.6763098191832708,0.3774069003742956,4.959114694850028,4.676301564901379,0.05709311160325306
364,1.0919999999999974,0.8692010237865102,1.555339605831921,1.3430242618384902,1.2324351085430802,0.8054768277432264,1.5613275978542434,1.3350530593516272,1.2981425150509054,0.8054768277432264,1.5613275978542434,1.3350530593516272,1.2981425150509054,0.0,0.0,5.0,-0.07967277353408232,0.015091874076314033,-0.00863324143125006,0.0,0.0,5.000000000000002,-0.07927613144117387,0.02663911488050627,-0.01078410338715443,0.0,0.0,1.7763568394002505e-15,0.00039664209290844743,0.011547240804192237,-0.00215086195590437,0.3802350966475371,-0.4927803385082117,2.8453892538066388,0.46440356092374213,-0.8304899197026673,-0.2697008054650182,0.14790977454221163,0.39228575246312125,-0.668055153914355,0.37092669918419924,4.824944962773594,4.713259081340371,0.04798574059244057
365,1.0949999999999973,0.8761899318138437,1.5533084242099457,1.3445439005866284,1.2259577433895839,0.8097324643533973,1.5613973450622003,1.3353604473968004,1.2935097431876046,0.8097324643533973,1.5613973450622003,1.3353604473968004,1.2935097431876046,0.0,0.0,5.0,-0.07957046495931469,0.014100328795242274,-0.00837798502798591,0.0,0.0,5.000000000000002,-0.07935155849179987,0.025774038116880726,-0.010647212647494103,0.0,0.0,1.7763568394002505e-15,0.00021890646751482334,0.011673709321638453,-0.0022692276195081934,0.38139374324055403,-0.4947592123722304,2.846483044456124,0.47213626938900266,-0.8282499160054824,-0.26529008495857365,0.14391174582716126,0.3862155310056449,-0.6596246213395769,0.3645968831617722,4.69095787040447,4.748663420473068,0.03899143829823831
366,1.0979999999999972,0.8833556250538733,1.551130766353885,1.3461407505549938,1.2193728580372492,0.8142117355815679,1.5612988595354251,1.335766993717969,1.2887224111650406,0.8142117355815679,1.5612988595354251,1.335766993717969,1.2887224111650406,0.0,0.0,5.0,-0.07945430338177574,0.013102721718448644,-0.008115108731734051,0.0,0.0,5.000000000000003,-0.07941317065067859,0.024897880976601658,-0.010500638121013928,0.0,0.0,2.6645352591003757e-15,4.113273109715432e-05,0.011795159258153014,-0.0023855293892798765,0.3825344499972637,-0.49671228126117917,2.8475582918233417,0.4796713121386412,-0.82602624979987,-0.2608689751217791,0.1397978711271007,0.38023558556989806,-0.651022962982914,0.35841578907252797,4.557175551467831,4.782507017446743,0.030118255406648534
367,1.100999999999997,0.8906929959314838,1.5488095954596677,1.3478119496647423,1.2126854589441078,0.818911504724888,1.5610333946569954,1.3362713912995046,1.2837837093186149,0.818911504724888,1.5610333946569954,1.3362713912995046,1.2837837093186149,0.0,0.0,5.0,-0.079324309024882,0.012099481721769953,-0.00784485163211329,0.0,0.0,5.000000000000003,-0.07946095719129971,0.02401102012362362,-0.010344513119268262,0.0,0.0,2.6645352591003757e-15,-0.00013664816641771604,0.011911538401853666,-0.002499661487154971,0.3836575022195368,-0.49863904599423065,2.848615436706939,0.48700872291355835,-0.8238217402326135,-0.2564381274124017,0.13557186631242518,0.3743507407577038,-0.6422549110171681,0.3523816278657734,4.423619873873005,4.814782873672046,0.02137413257841248
368,1.103999999999997,0.8981968129145202,1.5463479865721772,1.3495545360293197,1.2059006644839854,0.8238284727875792,1.560602343095042,1.3368722058757387,1.278696978241643,0.8238284727875792,1.560602343095042,1.3368722058757387,1.278696978241643,0.0,0.0,5.0,-0.07918050452029944,0.011091040102660987,-0.007567459531684909,0.0,0.0,5.000000000000003,-0.07949490979415584,0.02311383682347605,-0.010178979640100505,0.0,0.0,2.6645352591003757e-15,-0.0003144052738563996,0.012022796720815063,-0.002611520108415596,0.38476319918978624,-0.5005390215492026,2.8496549141795455,0.49414859528167976,-0.8216391031812476,-0.25199817851520295,0.1312374486557765,0.368565656749808,-0.6333251849906343,0.3464924908688393,4.290312437048964,4.845484548621758,0.01276689322604489
369,1.1069999999999969,0.905861724713186,1.5437491233129284,1.3513654512070878,1.1990237007667996,0.8289591810395668,1.560007235063656,1.3375678776772983,1.2734657062194819,0.8289591810395668,1.560007235063656,1.3375678776772983,1.2734657062194819,0.0,0.0,5.0,-0.07902291490400343,0.010077830394777583,-0.007283184722391879,0.0,0.0,5.0000000000000036,-0.0795150225481906,0.022206716779355706,-0.010004188238494083,0.0,0.0,3.552713678800501e-15,-0.0004921076441871675,0.012128886384578123,-0.002721003516102204,0.3858518536831574,-0.502411737015614,2.8506771532469575,0.5010910802897331,-0.8194809528708288,-0.24754975116832398,0.1267983352906788,0.3628848311237061,-0.6242384888038026,0.34074635580397983,4.157274569858922,4.874606151655383,0.004304236397492124
370,1.1099999999999968,0.9136822645812739,1.5410162945107349,1.3532415435488672,1.1920598973591283,0.8343000137106428,1.5592497364578042,1.3383567233013365,1.2680935265302196,0.8343000137106428,1.5592497364578042,1.3383567233013365,1.2680935265302196,0.0,0.0,5.0,-0.07885156761192004,0.009060288181598718,-0.006992285756095888,0.0,0.0,5.0000000000000036,-0.07952129195182785,0.02129004996631091,-0.009820297889640665,0.0,0.0,3.552713678800501e-15,-0.0006697243399078068,0.012229761784712193,-0.002828012133544777,0.3869237914854624,-0.5042567355393897,2.8516825765248366,0.5078363842166214,-0.817349803536113,-0.24309345496813514,0.12225824175457757,0.35731260076834964,-0.614999507925192,0.33514109262633907,4.024527329087455,4.902142333890669,-0.004006270227111523
371,1.1129999999999967,0.921652854715532,1.5381528907386337,1.3551795716371138,1.1850146829087231,0.8398472008179081,1.5583316468641466,1.3392369377037618,1.2625842146141864,0.8398472008179081,1.5583316468641466,1.3392369377037618,1.2625842146141864,0.0,0.0,5.0,-0.07866649247514942,0.008038850909167342,-0.006695027209420723,0.0,0.0,5.0000000000000036,-0.07951371691358142,0.020364230463589345,-0.009627475844349948,0.0,0.0,3.552713678800501e-15,-0.0008472244384319927,0.012325379554422002,-0.0029324486349292245,0.38797935091710894,-0.506073574259896,2.852671599932383,0.5143847664274127,-0.8152480711228476,-0.23862988715152297,0.11762088061200594,0.35185314388217775,-0.6056129068354218,0.32967446918211485,3.8920914984924693,4.928088280142326,-0.012157197219218803
372,1.1159999999999966,0.9297678107493896,1.5351624007604614,1.357176207813401,1.17789358067675,0.8455968211241202,1.5572548974497713,1.3402065963114547,1.2569416851146566,0.8455968211241202,1.5572548974497713,1.3402065963114547,1.2569416851146566,0.0,0.0,5.0,-0.07846772171477243,0.007013957698030163,-0.0063916794431163795,0.0,0.0,5.000000000000003,-0.07949229875224492,0.019429656285222002,-0.009425897476932787,0.0,0.0,2.6645352591003757e-15,-0.001024577037472496,0.01241569858719184,-0.003034218033816408,0.38901888236323406,-0.5078618242399621,2.853644632402443,0.5207365373267075,-0.8131780750221341,-0.23415963335467635,0.11288996015363897,0.34651048204171275,-0.596083326688683,0.32434415668671834,3.7599875884130878,4.952439700947424,-0.02014126015991173
373,1.1189999999999964,0.9380213463372213,1.5320484078904921,1.3592280417907112,1.170702203981576,0.8515448052244597,1.556021548730968,1.341263657252345,1.2511699887922298,0.8515448052244597,1.556021548730968,1.341263657252345,1.2511699887922298,0.0,0.0,5.0,-0.0782552899362409,0.005986049154457543,-0.006082518356162096,0.0,0.0,5.000000000000003,-0.07945704119666236,0.0184867292089147,-0.009215746125695895,0.0,0.0,2.6645352591003757e-15,-0.001201751260421463,0.012500680054457154,-0.0031332277695337992,0.3900427478102203,-0.5096210703895047,2.854602075607513,0.526892056409908,-0.8111420398320771,-0.22968326834752734,0.10806918316704764,0.3412884823287392,-0.5864153831808564,0.3191477350233525,3.6282358359234523,4.975192824696121,-0.02795132626606439
374,1.1219999999999963,0.9464075778251827,1.5288145862696934,1.361331584347071,1.1634462515580541,0.8576869387591143,1.554633788224275,1.3424059637011208,1.2452733093154928,0.8576869387591143,1.554633788224275,1.3424059637011208,1.2452733093154928,0.0,0.0,5.0,-0.07802923412335298,0.00495556718102502,-0.005767825134832455,0.0,0.0,5.000000000000003,-0.07940795038507885,0.017535854603322423,-0.008997212926192988,0.0,0.0,2.6645352591003757e-15,-0.0013787162617258653,0.012580287422297404,-0.003229387791360533,0.39105132038873486,-0.5113509113833457,2.855544323701102,0.5328517304106974,-0.809142097141193,-0.22520135674309413,0.10316224577502775,0.3361908595048511,-0.5766136646136513,0.3140826978630003,3.4968562055212606,4.996344389885494,-0.0355804208785969
375,1.1249999999999962,0.9549205290046301,1.5254646970621848,1.3634832710968874,1.1561315028363004,0.8640188657489646,1.553093927982141,1.3436312463382203,1.2392559599306772,0.8640188657489646,1.553093927982141,1.3436312463382203,1.2392559599306772,0.0,0.0,5.0,-0.07778959363181444,0.003922954786637555,-0.005447885996954594,0.0,0.0,5.0000000000000036,-0.07934503486407193,0.01657744125377919,-0.008770496637384495,0.0,0.0,3.552713678800501e-15,-0.0015554412322574956,0.012654486467141636,-0.003322610640429901,0.39204498392340353,-0.5130509595737786,2.856471763073924,0.5386160115428393,-0.8071802873283095,-0.22071445368106568,0.0981728363374531,0.33122117822289976,-0.5666827301442937,0.30914645760734055,3.365868390338876,5.015891637513403,-0.04302173380691789
376,1.1279999999999961,0.9635541359440214,1.522002584575592,1.3656794663363427,1.1487638131440465,0.8705360920515522,1.5514044020156526,1.3449371259196674,1.233122380013131,0.8705360920515522,1.5514044020156526,1.3449371259196674,1.233122380013131,0.0,0.0,5.0,-0.07753641018238679,0.0028886558960778044,-0.005122991931589172,0.0,0.0,5.0000000000000036,-0.07926830558706366,0.015611901186559363,-0.00853580346086346,0.0,0.0,3.552713678800501e-15,-0.0017318954046768725,0.012723245290481558,-0.0034128115292742884,0.3930241324892003,-0.51472084089841,2.857384772124394,0.5441853958342247,-0.8052585613739391,-0.21622310548505705,0.09310463441268672,0.3263828552656013,-0.556627108210474,0.30433635015658045,3.235291813863742,5.0338323036284045,-0.05026862552378411
377,1.130999999999996,0.9723022518951808,1.5184321723090184,1.3679164669591009,1.141349108836703,0.8772339889343959,1.549567763606876,1.3463211159551938,1.2268771315035374,0.8772339889343959,1.549567763606876,1.3463211159551938,1.2268771315035374,0.0,0.0,5.0,-0.07726972785362388,0.001853115159160651,-0.004793438434371655,0.0,0.0,5.0000000000000036,-0.07917777591241365,0.014639649491745926,-0.008293346853312358,0.0,0.0,3.552713678800501e-15,-0.0019080480587897741,0.012786534332585276,-0.0034999084189407037,0.39398916997460715,-0.5163601947837714,2.8582837210429077,0.5495604215509308,-0.8033787826783628,-0.21172785029305569,0.08796130977467734,0.32167916180227,-0.5464512951204746,0.29964963950463086,3.105145632153911,5.0501646120508585,-0.05731463320494028
378,1.133999999999996,0.9811586522696459,1.5147574589324733,1.3701905064385167,1.1338933823593655,0.8841077967626254,1.5475866825134705,1.3477806254919982,1.2205248952319088,0.8841077967626254,1.5475866825134705,1.3477806254919982,1.2205248952319088,0.0,0.0,5.0,-0.07698959307419799,0.0008167777595763968,-0.00445952523875519,0.0,0.0,5.0000000000000036,-0.07907346160109348,0.013661104144781097,-0.00804334733236134,0.0,0.0,3.552713678800501e-15,-0.002083868526895488,0.012844326385204701,-0.0035838220936061493,0.3949405096515731,-0.5179686740451672,2.859168971609401,0.5547416677089152,-0.8015427288819076,-0.20722921866066693,0.08274652148196936,0.3171132256553268,-0.5361597537986258,0.29508352216443656,2.9754487365334907,5.064887267279425,-0.06415347660804516
379,1.1369999999999958,0.9901170396808869,1.5109825142015922,1.3724977588724907,1.126402687245031,0.8911526287977961,1.5454639420683207,1.3493129620013935,1.2140704671324922,0.8911526287977961,1.5454639420683207,1.3493129620013935,1.2140704671324922,0.0,0.0,5.0,-0.07669605461481666,-0.0002199107764955629,-0.004121556043398733,0.0,0.0,5.000000000000003,-0.0789553808139426,0.01267668582677689,-0.0077860322760243475,0.0,0.0,2.6645352591003757e-15,-0.002259326199125944,0.012896596603272453,-0.003664476232625615,0.3958785737522798,-0.5195459447831967,2.860040877003681,0.5597297526708328,-0.7997520936831506,-0.2027277341368539,0.07746391699496323,0.3126880335688916,-0.5257569126764883,0.29063513142662406,2.8462197567519385,5.077999447596259,-0.07077906378553532
380,1.1399999999999957,0.9991710490479913,1.5071114748116141,1.374834343087046,1.1188831330533517,0.8983634751046488,1.5432024361770402,1.350915334365495,1.2075187543528187,0.8983634751046488,1.5432024361770402,1.350915334365495,1.2075187543528187,0.0,0.0,5.0,-0.0763891635797319,-0.001256504771920652,-0.0037798382359489737,0.0,0.0,5.000000000000003,-0.07882355410850678,0.011686817743662481,-0.00752163571589573,0.0,0.0,2.6645352591003757e-15,-0.0024343905287748796,0.012943322515583134,-0.0037417974799467566,0.39680379305269703,-0.521091686277358,2.8608997816280457,0.5645253328253579,-0.79800848865102,-0.19822391381195367,0.0721171313378772,0.3084064334724056,-0.5152471647204275,0.2863015414549401,2.717477064590256,5.089500798383265,-0.07718549662622884
381,1.1429999999999956,1.0083142527564641,1.5031485401945779,1.377196326794637,1.1113408802543234,0.905735206562485,1.5408051662162874,1.3525848559610087,1.2008747712602217,0.905735206562485,1.5408051662162874,1.3525848559610087,1.2008747712602217,0.0,0.0,5.0,-0.07606897339784296,-0.002292558590207929,-0.0034346826134670663,0.0,0.0,5.0000000000000036,-0.07867800443545894,0.010691925444245798,-0.007250398124295232,0.0,0.0,3.552713678800501e-15,-0.0026090310376159775,0.012984484034453727,-0.0038157155108281657,0.39771660646289553,-0.5226055908771176,2.8617460209417125,0.5691291013462954,-0.7963134450270033,-0.1937182688378352,0.06670978630198102,0.30427113673283734,-0.504634866586522,0.2820797712222288,2.5892387778963215,5.099391425660863,-0.08336707622062758
382,1.1459999999999955,1.0175401658716723,1.4990979682637846,1.3795797308031885,1.103782135061356,0.9132625789777354,1.5382752378359237,1.3543185478370954,1.1941436353492483,0.9132625789777354,1.5382752378359237,1.3543185478370954,1.1941436353492483,0.0,0.0,5.0,-0.07573553981339468,-0.003327626827091068,-0.0030864030997542523,0.0,0.0,5.0000000000000036,-0.07851875713460353,0.009692436637268445,-0.006972566195555113,0.0,0.0,3.552713678800501e-15,-0.0027832173212088557,0.013020063464359513,-0.003886163095800861,0.3986174606240644,-0.5240873638907997,2.8625799213065855,0.5735417870286847,-0.7946684155139064,-0.1892113049201464,0.061245489686795766,0.3002847203896119,-0.49392433789404244,0.2779667882909353,2.4615227650307823,5.107671889859753,-0.08931830804503707
383,1.1489999999999954,1.0268422514004427,1.4949640711096057,1.381980533271757,1.096213144218196,0.9209402372942046,1.5356158576681391,1.3561133419841875,1.1873305630534716,0.9209402372942046,1.5356158576681391,1.3561133419841875,1.1873305630534716,0.0,0.0,5.0,-0.07538892087627237,-0.004361264502009513,-0.002735316459834074,0.0,0.0,5.000000000000003,-0.07834583993046504,0.008688781007531537,-0.006688392621648276,0.0,0.0,2.6645352591003757e-15,-0.0029569190541926665,0.013050045509541051,-0.0039530761618142025,0.3995068095121653,-0.5255367234726268,2.8634017998439125,0.5777641531990368,-0.7930747760478384,-0.18470352278267937,0.055727834576081214,0.2964496293669614,-0.4831198606090368,0.27395951244233036,2.33434664970426,5.1143431998352895,-0.09503390695978726
384,1.1519999999999953,1.0362139255962821,1.490751210650759,1.3843946740087196,1.0886401897442424,0.9287627198973941,1.5328303299467458,1.3579660846905608,1.1804408654653018,0.9287627198973941,1.5328303299467458,1.3579660846905608,1.1804408654653018,0.0,0.0,5.0,-0.0750291769318957,-0.005393027249407828,-0.002381742011850054,0.0,0.0,5.000000000000003,-0.07815928292746109,0.0076813900311722555,-0.006398135862361383,0.0,0.0,2.6645352591003757e-15,-0.003130105995565388,0.013074417280580083,-0.004016393850511329,0.40038511404814203,-0.5269534005082164,2.864211964301389,0.5817969966967921,-0.7915338275503174,-0.1801954186039587,0.05016039864556143,0.29276817865892524,-0.47222567852986663,0.27005481915883134,2.2077278161858622,5.119406807133086,-0.10050880201700757
385,1.1549999999999951,1.0456485633036228,1.4864637942452323,1.386818058808331,1.0810695836428166,0.9367244630092183,1.5299220530399305,1.3598735399833775,1.1734799439674763,0.9367244630092183,1.5299220530399305,1.3598735399833775,1.1734799439674763,0.0,0.0,5.0,-0.0746563706107125,-0.006422471509770652,-0.0020260013366414768,0.0,0.0,5.000000000000003,-0.07795911860466131,0.006670696790170516,-0.006102059910222168,0.0,0.0,2.6645352591003757e-15,-0.003302747993948821,0.013093168299941168,-0.004076058573580692,0.40125284171459025,-0.5283371384988169,2.865010712930281,0.5856411469240524,-0.7900467976576162,-0.1756874844262352,0.04454674349947117,0.2892425554827352,-0.46124599686685214,0.2662495429639398,2.08168341486238,5.122864600513601,-0.10573814107358159
386,1.157999999999995,1.055139503336523,1.4821062702650343,1.3892465638214415,1.0735076625770041,0.9448198051693474,1.5268945158998304,1.3618323931508365,1.1664532857799883,0.9448198051693474,1.5268945158998304,1.3618323931508365,1.1664532857799883,0.0,0.0,5.0,-0.07427056681729517,-0.007449154720310873,-0.0016684179852611794,0.0,0.0,5.000000000000003,-0.07774538181013313,0.005657135786164724,-0.005800434050394515,0.0,0.0,2.6645352591003757e-15,-0.0034748149928379574,0.013106290506475597,-0.004132016065133336,0.40211046617878066,-0.5296876934445425,2.8657983343721543,0.5892974649606172,-0.78861484242468,-0.1711802085371394,0.03889041403313766,0.28587482139679976,-0.4501849819085014,0.26254048062444246,1.9562303681269642,5.124718900742505,-0.11071729520508534
387,1.160999999999995,1.0646800538871144,1.4776831236390313,1.3916760399561738,1.0659607825176831,0.953042991799337,1.5237512944323757,1.3638392543419977,1.1593664594262922,0.953042991799337,1.5237512944323757,1.3638392543419977,1.1593664594262922,0.0,0.0,5.0,-0.07387183271904083,-0.00847263550522878,-0.0013093171847014453,0.0,0.0,5.000000000000003,-0.07751810975487441,0.0046411427536577066,-0.005493532615759994,0.0,0.0,2.6645352591003757e-15,-0.0036462770358335894,0.013113778258886486,-0.004184215431058549,0.4029584669219205,-0.5310048337268438,2.866575107554813,0.5927668427413408,-0.787239048001157,-0.16667407582431987,0.033194937818945336,0.2826669143799545,-0.43904676076711824,0.258924394219618,1.831385376575473,5.12497245565273,-0.11544186291669373
388,1.1639999999999948,1.0742634979592078,1.4731988713681066,1.3941023173042812,1.0584353133684052,0.9613881798456272,1.520496047790911,1.3658906622407672,1.152225110122697,0.9613881798456272,1.520496047790911,1.3658906622407672,1.152225110122697,0.0,0.0,5.0,-0.07346023773447767,-0.009492473865462578,-0.000949025542095398,0.0,0.0,5.000000000000002,-0.0772773420063354,0.003623154472692569,-0.005181634737408208,0.0,0.0,1.7763568394002505e-15,-0.0038171042718577325,0.013115628338155147,-0.00423260919531281,0.40379732887452774,-0.5322883399904346,2.86734130159706,0.5960502022928332,-0.7859204322772889,-0.16216956810345873,0.027463824513163843,0.2796206508690743,-0.42783542119690166,0.25539801408226914,1.7071649254882428,5.123628435483214,-0.11990767414722368
389,1.1669999999999947,1.083883098822274,1.4686580580169553,1.396521209588944,1.0509376335718306,0.9698494424974242,1.5171325145971835,1.3679830878104677,1.145034955094927,0.9698494424974242,1.5171325145971835,1.3679830878104677,1.145034955094927,0.0,0.0,5.0,-0.07303585352117949,-0.010508231367845301,-0.0005878707476635617,0.0,0.0,5.000000000000002,-0.07702312048153002,0.0026036085810787063,-0.004865024090763281,0.0,0.0,1.7763568394002505e-15,-0.003987266960350538,0.013111839948924007,-0.004277153343099719,0.4046275420577854,-0.5335380050248685,2.868097175721909,0.599148495026535,-0.7846599464976093,-0.1576671644201208,0.021700565281250632,0.27673772775254357,-0.41655501147796903,0.25195804161645263,1.5835852915744937,5.120690428498426,-0.12411079406267221
390,1.1699999999999946,1.0935321054811695,1.46406525118678,1.39892851862967,1.043474124702382,0.9784207739754126,1.5136645090933412,1.3701129381053512,1.1378017788258976,0.9784207739754126,1.5136645090933412,1.3701129381053512,1.1378017788258976,0.0,0.0,5.0,-0.07259875396329016,-0.011519471333589574,-0.0002261812766749139,0.0,0.0,5.000000000000003,-0.07675548943973821,0.001582943386249494,-0.004543988637577129,0.0,0.0,2.6645352591003757e-15,-0.004156735476448056,0.013102414719839068,-0.004317807360902215,0.40544960123073776,-0.5347536336459486,2.8688429791778995,0.6020627010852264,-0.7834584768405868,-0.15316734132595497,0.015908632239370266,0.27401972431746074,-0.40520954036004875,0.24860115199681512,1.4606625499562234,5.116162436891926,-0.12804752663579755
391,1.1729999999999945,1.103203758156823,1.4594250369732635,1.401320038820041,1.036051166049874,0.9870960943871816,1.5100959172286605,1.372276560145344,1.1305314282388164,0.9870960943871816,1.5100959172286605,1.372276560145344,1.1305314282388164,0.0,0.0,5.0,-0.0721490151586607,-0.01252575902601713,0.00013571390930586176,0.0,0.0,5.000000000000003,-0.07647449547480067,0.0005615976768318098,-0.004218820364024274,0.0,0.0,2.6645352591003757e-15,-0.004325480316139968,0.01308735670284894,-0.004354534273330136,0.40626400554318415,-0.5359350425771283,2.869578951168163,0.6047938287400572,-0.7823168459625449,-0.14867057312982304,0.01009147791000013,0.27146810414880485,-0.39380297705990236,0.24532399675446026,1.3384125813680854,5.110048872976311,-0.1317144180084877
392,1.1759999999999944,1.1128912937731956,1.4547420154140829,1.4036915616139232,1.0286751291988023,0.9958692546451877,1.5064306926847684,1.3744702448502668,1.1232298078197795,0.9958692546451877,1.5064306926847684,1.3744702448502668,1.1232298078197795,0.0,0.0,5.0,-0.0716867154056008,-0.013526661837455132,0.0004974856616134576,0.0,0.0,5.000000000000002,-0.0761801875070068,-0.0004599894659909759,-0.003889815015136404,0.0,0.0,1.7763568394002505e-15,-0.004493472101405993,0.013066672371464156,-0.004387300676749861,0.40707125819412154,-0.5370820603310489,2.870305320786926,0.6073429138352321,-0.7812358145043715,-0.14417733212448697,0.004252534689618164,0.2690842169791227,-0.38233925130683927,0.24212320625427258,1.2168510795493386,5.102354555661043,-0.13510825963385745
393,1.1789999999999943,1.1225879514457078,1.4500207959303704,1.4060388800158663,1.0213523726080567,1.004734041443026,1.5026728528431867,1.3766902310297038,1.1159028746840856,1.004734041443026,1.5026728528431867,1.3766902310297038,1.1159028746840856,0.0,0.0,5.0,-0.07121193518924727,-0.014521749475215482,0.0008588049438471524,0.0,0.0,5.000000000000002,-0.0758726167745779,-0.001481378857242338,-0.003557271825818137,0.0,0.0,1.7763568394002505e-15,-0.004660681585330631,0.013040370617973144,-0.0044160767696652895,0.40787186609558435,-0.5381945270913419,2.8710223069631318,0.6097110192775363,-0.7802160825597076,-0.13968808878953554,-0.0016047856734091462,0.2668693004876043,-0.3708222534309917,0.23899539206861026,1.0959935588038094,5.093084707218858,-0.13822609119521503
394,1.1819999999999942,1.132286977966476,1.4452659927664273,1.4083577930713331,1.014089236195768,1.0136841822857199,1.498826474699081,1.3789327094246542,1.1085566335905472,1.0136841822857199,1.498826474699081,1.3789327094246542,1.1085566335905472,0.0,0.0,5.0,-0.07072475716755189,-0.015510594146579971,0.0012193431311341282,0.0,0.0,5.000000000000003,-0.0755518368247468,-0.002502131396959942,-0.0032214932486888184,0.0,0.0,2.6645352591003757e-15,-0.004827079657194908,0.01300846274962003,-0.004440836379822947,0.40866633954172743,-0.5392722945948097,2.8717301184108885,0.6118992345679438,-0.7792582911034853,-0.13520331197127922,-0.007477092592500923,0.26482448204769754,-0.35925583448930826,0.23593714925225132,0.9758553617034705,5.08224495034057,-0.14106520329924407
395,1.184999999999994,1.1419816332815182,1.4404822204320324,1.410644110352421,1.006892035934031,1.0227133505697033,1.4948956907251327,1.3811938267970445,1.1011971319081217,1.0227133505697033,1.4948956907251327,1.3811938267970445,1.1011971319081217,0.0,0.0,5.0,-0.07022526615689073,-0.016492770742709634,0.0015787723090180715,0.0,0.0,5.000000000000002,-0.07521790350443522,-0.003521808258967002,-0.0028827846789976005,0.0,0.0,1.7763568394002505e-15,-0.004992637347544487,0.012970962483742632,-0.004461556988015672,0.40945519188299545,-0.5403152260140833,2.872428953586459,0.6139086753726174,-0.7783630233798426,-0.1307234690403856,-0.013361017149744856,0.2629507804226798,-0.3476438064245128,0.23294505852343808,0.8564516669111191,5.06984130547732,-0.1436231399409502
396,1.187999999999994,1.1516651959552964,1.4356740891517155,1.4128936564347756,0.9997670584582152,1.0318151707081127,1.4908846846895145,1.383469690063143,1.093830454539232,1.0318151707081127,1.4908846846895145,1.383469690063143,1.093830454539232,0.0,0.0,5.0,-0.06971354911729806,-0.017467857021402005,0.0019367655717020663,0.0,0.0,5.000000000000003,-0.07487087495053127,-0.0045399710795252235,-0.0025414541768623636,0.0,0.0,2.6645352591003757e-15,-0.005157325833233209,0.012927885941876782,-0.0044782197485644295,0.410238939205222,-0.541323195840841,2.8731190006515264,0.6157404831306866,-0.7775308062486188,-0.1262490260280672,-0.019253212597523904,0.2612491074088487,-0.33598994225255185,0.23001568835581493,0.7377974970974981,5.055880188468503,-0.1458977007381305
397,1.1909999999999938,1.1613309686177844,1.4308462003252878,1.4151022753613467,0.9927205556955824,1.0409832232969782,1.4867976874319726,1.385756370466867,1.0864627188041849,1.0409832232969782,1.4867976874319726,1.385756370466867,1.0864627188041849,0.0,0.0,5.0,-0.06918969513732665,-0.01843543378861427,0.0022929973193738847,0.0,0.0,5.000000000000003,-0.07451081157976766,-0.005556182145789901,-0.0021978121870846815,0.0,0.0,2.6645352591003757e-15,-0.005321116442441015,0.012879251642824368,-0.004490809506458566,0.41101810001350064,-0.5422960897696639,2.873800437442484,0.617395824696262,-0.7767621114897805,-0.12178044774166967,-0.02515035485631417,0.2597202694262198,-0.3242979762743227,0.22714559698599338,0.6199077269280926,5.040368408452845,-0.14788694293333318
398,1.1939999999999937,1.170972283389408,1.4260031420039798,1.4172658350887108,0.9857587395179053,1.0502110503178517,1.482638972602071,1.3880499077889479,1.0791000692911321,1.0502110503178517,1.482638972602071,1.3880499077889479,1.0791000692911321,0.0,0.0,5.0,-0.06865379541853776,-0.019395085078677064,0.0026471435543434663,0.0,0.0,5.000000000000003,-0.07413777607820352,-0.006570004583984268,-0.0018521712567960494,0.0,0.0,2.6645352591003757e-15,-0.005483980659665752,0.012825080494692796,-0.004499314811139516,0.4117931949206711,-0.5432338045825871,2.8744734314455083,0.6188758920122328,-0.7760573570652906,-0.11731819786054012,-0.031049143009978433,0.2583649690568263,-0.31257160430773534,0.22433133434141095,0.5027970910948372,5.02331316605932,-0.1495891831614867
399,1.1969999999999936,1.1805825072791336,1.4211494843864645,1.4193802319116513,0.9788877764227517,1.0594921603723924,1.478412852363678,1.390346314587878,1.0717486726760546,1.0594921603723924,1.478412852363678,1.390346314587878,1.0717486726760546,0.0,0.0,5.0,-0.06810594325962326,-0.020346398333119332,0.002998882175723458,0.0,0.0,5.0000000000000036,-0.07375183339031091,-0.007581002547213778,-0.0015048457511919328,0.0,0.0,3.552713678800501e-15,-0.005645890130687656,0.012765395785905555,-0.004503727926915391,0.41256474634026385,-0.5441362480343963,2.8751381397771874,0.620181901813482,-0.775416908338077,-0.1128627390130833,-0.03694629979978138,0.2571838065309083,-0.30081448393640764,0.2215694438930731,0.3864801923679442,5.004722051873887,-0.15100299898159034
400,1.1999999999999935,1.1901550475510752,1.4162897753390786,1.421441394861734,0.9721137822481161,1.0688200339443883,1.4741236730698053,1.3926415804685368,1.0644147125172725,1.0688200339443883,1.4741236730698053,1.3926415804685368,1.0644147125172725,0.0,0.0,5.0,-0.06754623404016245,-0.02128896457803009,0.00334789327238416,0.0,0.0,5.000000000000003,-0.07335305070766814,-0.008588741402838426,-0.0011561515676122847,0.0,0.0,2.6645352591003757e-15,-0.005806816667505682,0.012700223175191663,-0.004504044839996444,0.4133332781837482,-0.5450033387387109,2.8757947091705005,0.6213150953572447,-0.7748410792479011,-0.10841453283593713,-0.04283857211825911,0.2561772811614507,-0.28903023477153517,0.21885646443768464,0.27097150964310773,4.98460304517725,-0.15212723017107313
401,1.2029999999999934,1.199683357054942,1.4114285359444474,1.423445290075637,0.9654428169249756,1.0781881286846782,1.4697758109119408,1.39493167637437,1.057104384029014,1.0781881286846782,1.4697758109119408,1.39493167637437,1.057104384029014,0.0,0.0,5.0,-0.06697476520401685,-0.02222237859987752,0.0036938594139172844,0.0,0.0,5.0000000000000036,-0.07294149745726185,-0.009592787919323512,-0.0008064058482286016,0.0,0.0,3.552713678800501e-15,-0.005966732253244997,0.012629590680554009,-0.004500265262145886,0.4140993155619313,-0.545835006054882,2.8764432759659413,0.6222767381784305,-0.7743301334440686,-0.10397404001621922,-0.048722731503986816,0.2553457927276922,-0.2772224387237038,0.21618893181358884,0.15628540595951368,4.962964512948207,-0.1529609797816447
402,1.2059999999999933,1.2091609395157565,1.4065702560828077,1.4253879251290218,0.9588808792724176,1.0875898847144092,1.465373667548031,1.3972125588989706,1.049823888838592,1.0875898847144092,1.465373667548031,1.3972125588989706,1.049823888838592,0.0,0.0,5.0,-0.06639163624236548,-0.023146239119712444,0.0040364659393432485,0.0,0.0,5.000000000000003,-0.07251724528940001,-0.010592710452487747,-0.00045592669159864874,0.0,0.0,2.6645352591003757e-15,-0.006125609047034533,0.012553528667224697,-0.004492392630941897,0.4148633844903564,-0.5466311899757269,2.8770839661076058,0.6230681198678298,-0.7738842853750569,-0.09954172031781156,-0.05459557463820498,0.2546896428083687,-0.2653946402816309,0.21356338055483762,0.042436136464111665,4.939815209126376,-0.1535036149556767
403,1.2089999999999932,1.2185813547782367,1.4017193900501623,1.427265353331756,0.952433901839848,1.097018729942054,1.4609216657132935,1.3994801746128966,1.0425794297317588,1.097018729942054,1.4609216657132935,1.3994801746128966,1.0425794297317588,0.0,0.0,5.0,-0.06579694867638362,-0.02406014896567933,0.004375401243299675,0.0,0.0,5.0000000000000036,-0.07208036806523777,-0.011588079131069212,-0.00010503286335153406,0.0,0.0,3.552713678800501e-15,-0.006283419388854142,0.01247206983461012,-0.004480434106651209,0.4156260115985532,-0.547391841016112,2.8777168951440686,0.6236905538712215,-0.773503701335263,-0.09511803259266233,-0.06045392384418562,0.2542090360655916,-0.25355034679502875,0.21097634548761895,-0.0705621437020748,4.9151642741274975,-0.15375476750237355
404,1.211999999999993,1.2279382240013355,1.396880352217483,1.4290736779803588,0.9461077458008249,1.1064680853895956,1.4564242448180498,1.4017304644015434,1.0353772053908141,1.1064680853895956,1.4564242448180498,1.4017304644015434,1.0353772053908141,0.0,0.0,5.0,-0.06519080603956832,-0.02496371524376326,0.0047103570594507335,0.0,0.0,5.000000000000003,-0.07163094184391834,-0.012578466041528777,0.00024595649373412853,0.0,0.0,2.6645352591003757e-15,-0.006440135804350017,0.012385249202234484,-0.004464400565716605,0.4163877238429944,-0.548116920102389,2.878342168233888,0.6241453773075021,-0.7731885004692041,-0.09070343477809163,-0.06629462759014662,0.2539040814803773,-0.2416930287589769,0.20842436327316535,-0.18269537161969024,4.88902123460379,-0.15371433423320835
405,1.214999999999993,1.2372252347984538,1.3920575127350276,1.4308090565635403,0.9399081959029794,1.1159313705232834,1.4518858565367792,1.4039593678098803,1.02822340513006,1.1159313705232834,1.4518858565367792,1.4039593678098803,1.02822340513006,0.0,0.0,5.0,-0.06457331385971352,-0.025856549506696205,0.005041028740859782,0.0,0.0,5.000000000000003,-0.0711690448693316,-0.013563445412012237,0.0005967221499948716,0.0,0.0,2.6645352591003757e-15,-0.006595731009618078,0.012293104094683968,-0.00444430659086491,0.41714904822361726,-0.5488063984626811,2.8789598801555916,0.6244339508040563,-0.772938755733621,-0.08629838388109178,-0.07211456099645372,0.2537747935409575,-0.22982612009737846,0.20590397390116244,-0.2939495689325664,4.861396003441241,-0.15338247705631908
406,1.2179999999999929,1.2464361463188685,1.3872551932858967,1.4324677049167929,0.9338409554784453,1.125402008584354,1.4473109603926044,1.4061628273898554,1.0211242036331891,1.125402008584354,1.4473109603926044,1.4061628273898554,1.0211242036331891,0.0,0.0,5.0,-0.06394457964053778,-0.02673826792095258,0.005367115537069723,0.0,0.0,5.000000000000003,-0.0706947575564917,-0.014542593795391398,0.0009469450792262413,0.0,0.0,2.6645352591003757e-15,-0.00675017791595392,0.012195674125561183,-0.004420170457843482,0.41791051150377256,-0.5494602575180109,2.879570115322004,0.6245576583476916,-0.7727544948180538,-0.08190333595061222,-0.0779106263477855,0.25382109338509573,-0.21795301844324474,0.20341172213756953,-0.40431083433848836,4.832298879985062,-0.15275962282978006
407,1.2209999999999928,1.2555647942659791,1.382477662892824,1.4340459013220181,0.9279116415191788,1.1348734319151146,1.4427040193414171,1.4083367930462702,1.0140857556972007,1.1348734319151146,1.4427040193414171,1.4083367930462702,1.0140857556972007,0.0,0.0,5.0,-0.06330471284296854,-0.027608491431760473,0.0056883208676398525,0.0,0.0,5.000000000000003,-0.07020816247753722,-0.01551549025130608,0.0012963067488415067,0.0,0.0,2.6645352591003757e-15,-0.006903449634568681,0.012093001180454394,-0.004392014118798346,0.41867263993346576,-0.550078488774252,2.8801729477987963,0.6245179071495595,-0.7726357010245689,-0.07751874603881573,-0.08367975361087841,0.2540428098977281,-0.2060770854137191,0.20094415893065407,-0.5137653362522332,4.801740550483961,-0.1518464629738824
408,1.2239999999999926,1.2646050958481037,1.3777291337821977,1.4355399905482271,0.9221257798214741,1.1443390872757904,1.4380694953598527,1.4104772263769259,1.0071141909874337,1.1443390872757904,1.4380694953598527,1.4104772263769259,1.0071141909874337,0.0,0.0,5.0,-0.06265382486608485,-0.028466845926059872,0.006004352591889822,0.0,0.0,5.000000000000003,-0.06970934434735544,-0.016481716527128362,0.001644489409581451,0.0,0.0,2.6645352591003757e-15,-0.007055519481270589,0.01198512939893151,-0.004359863182308371,0.41943595897576175,-0.5506610937148857,2.8807684413271333,0.6243161275225857,-0.772582314107429,-0.07314506815228407,-0.089418900958414,0.25443968076532697,-0.19420164687790045,0.19849784277893134,-0.6222993056635491,4.769732088743269,-0.15064395284277624
409,1.2269999999999925,1.2735510546574593,1.3730137573092183,1.436946387829398,0.9164888002039273,1.1537924411475375,1.4334118450413191,1.4125801050028526,1.0002156088082934,1.1537924411475375,1.4334118450413191,1.4125801050028526,1.0002156088082934,0.0,0.0,5.0,-0.06199202902772331,-0.02931296239333499,0.006314923274605587,0.0,0.0,5.000000000000003,-0.06919839000883408,-0.017440857237771043,0.001991176384511663,0.0,0.0,2.6645352591003757e-15,-0.007206360981110778,0.011872105155563948,-0.004323746890093924,0.42020099303622716,-0.5512080836945327,2.881356649350327,0.6239537727700323,-0.7725942310735963,-0.06878275519414027,-0.09512505529956139,0.25501135348846116,-0.1823299932156695,0.19606934106458768,-0.729899029212256,4.73628495697642,-0.1491533108560476
410,1.2299999999999924,1.2823967654731923,1.3683356199480778,1.4382615827756708,0.9110060318030596,1.1632269850170507,1.4287355152042702,1.4146414268844392,0.9933960728942425,1.1632269850170507,1.4287355152042702,1.4146414268844392,0.9933960728942425,0.0,0.0,5.0,-0.06131944054474973,-0.030146477084253904,0.006619750447465836,0.0,0.0,5.000000000000003,-0.06867538841774162,-0.018392500044263904,0.002336052357044656,0.0,0.0,2.6645352591003757e-15,-0.007355947872991896,0.01175397703999,-0.00428369809042118,0.42096826519528946,-0.5517194798332302,2.8819376150443947,0.6234323190839074,-0.7726713069450649,-0.06443225889803927,-0.10079523281764222,0.25575738635409423,-0.1704653795658524,0.19365523135585203,-0.8365508425021443,4.701411006843698,-0.14737601739101996
411,1.2329999999999923,1.2911364189842924,1.3636987393509363,1.4394821432140645,0.9056826984507089,1.1726362406381918,1.4240449385169087,1.4166572146192962,0.9866616062256057,1.1726362406381918,1.4240449385169087,1.4166572146192962,0.9866616062256057,0.0,0.0,5.0,-0.060636176513000094,-0.030967031667045414,0.006918556865950621,0.0,0.0,5.000000000000003,-0.06814043062724075,-0.019336235831019857,0.0026788036577246044,0.0,0.0,2.6645352591003757e-15,-0.0075042541142406535,0.011630795836025557,-0.004239753208226017,0.42173829694339715,-0.5521953129114168,2.8825113713524395,0.6227532654520347,-0.7728133554841091,-0.060094029754960095,-0.106426479515344,0.2566772493692258,-0.15861102606217722,0.19125210268166665,-0.9422411236748116,4.665122480666658,-0.14531381343678826
412,1.2359999999999922,1.2997643064282902,1.3591070604794528,1.4406047189550193,0.9005239141372379,1.1820137652660998,1.4193445291424798,1.4186235197177022,0.9800181858737206,1.1820137652660998,1.4193445291424798,1.4186235197177022,0.9800181858737206,0.0,0.0,5.0,-0.05994235588689472,-0.03177427338154843,0.007211070761499212,0.0,0.0,5.000000000000002,-0.06759360977203614,-0.020271658881715685,0.0030191185495140258,0.0,0.0,1.7763568394002505e-15,-0.007651253885141422,0.011502614499832746,-0.004191952211985186,0.42251160791886977,-0.5526356232655836,2.883077941022785,0.621918133572686,-0.7730201498826311,-0.05576851693371108,-0.11201587176787084,0.2577703251575374,-0.14677011805559195,0.18885655678189214,-1.0469562872639917,4.627432012806086,-0.14296869901121098
413,1.238999999999992,1.3082748241417996,1.3545644518125264,1.4416260454811154,0.8955346785645624,1.1913531568592617,1.4146386784092964,1.4205364268515048,0.9734717378799396,1.1913531568592617,1.4146386784092964,1.4205364268515048,0.9734717378799396,0.0,0.0,5.0,-0.059238099458728315,-0.032567855190864546,0.007497026088687314,0.0,0.0,5.000000000000003,-0.06703502105216003,-0.021198367053711364,0.0033566875113229602,0.0,0.0,2.6645352591003757e-15,-0.007796921593431712,0.011369488137153182,-0.004140338577364354,0.42328871564833204,-0.5530404606845484,2.8836373366507937,0.620928467775765,-0.7732914234168761,-0.05145616819603422,-0.1175605168843863,0.25903590982075897,-0.13494580632161407,0.18646520933616686,-1.1506827783502864,4.588352631190881,-0.14034293134230036
414,1.241999999999992,1.316662478018928,1.3500747016338281,1.4425429475543754,0.8907198727928697,1.2006480592450497,1.4099317505096167,1.4223920580723735,0.9670281321729627,1.2006480592450497,1.4099317505096167,1.4223920580723735,0.9670281321729627,0.0,0.0,5.0,-0.0585235298376405,-0.03334743593055111,0.007776162767199058,0.0,0.0,5.000000000000002,-0.06646476171639777,-0.02211596195093303,0.003691203519522658,0.0,0.0,1.7763568394002505e-15,-0.007941231878757268,0.01123147397961808,-0.0040849592476764,0.4240701352896316,-0.5534098843063028,2.884189560724317,0.619785834949619,-0.7736268700688688,-0.04715742980716656,-0.12305755367807313,0.2604732137665225,-0.12314120725147737,0.1840746911744247,-1.253407067035579,4.5478977589847505,-0.13743902281566564
415,1.244999999999992,1.3249218878737774,1.3456415144026694,1.44335234273868,0.8860842549848751,1.2098921672442655,1.405228078231462,1.4241865769953286,0.9606931775289465,1.2098921672442655,1.405228078231462,1.4241865769953286,0.9606931775289465,0.0,0.0,5.0,-0.05779877142826998,-0.03411268045528881,0.0080482269183736,0.0,0.0,5.000000000000003,-0.06588293104535783,-0.023024049095145244,0.004022362327187785,0.0,0.0,2.6645352591003757e-15,-0.008084159617087854,0.01108863136014357,-0.004025864591185814,0.42485637937714515,-0.5537439625153806,2.8847346056727328,0.6184918244726282,-0.7740261451160039,-0.0428727464426857,-0.12850415304510693,0.26208136250451586,-0.111359403025927,0.18168164947195903,-1.3551156432556553,4.506081216377119,-0.13425973868987695
416,1.2479999999999918,1.3330477917031929,1.3412685072116237,1.4440512448338563,0.8816324562513294,1.219079231750269,1.400531958727427,1.4259161929435071,0.9544726165787994,1.219079231750269,1.400531958727427,1.4259161929435071,0.9544726165787994,0.0,0.0,5.0,-0.057063950409095884,-0.034863259782963014,0.0083129710961114,0.0,0.0,5.000000000000002,-0.06528963033418655,-0.02392223809553895,0.004349862740813247,0.0,0.0,1.7763568394002505e-15,-0.00822567992509067,0.010941021687424064,-0.003963108355298154,0.42564795756938356,-0.5540427728406924,2.8852724539195282,0.6170480481488078,-0.7744888656903015,-0.03860256109243241,-0.13389751855281706,0.26385939741279657,-0.09960344177059212,0.17928274893180388,-1.4557950119488412,4.46291722248426,-0.13080809458182893
417,1.2509999999999917,1.3410350498462242,1.3369592063342481,1.4446367672181024,0.8773689766014268,1.228203064758303,1.3958476493245098,1.4275771650501576,0.9483721208670316,1.228203064758303,1.3958476493245098,1.4275771650501576,0.9483721208670316,0.0,0.0,5.0,-0.056319194710470456,-0.035598851236094096,0.008570154511929669,0.0,0.0,5.000000000000002,-0.06468496287493326,-0.024810142816562367,0.004673406894253787,0.0,0.0,1.7763568394002505e-15,-0.008365768164462807,0.01078870841953173,-0.0038967476176758817,0.4264453763988121,-0.5543064018537682,2.8858030779383994,0.6154561401467189,-0.7750146113089094,-0.034347314962267436,-0.13923488703728476,0.26580627647616845,-0.0878763376919361,0.1768746729570868,-1.5554316885976918,4.418420397346159,-0.1270873537243912
418,1.2539999999999916,1.34887864903658,1.3327170438662135,1.4451061260955216,0.8732981810016875,1.2372575443406777,1.3911793633789353,1.4291658063139032,0.942397285966486,1.2372575443406777,1.3911793633789353,1.4291658063139032,0.942397285966486,0.0,0.0,5.0,-0.05556463399234694,-0.03631913858055826,0.008819543253962935,0.0,0.0,5.000000000000002,-0.06406903393856749,-0.025687381543922402,0.004992700519637391,0.0,0.0,1.7763568394002505e-15,-0.008504399946220542,0.01063175703663586,-0.0038268427343255435,0.4272491390238078,-0.5545349450673468,2.886326440312847,0.6137177569410565,-0.7756029243775011,-0.030107447374380522,-0.14451352921061006,0.26792087499856676,-0.0761810711928498,0.17445412481589032,-1.6540121951598985,4.372605764004242,-0.12310102399884174
419,1.2569999999999915,1.356573706344734,1.328545354462956,1.445456643645573,0.8694242955467395,1.2462366195635173,1.3865312661799096,1.4306784876033487,0.9365536266532264,1.2462366195635173,1.3865312661799096,1.4306784876033487,0.9365536266532264,0.0,0.0,5.0,-0.05480039962170578,-0.03702381216153752,0.009060910499709099,0.0,0.0,5.000000000000002,-0.06344195075665147,-0.026553577148685184,0.005307453215005954,0.0,0.0,1.7763568394002505e-15,-0.008641551134945698,0.010470235012852339,-0.0037534572847031447,0.4280597449826821,-0.5547285068342478,2.88684249379925,0.6118345772563426,-0.7762533106682873,-0.025883395666829186,-0.14973075027805963,0.2702019862914403,-0.06452058896700993,0.17201782880104122,-1.7515230564037854,4.325488750644712,-0.11885285474478227
420,1.2599999999999913,1.3641154730061908,1.3244473721770227,1.445685751071399,0.8657514037453888,1.2551343153408347,1.3819074709061954,1.432111641607162,0.9308465721458098,1.2551343153408347,1.3819074709061954,1.432111641607162,0.9308465721458098,0.0,0.0,5.0,-0.054026624649684225,-0.03771256903664248,0.009294036722327616,0.0,0.0,5.000000000000002,-0.06280382250267127,-0.02740835724940585,0.0056173787084398755,0.0,0.0,1.7763568394002505e-15,-0.00877719785298705,0.01030421178723663,-0.003676658013887741,0.4288776899497026,-0.5548872002464613,2.8873511813934116,0.6098083020122081,-0.7769652397744145,-0.02167559509294205,-0.15488389056529187,0.27264832234015995,-0.0528978040711783,0.16956253138712893,-1.8479507966628426,4.277085192791817,-0.11434683335043859
421,1.2629999999999912,1.371499338132711,1.320426227398031,1.445790991544031,0.8622834429252287,1.2639447372217383,1.377312034639346,1.433461766725807,0.9252814614131107,1.2639447372217383,1.377312034639346,1.433461766725807,0.9252814614131107,0.0,0.0,5.0,-0.05324344378841244,-0.03838511310614812,0.009518709890302166,0.0,0.0,5.000000000000002,-0.06215476027303041,-0.028251354372216653,0.005922195118426329,0.0,0.0,1.7763568394002505e-15,-0.008911316484617966,0.010133758733931464,-0.003596514771875836,0.42970346549305416,-0.5550111470343854,2.887852436400572,0.6076406542697967,-0.7777381455425832,-0.01748447872117714,-0.15997032615583964,0.2752585144505252,-0.041315595974665165,0.16708500238693494,-1.9432819370227927,4.22741133553507,-0.10958718162644727
422,1.2659999999999911,1.3787208323032625,1.3164849438981832,1.4457700230396193,0.8590242007589379,1.272662076106653,1.3727489544373779,1.4347254309011612,0.9198635385548097,1.272662076106653,1.3727489544373779,1.4347254309011612,0.9198635385548097,0.0,0.0,5.0,-0.05245099338756039,-0.03904115524028867,0.00973472566028635,0.0,0.0,5.000000000000002,-0.06149487706770765,-0.02908220610880599,0.006221625210234401,0.0,0.0,1.7763568394002505e-15,-0.00904388368014726,0.00995894913148268,-0.0035131004500519487,0.4305375588346866,-0.555100477466141,2.8883461825089003,0.6053333791788709,-0.778571426485772,-0.013310477335979592,-0.1649874695390161,0.2780311138774836,-0.0297768105852225,0.16458203610933575,-2.0375029929538053,4.176483835774042,-0.10457835196642824
423,1.268999999999991,1.3857756310316687,1.3126264359861106,1.4456206210668894,0.8559773119153343,1.281280612888484,1.3682221634726128,1.4358992753803117,0.9145979482585933,1.281280612888484,1.3682221634726128,1.4358992753803117,0.9145979482585933,0.0,0.0,5.0,-0.05164941141060001,-0.039680413403555395,0.009941887562956612,0.0,0.0,5.000000000000002,-0.06082428777058474,-0.029900555272219187,0.006515396648063845,0.0,0.0,1.7763568394002505e-15,-0.009174876359984728,0.009779858131336208,-0.0034264909148927665,0.43138045261200125,-0.555155330246893,2.8888323338664623,0.6028882439252367,-0.7794644461779985,-0.009154019340136179,-0.16993277026839504,0.2809645924382189,-0.01828426025067302,0.1620504525206213,-2.130600472399418,4.124319764464078,-0.09932502329783564
424,1.271999999999991,1.3926595581079662,1.3088535057717632,1.4453406812821668,0.8531462548381057,1.2897947230147309,1.3637355272373441,1.4369800184098807,0.9094897313380461,1.2897947230147309,1.3637355272373441,1.4369800184098807,0.9094897313380461,0.0,0.0,5.0,-0.05083883741078574,-0.0403026127759456,0.010140007181703927,0.0,0.0,5.000000000000002,-0.06014310912944479,-0.030706050050414796,0.0068032422427383235,0.0,0.0,1.7763568394002505e-15,-0.009304271718659052,0.009596562725530805,-0.003336764938965604,0.43223262464133666,-0.5551758524180999,2.8893107951616956,0.6003070376781414,-0.7804165336330968,-0.005015530659075774,-0.1748037156310024,0.284057343111809,-0.0068407237356168105,0.159487098411049,-2.222560874332714,4.070936608845959,-0.093832096826771
425,1.2749999999999908,1.3993685888106482,1.3051688405448978,1.4449282219893989,0.8505343486550601,1.2981988809666185,1.3592928398209343,1.4379644588573024,0.9045438203551466,1.2981988809666185,1.3592928398209343,1.4379644588573024,0.9045438203551466,0.0,0.0,5.0,-0.050019412506858964,-0.04090748587110854,0.010328904324001267,0.0,0.0,5.000000000000002,-0.05945145973564715,-0.03149834415751042,0.007084900194717594,0.0,0.0,1.7763568394002505e-15,-0.009432047228788189,0.009409141713598121,-0.0032440041292836723,0.43309454768321975,-0.5551621992566176,2.8897814617074005,0.5975915715373222,-0.7814269836695313,-0.0008954346475159773,-0.1795978313273413,0.2873076806276972,0.004551053827409278,0.15688884856833013,-2.313370687789297,4.016352274642264,-0.08810469158062942
426,1.2779999999999907,1.4058988529870056,1.3015750102696937,1.4443813865227042,0.8481447502205997,1.306487664651393,1.354897820261869,1.4388494797555365,0.8997650353312033,1.306487664651393,1.354897820261869,1.4388494797555365,0.8997650353312033,0.0,0.0,5.0,-0.04919127935847953,-0.041494772651339266,0.010508407185291165,0.0,0.0,5.000000000000002,-0.058749460003480886,-0.032277096982652215,0.007360114332207859,0.0,0.0,1.7763568394002505e-15,-0.009558180645001357,0.009217675668687052,-0.003148292853083306,0.43396668920935555,-0.5551145341735788,2.890244219528279,0.5947436784794096,-0.7824950572632984,0.00320584800119358,-0.18431268216235747,0.2907138420452675,0.01588836101291283,0.15425260695962192,-2.403016391385516,3.9605850882029174,-0.08214813975263358
427,1.2809999999999906,1.4122466379990275,1.2980744651978222,1.4436984455091224,0.8459804512940294,1.3146557597040027,1.3505541089782256,1.4396320517677805,0.895158079549993,1.3146557597040027,1.3505541089782256,1.4396320517677805,0.895158079549993,0.0,0.0,5.0,-0.04835458214138904,-0.04206422063936958,0.01067835250524443,0.0,0.0,5.000000000000002,-0.05803723214920101,-0.03304197373644549,0.007628634344153465,0.0,0.0,1.7763568394002505e-15,-0.009682650007811967,0.009022246902924087,-0.003049718161090965,0.43484951117133613,-0.5550330286129664,2.8906989454520495,0.5917652133034036,-0.7836199818910043,0.00728789934273059,-0.18894587274743543,0.29427398732685883,0.027168520204130183,0.15157530792347162,-2.4914844533292375,3.9036537985821984,-0.07596798185249075
428,1.2839999999999905,1.4184083915322931,1.2946695336022582,1.4428777990092947,0.8440442758561567,1.3226979636944671,1.3462652642799429,1.4403092365688128,0.8907275354567793,1.3226979636944671,1.3462652642799429,1.4403092365688128,0.8907275354567793,0.0,0.0,5.0,-0.04750946652231047,-0.04261558502690982,0.010838585716247528,0.0,0.0,5.000000000000002,-0.057314900169750924,-0.03379264559488181,0.007890216007898368,0.0,0.0,1.7763568394002505e-15,-0.00980543364744045,0.008822939432028012,-0.00294836970834916,0.43574346977105594,-0.5549178619498006,2.8911455072041687,0.5886580525749561,-0.7848009518652362,0.01135030426621151,-0.19349504821349922,0.2979861999065995,0.03838888772194842,0.14885391737303136,-2.5787613319294564,3.8455775795292486,-0.06956996166758406
429,1.2869999999999904,1.4243807242654984,1.2913624196339657,1.4419179785339726,0.8423388775665646,1.330609190237317,1.3420347589661947,1.4408781901396805,0.8864778606568098,1.330609190237317,1.3420347589661947,1.4408781901396805,0.8864778606568098,0.0,0.0,5.0,-0.04665607963358763,-0.04314862877989262,0.010988961083984053,0.0,0.0,5.000000000000002,-0.05658258982117485,-0.034528789840702165,0.008144621411309894,0.0,0.0,1.7763568394002505e-15,-0.009926510187587223,0.008619838939190452,-0.002844339672674159,0.4366490152328284,-0.5547692213878559,2.891583763506204,0.5854240945691918,-0.7860371286643592,0.015392650575154453,-0.19795789493527094,0.3018484872574926,0.049546853981569786,0.1460854340117333,-2.6648334766097843,3.7863760313739503,-0.06296002103928129
430,1.2899999999999903,1.4301604123983818,1.2881552013034954,1.440817648934357,0.8408667373637687,1.3383844729995802,1.3378659770110937,1.4413361659725283,0.8824133840168004,1.3383844729995802,1.3378659770110937,1.4413361659725283,0.8824133840168004,0.0,0.0,5.0,-0.04579457004757011,-0.04366312274037512,0.011129341839982074,0.0,0.0,5.000000000000002,-0.055840428596724154,-0.03525009000213451,0.008391619169163214,0.0,0.0,1.7763568394002505e-15,-0.010045858549154046,0.008413032738240608,-0.0027377226708188603,0.43756659157720607,-0.5545873018568237,2.8920135641778915,0.5820652592118088,-0.787327641258901,0.019414529064842524,-0.20233214126672067,0.305858781459227,0.06063984367739393,0.14326689056248207,-2.7496873294297277,3.726069182789883,-0.05614429445911341
431,1.2929999999999902,1.4357444000358877,1.285049828589389,1.4395756101643478,0.83963016121038,1.3460189696038702,1.333762210340864,1.4416805181824421,0.8785383018728263,1.3460189696038702,1.333762210340864,1.4416805181824421,0.8785383018728263,0.0,0.0,5.0,-0.04492508775074706,-0.04415884572505472,0.01125960030600695,0.0,0.0,5.000000000000003,-0.05508854570466094,-0.03595623598894655,0.008630984633589328,0.0,0.0,2.6645352591003757e-15,-0.010163457953913886,0.008202609736108167,-0.0026286156724176224,0.43849663639651376,-0.554372305908834,2.8924347502429253,0.5785834880181925,-0.7886715864366948,0.02341553359598567,-0.20661555828771744,0.31001493976924055,0.07166531599656467,0.14039535501128775,-2.833309327116539,3.664677492415924,-0.04912910348973782
432,1.29599999999999,1.4411298014265805,1.2820481216752064,1.4381907989129692,0.8386312779852452,1.3535079654232356,1.3297266557055394,1.4419087045232797,0.8748566743479479,1.3535079654232356,1.3297266557055394,1.4419087045232797,0.8748566743479479,0.0,0.0,5.0,-0.04404778411763509,-0.044635584620357244,0.01137961801018643,0.0,0.0,5.000000000000003,-0.054327072045763564,-0.036646924225754746,0.008862500098395426,0.0,0.0,2.6645352591003757e-15,-0.010279287928128475,0.007988660394602498,-0.002517117911791003,0.4394395806321126,-0.5541244436142493,2.892847154038524,0.5749807440302628,-0.7900680291289587,0.02739526116462737,-0.21080596056186565,0.3143147451996053,0.08262076486159516,0.13746793186612608,-2.9156859036091185,3.6022218503179713,-0.04192095101576147
433,1.29899999999999,1.446313903053453,1.2791517693168237,1.4366622901052997,0.8378720375244262,1.3608468772645181,1.325762411648147,1.4420182893045381,0.8713724217827993,1.3608468772645181,1.325762411648147,1.4420182893045381,0.8713724217827993,0.0,0.0,5.0,-0.043162811884424224,-0.04509313447405512,0.011489285794762508,0.0,0.0,5.000000000000002,-0.05355614019053677,-0.03732185778253276,0.009085954997071648,0.0,0.0,1.7763568394002505e-15,-0.010393328306112545,0.007771276691522361,-0.00240333079769086,0.44039584835341966,-0.5538439324566419,2.893250599328819,0.5712590117507699,-0.7915160027395026,0.03135331196828985,-0.21490120690548295,0.3187559071023554,0.09350371920245365,0.13448176343167345,-2.996803493114356,3.5387235792721627,-0.034526515329653236
434,1.3019999999999898,1.4512941655753422,1.2763623273415474,1.4349892982703887,0.837354208812724,1.3680312569370678,1.3218724755742501,1.44200694620641,0.8680893212822743,1.3680312569370678,1.3218724755742501,1.44200694620641,0.8680893212822743,0.0,0.0,5.0,-0.04227032512238719,-0.04553129858337747,0.011588503915371836,0.0,0.0,5.000000000000002,-0.052775884356131814,-0.03798074650226338,0.009301146094304304,0.0,0.0,1.7763568394002505e-15,-0.010505559233744625,0.00755055208111409,-0.002287357821067532,0.4413658565387174,-0.5535309972268665,2.8936449014221206,0.5674202970747284,-0.7930145094792467,0.03528928946839757,-0.2188992011676446,0.32333606176592233,0.10431174325845592,0.1314340311004229,-3.076648533674961,3.474204435850963,-0.026952644058124666
435,1.3049999999999897,1.4560682256173725,1.2736812172804948,1.4331711787747847,0.8370793783273502,1.375056794703765,1.3180597409246253,1.4418724609902727,0.8650110033813392,1.375056794703765,1.3180597409246253,1.4418724609902727,0.8650110033813392,0.0,0.0,5.0,-0.04137047921105569,-0.04594988857957316,0.011677182131764642,0.0,0.0,5.000000000000002,-0.05198644038297938,-0.03862330712567784,0.009507877670821098,0.0,0.0,1.7763568394002505e-15,-0.01061596117192369,0.007326581453895323,-0.002169304460943544,0.44235001485779357,-0.5531858699161357,2.8940298672921023,0.5634666272176619,-0.794562520708235,0.039202800449063525,-0.2227978930211852,0.3280527730253878,0.11504243691027308,0.1283219566605428,-3.155207471246703,3.4086866112934238,-0.019206347934504153
436,1.3079999999999896,1.460633897408967,1.2711097251354948,1.4312074289203527,0.8370489485351883,1.381919322611403,1.314326994453752,1.4416127341019513,0.8621409488328964,1.381919322611403,1.314326994453752,1.4416127341019513,0.8621409488328964,0.0,0.0,5.0,-0.04046343081116949,-0.04634872450889191,0.01175523978987948,0.0,0.0,5.000000000000003,-0.05118794571114037,-0.03924926341303074,0.00970596170140059,0.0,0.0,2.6645352591003757e-15,-0.01072451489997088,0.007099461095861168,-0.0020492780884788907,0.4433487254564615,-0.5528087896080087,2.8944052957029642,0.5594000506403011,-0.7961589772873182,0.04309345507236598,-0.22659527876451102,0.3329035328893082,0.12569343604232217,0.1251428036206928,-3.2324667642816514,3.342192732140979,-0.011294794422768553
437,1.3109999999999895,1.4649891742680172,1.268649000281719,1.429097688905292,0.8372641365449734,1.3886148176975912,1.3106769136166916,1.4412257831651991,0.8594824855205206,1.3886148176975912,1.3106769136166916,1.4412257831651991,0.8594824855205206,0.0,0.0,5.0,-0.03954933783740214,-0.046727634909946886,0.011822605895199198,0.0,0.0,5.000000000000003,-0.050380539356377874,-0.03985834626285628,0.009895218025883668,0.0,0.0,2.6645352591003757e-15,-0.010831201518975736,0.0068692886470906045,-0.0019273878693155302,0.4443623827430192,-0.5524000023692014,2.8947709773386197,0.5552226369693526,-0.7978027899416643,0.04696086693028476,-0.230289402134036,0.3378857621859049,0.1362624129357627,0.12189387855186229,-3.308412888812845,3.2747458606201763,-0.00322530119903172
438,1.3139999999999894,1.4691322299300913,1.2663000545070466,1.4268417426472952,0.8377259729155704,1.3951394050714516,1.307112064066834,1.4407097453629414,0.8570387854987757,1.3951394050714516,1.307112064066834,1.4407097453629414,0.8570387854987757,0.0,0.0,5.0,-0.038628359430868356,-0.04708645688742688,0.011879219177321465,0.0,0.0,5.000000000000003,-0.04956436188595481,-0.04045029382765686,0.01007547451303175,0.0,0.0,2.6645352591003757e-15,-0.010936002455086455,0.006636163059770023,-0.0018037446642897147,0.44539137317671357,-0.5519597611391246,2.895126694935958,0.550936476913922,-0.7994928396382354,0.05080465309350561,-0.2338783551270091,0.34299681123145404,0.14674707669227396,0.11857253244614353,-3.3830323440344943,3.20636949475383,0.0049946705035812024
439,1.3169999999999893,1.4730614197215213,1.2640637611891088,1.4244395184679828,0.83843530062139,1.4014893608654841,1.303634897266876,1.440062879703933,0.8548128621637093,1.4014893608654841,1.303634897266876,1.440062879703933,0.8548128621637093,0.0,0.0,5.0,-0.037700655931418296,-0.047425036182125506,0.011925028145684994,0.0,0.0,5.000000000000002,-0.04873955539416158,-0.04102485162647179,0.010246567217082475,0.0,0.0,1.7763568394002505e-15,-0.011038899462743286,0.006400184555653714,-0.0016784609286025192,0.4464360750582848,-0.5514883256180584,2.8954722234222348,0.5465436821771379,-0.8012279779793494,0.05462443415733838,-0.23736027883445412,0.348233960523743,0.15714517368873596,0.11517616209219689,-3.4563116583706357,3.1370875681822032,0.013357522680620614
440,1.3199999999999892,1.4767752815755228,1.2619408546107693,1.4218910896378443,0.8393927741758651,1.407661115056101,1.300247748215302,1.439283569172589,0.8528075675560105,1.407661115056101,1.300247748215302,1.439283569172589,0.8528075675560105,0.0,0.0,5.0,-0.03676638884972242,-0.047743227237258316,0.01195999113640096,0.0,0.0,5.000000000000002,-0.04790626347757794,-0.04158177265428038,0.010408340526860661,0.0,0.0,1.7763568394002505e-15,-0.011139874627855519,0.0061614545829779335,-0.0015516506095402983,0.4474968583226753,-0.5509859621538697,2.895807330056636,0.5420463853624908,-0.8030070276144087,0.05841983428503028,-0.2407333642838906,0.35359442146349296,0.16745448806287971,0.11170221146700728,-3.528237396023875,3.0669244496759944,0.0218555274663883
441,1.322999999999989,1.4802725368904959,1.2599319294146967,1.4191966747810696,0.8405988589137404,1.41365125415044,1.296952833290512,1.438370322759855,0.8510255897991952,1.41365125415044,1.296952833290512,1.438370322759855,0.8510255897991952,0.0,0.0,5.0,-0.03582572083915317,-0.0480408932610381,0.011984076350146863,0.0,0.0,5.000000000000003,-0.04706463121007318,-0.04212081748819016,0.010560647307308817,0.0,0.0,2.6645352591003757e-15,-0.011238910370920008,0.005920075772847942,-0.001423429042838046,0.4485740843339953,-0.55045294362718,2.896131774576066,0.5374467398743586,-0.804828782671846,0.062190481248787816,-0.24399585329144977,0.3590753371066729,0.17767284222991234,0.10814817314337087,-3.598796163994657,2.995904942323092,0.03048083416211817
442,1.325999999999989,1.483552091229847,1.2580374401975658,1.4163566381397716,0.8420538304328177,1.419456523737185,1.2937522482146473,1.4373217773730993,0.8494694506750705,1.419456523737185,1.2937522482146473,1.4373217773730993,0.8494694506750705,0.0,0.0,5.0,-0.03487881566746737,-0.048317906285482194,0.011997261881088461,0.0,0.0,5.000000000000002,-0.04621480511754911,-0.04264175439036627,0.010703349033308503,0.0,0.0,1.7763568394002505e-15,-0.01133598945008174,0.005676151895115923,-0.0012939128477799586,0.44966810568284726,-0.5498895493348899,2.896445309345203,0.5327469198121497,-0.8066920092132996,0.06593600646885145,-0.24714603932294046,0.364673782950652,0.18779809743005538,0.1045115897123883,-3.6679746195602068,2.924054282371312,0.03922547637586917
443,1.3289999999999889,1.486613034862889,1.256257701244246,1.4133714896972274,0.843757774195639,1.4250738308992457,1.2906479661390358,1.4361366996231164,0.8481415033386045,1.4250738308992457,1.2906479661390358,1.4361366996231164,0.8481415033386045,0.0,0.0,5.0,-0.03392583818829469,-0.048574147221426785,0.011999535736803417,0.0,0.0,5.000000000000002,-0.04535693315243018,-0.043144359407656055,0.010836315915670823,0.0,0.0,1.7763568394002505e-15,-0.01143109496413549,0.00542978781377073,-0.0011632198211325943,0.4507792659861187,-0.5492960648719692,2.8967476795108635,0.5279491198574567,-0.8085954457119802,0.06965604505099464,-0.25018226836335766,0.370386767757153,0.19782815430686543,0.10079005522007524,-3.7357594782011527,2.8513981377095976,0.04808137926763657
444,1.3319999999999887,1.489454643146362,1.2545928864022584,1.4102418851599277,0.8457105852914542,1.4305002464862653,1.2876418358530763,1.4348139874864536,0.8470439301742071,1.4305002464862653,1.2876418358530763,1.4348139874864536,0.8470439301742071,0.0,0.0,5.0,-0.03296695431243729,-0.04880950590972369,0.011990895849188585,0.0,0.0,5.000000000000003,-0.04449116466790576,-0.04362841646786808,0.010959427019181532,0.0,0.0,2.6645352591003757e-15,-0.011524210355468467,0.0051810894418556075,-0.0010314688300070533,0.4519078996893637,-0.5486727820114209,2.897038623160715,0.5230555551535676,-0.8105378035571382,0.07335023582284365,-0.25310293979426,0.3762112344149778,0.20776095351612928,0.09698121661703464,-3.802137521962564,2.7779626059704903,0.05704036689309289
445,1.3349999999999886,1.492076376746385,1.253043029096609,1.4069686257983167,0.8479119683586925,1.4357330072450567,1.2847355801182558,1.433352671841384,0.8461787407953056,1.4357330072450567,1.2847355801182558,1.433352671841384,0.8461787407953056,0.0,0.0,5.0,-0.032002330978984854,-0.049023881168598335,0.01197135007634097,0.0,0.0,5.000000000000002,-0.04361765039192776,-0.04409371747266226,0.01107257037259319,0.0,0.0,1.7763568394002505e-15,-0.011615319412942908,0.004930163695936074,-0.0008987797037477811,0.45305433187190014,-0.5480199985823258,2.8973178714863748,0.5180684611766427,-0.8125177675864927,0.07701822136943691,-0.2559065072783737,0.38214406084547914,0.21759447636504595,0.09308277521996637,-3.867095608234991,2.7037742122370463,0.06609416963927892
446,1.3379999999999885,1.4944778817007556,1.2516080224849864,1.4035526581462694,0.8503614376679902,1.4407695178061861,1.2819307941288771,1.4317519178759706,0.8455477701889684,1.4407695178061861,1.2819307941288771,1.4317519178759706,0.8455477701889684,0.0,0.0,5.0,-0.031032136126251143,-0.04921718083714818,0.01194091619541068,0.0,0.0,5.000000000000003,-0.0427365424009693,-0.044540062387012413,0.011175643070464661,0.0,0.0,2.6645352591003757e-15,-0.011704406274718158,0.00467711845013577,-0.0007652731249460192,0.45421887805476135,-0.5473380183458818,2.8975851489509257,0.512990093597822,-0.8145339966484075,0.0806596480684615,-0.2585914796507069,0.3881820609537468,0.22732674548132203,0.08909248818361917,-3.930620678939923,2.6288599063377673,0.07523443174548247
447,1.3409999999999884,1.4966589893216087,1.2502876197532085,1.399995073559472,0.8530583173657107,1.44560735252505,1.279228944100962,1.430011026366784,0.8451526770072063,1.44560735252505,1.279228944100962,1.430011026366784,0.8451526770072063,0.0,0.0,5.0,-0.030056538662536374,-0.04938932181496328,0.011899621886432366,0.0,0.0,5.000000000000002,-0.04184799409354899,-0.044967259325202166,0.011268551366754982,0.0,0.0,1.7763568394002505e-15,-0.011791455431012614,0.004422062489761111,-0.0006310705196773837,0.45540184401164674,-0.5466271508693467,2.8978401734608705,0.507822728135486,-0.8165851241955421,0.08427416612562103,-0.26115642181538345,0.3943219856284609,0.23695582551171623,0.08500816998161964,-3.9926997701029157,2.5532470597135775,0.08445271890246525
448,1.3439999999999883,1.4986197159386592,1.249081434550599,1.396297107633005,0.8560017418777381,1.4502442571759278,1.2766313659906605,1.4281294348269618,0.8449949420064523,1.4502442571759278,1.2766313659906605,1.4281294348269618,0.8449949420064523,0.0,0.0,5.0,-0.029075708436720728,-0.04954023009785137,0.011847504707149849,0.0,0.0,5.000000000000002,-0.04095216016352424,-0.045375124633317415,0.011351210760086647,0.0,0.0,1.7763568394002505e-15,-0.01187645172680351,0.004165105464533955,-0.0004962939470632022,0.45660352558302675,-0.5458877113977982,2.8980826565425537,0.5025686603968572,-0.8186697589116246,0.0878614296106018,-0.2635999556473257,0.4005605237933443,0.24647982384947376,0.0808276938944403,-4.053320021796559,2.4769634618413665,0.09374052592312637
449,1.3469999999999882,1.500360262483346,1.2479889415649192,1.3924601394785516,0.859190656473185,1.454678150497616,1.2741392643433862,1.4261067185224134,0.8450758666365866,1.454678150497616,1.2741392643433862,1.4261067185224134,0.8450758666365866,0.0,0.0,5.0,-0.028089816208694045,-0.04966984080965273,0.011784612058856841,0.0,0.0,5.000000000000002,-0.04004919657315971,-0.04576348296820022,0.011423546070600851,0.0,0.0,1.7763568394002505e-15,-0.011959380364465665,0.003906357841452504,-0.0003610659882559899,0.4578242084935661,-0.5451200207236283,2.8983123035230616,0.49723020570808546,-0.820786485372917,0.0914210964941152,-0.2659207608978341,0.4068943035131111,0.25589689138999105,0.07654899350259745,-4.112468688434336,2.40003731619916,0.10308928447762662
450,1.349999999999988,1.5018810139143395,1.2470094772363143,1.3884856908618222,0.862623817987525,1.4589071255893797,1.2717537112747686,1.423942591355106,0.8453965717807481,1.4589071255893797,1.2717537112747686,1.423942591355106,0.8453965717807481,0.0,0.0,5.0,-0.027099033619627257,-0.04977809823013058,0.011711001143284784,0.0,0.0,5.000000000000002,-0.03913926052597466,-0.046132167372829436,0.011485491508334535,0.0,0.0,1.7763568394002505e-15,-0.012040226906347404,0.0036459308573011454,-0.0002255096349502491,0.4590641681730364,-0.5443244050536865,2.8985288137156107,0.4918096989319316,-0.8229338647458562,0.09495282868650085,-0.26811757610302933,0.4133198931567666,0.2652052233139468,0.07217006418299707,-4.17013314939538,2.3224972357585623,0.11249037088593904
451,1.352999999999988,1.5031825384850428,1.2461422406095863,1.384375425200863,0.8662997957045089,1.4629294511560946,1.2694756455843879,1.4216369066124845,0.8459579966470353,1.4629294511560946,1.2694756455843879,1.4216369066124845,0.8459579966470353,0.0,0.0,5.0,-0.026103533162089746,-0.049864955818925666,0.011626738910577122,0.0,0.0,5.000000000000002,-0.03822251043937422,-0.04648101934809626,0.011536990733057341,0.0,0.0,1.7763568394002505e-15,-0.012118977277284473,0.0033839364708294073,-8.974817751978073e-05,0.4603236695808996,-0.5435011958739955,2.898731880609429,0.4863094942721243,-0.8251104355222644,0.09845629207837911,-0.27018919949403397,0.4198338026210587,0.2744030598970263,0.06768896460617653,-4.2263009199591295,2.2443722379907585,0.12193511396073903
452,1.3559999999999879,1.504265586853817,1.2453862943240046,1.3801311464260921,0.8702169723960882,1.466743572601583,1.2673058720031383,1.4191896575822096,0.8467608978130713,1.466743572601583,1.2673058720031383,1.4191896575822096,0.8467608978130713,0.0,0.0,5.0,-0.025103488150019084,-0.049930376235564025,0.011531901998397213,0.0,0.0,5.000000000000002,-0.037299105917069364,-0.04680988892094401,0.01157799690551374,0.0,0.0,1.7763568394002505e-15,-0.01219561776705028,0.0031204873146200157,4.609490711652772e-05,0.46160296703475007,-0.5426507298119597,2.898921192064125,0.4807319650634393,-0.8273147142934227,0.1019311565838434,-0.27213448990768596,0.42643248461681743,0.28348868734525356,0.06310381823201973,-4.2809596625278745,2.165691739373018,0.1314148028935016
453,1.3589999999999878,1.5051310910378297,1.2447405657397215,1.3757547977030162,0.8743735455194348,1.4703481129692808,1.2652450605749297,1.416600978031523,0.8478058484242686,1.4703481129692808,1.2652450605749297,1.416600978031523,0.8478058484242686,0.0,0.0,5.0,-0.0240990726885475,-0.049974331355509875,0.011426576662225298,0.0,0.0,5.000000000000002,-0.03636920772129032,-0.04711863470884187,0.011608472730024084,0.0,0.0,1.7763568394002505e-15,-0.01227013503274282,0.0028556966466680087,0.00018189606779878652,0.4629023040428126,-0.5417733484959952,2.8990964305085294,0.47507950354652173,-0.8295451965642041,0.10537709618667997,-0.2739523676964841,0.43311233602084037,0.2924604386548294,0.058412814801355614,-4.334097198114287,2.08648554938339,0.1409206951766337
454,1.3619999999999877,1.5057801632115495,1.2442038481997346,1.3712484600187194,0.8787675285699991,1.4737418737295107,1.263293746173321,1.4138711425506714,0.8490932375464991,1.4737418737295107,1.263293746173321,1.4138711425506714,0.8490932375464991,0.0,0.0,5.0,-0.023090461643690594,-0.049996802282256475,0.01131085869690799,0.0,0.0,5.000000000000002,-0.03543297774479824,-0.04740712398056611,0.01162839048840543,0.0,0.0,1.7763568394002505e-15,-0.012342516101107648,0.002589678301690365,0.0003175317914974399,0.46422191314070027,-0.5408693984125095,2.8992572731439914,0.4693545206264489,-0.8318003576083476,0.10879378899009848,-0.27564181563637863,0.4398696992958923,0.30131669449525317,0.05361421182068487,-4.385701518070078,2.0067838639720286,0.15044402455443845
455,1.3649999999999876,1.5062140943510585,1.2437748024261932,1.3666143506333273,0.8833967525894244,1.4769238354127658,1.261452328153544,1.4110005667599586,0.8506232696737337,1.4769238354127658,1.261452328153544,1.4110005667599586,0.8506232696737337,0.0,0.0,5.0,-0.02207783061190387,-0.04999777935544984,0.011184853349531463,0.0,0.0,5.000000000000002,-0.034490578982700304,-0.04767523271326174,0.011637732065181691,0.0,0.0,1.7763568394002505e-15,-0.012412748370796433,0.002322546642188103,0.0004528787156502286,0.4655620157326441,-0.5399392307601664,2.8994033921521027,0.4635594456140146,-0.8340786533658494,0.1121809172704488,-0.27720187983092637,0.44670086398128694,0.3100558841143846,0.048706336037117284,-4.435760796031145,1.9266172584984131,0.15997600899567901
456,1.3679999999999874,1.506434352725459,1.2434519580497518,1.361854821397807,0.8882588678269852,1.4798931580885528,1.259721070140251,1.4079898073801123,0.8523959643910859,1.4798931580885528,1.259721070140251,1.4079898073801123,0.8523959643910859,0.0,0.0,5.0,-0.021061355889511496,-0.04997726215504174,0.011048675223697872,0.0,0.0,5.000000000000002,-0.033542175504072444,-0.04792284564576059,0.011636488964059923,0.0,0.0,1.7763568394002505e-15,-0.012480819614560948,0.0020544165092811484,0.0005878137403620507,0.4669228219374133,-0.5389832013013744,2.8995344549068043,0.4576967259486992,-0.8363785213833216,0.1155381675353889,-0.27863167061024174,0.4536020682564002,0.31867648626397654,0.04368758490044433,-4.484263400053712,1.8460166801245848,0.16950785868049353
457,1.3709999999999873,1.506442582236839,1.243233715270514,1.356972356939555,0.8933513455530937,1.4826491816894711,1.2581000999511924,1.404839562165787,0.8544111561935516,1.4826491816894711,1.2581000999511924,1.404839562165787,0.8544111561935516,0.0,0.0,5.0,-0.02004121444201384,-0.04993525950147029,0.010902448175291736,0.0,0.0,5.000000000000002,-0.03258793242339564,-0.04814985632813251,0.01162466231565771,0.0,0.0,1.7763568394002505e-15,-0.012546717981381798,0.0017854031733377795,0.0007222141403659729,0.4683045304391513,-0.5380016702109423,2.8996501241908317,0.451768826902284,-0.8386983817980485,0.11886523058695493,-0.2799303634230824,0.4605695005793386,0.32717703014408245,0.038556428009117856,-4.531197904915284,1.7650134396554011,0.17903078399439717
458,1.3739999999999872,1.5062406006103322,1.2431183466490099,1.3519695727173808,0.8986714800232785,1.485191426180348,1.256589409656897,1.4015506697021525,0.8566684944606046,1.485191426180348,1.256589409656897,1.4015506697021525,0.8566684944606046,0.0,0.0,5.0,-0.019017583873278204,-0.04987178945186803,0.010746305199831312,0.0,0.0,5.000000000000002,-0.03162801587180972,-0.04835616716744881,0.011602262876474985,0.0,0.0,1.7763568394002505e-15,-0.012610431998531513,0.0015156222844192185,0.0008559576766436726,0.4697073283433598,-0.5369950019218485,2.899750058416442,0.4457782312620615,-0.841036638366341,0.12216180158996921,-0.2810971997203199,0.4675993014028411,0.33555609636461586,0.03331140853675796,-4.57655310455349,1.683639202817797,0.1885360035221022
459,1.3769999999999871,1.505830397435993,1.2431039990255042,1.3468492129475886,0.9042163905909172,1.4875195915723816,1.2551888557763082,1.3981241090646448,0.8591674435866675,1.4875195915723816,1.2551888557763082,1.3981241090646448,0.8591674435866675,0.0,0.0,5.0,-0.017990642394618377,-0.04978687929229904,0.010580388311507342,0.0,0.0,5.000000000000002,-0.030662592968190405,-0.04854168946973775,0.011569311019110753,0.0,0.0,1.7763568394002505e-15,-0.012671950573572028,0.0012451898225612906,0.0009889227076034113,0.47113139103826784,-0.5359635649680818,2.899833911850349,0.43972743899259814,-0.8433916795366564,0.12542758014620223,-0.2821314878279566,0.4746875649693387,0.3438123179222086,0.027951144635670985,-4.620318024615337,1.6019259809719761,0.19801475203388647
460,1.379999999999987,1.505214132064304,1.2431886955658404,1.3416141484030049,0.9099830239668529,1.4896335577823843,1.2538981596081902,1.3945609993420836,0.8619072832673443,1.4896335577823843,1.2538981596081902,1.3945609993420836,0.8619072832673443,0.0,0.0,5.0,-0.016960568793768838,-0.049680565526028564,0.0104048484140192,0.0,0.0,5.000000000000002,-0.029691831790054496,-0.04870634347811467,0.011525836713733993,0.0,0.0,1.7763568394002505e-15,-0.012731262996285658,0.0009742220479138919,0.0011209882997147928,0.47257688206182863,-0.5349077318245107,2.8999013348427902,0.4336189668750113,-0.8457618795678103,0.12866227037468467,-0.28303260380776585,0.481830341186923,0.3519443811903872,0.022474330813724012,-4.6624819350887385,1.5199061212485316,0.20745828845724806
461,1.382999999999987,1.5043941313572808,1.243370337931872,1.3362673740869169,0.915968156623933,1.4915333843373517,1.2527169076979974,1.3908625990234937,0.8648871089411594,1.4915333843373517,1.2527169076979974,1.3908625990234937,0.8648871089411594,0.0,0.0,5.0,-0.01592754240375785,-0.04955289385783005,0.010219845163325825,0.0,0.0,5.000000000000002,-0.028715901344297995,-0.0488500584070696,0.01147187950082533,0.0,0.0,1.7763568394002505e-15,-0.012788358940540145,0.0007028354507604487,0.0012520343374995049,0.474043952974592,-0.5338278787437478,2.8999519740606328,0.4274553481227388,-0.8481455996924664,0.131865580998541,-0.28379999230354397,0.48902363758779305,0.3599510269209575,0.016879739280794816,-4.703034362987791,1.4376122961065154,0.21685790382659725
462,1.3859999999999868,1.5033728872972365,1.2436467085744476,1.330812006783983,0.9221683973443332,1.4932193099247233,1.2516445524397704,1.3870303052490922,0.8681058323864164,1.4932193099247233,1.2516445524397704,1.3870303052490922,0.8681058323864164,0.0,0.0,5.0,-0.014891743071686354,-0.04940391917433658,0.01002554682243653,0.0,0.0,5.000000000000002,-0.027734971537772282,-0.04897277247289851,0.011407488455214429,0.0,0.0,1.7763568394002505e-15,-0.012843228466085928,0.00043114670143806766,0.001381941632777899,0.47553274323870365,-0.5327243855899847,2.8999854727244156,0.4212391319727978,-0.850541189325942,0.1350372254386915,-0.2844331673708876,0.49626342137054996,0.3678310512543622,0.011166221260898345,-4.741965105062738,1.3550774923086129,0.22620492920375607
463,1.3889999999999867,1.502153054455462,1.244015473146764,1.325251282490322,0.9285801899074559,1.494691751788831,1.2506804128124915,1.3830656529260297,0.8715621824726499,1.494691751788831,1.2506804128124915,1.3830656529260297,0.8715621824726499,0.0,0.0,5.0,-0.013853351127417016,-0.04923370552044467,0.00982213010837341,0.0,0.0,5.000000000000002,-0.02674921314770401,-0.04907443292026431,0.011332722141445789,0.0,0.0,1.7763568394002505e-15,-0.012895862020286994,0.00015927260018035877,0.0015105920330723797,0.4770433801032861,-0.5315976356697747,2.9000014708492134,0.4149728832515568,-0.8529469873202175,0.1381769219147406,-0.28493171328832756,0.5035456215274958,0.3755833067366492,0.005332708265981667,-4.77926424050528,1.2723349993106894,0.23549074356206398
464,1.3919999999999866,1.5007374473230874,1.2444741830358215,1.3195885537250758,0.9351998159160189,1.4959513049741744,1.249823675250209,1.3789703137096083,0.8752547060660106,1.4959513049741744,1.249823675250209,1.3789703137096083,0.8752547060660106,0.0,0.0,5.0,-0.012812547352179258,-0.04904232607178122,0.009609780031444772,0.0,0.0,5.000000000000003,-0.025758797791963245,-0.049154996044876414,0.011247648560513447,0.0,0.0,2.6645352591003757e-15,-0.012946250439783986,-0.00011266997309519744,0.001637868529068675,0.4785759784964597,-0.530448015559753,2.8999996054891954,0.4086591819140784,-0.8553613232628787,0.14128439355334124,-0.2852952853475801,0.5108661310578696,0.3832067033405669,-0.0006217866727191382,-4.814922143619539,1.189418397064165,0.24470678162691942
465,1.3949999999999865,1.499129037506637,1.2450202780095885,1.31382728672589,0.942023397757886,1.4969987414162906,1.24907339464511,1.374746094850816,0.8791817690877856,1.4969987414162906,1.24907339464511,1.374746094850816,0.8791817690877856,0.0,0.0,5.0,-0.011769512947095695,-0.048829863103244865,0.009388689726975756,0.0,0.0,5.000000000000002,-0.024763897899184942,-0.049214427212279935,0.011152345088013167,0.0,0.0,1.7763568394002505e-15,-0.012994384952089247,-0.0003845641090350696,0.0017636553610374112,0.48013064092426283,-0.5292759149312884,2.8999795109857356,0.40230062255613097,-0.8577825188205708,0.14435936850429223,-0.28552361062060644,0.5182208092677117,0.3907002094881851,-0.00669816781995378,-4.848929496428799,1.1063615432308587,0.2538445416656281
466,1.3979999999999864,1.4973309507908166,1.2456510889773629,1.3079710585308164,0.9490469017010048,1.497835008881124,1.2484284954825997,1.3703949379111517,0.8833415577251266,1.497835008881124,1.2484284954825997,1.3703949379111517,0.8833415577251266,0.0,0.0,5.0,-0.010724429501635767,-0.048596407953635845,0.009159060279648962,0.0,0.0,5.000000000000002,-0.02376468667875009,-0.049252700872744526,0.011046898403768247,0.0,0.0,1.7763568394002505e-15,-0.013040257177114324,-0.0006562929191086808,0.0018878381241192854,0.4817074573767332,-0.5280817263720715,2.8999408192189278,0.3958998138980128,-0.8602088891263728,0.14740158006459358,-0.28561648870110923,0.5256054841567971,0.39806285307232386,-0.012897255602633176,-4.881277301187991,1.0231985598111901,0.26289559321947453
467,1.4009999999999863,1.4953464640712288,1.246363840860718,1.302023553949287,0.9562661411187697,1.4984612297539315,1.2478877731073144,1.3659189173458366,0.8877320797929195,1.4984612297539315,1.2478877731073144,1.3659189173458366,0.8877320797929195,0.0,0.0,5.0,-0.009677478962001098,-0.04834206098638873,0.008921100540615333,0.0,0.0,5.000000000000002,-0.02276133809063001,-0.04926980057224899,0.010931404412993014,0.0,0.0,1.7763568394002505e-15,-0.013083859128628911,-0.00092773958586026,0.0020103038723776803,0.48330650524141167,-0.5268658452046496,2.899883159862334,0.3894593782393882,-0.862638744210345,0.1504107668106495,-0.28557379241803654,0.5330159548928122,0.4052937224739629,-0.019219785531236957,-4.911956892771837,0.9399638191878522,0.27185158477098537
468,1.4039999999999861,1.493179002159794,1.247155655572337,1.2959885624249097,0.9636767798429607,1.4988786996788974,1.2474498951188753,1.3613202389566288,0.8923511662456007,1.4988786996788974,1.2474498951188753,1.3613202389566288,0.8923511662456007,0.0,0.0,5.0,-0.008628843599449428,-0.04806693154642591,0.008675026937541042,0.0,0.0,5.000000000000002,-0.021754026815100608,-0.04926571895955431,0.010805968159065753,0.0,0.0,1.7763568394002505e-15,-0.01312518321565118,-0.0011987874131283993,0.002130941221524711,0.4849278492245297,-0.5256286693019315,2.8998061606407917,0.3829819508843925,-0.8650703904723323,0.15338667273877396,-0.2853954685186135,0.5404479943726762,0.4123919675727026,-0.025666407180832986,-4.940959950908566,0.8566919295883667,0.2807042513394125
469,1.406999999999986,1.4908321344658657,1.248023555099885,1.289869974792923,0.9712743356413291,1.4990888860507554,1.247113402896068,1.3566012382155876,0.8971964728375912,1.4990888860507554,1.247113402896068,1.3566012382155876,0.8971964728375912,0.0,0.0,5.0,-0.007578705978561606,-0.04777113791314964,0.00842106327776356,0.0,0.0,5.000000000000002,-0.020742928222330898,-0.04924045778936445,0.010670703727990262,0.0,0.0,1.7763568394002505e-15,-0.013164222243769293,-0.0014693198762148127,0.002249640450226702,0.4865715412801415,-0.5243705988996897,2.8997094475910834,0.3764701795363352,-0.8675021321959394,0.15632904741411688,-0.28508153831837724,0.5478973518706151,0.4193568007472471,-0.032237683236123076,-4.968278512229206,0.7734177199712361,0.28944542199753
470,1.409999999999986,1.488309571555938,1.248964464692031,1.2836717799352582,0.9790541838167758,1.4990934263598517,1.2468767132480085,1.3517643784612512,0.9022654819308908,1.4990934263598517,1.2468767132480085,1.3517643784612512,0.9022654819308908,0.0,0.0,5.0,-0.0065272489254575294,-0.04745480724959336,0.008159440544735806,0.0,0.0,5.000000000000002,-0.019728218341851705,-0.04919402792157182,0.01052573414463305,0.0,0.0,1.7763568394002505e-15,-0.013200969416394176,-0.0017392206719784586,0.002366293599897245,0.48823762054745845,-0.5230920364061014,2.8995926453252685,0.3699267236613973,-0.869932273102427,0.15923764612809044,-0.2846320983156549,0.5553597557723038,0.4261874978627934,-0.038934088604948396,-4.993904982102648,0.690176224341688,0.29806702730290807
471,1.4129999999999858,1.4856151615951942,1.249975216143575,1.2773980613362597,0.9870115609249734,1.4988941263922084,1.246738120190735,1.346812248968812,0.9075555044482466,1.4988941263922084,1.246738120190735,1.346812248968812,0.9075555044482466,0.0,0.0,5.0,-0.005474655495966888,-0.047118075547753435,0.007890396687943538,0.0,0.0,5.000000000000002,-0.018710073831909202,-0.049126449316588494,0.010371191260830581,0.0,0.0,1.7763568394002505e-15,-0.013235418335942314,-0.002008373768835059,0.002480794572887043,0.4899261132966407,-0.521793386208375,2.8994553772964546,0.36335425382080644,-0.8723591179431043,0.16211223006433845,-0.28404732076789624,0.562830916394081,0.4328833992421255,-0.045756009604690964,-5.017832146226918,0.607002665504357,0.30656110663690844
472,1.4159999999999857,1.482752886674033,1.2510525511765977,1.2710529935421988,0.9951415686071727,1.4984929582862772,1.246695796847551,1.3417475628959956,0.9130636819701786,1.4984929582862772,1.246695796847551,1.3417475628959956,0.9130636819701786,0.0,0.0,5.0,-0.004421108943759212,-0.046761087570125794,0.00761417640648688,0.0,0.0,5.000000000000003,-0.017688671948709087,-0.04903775102676537,0.010207215635468149,0.0,0.0,2.6645352591003757e-15,-0.013267563004949873,-0.0022766634566395785,0.002593039228981269,0.49163703288329846,-0.5204750544765235,2.899297266066777,0.3567554509710563,-0.874780974128627,0.16495256647325177,-0.28332745422725153,0.5703065288859257,0.4394439106171422,-0.05270374322599437,-5.040053181947441,0.5239324382615765,0.3149198154447261
473,1.4189999999999856,1.4797268590229695,1.2521931249143905,1.2646408385278103,1.0034391775348315,1.4978920584481903,1.2467477974713215,1.336573155106466,0.9187869889740246,1.4978920584481903,1.2467477974713215,1.336573155106466,0.9187869889740246,0.0,0.0,5.0,-0.003366792688440194,-0.04638399678747171,0.007331030926523312,0.0,0.0,5.000000000000003,-0.01666419051555726,-0.0489279711839021,0.01003395640663965,0.0,0.0,2.6645352591003757e-15,-0.013297397827117065,-0.002543974396430393,0.0027029254801163374,0.49337037971194814,-0.5191374489643511,2.899117933577342,0.3501330057318291,-0.8771961533934394,0.16775842885499423,-0.2824728240327755,0.5777822762165603,0.4458685040574832,-0.05977749647819615,-5.060561669273476,0.44100109206729504,0.3231354323698943
474,1.4219999999999855,1.4765413171192867,1.2533935094449173,1.2581659419731788,1.011899231462621,1.497093725327459,1.2468920595868143,1.3312919798726905,0.9247222352130385,1.497093725327459,1.2468920595868143,1.3312919798726905,0.9247222352130385,0.0,0.0,5.0,-0.0023118902836187527,-0.045986965312840314,0.00704121777277388,0.0,0.0,5.000000000000003,-0.015636807891900723,-0.048797156982854445,0.009851571156004449,0.0,0.0,2.6645352591003757e-15,-0.01332491760828197,-0.002810191670014131,0.0028103533832305686,0.49512614120866427,-0.5177809788077326,2.8989170014198797,0.34348961762138164,-0.8796029734934279,0.1705295971509643,-0.28148383275663647,0.5852538322387157,0.4521567188728637,-0.06697738582081599,-5.079351601564434,0.3582443131479662,0.33120036627676563
475,1.4249999999999854,1.4732006216889946,1.254650197470382,1.251632729454372,1.020516451386253,1.4961004170551662,1.2471264062510574,1.325907108460324,0.930866068233455,1.4961004170551662,1.2471264062510574,1.325907108460324,0.930866068233455,0.0,0.0,5.0,-0.001256585384950782,-0.045570163831875087,0.006745000534300944,0.0,0.0,5.000000000000002,-0.014606702942276034,-0.048645364661244445,0.009660225765464665,0.0,0.0,1.7763568394002505e-15,-0.013350117557325252,-0.003075200829369358,0.0029152252311637214,0.49690429180316104,-0.5164060543202755,2.8986940911098236,0.3368279942592573,-0.8819997599346855,0.1732658579435787,-0.2803609606017177,0.5927168648322575,0.45830816248568956,-0.07430343668537759,-5.096417395858368,0.2756979061031053,0.3391071631545827
476,1.4279999999999853,1.4697092516076806,1.255959606039498,1.2450457025513306,1.0292854398014928,1.4949147489468435,1.2474485484295792,1.3204217265962679,0.9372149760273119,1.4949147489468435,1.2474485484295792,1.3204217265962679,0.9372149760273119,0.0,0.0,5.0,-0.00020106171816547798,-0.04513377152943551,0.006442648624770288,0.0,0.0,5.000000000000002,-0.013574055005169158,-0.04847265947528433,0.009460094266293302,0.0,0.0,1.7763568394002505e-15,-0.013372993287003681,-0.0033388879458488147,0.003017445641523014,0.4987047929205286,-0.5150130867864641,2.8984488243605484,0.33015085053629606,-0.8843848477311242,0.17596700466422543,-0.2791047657480183,0.6001670391225324,0.4643225112704912,-0.08175558309175633,-5.111753902815566,0.19339777499954794,0.34684851289686075
477,1.4309999999999852,1.466071799703978,1.2573180803588464,1.2384094348765475,1.0382006850606298,1.493539490872328,1.2478560874862823,1.3148391318226864,0.9437652898187057,1.493539490872328,1.2478560874862823,1.3148391318226864,0.9437652898187057,0.0,0.0,5.0,0.0008544969529212382,-0.044677976012564624,0.006134437037415708,0.0,0.0,5.000000000000002,-0.012539043861793497,-0.04827911567172183,0.009251358680850398,0.0,0.0,1.7763568394002505e-15,-0.013393540814714736,-0.0036011396591572042,0.00311692164343469,0.5005275929828414,-0.513602488252394,2.898180823358459,0.32346090775202985,-0.8867565831885045,0.17863283780919542,-0.27771588464528746,0.6076000207709544,0.4701995113566992,-0.08933366736314101,-5.125356416250948,0.11137990397476169,0.3544172559499166
478,1.433999999999985,1.462292968469403,1.2587218976797803,1.2317285680282246,1.0472565658225954,1.491977564495016,1.248346517784594,1.3091627307393578,0.9505131869810346,1.491977564495016,1.248346517784594,1.3091627307393578,0.9505131869810346,0.0,0.0,5.0,0.0019099068583992205,-0.04420297322983613,0.0058206460949287294,0.0,0.0,5.000000000000003,-0.011501849704790165,-0.04806481645592174,0.009034208857031177,0.0,0.0,2.6645352591003757e-15,-0.013411756563189386,-0.0038618432260856123,0.0032135627621024477,0.502372627420845,-0.5121746713142201,2.8978897110386286,0.31676089271966773,-0.8891133257122893,0.18126316516336388,-0.27619503224936887,0.6150114793345034,0.4759389793912795,-0.09703743994357457,-5.137220682229817,0.0296803373658686,0.3618063898244996
479,1.436999999999985,1.4583775656784586,1.2601672712571177,1.225007807471593,1.0564473555928338,1.4902320403830425,1.2489172293974355,1.3033960361368508,0.9574546940826735,1.4902320403830425,1.2489172293974355,1.3033960361368508,0.9574546940826735,0.0,0.0,5.0,0.002964984254258013,-0.0437089673871148,0.005501561194501465,0.0,0.0,5.000000000000003,-0.010462653106857067,-0.04782985395609535,0.008808842295596767,0.0,0.0,2.6645352591003757e-15,-0.01342763736111508,-0.004120886568980547,0.003307281101095302,0.5042398186959164,-0.5107300489044468,2.8975751113606627,0.3100535368389995,-0.8914534496365785,0.18385780203135596,-0.27454300219978156,0.6223970916904703,0.4815408032577542,-0.10486655932189519,-5.147342907702335,-0.05166484061765404,0.36900907546460165
480,1.4399999999999848,1.454330499922925,1.2616503543759152,1.2182519183522038,1.0657672273489573,1.4883061349950324,1.249565510923439,1.2975426640231202,0.9645856900584109,1.4883061349950324,1.249565510923439,1.2975426640231202,0.9645856900584109,0.0,0.0,5.0,0.004019545454376185,-0.043196170859767714,0.005177472548253788,0.0,0.0,5.000000000000003,-0.009421634989311575,-0.04757432918369402,0.008575463970544539,0.0,0.0,2.6645352591003757e-15,-0.01344118044368776,-0.0043781583239263025,0.0033979914222907514,0.5061290763324837,-0.5092690340762024,2.8972366495844657,0.30334157513767024,-0.8937753460712198,0.1864165714758954,-0.2727606669361255,0.6297525455224396,0.4870049427481575,-0.11282059206573732,-5.155719768653206,-0.13261952665837318,0.37601864346765523
481,1.4429999999999847,1.4501567760643534,1.2631672444424646,1.2114657212450317,1.0752102582481533,1.4862032075431688,1.2502885524067517,1.291606330546214,0.9719019095038678,1.4862032075431688,1.2502885524067517,1.291606330546214,0.9719019095038678,0.0,0.0,5.0,0.005073406862500661,-0.04266480410136299,0.004848674919281441,0.0,0.0,5.000000000000002,-0.008378976590592918,-0.04729835198998386,0.008334286142681453,0.0,0.0,1.7763568394002505e-15,-0.013452383453093578,-0.004633547888620873,0.0034856112234000125,0.5080402969610732,-0.5077920397856488,2.8968739525455587,0.29662774528140917,-0.8960774247640478,0.18893930456299915,-0.2708489777509763,0.6370735428631643,0.49233143018451286,-0.12089901296906942,-5.162348417743983,-0.21314761951191935,0.38282860015046327
482,1.4459999999999846,1.4458614906088505,1.2647139871356323,1.204654087843318,1.084770434412202,1.4839267567364443,1.2510834483576592,1.2855908488158851,0.9793989460900137,1.4839267567364443,1.2510834483576592,1.2855908488158851,0.9793989460900137,0.0,0.0,5.0,0.006126385004210044,-0.04211509554889609,0.004515467353564971,0.0,0.0,5.000000000000003,-0.007334859434708629,-0.04700204101882044,0.008085528166569843,0.0,0.0,2.6645352591003757e-15,-0.013461244438918673,-0.004886945469924346,0.0035700608130048717,0.5099733643721421,-0.5062994786726894,2.896486648929609,0.28991478655392555,-0.8983581159750591,0.1914258406136485,-0.2688089647770162,0.6443558036896553,0.497520370986471,-0.12910120531654423,-5.167226491426614,-0.29321304158294387,0.3894326334553442
483,1.4489999999999845,1.4414498270083225,1.266286580614596,1.1978219365911174,1.0944416557859669,1.4814804174070537,1.2519472008711627,1.2795001256269987,0.9870722560947872,1.4814804174070537,1.2519472008711627,1.2795001256269987,0.9870722560947872,0.0,0.0,5.0,0.007178296558857444,-0.04154728152458326,0.004178152907983126,0.0,0.0,5.000000000000002,-0.0062894652996320355,-0.046685523655643046,0.007829416291021539,0.0,0.0,1.7763568394002505e-15,-0.013467761858489479,-0.005138242131059789,0.0036512633830384127,0.5119281495808385,-0.504791762840144,2.896074369545806,0.28320543880731885,-0.9006158723591914,0.1938760274615343,-0.26664173690624693,0.651595069565486,0.502571944181812,-0.13742646126771635,-5.170352116508056,-0.37277976087314063,0.3958246186911211
484,1.4519999999999844,1.4369270508923593,1.2678809797789716,1.1909742282635989,1.104217741065072,1.478867957022996,1.2528767228405608,1.2733381580877157,0.99491716204873,1.478867957022996,1.2528767228405608,1.2733381580877157,0.99491716204873,0.0,0.0,5.0,0.008228958391485826,-0.040961606134265784,0.0038370383746786805,0.0,0.0,5.000000000000002,-0.005242976185655057,-0.046348935972711114,0.007566183453321308,0.0,0.0,1.7763568394002505e-15,-0.013471934577140883,-0.00538732983844533,0.0037291450786426277,0.5139045109028135,-0.5032693036315743,2.895636747598714,0.2765024413839828,-0.9028491708542503,0.19628972171644296,-0.264348481639238,0.6587871073249928,0.5074864028566006,-0.1458739823639417,-5.171723916146986,-0.45181181327731673,0.4019986241037349
485,1.4549999999999843,1.4322985052350605,1.26949310057728,1.1841159614991623,1.1140924326884987,1.4760932720900484,1.2538688412629833,1.2671090301555301,1.0029288564914407,1.4760932720900484,1.2538688412629833,1.2671090301555301,1.0029288564914407,0.0,0.0,5.0,0.009278187584711375,-0.04035832116246768,0.0034924340020265877,0.0,0.0,5.000000000000002,-0.00419557428370243,-0.0459924226706061,0.007296069067367315,0.0,0.0,1.7763568394002505e-15,-0.013473761868413805,-0.005634101508138423,0.0038036350653407277,0.5159022940411948,-0.5017325114079486,2.8951734189582328,0.2698085320111192,-0.9050565145703972,0.19866678903282198,-0.26193046486248406,0.6659277127937498,0.5122640745418797,-0.15444288016051616,-5.171341015265056,-0.5302733252024073,0.40794891627141344
486,1.4579999999999842,1.4275696054611207,1.271118824359645,1.1772521682875101,1.1240594018917265,1.4731603844463756,1.2549203006337468,1.2608169090843186,1.0111024058355615,1.4731603844463756,1.2549203006337468,1.2608169090843186,1.0111024058355615,0.0,0.0,5.0,0.010325801470568998,-0.039737685964152725,0.003144653212458843,0.0,0.0,5.000000000000003,-0.0031474419436128553,-0.04561613701602421,0.007019318805920792,0.0,0.0,2.6645352591003757e-15,-0.013473243414181853,-0.005878451051871486,0.003874665593461949,0.5179213321848131,-0.500181795323347,2.8946840224272736,0.2631264456691106,-0.9072364346775004,0.2010071043830351,-0.25938903055207496,0.6730127145394026,0.5169053615338992,-0.16313217698633323,-5.169203045356467,-0.6081285364832597,0.4136699653194932
487,1.460999999999984,1.4227458344955597,1.2727540022705726,1.1703879094178586,1.1341122538160129,1.4700734374531237,1.256027766426309,1.254466041785654,1.019432754334916,1.4700734374531237,1.256027766426309,1.254466041785654,1.019432754334916,0.0,0.0,5.0,0.011371617662314029,-0.039099967353225976,0.002794012317402458,0.0,0.0,5.000000000000003,-0.0020987616423923383,-0.045220240775886295,0.006736184377163286,0.0,0.0,2.6645352591003757e-15,-0.013470379304706367,-0.006120273422660319,0.003942172059760828,0.5199614461177531,-0.4986175630999119,2.8941682000067743,0.2564589134351347,-0.9093874922865445,0.20331055233479287,-0.2567256004020264,0.6800379776466648,0.5214107411450074,-0.17194080683304735,-5.165310148681135,-0.6853418235680222,0.41915644995014706
488,1.463999999999984,1.4178327377615134,1.2743944596776369,1.163528269891485,1.1442445326693669,1.4668366920844473,1.2571878286545204,1.2480607511077084,1.0279147281533265,1.4668366920844473,1.2571878286545204,1.2480607511077084,1.0279147281533265,0.0,0.0,5.0,0.0124154540861757,-0.038445439487829663,0.002440830229589891,0.0,0.0,5.000000000000003,-0.0010497159524454902,-0.044804904147793284,0.006446923295764628,0.0,0.0,2.6645352591003757e-15,-0.01346517003862119,-0.006359464659963621,0.004006093066174737,0.5220224443402831,-0.49704022080226445,2.893625597157648,0.24980866130353702,-0.9115082803211915,0.20557702733222033,-0.25394167337576906,0.6869994075100228,0.5257807658824756,-0.18086761637541945,-5.1596629818282125,-0.7618777229450076,0.42440326228244735
489,1.4669999999999839,1.412835918130567,1.2760360006318416,1.1566783543028818,1.1544497269347131,1.4634545229204996,1.2583970055137907,1.2416054320351606,1.0365430395305517,1.4634545229204996,1.2583970055137907,1.2416054320351606,1.0365430395305517,0.0,0.0,5.0,0.013457129013055407,-0.037774383752481155,0.0020854281730033563,0.0,0.0,5.000000000000003,-4.875097900092218e-07,-0.04437030568685779,0.006151798648669771,0.0,0.0,2.6645352591003757e-15,-0.013457616522845417,-0.006595921934376636,0.004066370475666414,0.5241041232011955,-0.4954501726116064,2.893055863059275,0.24317840898460566,-0.9135974253755023,0.20780643398000265,-0.25103882517946025,0.6938929536374409,0.530016063552684,-0.18991136612419424,-5.152262718638279,-0.8377009547820206,0.42940551249835934
490,1.4699999999999838,1.407761030830134,1.2776744123553927,1.149843282193782,1.1647212746206947,1.4599314140469977,1.259651747097715,1.235104547813588,1.0453122910417019,1.4599314140469977,1.259651747097715,1.235104547813588,1.0453122910417019,0.0,0.0,5.0,0.014496461090165325,-0.03708708863710489,0.0017281293907174201,0.0,0.0,5.000000000000003,0.001048741017739649,-0.04391663222894228,0.0058510788558175375,0.0,0.0,2.6645352591003757e-15,-0.013447720072425676,-0.006829543591837392,0.004122949465100117,0.5262062670415699,-0.4938478205997416,2.8924586508641377,0.23657086868352248,-0.9156535895537452,0.2099986873300294,-0.24801870765595296,0.700714613458141,0.5341173372882729,-0.19907073171251868,-5.143111052474137,-0.912776446748291,0.4341585332904415
491,1.4729999999999837,1.4026137783124417,1.2793054697526038,1.1430281833843883,1.175052568550569,1.4562719548650638,1.2609484391866248,1.2285626260019058,1.0542169799464083,1.4562719548650638,1.2609484391866248,1.2285626260019058,1.0542169799464083,0.0,0.0,5.0,0.015533269372601511,-0.036383849613008584,0.0013692588509048066,0.0,0.0,5.000000000000003,0.0020977869622941375,-0.04344407881033745,0.00554503742600905,0.0,0.0,2.6645352591003757e-15,-0.013435482410307373,-0.007060229197328863,0.0041757785751042435,0.5283286483499519,-0.49223356450325345,2.891833617948188,0.22998874386138637,-0.9176754722881522,0.21215371316994203,-0.2448830480984421,0.7074604361273173,0.5380853654960482,-0.2083443053165556,-5.132210197831788,-0.9870693579883991,0.4386578841072058
492,1.4759999999999835,1.3973999050896548,1.2809249399396432,1.1362381932861272,1.185436961684576,1.4524808358151122,1.2622834071044657,1.2219842544564785,1.0632515026239462,1.4524808358151122,1.2622834071044657,1.2219842544564785,1.0632515026239462,0.0,0.0,5.0,0.016567373354845635,-0.035664969005859234,0.001009142951273398,0.0,0.0,5.000000000000003,0.003146467687811419,-0.042952848583915335,0.005233952708147679,0.0,0.0,2.6645352591003757e-15,-0.013420905667034216,-0.0072878795780561,0.0042248097568742815,0.5304710279289133,-0.49060780149808253,2.891180426156556,0.22343472798032502,-0.9196618121304229,0.21427144831297337,-0.24163364848299812,0.7141265263204688,0.5419210017236372,-0.21773059721057922,-5.119562891284825,-1.0605451032168496,0.44289935519227763
493,1.4789999999999834,1.3921251925398097,1.2825285867887506,1.1294784482002944,1.1958677724711473,1.4485628440186302,1.2636529196403354,1.2153740772506005,1.0724101590904365,1.4485628440186302,1.2636529196403354,1.2153740772506005,1.0724101590904365,0.0,0.0,5.0,0.01759859300219093,-0.03493075586571164,0.0006481092222030571,0.0,0.0,5.000000000000003,0.00419460062181308,-0.042443152731792846,0.004918107638076874,0.0,0.0,2.6645352591003757e-15,-0.01340399238037785,-0.007512396866081204,0.004269998415873817,0.532633155072943,-0.4889709259747532,2.8904987420441866,0.21691150323482558,-0.9216113885127338,0.21635184088845513,-0.23827238461939923,0.7207090480098686,0.5456251744430999,-0.22722803745646075,-5.10517239175723,-1.133169376901345,0.4468789714136804
494,1.4819999999999833,1.386795453688119,1.284112175482619,1.1227540806069538,1.2063382902223123,1.4445228588417696,1.265053193030951,1.2087367905331017,1.0816871575941804,1.4445228588417696,1.265053193030951,1.2087367905331017,1.0816871575941804,0.0,0.0,5.0,0.018626748782085464,-0.03418152583414695,0.00028648602885206,0.0,0.0,5.000000000000003,0.005242003287189739,-0.04191521037454385,0.0045977894812460895,0.0,0.0,2.6645352591003757e-15,-0.013384745494895725,-0.0077336845403968985,0.004311303452394029,0.5348147677575896,-0.4873233293145034,2.8897882371110053,0.210421739271525,-0.9235230234739717,0.21839485063235994,-0.23480120521988138,0.7272042282155579,0.5491988867499349,-0.23683497772706336,-5.089042480121277,-1.2049081775022197,0.4505929958797623
495,1.4849999999999832,1.3814165279683257,1.285671477074557,1.1160702144485009,1.2168417805086191,1.440365847384735,1.2664803950002559,1.202077138329897,1.0910766192851151,1.440365847384735,1.2664803950002559,1.202077138329897,1.0910766192851151,0.0,0.0,5.0,0.019651661695388345,-0.03341760100857607,-7.539772749529297e-05,0.0,0.0,5.000000000000003,0.006288493333969719,-0.04136924847699788,0.00427328957143891,0.0,0.0,2.6645352591003757e-15,-0.013363168361418626,-0.007951647468421814,0.004348687298934202,0.5370155928397591,-0.4856653996665749,2.8890485880312173,0.20396809189980208,-0.92539558334689,0.2204004491772343,-0.23122213088564023,0.7336083607231413,0.5526432159761565,-0.24654969326266823,-5.071177458118993,-1.2757278317350194,0.4540379333384755
496,1.4879999999999831,1.375994275968772,1.2872022730500752,1.1094319604122598,1.227371490568895,1.4360968599010162,1.2679306488523212,1.1953999082923505,1.1005725829543147,1.4360968599010162,1.2679306488523212,1.1953999082923505,1.1005725829543147,0.0,0.0,5.0,0.020673153307532985,-0.0326393098037691,-0.00043721290856910355,0.0,0.0,5.000000000000003,0.007333888571065927,-0.04080550175066722,0.003944903045800974,0.0,0.0,2.6645352591003757e-15,-0.013339264736467057,-0.008166191946898119,0.0043821159543700776,0.5392353462690408,-0.4839975217269258,2.88827947687634,0.1975532017956113,-0.9272279804018762,0.2223686203408745,-0.22753725301114114,0.7399178097605825,0.5559593132163712,-0.2563703849591497,-5.051582146607448,-1.345595018822781,0.4572105333569151
497,1.490999999999983,1.3705345741678248,1.2887003598855165,1.1028444112165225,1.2379206547301373,1.4317210251505716,1.2694000376136456,1.1887099273963828,1.1101690098394024,1.4317210251505716,1.2694000376136456,1.1887099273963828,1.1101690098394024,0.0,0.0,5.0,0.021691045779592133,-0.031846986810668006,-0.000798630438469631,0.0,0.0,5.000000000000002,0.008378006997994528,-0.04022421255284321,0.003612928576408596,0.0,0.0,1.7763568394002505e-15,-0.013313038781597605,-0.008377225742175205,0.004411559014878227,0.5414737333099192,-0.4823200765186276,2.8874805913315815,0.19117969320108594,-0.9290191744430207,0.22429936041309284,-0.22374873260651987,0.7461290136261461,0.5591484027660443,-0.26629518158620724,-5.030261883129879,-1.4144767947042391,0.46010779327822654
498,1.493999999999983,1.3650433096633559,1.2901615535993711,1.0963126369044345,1.2484824998328405,1.427243545691126,1.2708846082209038,1.1820120575962925,1.11985978849168,1.427243545691126,1.2708846082209038,1.1820120575962925,1.11985978849168,0.0,0.0,5.0,0.02270516189923891,-0.031040972652545008,-0.0011593216029663633,0.0,0.0,5.000000000000002,0.009420666836560995,-0.03962563078240573,0.0032776680986225173,0.0,0.0,1.7763568394002505e-15,-0.013284495062677915,-0.008584658129860725,0.00443698970158888,0.543730448774698,-0.48063344117421336,2.886651624905181,0.1848501726225193,-0.9307681743521903,0.22619267843991933,-0.21985879903858832,0.7522384882596105,0.5622117814714191,-0.27632214213354866,-5.007222518816493,-1.4823406161639299,0.46272696095318894
499,1.4969999999999828,1.3595263749009476,1.2915816942918865,1.089841680150118,1.259050250657052,1.422669693111802,1.272380375750153,1.1753111914373133,1.1296387397007346,1.422669693111802,1.272380375750153,1.1753111914373133,1.1296387397007346,0.0,0.0,5.0,0.023715325111599368,-0.03022161383856628,-0.0015189583484681044,0.0,0.0,5.0000000000000036,0.010461686562506997,-0.0390100137723907,0.0029394265364734162,0.0,0.0,3.552713678800501e-15,-0.01325363854909237,-0.008788399933824423,0.00445838488494152,0.5460051772669446,-0.47893798872024085,2.8857922771303337,0.1785672275294056,-0.9324740395768398,0.2280485965045856,-0.2158697486911955,0.7582428307488845,0.5651508179908296,-0.2864492582825039,-4.982470414620548,-1.5491543648499584,0.4650655372439913
500,1.4999999999999827,1.3539896624055048,1.2929566506686316,1.0834365515814186,1.2696171353444485,1.4180048032133425,1.2738833276834647,1.1686122476309695,1.1394996214722262,1.4180048032133425,1.2738833276834647,1.1686122476309695,1.1394996214722262,0.0,0.0,5.0,0.02472135954998996,-0.029389262614826595,-0.0018772135803924103,0.0,0.0,5.0000000000000036,0.011500884937113473,-0.03837762617936115,0.0025985115253293195,0.0,0.0,3.552713678800501e-15,-0.013220474612876489,-0.008988363564534554,0.00447572510572173,0.5482975934352372,-0.4772340878643386,2.8849022537593334,0.17233342505728427,-0.9341358815573372,0.22986715000463864,-0.21178394354593164,0.7641387227642037,0.5679669519674333,-0.2966744570001322,-4.956012436897117,-1.6148863711451307,0.4671212782979217
501,1.5029999999999826,1.3484390595209272,1.294282324543659,1.077102225123663,1.280176390811753,1.4132542711392446,1.275389428208909,1.1619201665973247,1.1494361340545245,1.4132542711392446,1.275389428208909,1.1619201665973247,1.1494361340545245,0.0,0.0,5.0,0.025723090066535538,-0.028544276812916852,-0.002233761460662372,0.0,0.0,5.000000000000003,0.012538081038753507,-0.03772873986963046,0.002255233132097037,0.0,0.0,2.6645352591003757e-15,-0.013185009027782031,-0.00918446305671361,0.004488994592759409,0.5506073622369736,-0.4755221027849975,2.883981266949576,0.1661513107171858,-0.9357528650896266,0.23164838792453818,-0.20760380968440378,0.7699229339121476,0.5706616931136876,-0.3069956032524719,-4.927855952333705,-1.6795054378571,0.468892197588901
502,1.5059999999999825,1.3428804431625356,1.2955546553179227,1.070843633368766,1.2907212681507776,1.408423546462141,1.2768946225497877,1.1552399059782594,1.1594419250098145,1.408423546462141,1.2768946225497877,1.1552399059782594,1.1594419250098145,0.0,0.0,5.0,0.026720342262662157,-0.027687019696091227,-0.0025882777040610113,0.0,0.0,5.000000000000003,0.013573094294390853,-0.037063633802385476,0.0019099035732119685,0.0,0.0,2.6645352591003757e-15,-0.013147247968271304,-0.00937661410629425,0.004498181277272979,0.5529341392119791,-0.473802392924373,2.883029035441077,0.16002340711452087,-0.9373242096191274,0.2333923731030959,-0.2033318357135519,0.7755923250018311,0.5732366202081844,-0.31741050283317135,-4.898008822243639,-1.7429808636932538,0.4703765677250025
503,1.5089999999999824,1.337319674586843,1.2967696244286495,1.0646656629740565,1.3012450380104563,1.4035181282298281,1.278394841318978,1.1485764361259407,1.1695105943252555,1.4035181282298281,1.278394841318978,1.1485764361259407,1.1695105943252555,0.0,0.0,5.0,0.02771294251945915,-0.02681785980309776,-0.002940439873173117,0.0,0.0,5.000000000000002,0.014605744511016483,-0.03638259390976098,0.0015628369306730297,0.0,0.0,1.7763568394002505e-15,-0.013107198008442667,-0.009564734106663218,0.004503276803846146,0.5552775707656263,-0.4720753127843557,2.8820452847251667,0.1539522126802877,-0.9388491904618406,0.2350991824951246,-0.19897057111571512,0.7811438512157522,0.5756933800057629,-0.32791690530333306,-4.866479396234872,-1.8052824664862228,0.4715729220203128
504,1.5119999999999822,1.3317625941833475,1.297923259765366,1.058573150095103,1.3117409959561845,1.3985435599753517,1.2798860048942295,1.1419347355706704,1.1796356995597508,1.3985435599753517,1.2798860048942295,1.1419347355706704,1.1796356995597508,0.0,0.0,5.0,0.02870071802790611,-0.02593717078974246,-0.0032899276716465277,0.0,0.0,5.000000000000002,0.015635851907020257,-0.035685912973916004,0.001214348866380631,0.0,0.0,1.7763568394002505e-15,-0.013064866120885855,-0.009748742184173542,0.004504276538027159,0.5576372944611602,-0.47034121172616933,2.8810297472040527,0.1479402004174952,-0.9403271399487317,0.23676890742667372,-0.1945226245253975,0.7865745651779528,0.5780336860621214,-0.3385125070380062,-4.833276505268577,-1.8663806061361004,0.47248005582970215
505,1.5149999999999821,1.326215016292928,1.2990116400483367,1.052570875856872,1.3222024678018651,1.393505424695605,1.2813640278102236,1.1353197864723263,1.1898107610218476,1.393505424695605,1.2813640278102236,1.1353197864723263,1.1898107610218476,0.0,0.0,5.0,0.029683496818958214,-0.025045331268252653,-0.0036364232355060363,0.0,0.0,5.000000000000003,0.01666323714349026,-0.034973890501165464,0.0008647563350379014,0.0,0.0,2.6645352591003757e-15,-0.013020259675467955,-0.00992855923291281,0.004501179570543938,0.5600129393208972,-0.468600433773746,2.8799821623409296,0.14198981666571078,-0.9417574484895652,0.23840165384324058,-0.18999066193491984,0.7918816199123427,0.5802593174744525,-0.34919495437437165,-4.798409454123508,-1.9262462072357631,0.473097027645289
506,1.517999999999982,1.3206827240574035,1.30003089916515,1.0466635618674234,1.3326228149100252,1.3884093398029071,1.2828248231631987,1.1287365700596275,1.2000292669742691,1.3884093398029071,1.2828248231631987,1.1287365700596275,1.2000292669742691,0.0,0.0,5.0,0.03066110779348561,-0.024142724644510474,-0.003979611422255231,0.0,0.0,5.000000000000003,0.017687721355435018,-0.03424683259322091,0.0005143772958760007,0.0,0.0,2.6645352591003757e-15,-0.012973386438050592,-0.010104107948710434,0.0044939887181312315,0.56240412613595,-0.46685331742112623,2.878902276800361,0.13610347988664265,-0.9431395655524787,0.2399975425503583,-0.1853774048313774,0.7970622716842798,0.5823721175399286,-0.3599618468562861,-4.761888013283795,-1.9848507813461038,0.4734231599536
507,1.520999999999982,1.3151714643048382,1.3009772304612848,1.0408558657784075,1.3429954394554722,1.3832609520540642,1.2842643070239188,1.1221900620614635,1.2102846788605557,1.3832609520540642,1.2842643070239188,1.1221900620614635,1.2102846788605557,0.0,0.0,5.0,0.03163338075206139,-0.023229738953224017,-0.004319180097502695,0.0,0.0,5.000000000000002,0.018709126182923766,-0.03350505181559636,0.00016353042346579916,0.0,0.0,1.7763568394002505e-15,-0.012924254569137622,-0.010275312862372345,0.004482710520968494,0.5648104677841063,-0.46510019544412373,2.8777898445786523,0.13028357947365435,-0.9444730005557189,0.24155670944597665,-0.18068562826755272,0.8021138827187504,0.584373992334164,-0.3708107405694857,-4.723722410269354,-2.0421664488884015,0.47345803985264384
508,1.5239999999999818,1.3096869424750461,1.301846890980506,1.0351523768965323,1.3533137896479188,1.3780659324614148,1.285678402854759,1.1156852281345515,1.2205704365492769,1.3780659324614148,1.285678402854759,1.1156852281345515,1.2205704365492769,0.0,0.0,5.0,0.032600146424592615,-0.02230676669111006,-0.004654820418852707,0.0,0.0,5.000000000000002,0.019727273802138137,-0.03274886706323456,-0.00018746518212103824,0.0,0.0,1.7763568394002505e-15,-0.012872872622454477,-0.010442100372124497,0.004467355236731669,0.5672315695554727,-0.4633413947164875,2.876644627123968,0.12453247458808729,-0.9457573236681062,0.24307930574406744,-0.17591815886965712,0.8070339237888006,0.5862669092120785,-0.38173915156139687,-4.683923320429665,-2.098165960621637,0.4732015194283364
509,1.5269999999999817,1.3042348175898433,1.3026362056509462,1.0295576118501037,1.3635713649091084,1.3728299711903933,1.2870630459266714,1.109227019291675,1.2308799635912624,1.3728299711903933,1.2870630459266714,1.109227019291675,1.2308799635912624,0.0,0.0,5.0,0.03356123649979012,-0.02137420464815759,-0.004986227116801624,0.0,0.0,5.000000000000002,0.020741986956330893,-0.031978603423412716,-0.000538290285537979,0.0,0.0,1.7763568394002505e-15,-0.012819249543459227,-0.010604398775255125,0.004447936831263645,0.5696670294854773,-0.4615772360307859,2.8754663934459503,0.11885249302523163,-0.9469921665149417,0.24456549818890258,-0.17107787278499056,0.8118199766681834,0.588052895233876,-0.3927445593391683,-4.642501857223101,-2.1528227186731534,0.47265371588993255
510,1.5299999999999816,1.2988206972723837,1.303341571412851,1.0240760103147952,1.373761720999972,1.3675587724481386,1.2884141877317932,1.1028203673347774,1.2412066724852928,1.3675587724481386,1.2884141877317932,1.1028203673347774,1.2412066724852928,0.0,0.0,5.0,0.03451648365447085,-0.020432453737046663,-0.005313098772384663,0.0,0.0,5.000000000000002,0.021753088986686084,-0.031194592035986138,-0.0008886258065125413,0.0,0.0,1.7763568394002505e-15,-0.01276339466778477,-0.010762138298939475,0.0044244729658721215,0.572116438694805,-0.4598080339242285,2.8742549202146326,0.11324593011274035,-0.9481772227862422,0.24601546925947124,-0.16616769357281974,0.8164697364425472,0.5897340355191395,-0.403824410439218,-4.599469562005406,-2.206110797091756,0.47181501146433963
511,1.5329999999999815,1.2934501328200276,1.3039594612839411,1.018711930802616,1.3838784750934177,1.3622580493676888,1.28972780038746,1.0964701802971695,1.2515439699476838,1.3622580493676888,1.28972780038746,1.0964701802971695,1.2515439699476838,0.0,0.0,5.0,0.035465721582688396,-0.0194819188207932,-0.0056351380913207665,0.0,0.0,5.000000000000002,0.022760403863074333,-0.03039716995102955,-0.001238153110054277,0.0,0.0,1.7763568394002505e-15,-0.012705317719614063,-0.010915251130236347,0.0043969849812664896,0.5745793817358266,-0.4580340965096315,2.873009991848449,0.10771504764422273,-0.9493122487443586,0.2474294173635202,-0.16119059004197464,0.8209810136738648,0.5913124715323159,-0.41497612206129264,-4.554838393352268,-2.258004961893113,0.47068605304940775
512,1.5359999999999814,1.288128614335033,1.3044864283584539,1.0134696465181134,1.3939153107884001,1.3569335188923013,1.2909998810273888,1.0901813378991132,1.2618852621811987,1.3569335188923013,1.2909998810273888,1.0901813378991132,1.2618852621811987,0.0,0.0,5.0,0.03640878502468642,-0.018523008538697216,-0.005952052174405623,0.0,0.0,5.000000000000002,0.023763756214699783,-0.029586679983937825,-0.0015865542962575988,0.0,0.0,1.7763568394002505e-15,-0.012645028809986636,-0.011063671445240609,0.004365497878148024,0.5770554369450662,-0.4562557253117221,2.8717314005911696,0.10226207285068385,-0.9503970636282211,0.24880755702072238,-0.1561495740388547,0.8253517364132145,0.5927903993031373,-0.42619708575975723,-4.508620715942174,-2.3084806905681368,0.4692677516265084
513,1.5389999999999813,1.282861565917381,1.3049191097359527,1.0083533412856973,1.4038659830609699,1.3515908966644286,1.2922264561758119,1.0839586870210327,1.2722239601387288,1.3515908966644286,1.2922264561758119,1.0839586870210327,1.2722239601387288,0.0,0.0,5.0,0.03734550979567001,-0.01755613513066656,-0.006263552783907685,0.0,0.0,5.000000000000002,0.02476297136063127,-0.0287634705680479,-0.0019335124894361982,0.0,0.0,1.7763568394002505e-15,-0.012582538435038738,-0.011207335437381338,0.0043300402944714865,0.5795441768012386,-0.45447321510896477,2.8704189465776158,0.09688919741239567,-0.9514315499516486,0.25015011903449674,-0.1510476981897166,0.8295799520574512,0.594170067585774,-0.4374846711845779,-4.4608292890269245,-2.3575141910259267,0.4675612814329357
514,1.5419999999999812,1.2776543409238874,1.3052542303760828,1.0033671055519695,1.4137243231480616,1.3462358919238866,1.293403586100344,1.077807037198587,1.2825534847771844,1.3462358919238866,1.293403586100344,1.077807037198587,1.2825534847771844,0.0,0.0,5.0,0.03827573281438955,-0.01658171425999378,-0.00656935660572433,0.0,0.0,5.000000000000002,0.02575787534021401,-0.02792789560484593,-0.002278712126325813,0.0,0.0,1.7763568394002505e-15,-0.01251785747417554,-0.01134618134485215,0.004290644479398517,0.5820451682883759,-0.4526868537810825,2.8690724378880232,0.09159857651369223,-0.9524156536933642,0.2514573506520243,-0.14588805360128348,0.8336638290457623,0.5954537759607657,-0.44883622986422816,-4.411477254518312,-2.405082419943802,0.4655680788948796
515,1.544999999999981,1.2725122172978163,1.3054886068754818,0.998514932466853,1.4234842433598494,1.3408742024197238,1.2945273691393935,1.0717311561438292,1.2928672722970556,1.3408742024197238,1.2945273691393935,1.0717311561438292,1.2928672722970556,0.0,0.0,5.0,0.039199292131533094,-0.015600164834659563,-0.006869185507059939,0.0,0.0,5.000000000000002,0.02674829494335565,-0.027080314311823256,-0.002621839243093442,0.0,0.0,1.7763568394002505e-15,-0.012450997188177444,-0.011480149477163692,0.004247346263966497,0.5845579732635536,-0.4508969221624305,2.8676916905909557,0.08639232794307826,-0.953349384376567,0.2527295157120255,-0.1406737675238726,0.8376016583925766,0.5966438728840008,-0.4602490990225413,-4.3605781247204565,-2.451163100497977,0.463289841321941
516,1.547999999999981,1.2674403929730533,1.3056191511631625,0.9938007140472316,1.4331397418165532,1.335511509340295,1.2955939459999424,1.0657357652966502,1.3031587793631143,1.335511509340295,1.2955939459999424,1.0657357652966502,1.3031587793631143,0.0,0.0,5.0,0.04011602695792107,-0.014611908827242968,-0.007162766789391487,0.0,0.0,5.000000000000002,0.027734057740681675,-0.026221091068047278,-0.002962581760891668,0.0,0.0,1.7763568394002505e-15,-0.012381969217239393,-0.01160918224080431,0.004200185028499819,0.587082148828715,-0.4491036939013688,2.8662765287746916,0.0812725312409254,-0.9542328150361324,0.2539668947798846,-0.1354080009813804,0.8413918550537882,0.5977427536872338,-0.4717206054213486,-4.308145769738256,-2.4957347394495017,0.46072852536437187
517,1.5509999999999808,1.2624439813568373,1.305642874110732,0.9892282374267739,1.442684907105662,1.330153472266023,1.2965995040215432,1.059825535410684,1.3134214883017512,1.330153472266023,1.2965995040215432,1.059825535410684,1.3134214883017512,0.0,0.0,5.0,0.04102577769249925,-0.013617371093513124,-0.007449833436491742,0.0,0.0,5.000000000000002,0.028714992113554702,-0.02535059525751314,-0.003300629769698811,0.0,0.0,1.7763568394002505e-15,-0.01231078557894455,-0.011733224164000015,0.004149203666792931,0.5896172477060864,-0.4473074353257643,2.86482678456703,0.07624122689690575,-0.955066082071738,0.25516978526972817,-0.1300939463725931,0.84503295912377,0.5987528585348264,-0.4832480692205884,-4.254194404593224,-2.538776643561214,0.4578863452344438
518,1.5539999999999807,1.2575280068950372,1.3055568890538778,0.984801181195498,1.4521139228555904,1.3248057241493056,1.2975402814024142,1.0540050821778209,1.3236489122704609,1.3248057241493056,1.2975402814024142,1.0540050821778209,1.3236489122704609,0.0,0.0,5.0,0.041928385950125026,-0.012616979189782504,-0.007730124357284007,0.0,0.0,5.000000000000002,0.02969092728395316,-0.024469201110343827,-0.0036356758101862285,0.0,0.0,1.7763568394002505e-15,-0.012237458666171867,-0.011852221920561323,0.004094448547097778,0.5921628186166699,-0.4455084053147395,2.8633422981434875,0.07130041559917698,-0.9558493849854415,0.2563385015530855,-0.12473482504840472,0.8485236368611748,0.5996766703415815,-0.49482880784744054,-4.19873857607875,-2.580268935322611,0.45476577069356017
519,1.5569999999999806,1.2526974007237959,1.305358415221693,0.980523111832599,1.4614210722219134,1.3194738663259935,1.2984125713835428,1.048278961895443,1.3338346003950226,1.3194738663259935,1.2984125713835428,1.048278961895443,1.3338346003950226,0.0,0.0,5.0,0.04282369458914149,-0.011611163189097475,-0.008003384623308185,0.0,0.0,5.000000000000002,0.030661693344203045,-0.023577287541907077,-0.003967415153356926,0.0,0.0,1.7763568394002505e-15,-0.012162001244938443,-0.011966124352809603,0.004035969469951259,0.594718406661296,-0.4437068551767694,2.86182291772389,0.06645205753718869,-0.956582986002476,0.2574733750537791,-0.11933388486962203,0.8518626815420626,0.6005167126567021,-0.5064601398659422,-4.141793149387466,-2.620192567960792,0.45136952480693854
520,1.5599999999999805,1.247956996411351,1.3050447810703951,0.9763974802359274,1.4706007422823306,1.3141634635628452,1.2992127263867452,1.0426516671804633,1.3439721428699478,1.3141634635628452,1.2992127263867452,1.0426516671804633,1.3439721428699478,0.0,0.0,5.0,0.04371154773873576,-0.010600355496348616,-0.008269365700581713,0.0,0.0,5.000000000000002,0.031627121286558424,-0.02267523798991794,-0.004295546077700767,0.0,0.0,1.7763568394002505e-15,-0.01208442645217734,-0.012074882493569325,0.0039738196228809464,0.5972835537037143,-0.4419030285342122,2.8602684995573746,0.06169807175982595,-0.9572672095742661,0.2585747543287135,-0.11389439775011927,0.8550490141394363,0.6012755475190517,-0.518139388838465,-4.08337329454395,-2.6585293397168552,0.4477005814679077
521,1.5629999999999804,1.2433115257937237,1.3046134275181664,0.9724276183514574,1.4796474283366559,1.3088800391453181,1.299937162102667,1.0371276227342068,1.3540551760178097,1.3088800391453181,1.299937162102667,1.0371276227342068,1.3540551760178097,0.0,0.0,5.0,0.044591790826075506,-0.00958499066237754,-0.008527825675644607,0.0,0.0,5.000000000000002,0.032587043032625385,-0.021763440249596866,-0.0046197701436142755,0.0,0.0,1.7763568394002505e-15,-0.012004747793450121,-0.012178449587219326,0.003908055532030332,0.5998577987552008,-0.44009716121434517,2.8586789078958637,0.057040335590443234,-0.9579024417629125,0.2596430051342521,-0.10841965719016929,0.8580816838288313,0.6019557732890143,-0.5298638871703929,-4.023494472676442,-2.6952619073684434,0.4437621626940649
522,1.5659999999999803,1.2387656149079032,1.3040619110779104,0.9686167359059914,1.4885557381081975,1.30362907001002,1.3005823615247567,1.0317111811621256,1.3640773873030998,1.30362907001002,1.3005823615247567,1.0317111811621256,1.3640773873030998,0.0,0.0,5.0,0.04546427060321959,-0.008565505197162197,-0.008778529475583214,0.0,0.0,5.000000000000002,0.03354129146262376,-0.02084228630695513,-0.0049397924648356545,0.0,0.0,1.7763568394002505e-15,-0.011922979140595834,-0.012276781109792932,0.003838737010747559,0.6024406783601614,-0.4382894811469581,2.8570540149560757,0.05248068410017179,-0.958489129506643,0.26067851047788726,-0.10291297580482735,0.8609598683201559,0.6025600224623612,-0.5416309799293206,-3.9621724221616077,-2.730373798980459,0.43955773569775297
523,1.5689999999999802,1.234323780026025,1.303387906884769,0.9649679172462405,1.4973203958429693,1.298415981926103,1.3011448789252882,1.0264066188523011,1.37403252029631,1.298415981926103,1.3011448789252882,1.0264066188523011,1.37403252029631,0.0,0.0,5.0,0.04632883517379827,-0.007542337382158204,-0.009021249081832087,0.0,0.0,5.000000000000002,0.03448970044448234,-0.019912172170278006,-0.005255321976647916,0.0,0.0,1.7763568394002505e-15,-0.011839134729315935,-0.012369834788119802,0.003765927105184171,0.605031726982211,-0.4364802082685433,2.8553937008701853,0.048020909640705385,-0.959027779765969,0.26168167065493236,-0.09737768285227369,0.8636828740165506,0.6030909594716036,-0.5534380286301087,-3.899423144676609,-2.7638494258673276,0.4350910097335197
524,1.57199999999998,1.2299904237940098,1.3025892116153934,0.9614841182873196,1.5059362463032806,1.293246144729835,1.301621343769562,1.021218131916628,1.3839143795839772,1.293246144729835,1.301621343769562,1.021218131916628,1.3839143795839772,0.0,0.0,5.0,0.0471853340194577,-0.0065159270818801575,-0.009255763737560145,0.0,0.0,5.000000000000003,0.035432104862762215,-0.01897349769987916,-0.005566071700606148,0.0,0.0,2.6645352591003757e-15,-0.011753229156695487,-0.012457570617999004,0.0036896920369539968,0.6076304773902157,-0.4346695544331021,2.853697853625254,0.04366276143758488,-0.9595189585505401,0.262652903269978,-0.09181712176703431,0.8662501360015925,0.6035512784803806,-0.5652824149771701,-3.835262891192902,-2.7956740937515656,0.4303659327254238
525,1.57499999999998,1.2257698314779713,1.3016637462960445,0.9581681635736303,1.5143982586523579,1.288124867616529,1.3020084645644665,1.016149832198522,1.3937168356204852,1.288124867616529,1.3020084645644665,1.016149832198522,1.3937168356204852,0.0,0.0,5.0,0.048033618026065074,-0.0054867155548024025,-0.009481860148452023,0.0,0.0,5.000000000000003,0.03636834064740252,-0.018026666436198824,-0.00587175900554851,0.0,0.0,2.6645352591003757e-15,-0.011665277378662554,-0.012539950881396422,0.003610101142903513,0.6102364610437859,-0.43285772332957273,2.8519663689915875,0.039407945244810956,-0.9599632898269378,0.2635926432428732,-0.08623464770299383,0.8686612178567329,0.6039437011764577,-0.5771615445554334,-3.7697081479461834,-2.8258340131048154,0.425386687677255
526,1.5779999999999799,1.2216661673216174,1.3006095589966802,0.9550227434549776,1.5227015302267286,1.2830573944939614,1.3023030326376388,1.011205743350937,1.4034338295174655,1.2830573944939614,1.3023030326376388,1.011205743350937,1.4034338295174655,0.0,0.0,5.0,0.04887353950966882,-0.0044551452636589495,-0.009699332676702196,0.0,0.0,5.000000000000003,0.03729824480228511,-0.017072085426319772,-0.006172105864653089,0.0,0.0,2.6645352591003757e-15,-0.011575294707383714,-0.012616940162660822,0.0035272268120491064,0.6128492084777202,-0.43104491040586596,2.850199150440203,0.035258123061418775,-0.9603614543078953,0.2645013427990095,-0.08063362509109143,0.8709158113114123,0.6042709745689336,-0.5890728504615239,-3.702775622416862,-2.854316308658934,0.42015768886893
527,1.5809999999999798,1.2176834710178397,1.2994248274083002,0.9520504113806498,1.530841290193213,1.27804889940135,1.3025019258435324,1.0063897969884128,1.4130593777667075,1.27804889940135,1.3025019258435324,1.0063897969884128,1.4130593777667075,0.0,0.0,5.0,0.049704952242210006,-0.003421659685227424,-0.00990798352804537,0.0,0.0,5.000000000000003,0.038221655433611224,-0.01611016504897622,-0.006466839108307157,0.0,0.0,2.6645352591003757e-15,-0.011483296808598782,-0.012688505363748798,0.003441144419738213,0.6154682496849067,-0.42923130279948024,2.8483961090496024,0.03121491291044672,-0.960714188123677,0.265379471443698,-0.07501742521654896,0.8730137357288412,0.6045358687952376,-0.6010137968668279,-3.6344822293552332,-2.8811090280761396,0.41468357784252285
528,1.5839999999999796,1.2138256542974235,1.2981078613009607,0.9492535813141394,1.5388129030874813,1.273104481997898,1.3026021121927522,1.0017058289168135,1.422587576892539,1.273104481997898,1.3026021121927522,1.0017058289168135,1.422587576892539,0.0,0.0,5.0,0.05052771147698023,-0.002386703119676023,-0.010107622931653203,0.0,0.0,5.000000000000003,0.039138411778087134,-0.015141318838129803,-0.006755690672558691,0.0,0.0,2.6645352591003757e-15,-0.011389299698893095,-0.01275461571845378,0.0033519322590945116,0.6180931144971996,-0.42741707927464984,2.8465571634020894,0.027279888680527296,-0.9610222813765957,0.26622751592044547,-0.06938942382042033,0.8749549374309749,0.6047411749434682,-0.6129818825042544,-3.5648450768852586,-2.9062011497686786,0.408969219181579
529,1.5869999999999795,1.2100964976378943,1.2966571048598956,0.9466345252709959,1.5466118722312165,1.2682291631248512,1.3026006534010983,0.9971575754443415,1.4320126080297115,1.2682291631248512,1.3026006534010983,0.9971575754443415,1.4320126080297115,0.0,0.0,5.0,0.051341673973821715,-0.0013507204995575539,-0.010298069312733337,0.0,0.0,5.000000000000003,0.0400483542309123,-0.014165963305189655,-0.00703839784292426,0.0,0.0,2.6645352591003757e-15,-0.011293319742909418,-0.0128152428056321,0.0032596714698090775,0.6207233329637998,-0.4256024101659631,2.8446822394698774,0.02345458003011979,-0.9612865765798835,0.2670459801529475,-0.06375299873017397,0.8767394888667311,0.6048897028955698,-0.6249746440706838,-3.4938814527204665,-2.9295825898598973,0.40301969608755056
530,1.5899999999999794,1.2064996470952485,1.2950711388974012,0.9441953709822755,1.5542338430250755,1.2634278804449406,1.3024947083548222,0.9927486697773465,1.4413287414228932,1.2634278804449406,1.3024947083548222,0.9927486697773465,1.4413287414228932,0.0,0.0,5.0,0.052146698024064804,-0.00031415719852983495,-0.010479149457674282,0.0,0.0,5.000000000000003,0.04095132437356652,-0.013184517759952274,-0.007314703493331423,0.0,0.0,2.6645352591003757e-15,-0.011195373650498282,-0.012870360561422439,0.003164445964342859,0.6233584357266838,-0.42378745732837286,2.8427712704912658,0.01974047235419408,-0.9615079669823702,0.267835385170628,-0.058111527523923505,0.8783675876280111,0.6049842791967592,-0.6369896595372893,-3.4216088105249947,-2.951244208280061,0.39684030575737306
531,1.5929999999999793,1.203038611261296,1.2933486829381482,0.9419380996858547,1.5616746061147042,1.2587054841630119,1.3022815364886806,0.9884826385043723,1.4505303408439378,1.2587054841630119,1.3022815364886806,0.9884826385043723,1.4505303408439378,0.0,0.0,5.0,0.05294264347519939,0.0007225411601117646,-0.010650698671585536,0.0,0.0,5.000000000000003,0.041847165001389686,-0.012197404130338207,-0.007584356319978509,0.0,0.0,2.6645352591003757e-15,-0.011095478473809706,-0.012919945290449972,0.003066342351607026,0.6259979543926395,-0.4219723740935033,2.8408241968371852,0.016139006812962934,-0.9616873947806516,0.26859626901756417,-0.052468385232809195,0.8798395553185703,0.6050277449565171,-0.6490245513601417,-3.348044756452209,-2.9711778139917016,0.39043655456638954
532,1.5959999999999792,1.199716758349164,1.2914885971757868,0.9398645440478393,1.568930100427212,1.2540667328315727,1.3019585010734451,0.9843628981718004,1.4596118679231844,1.2540667328315727,1.3019585010734451,0.9843628981718004,1.4596118679231844,0.0,0.0,5.0,0.05372937175527488,0.001758928895010168,-0.01081256092808994,0.0,0.0,5.000000000000003,0.042735720150951145,-0.011205046781003286,-0.00784711106989884,0.0,0.0,2.6645352591003757e-15,-0.010993651604323737,-0.012963975676013454,0.0029654498581911,0.6286414219014833,-0.42015730523214434,2.838840965868434,0.012651580422047184,-0.9618258492206587,0.26932918664464645,-0.04682694208590118,0.8811558362812608,0.6050229537863283,-0.6610769895837472,-3.273207035892648,-2.989376169340695,0.38381415306099853
533,1.598999999999979,1.196537313409504,1.2894898842987672,0.9379763862161075,1.5759964160756248,1.2495162892449005,1.301523072409613,0.9803927519543773,1.4685678863911122,1.2495162892449005,1.301523072409613,0.9803927519543773,1.4685678863911122,0.0,0.0,5.0,0.05450674589702519,0.002794560458346331,-0.010964589011231709,0.0,0.0,5.0000000000000036,0.043616835127202255,-0.01020787233090241,-0.00810272876402171,0.0,0.0,3.552713678800501e-15,-0.010889910769822937,-0.01300243278924874,0.002861860247209998,0.6312883728900521,-0.41834238692280673,2.8368215317839427,0.009279546203245023,-0.9619243645907533,0.2700347097848282,-0.04119056130184854,0.8823169961896125,0.6049727697792106,-0.6731446948304319,-3.1971135204622487,-3.005832993530705,0.37697901076558255
534,1.601999999999979,1.193503355679638,1.287351691183448,0.9362751560079817,1.5828697971289367,1.2450587164252795,1.3009728309241424,0.9765753864238172,1.4773930662267636,1.2450587164252795,1.3009728309241424,0.9765753864238172,1.4773930662267636,0.0,0.0,5.0,0.05527463056171453,0.0038289906273833497,-0.011106644649371443,0.0,0.0,5.000000000000003,0.04449035653040835,-0.009206309469884114,-0.00835097691452713,0.0,0.0,2.6645352591003757e-15,-0.010784274031306176,-0.013035300097267463,0.002755667734844312,0.6339383440515826,-0.416527746726199,2.8347658554604362,0.006024213394864425,-0.96198401810869,0.27071342681132815,-0.035562596931333956,0.8833237205101439,0.6048800655359002,-0.685225441168768,-3.119782195260945,-3.0205429652200286,0.36993723080843616
535,1.6049999999999789,1.1906178160679746,1.285073310452682,0.9347622292338237,1.5895466442455224,1.2406984737048468,1.3003054701671286,0.9729138684185961,1.486082187709431,1.2406984737048468,1.3003054701671286,0.9729138684185961,1.486082187709431,0.0,0.0,5.0,0.05603289206269921,0.004861774695869035,-0.011238598640946083,0.0,0.0,5.000000000000003,0.04535613228285529,-0.00820078877439484,-0.008591629736296756,0.0,0.0,2.6645352591003757e-15,-0.01067675977984392,-0.013062563470263876,0.002646968904649327,0.6365908744901091,-0.41471350356547193,2.8326739042838724,0.002886847720366629,-0.9620059277049919,0.27136594257865304,-0.02994639175421423,0.8841768128421951,0.6047477202423721,-0.6973170588545335,-3.041231146430751,-3.0335017242412627,0.36269510437158203
536,1.6079999999999788,1.1878834747757228,1.282654181898193,0.9334388261582957,1.5960235171677921,1.236439912906438,1.2995187997054238,0.9694111420179473,1.4946301453701931,1.236439912906438,1.2995187997054238,0.9694111420179473,1.4946301453701931,0.0,0.0,5.0,0.05678139838870247,0.005892468665217519,-0.011360330971979506,0.0,0.0,5.000000000000002,0.046214011655326,-0.007191742522372133,-0.008824468352268473,0.0,0.0,1.7763568394002505e-15,-0.010567386733376469,-0.01308421118758965,0.0025358626197110323,0.6392455060695365,-0.41289976771206244,2.8305456519730585,-0.00013132828614014644,-0.9619912497054742,0.27199287824631063,-0.024345275235032174,0.8848771931424412,0.6045786178031598,-0.7094174369380095,-2.9614785490413977,-3.0447058724455918,0.3552591049695221
537,1.6109999999999787,1.1853029590579158,1.2800938937651587,0.9323060101008557,1.6022971370760721,1.2322872746267333,1.2986107479102997,0.9660700256229938,1.5030319518399757,1.2322872746267333,1.2986107479102997,0.9660700256229938,1.5030319518399757,0.0,0.0,5.0,0.05752001922679713,0.006920629435385562,-0.011471730925236885,0.0,0.0,5.000000000000003,0.04706384529334155,-0.0061796045074063305,-0.009049280992508228,0.0,0.0,2.6645352591003757e-15,-0.010456173933455576,-0.013100233942791892,0.0024224499327286566,0.6419017837570612,-0.4110866407769583,2.8283810783958634,-0.0030291348992235374,-0.961941176415851,0.2725948710850867,-0.018762561540376158,0.8854258958415877,0.6043756450347109,-0.7215245257317466,-2.880542655330453,-3.0541529736748303,0.34763588256212646
538,1.6139999999999786,1.1828787411255954,1.2773921838975846,0.9313646861769527,1.6083643887998698,1.2282446846249104,1.2975793646363452,0.9628932091478375,1.5112827415909096,1.2282446846249104,1.2975793646363452,0.9628932091478375,1.5112827415909096,0.0,0.0,5.0,0.05824862598509267,0.007945814995364347,-0.011572697180923592,0.0,0.0,5.000000000000003,0.04790548524316375,-0.005164809852250832,-0.009265863186817602,0.0,0.0,2.6645352591003757e-15,-0.010343140741928922,-0.013110624847615179,0.0023068339941059897,0.6445592559606443,-0.40927421570718997,2.8261801693784636,-0.0058054347681354805,-0.9618569336115286,0.2731725742657605,-0.013201547621341021,0.8858240678610597,0.6041416899227625,-0.7336363391332681,-2.7984417833236317,-3.0618415528656664,0.33983225750701285
539,1.6169999999999785,1.1806131361908558,1.2745489407431383,0.9306156001812479,1.614222322884759,1.2243161503199134,1.296422823788892,0.9598832513233431,1.5193777745678543,1.2243161503199134,1.296422823788892,0.9598832513233431,1.5193777745678543,0.0,0.0,5.0,0.05896709181512286,0.008967584613201329,-0.01166313790883687,0.0,0.0,5.000000000000003,0.04873878497755328,-0.004147794821760795,-0.009474017950702351,0.0,0.0,2.6645352591003757e-15,-0.010228306837569576,-0.013115379434962124,0.0021891199581345194,0.6472174748602576,-0.4074625767873476,2.823942916508071,-0.008459132431573379,-0.9617397779358625,0.27372665663013207,-0.007665511364108399,0.8860729665377717,0.6038796399474538,-0.7457509567975245,-2.7151943058597228,-3.067771094291856,0.33185521435691834
540,1.6199999999999783,1.1785083006563637,1.271564204216273,0.9300593376140803,1.6198681575132865,1.2205055573993449,1.2951394257773605,0.9570425771162415,1.5273124397070557,1.2205055573993449,1.2951394257773605,0.9570425771162415,1.5273124397070557,0.0,0.0,5.0,0.0596752916339295,0.00998549902547325,-0.011742970851886726,0.0,0.0,5.000000000000003,0.04956359942127987,-0.003128996635340789,-0.009673555964532447,0.0,0.0,2.6645352591003757e-15,-0.010111692212649626,-0.01311449566081404,0.002069414887354279,0.6498759967326535,-0.40565179964590875,2.8216693169296083,-0.010989173783454162,-0.9615909942103174,0.27425780244423453,-0.0021577098114173403,0.8861739574653107,0.6035923804796065,-0.7578665261542701,-2.630818640043208,-3.0719420389513608,0.3237118955077024
541,1.6229999999999782,1.1765662304507851,1.2684381664185826,0.9296963228522201,1.6252992802784134,1.2168166665428888,1.2937275998520246,0.9543734752660801,1.5350822583390094,1.2168166665428888,1.2937275998520246,0.9543734752660801,1.5350822583390094,0.0,0.0,5.0,0.06037310214583932,0.010999120626126808,-0.011812123400909867,0.0,0.0,5.000000000000003,0.05037978497637936,-0.0021088532789823727,-0.009864295745730972,0.0,0.0,2.6645352591003757e-15,-0.009993317169459955,-0.01310797390510918,0.0019478276551788947,0.6525343822694337,-0.40384195126615485,2.8193593731368107,-0.013394545492148894,-0.9614118926601144,0.27476671113360146,0.0033186225425622944,0.8861285122600753,0.6032827932513075,-0.7699812642658913,-2.5453332371461923,-3.0743557811066466,0.3154095947027593
542,1.6259999999999781,1.1747887595114903,1.265171172215469,0.9295268184648855,1.6305132498081576,1.2132531102630648,1.292185906321795,0.9518780959424371,1.5426828874727057,1.2132531102630648,1.292185906321795,0.9518780959424371,1.5426828874727057,0.0,0.0,5.0,0.06106040186392926,0.012008013654608537,-0.011870532660708743,0.0,0.0,5.000000000000003,0.051187199547153825,-0.001087803316971711,-0.010046063813834986,0.0,0.0,2.6645352591003757e-15,-0.009873202316775437,-0.013095816971580248,0.0018244688468737561,0.655192196888217,-0.40203309000144405,2.817013092758246,-0.015674274375806856,-0.9612038060590964,0.27525409700045533,0.008760275381709356,0.8859382062610848,0.6029537549036067,-0.7820934595215818,-2.4587565729798184,-3.0750146639875564,0.3069557503997469
543,1.628999999999978,1.1731775584156856,1.261763719668319,0.9295509246757951,1.635507797240202,1.209818389866008,1.2905130386507377,0.9495584485247142,1.5501101229585428,1.209818389866008,1.2905130386507377,0.9495584485247142,1.5501101229585428,0.0,0.0,5.0,0.06173707113117703,0.013011744383199556,-0.011918145507255609,0.0,0.0,5.000000000000003,0.051985702564909905,-6.628570334886452e-05,-0.010218694848278378,0.0,0.0,2.6645352591003757e-15,-0.009751368566267127,-0.01307803008654842,0.0016994506589772303,0.6578490110367339,-0.4002252655946026,2.8146304883387536,-0.01782742673657255,-0.9609680867976654,0.2757206889226795,0.014164064119816694,0.8856047161723146,0.6026081356138198,-0.794201473164127,-2.37110713875377,-3.073921974667303,0.2983579390056642
544,1.631999999999978,1.1717341331610474,1.258216460321567,0.9297685789719683,1.6402808275454195,1.206515872534857,1.288707825431142,0.9474163995067019,1.5573599025273015,1.206515872534857,1.288707825431142,0.9474163995067019,1.5573599025273015,0.0,0.0,5.0,0.06240299214129308,0.014009881303477453,-0.011954918636009533,0.0,0.0,5.000000000000002,0.05277515501243146,0.00095526040680044,-0.010382031838753261,0.0,0.0,1.7763568394002505e-15,-0.009627837128861616,-0.013054620896677013,0.0015728867972562722,0.6605044004897034,-0.3984185192011888,2.8122115771168157,-0.019853107656666192,-0.9607061038777721,0.2761672300344287,0.019526831373160046,0.8851298176565129,0.6022487978045817,-0.8063037406459254,-2.28240343244089,-3.0710819381232626,0.28962386798643197
545,1.6349999999999778,1.1704598240968112,1.2545301993440758,0.9301795558597732,1.6448304206993423,1.2033487885382241,1.286769232231078,0.945453670528011,1.5644283087026893,1.2033487885382241,1.286769232231078,0.945453670528011,1.5644283087026893,0.0,0.0,5.0,0.0630580489592304,0.015001995311823025,-0.011980818601302496,0.0,0.0,5.000000000000002,0.053555419448182456,0.0019763958461398168,-0.010535926228012985,0.0,0.0,1.7763568394002505e-15,-0.009502629511047939,-0.013025599465683208,0.0014448923732895119,0.6631579466383719,-0.39661288341637946,2.809756380798382,-0.021750460259457725,-0.9604192398390424,0.2765944773882288,0.024845448352380235,0.8845153828895201,0.6018785949364452,-0.8183987728112424,-2.1926639506622996,-3.066499710495289,0.2807613688572409
546,1.6379999999999777,1.16935580500604,1.2507058955244879,0.9307834667686712,1.6491548327008037,1.2003202285660992,1.2846963633144919,0.9436718365343366,1.5713115715850745,1.2003202285660992,1.2846963633144919,0.9436718365343366,1.5713115715850745,0.0,0.0,5.0,0.06370212754136834,0.015987659893894928,-0.01199582184675868,0.0,0.0,5.000000000000003,0.05432636003023451,0.0029966816238819888,-0.010680238046986958,0.0,0.0,2.6645352591003757e-15,-0.009375767511133823,-0.01299097827001294,0.0013155837997717232,0.6658092367726244,-0.3948083823052231,2.807264925327676,-0.023518664938815277,-0.96010888762023,0.2770032015984068,0.030116816172585794,0.8837633780841423,0.6015003703854566,-0.8304851569020532,-2.1019071811067325,-3.0601813715553368,0.2717783900600455
547,1.6409999999999776,1.1684230823397919,1.2467446611202626,0.9315797601028982,1.6532524964370483,1.1974331411954346,1.2824884632320004,0.9420723240684151,1.5780060715041522,1.1974331411954346,1.2824884632320004,0.9420723240684151,1.5780060715041522,0.0,0.0,5.0,0.06433511575536753,0.016966451307989443,-0.011999914726719315,0.0,0.0,5.000000000000002,0.05508784253991712,0.004015679114513213,-0.010814836042084545,0.0,0.0,1.7763568394002505e-15,-0.009247273215450408,-0.01295077219347623,0.0011850786846347699,0.6684578643556023,-0.3930050314360028,2.80473724065552,-0.025156938560151398,-0.9597764473602668,0.27739418646568637,0.03533786708088528,0.882875860992617,0.6011169564067699,-0.8425615573851886,-2.010151595496094,-3.052133916403129,0.2626829897346791
548,1.6439999999999775,1.167662494603648,1.2426477615603075,0.9325677214412327,1.6571220223948129,1.1946903304875298,1.2801449182806703,0.9406564096934076,1.5845083415383945,1.1946903304875298,1.2801449182806703,0.9406564096934076,1.5845083415383945,0.0,0.0,5.0,0.06495690339969168,0.0179379487672093,-0.011993093518653606,0.0,0.0,5.000000000000002,0.05583973440518464,0.0050329502463601905,-0.01093959779457191,0.0,0.0,1.7763568394002505e-15,-0.009117168994507041,-0.012904998520849111,0.0010534957240816954,0.6711034292907923,-0.39120283791644783,2.8021733605057237,-0.02666453363672353,-0.9594233231432718,0.27776822858277306,0.040505565600863984,0.8818549783966699,0.6007311731849854,-0.8546267165988509,-1.9174156431075056,-3.0423652464035795,0.25348332839016724
549,1.6469999999999774,1.1670747118970084,1.2384166150011877,0.9337464738848451,1.6607621992169608,1.1920944537192164,1.2776652578311887,0.9394252185503297,1.5908150698992674,1.1920944537192164,1.2776652578311887,0.9394252185503297,1.5908150698992674,0.0,0.0,5.0,0.06556738222279339,0.01890173462036124,-0.011975364426544406,0.0,0.0,5.000000000000002,0.056581904723696536,0.006048057689919201,-0.01105440983191365,0.0,0.0,1.7763568394002505e-15,-0.008985477499096853,-0.01285367693044204,0.000920954594630756,0.6737455381815745,-0.3894018004325333,2.799573322140073,-0.02804073748486872,-0.95905091969194,0.27812613692074645,0.04561690959382761,0.8807029635940753,0.6003458279715094,-0.8666794552169083,-1.8237177448603525,-3.030884159382569,0.24418766148290344
550,1.6499999999999773,1.1666602356053737,1.234052791737093,0.9351149785531053,1.6641719941044302,1.1896480192497287,1.275049155520943,0.9383797230510211,1.5969231021783095,1.1896480192497287,1.275049155520943,0.9383797230510211,1.5969231021783095,0.0,0.0,5.0,0.06616644594196046,0.01985739453150716,-0.011946743575245632,0.0,0.0,5.000000000000003,0.05731422428560744,0.007060565045865899,-0.011159167730977533,0.0,0.0,2.6645352591003757e-15,-0.008852221656353021,-0.012796829485641262,0.0007875758442680986,0.676383804583246,-0.38760190928960675,2.796937166122484,-0.02928487136196654,-0.9586606390138,0.27846873239606623,0.05066893123694442,0.8794221338905154,0.5999637143088485,-0.8787186725297115,-1.7290762879750752,-3.017700339098523,0.2348043319084401
551,1.6529999999999772,1.1664193982457212,1.2295580134638384,0.9366720352270639,1.6673505530633772,1.1873533845250106,1.272296430311663,0.9375207417080285,1.6028294434553003,1.1873533845250106,1.272296430311663,0.9375207417080285,1.6028294434553003,0.0,0.0,5.0,0.06675399026181932,0.02080451765808835,-0.011907256995816464,0.0,0.0,5.000000000000003,0.05803656559606192,0.008070037032665497,-0.01125377621300886,0.0,0.0,2.6645352591003757e-15,-0.008717424665757395,-0.012734480625422852,0.0006534807828076031,0.6790178492475621,-0.38580314645558267,2.7942649360828624,-0.0303962895910276,-0.9582538770048792,0.27879684741798777,0.05565869791872638,0.8780148881053839,0.5995876113413566,-0.8907433465405016,-1.6335096212086448,-3.0028243440080815,0.22534176241372064
552,1.655999999999977,1.1663523634649329,1.224934152397326,0.9384162831402103,1.670297200997534,1.1852127542210937,1.2694070474103956,0.9368489381026489,1.608531260265864,1.1852127542210937,1.2694070474103956,0.9368489381026489,1.608531260265864,0.0,0.0,5.0,0.0673299128924928,0.021742696827548914,-0.011856940601845754,0.0,0.0,5.000000000000002,0.058748802897391345,0.00907603967370238,-0.011338149230287746,0.0,0.0,1.7763568394002505e-15,-0.008581109995101449,-0.012666657153846534,0.0005187913715580077,0.6816473003598621,-0.384005485605948,2.791556678481232,-0.03137437867589852,-0.9578320200153566,0.2791113254161756,0.06058331305259769,0.8764837040999871,0.5992202832115578,-0.9027525338767879,-1.5370360506699015,-2.986267595344877,0.21580844793665785
553,1.658999999999977,1.1664591261911017,1.220183230246998,0.9403462019159613,1.6730114416459414,1.1832281785280525,1.2663811190527068,0.9363648199922567,1.614025882426986,1.1832281785280525,1.2663811190527068,0.9363648199922567,1.614025882426986,0.0,0.0,5.0,0.06789411356740833,0.022671528712380484,-0.011795840156788116,0.0,0.0,5.000000000000002,0.05945081219100748,0.010078140483848336,-0.011412210044390761,0.0,0.0,1.7763568394002505e-15,-0.008443301376400855,-0.012593388228532149,0.0003836301123973547,0.6842717937688713,-0.38220889217032566,2.788812442372683,-0.032218556411156736,-0.9573964413818233,0.2794130203482913,0.06543991680960501,0.8748311363363767,0.5988644785407746,-0.9147453695163767,-1.4396738362161154,-2.9680423645312106,0.20621294788002437
554,1.6619999999999768,1.1667395129374074,1.2153074170450173,0.9424601126512117,1.6754929573663657,1.18140155157591,1.2632189051471396,0.9360687385579073,1.619310804719045,1.18140155157591,1.2632189051471396,0.9360687385579073,1.619310804719045,0.0,0.0,5.0,0.06844649406075416,0.023590614003515507,-0.011724011232341442,0.0,0.0,5.000000000000002,0.06014247125899083,0.011075908655390293,-0.011475891295985516,0.0,0.0,1.7763568394002505e-15,-0.00830402280176333,-0.012514705348125214,0.0002481199363559266,0.6868909732092956,-0.3804133233803485,2.786032279173699,-0.03292827099084028,-0.956948497930793,0.2797027961873227,0.07022568677162574,0.8730598134747922,0.598522929992393,-0.9267210663280184,-1.3414411884303752,-2.9481617599430576,0.19656387832668273
555,1.6649999999999767,1.1671931822580797,1.2103090298319659,0.9447561791451334,1.6777416087648236,1.1797346100037474,1.2599208137800737,0.9359608877930876,1.6243836884230933,1.1797346100037474,1.2599208137800737,0.9359608877930876,1.6243836884230933,0.0,0.0,5.0,0.06898695820458017,0.024499557581991387,-0.011641519157903641,0.0,0.0,5.000000000000002,0.06082365968536793,0.012068915243235973,-0.01152913506609498,0.0,0.0,1.7763568394002505e-15,-0.008163298519212242,-0.012430642338755415,0.00011238409180866146,0.6895044905173479,-0.3786187283186014,2.7832162424304183,-0.03350300012021875,-0.9564895264581308,0.27998152638841256,0.07493783850672929,0.8711724360174061,0.5981983539157012,-0.9386789144269116,-1.2423562661776224,-2.9266397130495063,0.18686990420323712
556,1.6679999999999766,1.167819625355905,1.2051905312000257,0.9472324092722725,1.6797574341717998,1.1782289316731311,1.2564874015802696,0.9360413040343514,1.6292423627122496,1.1782289316731311,1.2564874015802696,0.9360413040343514,1.6292423627122496,0.0,0.0,5.0,0.06951541190554043,0.025397968688814263,-0.011548438961154699,0.0,0.0,5.000000000000002,0.061494258877076005,0.013056733349320046,-0.011571892928775543,0.0,0.0,1.7763568394002505e-15,-0.008021153028464428,-0.012341235339494216,-2.345396762084423e-05,0.692112005839365,-0.37682504796839783,2.7803643875893815,-0.03394225013486124,-0.9560208401890786,0.28025009333493467,0.0795736260686382,0.8691717740057441,0.5978934500678484,-0.9506182803455633,-1.1424371747354036,-2.9034909639483026,0.17713973139923359
557,1.6709999999999765,1.168618166840521,1.1999545276947443,0.9498866564988819,1.681540648965855,1.1768859345268492,1.2529193739425077,0.9363098656344477,1.6338848258961973,1.1768859345268492,1.2529193739425077,0.9363098656344477,1.6338848258961973,0.0,0.0,5.0,0.0700317631612747,0.02628546109294745,-0.011444855299817938,0.0,0.0,5.000000000000002,0.0621541520846091,0.014038938306128804,-0.011604125995161127,0.0,0.0,1.7763568394002505e-15,-0.007877611076665597,-0.012246522786818648,-0.00015927069534318883,0.6947131878337015,-0.3750322152641646,2.7774767717713194,-0.03424555513129567,-0.9555437252235676,0.2805093877635573,0.08413034242252321,0.8670606647788088,0.5976109014110773,-0.9625386060207446,-1.0417019644936871,-2.878731046319755,0.16738209884907837
558,1.6739999999999764,1.1695879656366335,1.1946037680765929,0.9527166215412772,1.6830916447454964,1.175706875593809,1.249217585109855,0.9367662927784239,1.6383092465179139,1.175706875593809,1.249217585109855,0.9367662927784239,1.6383092465179139,0.0,0.0,5.0,0.07053592207642569,0.027161653257354874,-0.011330862384662656,0.0,0.0,5.000000000000002,0.06280322442234437,0.01501510785926738,-0.011625804948833043,0.0,0.0,1.7763568394002505e-15,-0.007732697654081314,-0.012146545398087495,-0.0002949425641703869,0.6973077138660971,-0.3732401551422186,2.774553453548527,-0.0344124761135813,-0.9550594369715061,0.280760308168026,0.08860531979964406,0.8648420107985585,0.5973533739820015,-0.9744394075975135,-0.9401686302163891,-2.8523762718217447,0.15760577058387518
559,1.6769999999999763,1.170728016041193,1.1891411414436845,0.9557198541648688,1.6844109883502565,1.1746928501408243,1.2453830381142355,0.93741014744305,1.6425139643018922,1.1746928501408243,1.2453830381142355,0.93741014744305,1.6425139643018922,0.0,0.0,5.0,0.07102780087828965,0.028026168503024945,-0.01120656389381815,0.0,0.0,5.000000000000002,0.06344136288854312,0.01598482234898825,-0.011636910072483804,0.0,0.0,1.7763568394002505e-15,-0.007586437989746536,-0.012041346154036695,-0.0004303461786656533,0.6998952701987441,-0.37144878459173064,2.7715944927263725,-0.03444260016013217,-0.9545691965827364,0.28100376018139,0.0929959299836193,0.8625187775489874,0.5971235168293185,-0.9863202740514838,-0.8378551108555918,-2.8244437139490794,0.1478195277604129
560,1.6799999999999762,1.1720371489283614,1.1835696752171065,0.9588937551224068,1.6854994207321274,1.1738447909718772,1.2414168845750977,0.9382408334997835,1.6464974909532437,1.1738447909718772,1.2414168845750977,0.9382408334997835,1.6464974909532437,0.0,0.0,5.0,0.07150731393209732,0.0288786351709069,-0.011072072878476962,0.0,0.0,5.000000000000002,0.06406845638502397,0.016947664890605216,-0.011637431265850214,0.0,0.0,1.7763568394002505e-15,-0.007438857547073352,-0.011930970280301684,-0.0005653583873732517,0.7024755521732879,-0.3696580127056827,2.7685999501294805,-0.034335539615133984,-0.9540741873763428,0.28124065593639197,0.09729958453136887,0.8600939915146307,0.5969239620159743,-0.9981808656307232,-0.734779289907804,-2.794951191380853,0.13803216067455262
561,1.682999999999976,1.1735140331010312,1.1778925329905299,0.9622355782298577,1.686357855678584,1.1731634678753162,1.2373204243561147,0.9392575969613611,1.65025851080721,1.1731634678753162,1.2373204243561147,0.9392575969613611,1.65025851080721,0.0,0.0,5.0,0.0719743777559228,0.029718686781688115,-0.01092751166007335,0.0,0.0,5.000000000000002,0.06468439573650504,0.01790322155371403,-0.011627368054899709,0.0,0.0,1.7763568394002505e-15,-0.0072899820194177595,-0.011815465227974085,-0.0006998563948263595,0.7050482643880195,-0.3678677407316384,2.765569887393124,-0.034090931308890245,-0.9535755512739851,0.28147191340373345,0.10151373493202477,0.8575707382438581,0.5967573246814295,-1.010020912118839,-0.630958996300038,-2.7639172508398717,0.12825246076627975
562,1.685999999999976,1.1751571767875102,1.1721130122457621,0.9657424325781514,1.6869873783885794,1.1726494872193125,1.233095105079975,0.9404595263719713,1.6537958813287432,1.1726494872193125,1.233095105079975,0.9404595263719713,1.6537958813287432,0.0,0.0,5.0,0.07242891103521736,0.030545962193346154,-0.010773011719030199,0.0,0.0,5.000000000000002,0.06528907370961097,0.018851081540142714,-0.011606729592261514,0.0,0.0,1.7763568394002505e-15,-0.007139837325606385,-0.01169488065320344,-0.0008337178732313148,0.707613120869525,-0.3660778621221605,2.762504366760361,-0.033708435811415596,-0.9530743852419254,0.28169845570792784,0.10563587270734513,0.8549521605018497,0.5966262031593188,-1.0218402109209874,-0.5264120057919416,-2.731361149488564,0.11848921262369377
563,1.6889999999999759,1.1769649292818085,1.16623454193617,0.9694112848789997,1.6873892439030245,1.172303291695762,1.2287425215014598,0.9418455533408326,1.6571086334619471,1.172303291695762,1.2287425215014598,0.9418455533408326,1.6571086334619471,0.0,0.0,5.0,0.07287083463696625,0.031360105756404764,-0.010608713575175776,0.0,0.0,5.000000000000002,0.06588238503154169,0.0197908373605558,-0.01157553464890218,0.0,0.0,1.7763568394002505e-15,-0.006988449605424565,-0.011569268395848965,-0.0009668210737264048,0.7101698452390779,-0.36428826258472413,2.759403450885437,-0.03318773672356522,-0.9525717377463936,0.28192121042044793,0.10966352945739538,0.852241456517647,0.5965331791454433,-1.0336386249746865,-0.4211560428787411,-2.6973028368861316,0.108751185993208
564,1.6919999999999757,1.1789354827259417,1.1602606799399142,0.9732389619427596,1.6875648753913886,1.1721251602126934,1.2242644147391286,0.9434144532188694,1.6601959718293104,1.1721251602126934,1.2242644147391286,0.9434144532188694,1.6601959718293104,0.0,0.0,5.0,0.07330007162346551,0.03216076746682947,-0.010434766659939006,0.0,0.0,5.000000000000002,0.06646422640840059,0.02072208500963578,-0.011533811597053148,0.0,0.0,1.7763568394002505e-15,-0.006835845215064917,-0.011438682457193691,-0.001099044937114142,0.7127181708740653,-0.36249882013099205,2.7562672026439743,-0.03252854000994847,-0.9520686052269293,0.28214110882987675,0.11359427685547627,0.8494418783291556,0.5964808179106976,-1.045416080487463,-0.31520878317832524,-2.66176293653195,0.099047127803228
565,1.6949999999999756,1.1810668740323942,1.1541951103851313,0.977222153286287,1.6875158622961905,1.1721152079350972,1.2196626713660694,0.9451648459180447,1.6630572747807908,1.1721152079350972,1.2196626713660694,0.9451648459180447,1.6630572747807908,0.0,0.0,5.0,0.07371654726571653,0.03294760311649541,-0.010251329180439549,0.0,0.0,5.000000000000002,0.06703449654317738,0.021644424139766902,-0.011481598384405774,0.0,0.0,1.7763568394002505e-15,-0.0066820507225391484,-0.011303178976728508,-0.001230269203966225,0.7152578410647537,-0.36070940512533245,2.753095684950464,-0.03173057337782391,-0.9515659285923196,0.2823590851887712,0.11742572659648141,0.8465567302294401,0.5964716685531992,-1.0571725645034875,-0.20858785628444565,-2.6247627270205216,0.08938575420856334
566,1.6979999999999755,1.183356986944911,1.148041640849268,0.9813574138685516,1.687243958337273,1.17227338647397,1.2149393223602996,0.9470951968727829,1.6656920942929498,1.17227338647397,1.2149393223602996,0.9470951968727829,1.6656920942929498,0.0,0.0,5.0,0.07412018905643628,0.03372027444116476,-0.010058567975596152,0.0,0.0,5.000000000000002,0.06759309615338374,0.02255745823314631,-0.011418942499597441,0.0,0.0,1.7763568394002505e-15,-0.006527092903052534,-0.011162816208018449,-0.0013603745240012895,0.717788609166705,-0.35891988033248173,2.7498889605835597,-0.030793585706109725,-0.9510645897437358,0.2825760759369508,0.12115553030305586,0.843589367317099,0.5965082642835714,-1.0689081223014698,-0.10131084906669838,-2.586324122833468,0.07977574266281014
567,1.7009999999999754,1.185803554235525,1.1418041994349384,0.9856411669516585,1.6867510793778788,1.1725994842232246,1.210096541915532,0.9492038181427782,1.6681001557184676,1.1725994842232246,1.210096541915532,0.9492038181427782,1.6681001557184676,0.0,0.0,5.0,0.07451092672268048,0.03447844926590755,-0.009856658364384482,0.0,0.0,5.000000000000002,0.06813992798833819,0.023460794772248925,-0.01134590092901995,0.0,0.0,1.7763568394002505e-15,-0.006370998734342284,-0.011017654493658623,-0.0014892425646354686,0.7203102387491638,-0.35713010096427067,2.746647092019681,-0.029717346528570568,-0.9505654081296581,0.28279301890093134,0.12478137939410205,0.8405431941529371,0.596593122737021,-1.080622854626197,0.006604690603267169,-2.5464696547942594,0.07022572402591534
568,1.7039999999999753,1.188404160035732,1.1354868317247426,0.9900697070848672,1.68603930115466,1.1730931268439846,1.2051366461131539,0.9514888696563627,1.6702813573865016,1.1730931268439846,1.2051366461131539,0.9514888696563627,1.6702813573865016,0.0,0.0,5.0,0.07488869223807813,0.03522180164790541,-0.00964578398638201,0.0,0.0,5.000000000000003,0.06867489684609696,0.024354045408572583,-0.011262540104989623,0.0,0.0,2.6645352591003757e-15,-0.006213795391981178,-0.010867756239332824,-0.001616756118607612,0.7228225037397374,-0.355339914725354,2.7433701412754123,-0.028501645575157,-0.9500691373371617,0.28301085246923013,0.12830100492033944,0.8374216635245711,0.5967287463055565,-1.0923169147561915,0.11514124972102809,-2.5052224502115212,0.060744274714100585
569,1.7069999999999752,1.191156242299493,1.1290936976176313,0.9946392032089963,1.685110856873881,1.1737537778956593,1.2000620914563882,0.95394836059347,1.6722357700544854,1.1737537778956593,1.2000620914563882,0.95394836059347,1.6722357700544854,0.0,0.0,5.0,0.07525341983467455,0.03595001201657542,-0.009426136634745312,0.0,0.0,5.0000000000000036,0.06919790959002864,0.0252368261295908,-0.011168935845326161,0.0,0.0,3.552713678800501e-15,-0.006055510244645915,-0.010713185886984618,-0.0017427992105808494,0.7253251885656975,-0.35354916185790375,2.740058169759182,-0.02714629237537881,-0.9495764617241284,0.28323051474327987,0.1317121773717679,0.8342282753200072,0.5969176224834092,-1.1039905054100614,0.22428134563695803,-2.4626062127368886,0.051339908899288494
570,1.709999999999975,1.1940570953957048,1.122629068049518,0.9993457018785762,1.6839681346762034,1.1745807396130468,1.194875473267748,0.9565801509071091,1.673963636212099,1.1745807396130468,1.194875473267748,0.9565801509071091,1.673963636212099,0.0,0.0,5.0,0.0756050460143815,0.0366627673109557,-0.009197916081771557,0.0,0.0,5.000000000000003,0.06970887516502887,0.026108757423841347,-0.011065173284395373,0.0,0.0,2.6645352591003757e-15,-0.005896170849352636,-0.01055400988711435,-0.001867257202623816,0.7278180882922294,-0.3517576751852484,2.7367112381326995,-0.025651115927487457,-0.9490879930969328,0.2834529426637037,0.13501270646201421,0.8309665755106223,0.5971622242184516,-1.1156438754941957,0.33400752118589483,-2.418645201963462,0.04202107076512547
571,1.712999999999975,1.19710387282764,1.1160973216009062,1.0041851305989347,1.6826136749725218,1.1755731538285963,1.1895795239510045,0.9593819529821331,1.6754653692382693,1.1755731538285963,1.1895795239510045,0.9593819529821331,1.6754653692382693,0.0,0.0,5.0,0.07594350956003201,0.03735976111429122,-0.008961329897202755,0.0,0.0,5.0000000000000036,0.07020770461337278,0.02696946444408016,-0.010951346795678163,0.0,0.0,3.552713678800501e-15,-0.005735804946659234,-0.01039029667021106,-0.0019900168984754076,0.7303010087579594,-0.349965280154462,2.733329406182616,-0.024015964437126683,-0.9486042674381512,0.28367907111171753,0.13820044089465272,0.8276401552433629,0.5974650102621494,-1.1272773166945442,0.4443023394836322,-2.3733642127910124,0.03279612682664537
572,1.7159999999999749,1.2002935900767135,1.109502940994469,1.0091533012753418,1.681050167653479,1.1767300030388204,1.1841771111190318,0.9623513334299578,1.6767415524121931,1.1767300030388204,1.1841771111190318,0.9623513334299578,1.6767415524121931,0.0,0.0,5.0,0.076268751546038,0.038040693785764045,-0.008716593259438361,0.0,0.0,5.0000000000000036,0.07069431109020238,0.027818577168429864,-0.010827559905936701,0.0,0.0,3.552713678800501e-15,-0.005574440455835619,-0.01022211661733418,-0.00211096664649834,0.7327737667080835,-0.34817179487793093,2.72991273270287,-0.022240705128983355,-0.9481257416888283,0.2839098319854481,0.14127326811668714,0.8242526500413493,0.5978284255103464,-1.1388911599152942,0.5551483784158181,-2.3267885545840774,0.02367335832056077
573,1.7189999999999748,1.203623127567893,1.1028505094855614,1.0142459137711934,1.6792804491753563,1.1780501116137265,1.1786712355890059,0.9654857150177656,1.677792937779505,1.1780501116137265,1.1786712355890059,0.9654857150177656,1.677792937779505,0.0,0.0,5.0,0.07658071534864928,0.03870527258930978,-0.008463928759827453,0.0,0.0,5.000000000000003,0.071168609878646,0.02865573055945382,-0.010693925201055277,0.0,0.0,2.6645352591003757e-15,-0.005412105470003287,-0.01004954202985596,-0.002229996441227823,0.7352361899254178,-0.34637703017395005,2.726461275388168,-0.020325224134833463,-0.9476527905898465,0.28414615325097503,0.14422911406445896,0.8208077391114378,0.5982549013269528,-1.1504857715673384,0.666528224845598,-2.2789440301491406,0.014660953673103555
574,1.7219999999999747,1.2070892337538819,1.0961447071487873,1.019458559572157,1.6773074995251784,1.179532147148001,1.1730650292465643,0.9687823787306015,1.678620444874836,1.179532147148001,1.1730650292465643,0.9687823787306015,1.678620444874836,0.0,0.0,5.0,0.07687934665581145,0.03935321181946688,-0.008203566200218854,0.0,0.0,5.0000000000000036,0.07163051840456712,0.029480564721087246,-0.010550564223641971,0.0,0.0,3.552713678800501e-15,-0.005248828251244328,-0.009872647098379636,-0.002346998023423117,0.7376881173596878,-0.34458078960642285,2.7229750907390393,-0.018269426461230892,-0.9471857035869334,0.28438895796793373,0.14706594290731004,0.8173091447566565,0.5987468558424015,-1.1620615497095046,0.7784244685670111,-2.229856914557046,0.005767001052264888
575,1.7249999999999746,1.2106885283151627,1.0893903070638276,1.0247867255530645,1.6751344390679461,1.1811746219525572,1.167361752780652,0.9722384659646468,1.6792251593021468,1.1811746219525572,1.167361752780652,0.9722384659646468,1.6792251593021468,0.0,0.0,5.0,0.07716459347662148,0.03998423292420224,-0.00793574238395317,0.0,0.0,5.000000000000003,0.07207995625094052,0.03029272505335845,-0.010397607362483914,0.0,0.0,2.6645352591003757e-15,-0.005084637225680963,-0.009691507870843788,-0.0024618649785307437,0.7401293992553601,-0.34278286952376724,2.7194542339789027,-0.016073236039928995,-0.9467246818038625,0.28463916328954414,0.14978175679437017,0.8137606318907824,0.5993066942185434,-1.1736189200456004,0.8908196960317479,-2.17955393383676,-0.00300051898878783
576,1.7279999999999744,1.2144175054728454,1.0825921714038462,1.0302257978442575,1.6727645252790535,1.1829758946849345,1.161564793290903,0.9758509808498355,1.67960833117433,1.1829758946849345,1.161564793290903,0.9758509808498355,1.67960833117433,0.0,0.0,5.0,0.07743640615037926,0.040598064624662214,-0.0076607009004869345,0.0,0.0,5.0000000000000036,0.0725168451718526,0.031091862404832818,-0.010235193733956947,0.0,0.0,3.552713678800501e-15,-0.004919560978526666,-0.009506202219829396,-0.002574492833470013,0.7425598972783152,-0.3409830590971528,2.7158987589835615,-0.01373659586395764,-0.946269835088402,0.2848976794369645,0.15237459560986805,0.8101660076516821,0.5999368088714789,-1.1851583317804144,1.0036964838773716,-2.1280622435665277,-0.011633740770427992
577,1.7309999999999743,1.218272537411187,1.0757552474298357,1.0357710657939985,1.6702011493649833,1.1849341721169022,1.1556776617695264,0.979616792699857,1.6797713734137174,1.1849341721169022,1.1556776617695264,0.979616792699857,1.6797713734137174,0.0,0.0,5.0,0.07769473735523334,0.041194443031796216,-0.007378691903844487,0.0,0.0,5.000000000000003,0.07294110910612364,0.03187763322271461,-0.010063471055497264,0.0,0.0,2.6645352591003757e-15,-0.004753628249109701,-0.009316809809081603,-0.002684779151652777,0.7449794846416433,-0.33918114035822183,2.712308718223548,-0.011259468212100842,-0.9458211791355912,0.2851654086479061,0.15484253674237228,0.8065291211093867,0.6006395796436655,-1.1966802533379093,1.1170373922855212,-2.0754094073883653,-0.0201249206408174
578,1.7339999999999742,1.2222498778065436,1.0688845633944357,1.0414177260234676,1.667447832775555,1.1870475110375127,1.1497039904597794,0.9835326385874724,1.6797158599152386,1.1870475110375127,1.1497039904597794,0.9835326385874724,1.6797158599152386,0.0,0.0,5.0,0.07793954211641954,0.041773111759804464,-0.007089971885099647,0.0,0.0,5.0000000000000036,0.07335267419054996,0.03264969970054189,-0.009882595511250487,0.0,0.0,3.552713678800501e-15,-0.004586867925869584,-0.009123412059262571,-0.0027926236261508405,0.747388046230836,-0.3373768882364723,2.708684162719713,-0.008641834964333158,-0.9453786326929374,0.2854432440994867,0.15718369487336015,0.8028538630642201,0.6014173739165054,-1.2081851679449445,1.230824958198942,-2.0216233754717168,-0.0284664440191758
579,1.7369999999999741,1.2263456654594402,1.061985224358767,1.0471608865707793,1.6645082236110154,1.1893138202897156,1.1436475300932305,0.9875951260429544,1.679443523574103,1.1893138202897156,1.1436475300932305,0.9875951260429544,1.679443523574103,0.0,0.0,5.0,0.07817077781409094,0.04233382203635897,-0.006794803439093401,0.0,0.0,5.0000000000000036,0.07375146877276338,0.033407729923411136,-0.009692731610019954,0.0,0.0,3.552713678800501e-15,-0.004419309041327563,-0.008926092112947835,-0.0028979281709265534,0.7497854787286249,-0.33557007059650884,2.7050251420124614,-0.005883698010576025,-0.9449420148521577,0.2857320688053454,0.1593962217904854,0.7991441659296512,0.6022725466544999,-1.2196735690839846,1.3450416884264234,-1.9667324629519485,-0.03665083232166786
580,1.739999999999974,1.2305559280262952,1.0550624079259476,1.0529955711203631,1.661386092927398,1.1917308629385315,1.1375121470081258,0.991800735873348,1.6789562541799978,1.1917308629385315,1.1375121470081258,0.991800735873348,1.6789562541799978,0.0,0.0,5.0,0.07838840419073792,0.04287633280955211,-0.006493455025600316,0.0,0.0,5.0000000000000036,0.07413742342370555,0.03415139801066888,-0.009494052035643658,0.0,0.0,3.552713678800501e-15,-0.00425098076703237,-0.008724934798883227,-0.003000597010043342,0.7521716907397066,-0.333760448275393,2.7013317041450065,-0.002985079754928896,-0.9445110424321105,0.28603275448709203,0.16147830623087106,0.7954040036938876,0.6032074403719611,-1.2311459558183757,1.4596700526648685,-1.9107653283691937,-0.04467074976360548
581,1.742999999999974,1.2348765858473345,1.0481213598950396,1.0589167233139767,1.6580853309436512,1.1942962585686656,1.1313018201512894,0.9961458251001346,1.6782560961799133,1.1942962585686656,1.1313018201512894,0.9961458251001346,1.6782560961799133,0.0,0.0,5.0,0.0785923833581968,0.043400410851525545,-0.006186200725160655,0.0,0.0,5.0000000000000036,0.07451047094971548,0.0348803842560093,-0.00928673748993604,0.0,0.0,3.552713678800501e-15,-0.004081912408481311,-0.008520026595516247,-0.0031005367647753846,0.7545466029155673,-0.3319477751203534,2.697603895661025,5.397628268582868e-05,-0.9440853274576041,0.2863461604202173,0.16342817375969115,0.7916373919535873,0.6042243850131952,-1.2426028279939179,1.5746924764677932,-1.853750952132839,-0.05251901003177861
582,1.7459999999999738,1.2393034558671019,1.0411673898392166,1.0649192111395516,1.6546099431541303,1.1970074857093256,1.1250206379660888,1.0006266300127742,1.6773452463118146,1.1970074857093256,1.1250206379660888,1.0006266300127742,1.6773452463118146,0.0,0.0,5.0,0.07878267980424614,0.04390583085873654,-0.005873319989800397,0.0,0.0,5.0000000000000036,0.07487054640422773,0.03559437526491745,-0.00907097652833705,0.0,0.0,3.552713678800501e-15,-0.0039121334000184055,-0.008311455593819093,-0.003197656538536652,0.7569101480796046,-0.3301317980271423,2.693841761617063,0.0032334047657503018,-0.9436643747388008,0.2866731322546502,0.16524408668922447,0.7878483880124176,0.6053256977370245,-1.2540446813206239,1.690091334189507,-1.795718615036751,-0.06018858282084767
583,1.7489999999999737,1.2438322556438393,1.03420586661208,1.070997831393974,1.6509640463501092,1.1998618843838933,1.118672795169113,1.005239269335492,1.6762260511115046,1.1998618843838933,1.118672795169113,1.005239269335492,1.6762260511115046,0.0,0.0,5.0,0.0789592603987893,0.04439237554881659,-0.005555097388865604,0.0,0.0,5.0000000000000036,0.07521758709907927,0.036293064089399,-0.00884696538841849,0.0,0.0,3.552713678800501e-15,-0.0037416732997100216,-0.008099311459417585,-0.003291867999552886,0.7592622713527142,-0.32831225697935285,2.690045345610047,0.006553117739771815,-0.9432475795559792,0.2870145008102093,0.1669243440434648,0.7840410910365596,0.6065136825964829,-1.2654720023387374,1.8058489419341388,-1.7366978768500567,-0.06767260022784863
584,1.7519999999999736,1.2484586074440525,1.0272422137860384,1.0771473142158507,1.6471518645540602,1.2028566587819947,1.112262589418314,1.0099797475045686,1.6749010042951256,1.2028566587819947,1.112262589418314,1.0099797475045686,1.6749010042951256,0.0,0.0,5.0,0.07912209439962224,0.044859835753982266,-0.005231822350202898,0.0,0.0,5.0000000000000036,0.07555153261542376,0.03697615035993855,-0.008614907811403144,0.0,0.0,3.552713678800501e-15,-0.003570561784198484,-0.007883685394043716,-0.0033830854612002465,0.76160293027949,-0.3264888850890393,2.686214689820227,0.010013003729060718,-0.9428342254544599,0.28737108084726715,0.16846728157325724,0.7802196422586246,0.6077906301045212,-1.2768852632732846,1.9219475505384478,-1.6767185550080461,-0.07496436299899607
585,1.7549999999999735,1.2531780424183936,1.0202819050268221,1.0833623276842492,1.6431777248705364,1.205988880051394,1.105794417875458,1.0148439580532944,1.6733727440198567,1.205988880051394,1.105794417875458,1.0148439580532944,1.6733727440198567,0.0,0.0,5.0,0.07927115345778583,0.0453080105109571,-0.004903788896920696,0.0,0.0,5.0000000000000036,0.07587232481424983,0.03764334041462991,-0.008375014856859396,0.0,0.0,3.552713678800501e-15,-0.0033988286435360088,-0.007664670096327188,-0.0034712259599387002,0.7639320949551525,-0.32466140863900955,2.682349835069882,0.013612926730682444,-0.9424234821545516,0.28774366981301414,0.1698712718267954,0.7763882252208292,0.6091588166765802,-1.288284916781665,2.0383693386171036,-1.615810703427451,-0.0820573466231021
586,1.7579999999999734,1.2579860048549838,1.0133304594081833,1.089637482479311,1.6390460532575246,1.2092554892070422,1.0992727736658463,1.0198276871016396,1.671644050025475,1.2092554892070422,1.0992727736658463,1.0198276871016396,1.671644050025475,0.0,0.0,5.0,0.0794064116225011,0.04573670714736707,-0.00457129537997117,0.0,0.0,5.000000000000003,0.07617990784650312,0.038294347425422606,-0.008127504710739586,0.0,0.0,2.6645352591003757e-15,-0.0032265037759979798,-0.007442359721944465,-0.0035562093307684155,0.7662497481532955,-0.3228295471271867,2.678450820898085,0.0173527251048619,-0.9420144035814186,0.28813304656378946,0.17113472428016402,0.7725510660476672,0.6106205039409427,-1.2996713905990376,2.155096405698741,-1.5540045914700107,-0.08894520726606914
587,1.7609999999999733,1.2628778565061896,1.006393436670955,1.0959673366006086,1.6347613702222463,1.2126533001544992,1.092702242238349,1.0249266169476046,1.66971784065955,1.2126533001544992,1.092702242238349,1.0249266169476046,1.66971784065955,0.0,0.0,5.0,0.07952784534568735,0.04614574136457105,-0.004234644206795983,0.0,0.0,5.000000000000003,0.07647422816280959,0.038928891521430656,-0.007872602486936928,0.0,0.0,2.6645352591003757e-15,-0.003053617182877763,-0.007216849843140395,-0.0036379582801409445,0.7685558854545086,-0.32099301331346314,2.6745176856518253,0.021232210361388577,-0.9416059260198287,0.28853997006402665,0.17225608553244368,0.7687124337377169,0.6121779379078545,-1.3110450820865367,2.272110765480663,-1.4913306830779174,-0.0956217875410566
588,1.7639999999999731,1.2678488809848856,0.9994764324306575,1.1023464001390344,1.6303282864454247,1.216179002824849,1.0860874976289014,1.0301363297571102,1.6675971697891423,1.216179002824849,1.0860874976289014,1.0301363297571102,1.6675971697891423,0.0,0.0,5.0,0.07963543348606175,0.046534937316891754,-0.0038941415662823824,0.0,0.0,5.0000000000000036,0.07675523452279795,0.03954669990925022,-0.007610540022541273,0.0,0.0,3.552713678800501e-15,-0.0028801989632638025,-0.006988237407641533,-0.003716398456258891,0.7708505153758995,-0.3191515132694976,2.6705504665937623,0.025251165841849457,-0.9411968663987893,0.28896517806244904,0.17323383956970836,0.764876640463639,0.6138333479885189,-1.3224063526876664,2.389394339229544,-1.4278196161043064,-0.10208112210907479
589,1.766999999999973,1.2728942882260126,0.9925850733379278,1.1087691400979724,1.6257514983380892,1.2198291664181313,1.0794332986306956,1.0354523113492011,1.6652852236019748,1.2198291664181313,1.0794332986306956,1.0354523113492011,1.6652852236019748,0.0,0.0,5.0,0.07972915731282001,0.046904127687212326,-0.0035500971502804243,0.0,0.0,5.000000000000003,0.07702287800402095,0.04014750699023491,-0.007341555666980075,0.0,0.0,2.6645352591003757e-15,-0.0027062793087990616,-0.006756620696977418,-0.0037914585166996507,0.7731336595015061,-0.31730474643193196,2.6665492000268665,0.02940934529780395,-0.940785920711135,0.28940938574624114,0.17406650810204574,0.76104804186885,0.615588945855209,-1.3337555222985542,2.5069289493548967,-1.3635021818615796,-0.1083174431049113
590,1.769999999999973,1.2780092190094117,0.9857250121960539,1.115229985259461,1.621035783535076,1.2236002427522146,1.072744484874398,1.0408699550732423,1.662785317300148,1.2236002427522146,1.072744484874398,1.0408699550732423,1.662785317300148,0.0,0.0,5.0,0.07980900050889736,0.04725315375890716,-0.003202823871933806,0.0,0.0,5.000000000000003,0.07727711201047222,0.04073105447467776,-0.007065894065236333,0.0,0.0,2.6645352591003757e-15,-0.0025318884984251444,-0.0065220992842294,-0.0038630701933025273,0.7754053526135526,-0.3154524056595302,2.662513921436192,0.033706471365310305,-0.9403716625731822,0.2898732843740186,0.17475265097751078,0.7572310373488065,0.6174469241339203,-1.3450928635581205,2.6246963131814054,-1.2984093049098968,-0.114325185383455
591,1.7729999999999728,1.2831887495396523,0.9789019230399765,1.1217233310909782,1.6161859963293956,1.2274885697139435,1.066025972821803,1.0463845657747046,1.6601008916895519,1.2274885697139435,1.066025972821803,1.0463845657747046,1.6601008916895519,0.0,0.0,5.0,0.07987494917380925,0.047581865484074615,-0.002852637581081079,0.0,0.0,5.000000000000003,0.0775178922806988,0.04129709149285102,-0.0067838059353406005,0.0,0.0,2.6645352591003757e-15,-0.002357056893110443,-0.006284773991223597,-0.0039311683542595215,0.7776656428244655,-0.3135941772947666,2.658444665647998,0.038142233936516244,-0.93995254192962,0.29035753988851914,0.17529086667668953,0.7534300703043002,0.6194094549211995,-1.3564185960646178,2.742678036945478,-1.2325720231077046,-0.12009899158164303
592,1.7759999999999727,1.2884278960786406,0.9721214961811451,1.1282435446884977,1.6112070630517197,1.231490374809302,1.0592827516764167,1.0519913638460512,1.6572355096682327,1.231490374809302,1.0592827516764167,1.0519913638460512,1.6572355096682327,0.0,0.0,5.0,0.07992699182607148,0.047890121548043424,-0.0024998567769858654,0.0,0.0,5.000000000000003,0.07774517689550668,0.04184537470285653,-0.006495547840339441,0.0,0.0,2.6645352591003757e-15,-0.002181814930564796,-0.006044746845186896,-0.003995691063353576,0.7799145917095265,-0.31172974123041547,2.6543414670064216,0.04271628842933767,-0.9395268839088514,0.2908627915100441,0.17567979289129915,0.7496496283536567,0.6214786881170299,-1.3677328805254358,2.860855610040603,-1.1660214679456775,-0.12563371699143133
593,1.7789999999999726,1.2937216196267305,0.9653894332226498,1.1347849697513552,1.606103977399266,1.2356017788092535,1.052519879214552,1.0576854893591534,1.6541928526170437,1.2356017788092535,1.052519879214552,1.0576854893591534,1.6541928526170437,0.0,0.0,5.0,0.07996511940519903,0.04817778943012427,-0.0021448023186574233,0.0,0.0,5.000000000000003,0.07795892628525918,0.042375668395239166,-0.006201381954947828,0.0,0.0,2.6645352591003757e-15,-0.002006193119939853,-0.005802121034885102,-0.004056579636290405,0.7821522744399972,-0.3098587709817176,2.650204359567879,0.04742825395656761,-0.9390928878340516,0.2913896503117875,0.17591810718998444,0.7458942434902389,0.6236567495659467,-1.3790358128475322,2.9792103995352033,-1.0987888451849173,-0.13092443423935154
594,1.7819999999999725,1.29906483064801,0.958711442049085,1.1413419315844973,1.6008817957184096,1.2398187994878218,1.0457424775405815,1.0634620062755924,1.650976716696007,1.2398187994878218,1.0457424775405815,1.0634620062755924,1.650976716696007,0.0,0.0,5.0,0.07998932527328348,0.04844474546058142,-0.001787797133024785,0.0,0.0,5.000000000000003,0.07815910323676549,0.04288774459431961,-0.005901575827097612,0.0,0.0,2.6645352591003757e-15,-0.0018302220365179894,-0.005557000866261805,-0.004113778694072827,0.7843787799165108,-0.30798093376472097,2.64603337731335,0.05227771139608338,-0.938648626395245,0.29193869777830384,0.17600452777418998,0.7421684921712007,0.6259457389988784,-1.390327418176356,3.097723644985788,-1.0309054158197,-0.1359664377684008
595,1.7849999999999724,1.304452393835367,0.9520932317956423,1.1479087421236165,1.5955456322453778,1.2441373554489117,1.0389557287700792,1.0693159067311235,1.6475910090498882,1.2441373554489117,1.0389557287700792,1.0693159067311235,1.6475910090498882,0.0,0.0,5.0,0.07999960521614863,0.04869087487379861,-0.0014291659212305077,0.0,0.0,5.000000000000003,0.0783456728997597,0.04338138315620209,-0.005596402134598978,0.0,0.0,2.6645352591003757e-15,-0.0016539323163889258,-0.005309491717596523,-0.00416723621336847,0.7865942109024798,-0.30609589058141523,2.641828554378675,0.057264201364152334,-0.9381920449877447,0.29251048434848625,0.1759378143266914,0.7384769953229996,0.6283477277685806,-1.4016076448916708,3.2163764535672064,-0.962402477384484,-0.1407552481181864
596,1.7879999999999723,1.3098791329109953,0.9455405078009194,1.15447970497866,1.5901006543094276,1.2485532700382789,1.0321648706446465,1.0752421153905145,1.6440397439265628,1.2485532700382789,1.0321648706446465,1.0752421153905145,1.6440397439265628,0.0,0.0,5.0,0.07999595744408425,0.04891607185761751,-0.0010692348633103378,0.0,0.0,5.000000000000003,0.0785186027929681,0.043856371863415206,-0.00528613843713624,0.0,0.0,2.6645352591003757e-15,-0.0014773546511161473,-0.005059699994202305,-0.004216903573825902,0.7887986841572262,-0.3042032963122994,2.637589925302967,0.06238722209417556,-0.9377209612223226,0.29310552794454353,0.17571676895505892,0.7348244182487799,0.6308647563719452,-1.4128763585692536,3.3351497955407954,-0.8933113456242576,-0.1452866159994334
597,1.7909999999999722,1.3153398354578623,0.9390589665480085,1.1610491204912057,1.5845520775029283,1.2530622753369896,1.0253751920822856,1.0812354938688968,1.6403270387118307,1.2530622753369896,1.0253751920822856,1.0812354938688968,1.6403270387118307,0.0,0.0,5.0,0.07997838259215759,0.04912023959882656,-0.0007083313215280097,0.0,0.0,5.000000000000003,0.07867786280976378,0.044312506516145225,-0.0049710669238234514,0.0,0.0,2.6645352591003757e-15,-0.0013005197823938025,-0.0048077330826813355,-0.004262735602295442,0.7909923305684933,-0.30230279981704067,2.6333175252952126,0.06764622722355386,-0.9372330646125043,0.2937243124885943,0.17534023723200257,0.7312154704223699,0.6334988317529211,-1.4241333359180584,3.4540245000801377,-0.8236633365466732,-0.14955652615914797
598,1.793999999999972,1.3208292577777236,0.9326542905983692,1.1676112908011163,1.5789051608227922,1.2576600162326401,1.018592028667248,1.0872908452157104,1.636457109884404,1.2576600162326401,1.018592028667248,1.0872908452157104,1.636457109884404,0.0,0.0,5.0,0.07994688372010282,0.04930329032478179,-0.00034678354263479206,0.0,0.0,5.000000000000003,0.07882342522340857,0.04474959102002263,-0.004651474156549526,0.0,0.0,2.6645352591003757e-15,-0.001123458496694249,-0.004553699304759164,-0.004304690613914734,0.7931752952839533,-0.3003940440438998,2.6290113905191035,0.07304062349171088,-0.9367259164443905,0.29436728640862214,0.17480710933421087,0.7276549051533089,0.6362519243802929,-1.4353782587030681,3.572981251473019,-0.7534897488737298,-0.15356120103292104
599,1.796999999999972,1.3263421297712137,0.9263321435230858,1.1741605249179738,1.5731652017877287,1.2623420545645372,1.0118207580833458,1.093402918457256,1.6324342688948634,1.2623420545645372,1.0118207580833458,1.093402918457256,1.6324342688948634,0.0,0.0,5.0,0.07990146631178843,0.04946514534114042,1.507964067563271e-05,0.0,0.0,5.000000000000003,0.07895526469187987,0.045167437470423635,-0.004327650809346238,0.0,0.0,2.6645352591003757e-15,-0.0009462016199085627,-0.004297707870716781,-0.004342730450021871,0.7953477378412743,-0.29847666614861446,2.624671558396109,0.07856976835266401,-0.9361969498344118,0.2950348611356681,0.17411632128094456,0.7241475191070297,0.6391259650951154,-1.446610707664737,3.692000585717017,-0.6828218469100517,-0.15729710418105033
600,1.7999999999999718,1.3318731598355054,0.9200981648360362,1.1806911437926535,1.5673375315358076,1.267103873338975,1.0050667954947679,1.0995664131938196,1.6282629179724402,1.267103873338975,1.0050667954947679,1.0995664131938196,1.6282629179724402,0.0,0.0,5.0,0.07984213827426234,0.049605735065692005,0.0003769291088447846,0.0,0.0,5.000000000000003,0.07907335826228278,0.04556586623325172,-0.003999891404016201,0.0,0.0,2.6645352591003757e-15,-0.0007687800119795668,-0.004039868832440285,-0.0043768205128609855,0.7975098322962666,-0.2965502976234448,2.620298067926769,0.08423296750589376,-0.9356434699804115,0.295727409594272,0.17326685627328475,0.7206981516640801,0.6421228417232099,-1.4578301564466254,3.8110628875249812,-0.61169084384408,-0.16076094350535677
601,1.8029999999999717,1.3374170397750653,0.9139579649335765,1.1871974853845457,1.561427509906814,1.2719408810106894,0.9983355888784986,1.1057759842472727,1.623947545863542,1.2719408810106894,0.9983355888784986,1.1057759842472727,1.623947545863542,0.0,0.0,5.0,0.07976890993637549,0.049724999058272074,0.0007384357547883364,0.0,0.0,5.000000000000003,0.07917768537484601,0.04594470602216269,-0.003668494042261182,0.0,0.0,2.6645352591003757e-15,-0.000591224561529477,-0.0037802930361093834,-0.004406929797049519,0.7996617673485727,-0.2946145644370985,2.6158909600301383,0.09002947234962634,-0.9350626546114267,0.2964452646883077,0.17225774613456005,0.7173116841020678,0.6452443954487804,-1.4690359655435652,3.9301483877553953,-0.5401278854977145,-0.16394967424376675
602,1.8059999999999716,1.3429684497209868,0.9079171200452865,1.1936739097197964,1.5554405205139323,1.2768484158265077,0.9916326143124848,1.1120262463550097,1.6194927235060008,1.2768484158265077,0.9916326143124848,1.1120262463550097,1.6194927235060008,0.0,0.0,5.0,0.07968179404698346,0.04982288604674578,0.0010992707832235056,0.0,0.0,5.000000000000003,0.07926822786650141,0.04630379397220179,-0.0033337601345545254,0.0,0.0,2.6645352591003757e-15,-0.00041356618048205007,-0.0035190920745439905,-0.004433030917778031,0.8018037464643244,-0.2926690871862607,2.611450277901288,0.09595847736101157,-0.9344515546415014,0.2971887177844985,0.17108807285209238,0.7139930385838671,0.6484924169459242,-1.4802273762834515,4.049237161281396,-0.4681640345391474,-0.1668605017399382
603,1.8089999999999715,1.3485220630544084,0.9019811672003439,1.200114803936021,1.5493819658092283,1.281821750227163,0.9849633712237386,1.1183117789060328,1.6149030996430687,1.281821750227163,0.9849633712237386,1.1183117789060328,1.6149030996430687,0.0,0.0,5.0,0.07958080577272698,0.049899353949049874,0.0014591060097129014,0.0,0.0,5.0000000000000036,0.07934496997404604,0.04664297570982,-0.0029959941260041673,0.0,0.0,3.552713678800501e-15,-0.0002358357986809445,-0.0032563782392298762,-0.004455100135717069,0.803935987995131,-0.290713481259464,2.6069760673867184,0.10201911740804795,-0.9338070950328087,0.29795801719603754,0.1697569702200049,0.7107471769355331,0.6518686422655683,-1.4914035048565446,4.1683091253109295,-0.3958302551727842,-0.169490883985411
604,1.8119999999999714,1.3540725513294805,0.8961555992140999,1.2065145873089436,1.5432572621474776,1.2868560953031907,0.9783333776006119,1.1246271307149576,1.6101833963812429,1.2868560953031907,0.9783333776006119,1.1246271307149576,1.6101833963812429,0.0,0.0,5.0,0.07946596269539154,0.049954369891284066,0.0018176141591527554,0.0,0.0,5.0000000000000036,0.0794078983368864,0.04696210541923977,-0.002655503219455596,0.0,0.0,3.552713678800501e-15,-5.80643585051388e-05,-0.002992264472044294,-0.004473117378608352,0.806058725292723,-0.2887473570140354,2.6024683773774973,0.10821046499847838,-0.9331260758732872,0.29875336666887703,0.1682636255824306,0.7075790991973363,0.655374748476191,-1.5025633364069715,4.2873440381692225,-0.3231573983193005,-0.17183853393196954
605,1.8149999999999713,1.3596145891914118,0.8904458596993718,1.212867716256398,1.5370718348528207,1.2919466053007804,0.9717481651735103,1.130966824829667,1.6053384046960453,1.2919466053007804,0.9717481651735103,1.130966824829667,1.6053384046960453,0.0,0.0,5.0,0.07933728480884633,0.0499879102218436,0.002174469163434315,0.0,0.0,5.000000000000003,0.07945700199936485,0.04726104590514214,-0.0023125970960866174,0.0,0.0,2.6645352591003757e-15,0.00011971719051852292,-0.002726864316701459,-0.004487066259520932,0.8081722068185171,-0.28677031996686275,2.5979272602198913,0.11453152747125207,-0.9324051736739082,0.29957492387339374,0.1666072816760444,0.704493841931357,0.6590123490575583,-1.5137057192019407,4.406321498553442,-0.2501761872979804,-0.17390142157211416
606,1.8179999999999712,1.3651428592850574,0.8848573381070084,1.219168689315177,1.530831113292761,1.2970883821734136,0.9652132745683505,1.1373253633683185,1.6003729798899202,1.2970883821734136,0.9652132745683505,1.1373253633683185,1.6003729798899202,0.0,0.0,5.0,0.07919479451556342,0.049999960521587276,0.002529346458007034,0.0,0.0,5.000000000000003,0.07949227241266647,0.04753966865164745,-0.0019675876337480747,0.0,0.0,2.6645352591003757e-15,0.00029747789710304895,-0.002460291869939825,-0.004496934091755108,0.8102766962473246,-0.2847819709997198,2.593352772143206,0.12098124413652099,-0.9316409428905722,0.3004227989042775,0.16478723857042057,0.7014964762691741,0.6627829890476418,-1.5248293588950275,4.52522094526809,-0.17691720402256744,-0.17567777578574828
607,1.820999999999971,1.370652057149616,0.8793953648002057,1.2254120520862068,1.5245405259639744,1.3022764801750806,0.9587342504370961,1.1436972323813666,1.5952920370064594,1.3022764801750806,0.9587342504370961,1.1436972323813666,1.5952920370064594,0.0,0.0,5.0,0.07903851662271753,0.0499905156100362,0.0028819232770746763,0.0,0.0,5.000000000000003,0.07951370343630772,0.047797853877564925,-0.0016207886233066265,0.0,0.0,2.6645352591003757e-15,0.0004751868135901838,-0.0021926617324712766,-0.004502711900381303,0.8123724725643746,-0.28278190657988816,2.588744973704504,0.12755848337050985,-0.9308298176755099,0.30129705279162894,0.16280285570428515,0.6985921056833468,0.6666881399438749,-1.5359328129007341,4.644021657448332,-0.10341087572089867,-0.1771660859514036
608,1.823999999999971,1.3761368960949205,0.8740652061670762,1.2315924021435865,1.5182054955944175,1.3075059104908355,0.9523166365697294,1.1500769067342453,1.5901005462051923,1.3075059104908355,0.9523166365697294,1.1500769067342453,1.5901005462051923,0.0,0.0,5.0,0.07886847833786723,0.04995957954760097,0.003231878947155223,0.0,0.0,5.000000000000003,0.07952129133920532,0.04803549058788725,-0.0012725154832476104,0.0,0.0,2.6645352591003757e-15,0.0006528130013380984,-0.0019240889597137156,-0.004504394430402833,0.8144598301547745,-0.2807697189968053,2.5841039302498086,0.1342620396719683,-0.9299681138628976,0.3021976960263937,0.16065355401529827,0.695785863466625,0.6707291943609541,-1.547014484898392,4.762702755277162,-0.029687462187631755,-0.17836510332053576
609,1.8269999999999709,1.381592112054921,0.8688720597759021,1.237704393903008,1.5118314342661723,1.3127716459004184,0.9459659709920434,1.1564588550063288,1.5848035281012118,1.3127716459004184,0.9459659709920434,1.1564588550063288,1.5848035281012118,0.0,0.0,5.0,0.07868470926421801,0.04990716563383606,0.0035788951787378274,0.0,0.0,5.000000000000002,0.0795150348003258,0.048252476621507875,-0.0009230849727976179,0.0,0.0,1.7763568394002505e-15,0.0008303255361077899,-0.001654689012328188,-0.004501980151535445,0.816539078884484,-0.2787449966154598,2.5794297123913554,0.1410906306872799,-0.9290520311932223,0.3031246871033944,0.15833881816055753,0.6930829099031405,0.6749074604484958,-1.558072619484325,4.881243201200902,0.04422295642163755,-0.1792738421536413
610,1.8299999999999708,1.3870124684138905,0.8638210495774987,1.2437427434451573,1.5054237385634544,1.3180686254706468,0.9396877810536532,1.1628375444017691,1.5794060490739332,1.3180686254706468,0.9396877810536532,1.1628375444017691,1.5794060490739332,0.0,0.0,5.0,0.07848724139546874,0.04983329640172229,0.003922656355771475,0.0,0.0,5.000000000000002,0.07949493490891579,0.048448718695140225,-0.0005728149038275523,0.0,0.0,1.7763568394002505e-15,0.0010076935134470527,-0.0013845777065820686,-0.004495471259599027,0.8186105441718327,-0.27670732414724075,2.574722396500379,0.14804289421166353,-0.9280776557807233,0.3040779310853588,0.15585819882456814,0.6904884291162308,0.6792241560730253,-1.5691052969920536,4.999621801646284,0.1182904912475954,-0.1798915806171628
611,1.8329999999999707,1.3923927608010256,0.8589172211590772,1.2497022332897172,1.4989877847501818,1.3233917592722548,0.9334875785106418,1.1692074456677999,1.5739132165493062,1.3233917592722548,0.9334875785106418,1.1692074456677999,1.5739132165493062,0.0,0.0,5.0,0.07827610911024127,0.04973800360797978,0.004262849822722302,0.0,0.0,5.000000000000003,0.07946099516431196,0.04862413244342095,-0.00022202385179839745,0.0,0.0,2.6645352591003757e-15,0.0011848860540706885,-0.0011138711645588273,-0.004484873674520699,0.8206745670485668,-0.2746562829389308,2.5699820652148757,0.15511738517425946,-0.9270409628280067,0.30505727819147,0.15321131511097377,0.688007625578027,0.6836804027699929,-1.5801104285011605,5.11781720924097,0.19248545582953325,-0.1802178614403669
612,1.8359999999999705,1.3977278218489986,0.8541655370539263,1.2555777171155973,1.4925289239814816,1.3287359331168438,0.9273708546072635,1.1755630380160773,1.568330174259818,1.3287359331168438,0.9273708546072635,1.1755630380160773,1.568330174259818,0.0,0.0,5.0,0.07805134916609555,0.0496213282194156,0.00459916616893787,0.0,0.0,5.000000000000003,0.07941322147533209,0.048778642455178794,0.0001289691339875984,0.0,0.0,2.6645352591003757e-15,0.0013618723092365392,-0.0008426857642368085,-0.004470197034950271,0.8227315042093664,-0.27259145128051243,2.565208807961707,0.1623125726152406,-0.9259378195916678,0.3060625224140957,0.15039785701389047,0.6856457202665154,0.6882772194727849,-1.5910857510562677,5.235807925538085,0.266778376647636,-0.18025249233159543
613,1.8389999999999704,1.4030125259122228,0.8495708721112201,1.2613641244231308,1.48605247755343,1.334096013309591,0.9213430751611384,1.1818988140426314,1.5626620974866416,1.334096013309591,0.9213430751611384,1.1818988140426314,1.5626620974866416,0.0,0.0,5.0,0.07781300069313007,0.049483320395311975,0.004931299510060592,0.0,0.0,5.000000000000003,0.0793516221592463,0.04891218230585437,0.00047984482056662864,0.0,0.0,2.6645352591003757e-15,0.001538621466116219,-0.0005711380894576068,-0.004451454689493963,0.8247817280487357,-0.2705124047324314,2.560402721492352,0.16962683666343067,-0.9247639886024683,0.3070934001674714,0.14741758796423113,0.6834079464564468,0.693015516027027,-1.6020288231183815,5.353572304244047,0.34114000310115555,-0.1799955461535144
614,1.8419999999999703,1.4082417937404974,0.8451380089301934,1.267056465133961,1.479563732195352,1.3394668514133516,0.9154096756563687,1.1882092846419885,1.5569141882882938,1.3394668514133516,0.9154096756563687,1.1882092846419885,1.5569141882882938,0.0,0.0,5.0,0.07756110518716937,0.04932403946586252,0.005258947766233732,0.0,0.0,5.000000000000002,0.07927620794032884,0.0490246945860562,0.0008302840816601653,0.0,0.0,1.7763568394002505e-15,0.0017151027531594754,-0.000299344879806325,-0.0044286636845735665,0.8268256266841294,-0.2684187164729318,2.555563910431537,0.17705846552324153,-0.9235151311432976,0.3081495889722321,0.14427034744595357,0.6812995451312298,0.6978960864998538,-1.6129370202716347,5.471088554947667,0.41554131691951696,-0.1794473608571981
615,1.8449999999999702,1.413410597103806,0.8408716333628679,1.272649834124434,1.473067935408897,1.344843289019786,0.9095760563490082,1.1944889839110366,1.5510916707201718,1.344843289019786,0.9095760563490082,1.1944889839110366,1.5510916707201718,0.0,0.0,5.0,0.0772957065025399,0.04914355390666596,0.005581812936847164,0.0,0.0,5.000000000000003,0.07918699194799128,0.04911613092624145,0.0011799681879246376,0.0,0.0,2.6645352591003757e-15,0.0018912854454513767,-2.742298042450464e-05,-0.004401844748922527,0.8288636039641408,-0.2663099576660461,2.5506924878379094,0.18460565248006097,-0.9221868109877966,0.30923070617979614,0.14095605367671232,0.6793257600038125,0.7029196022952429,-1.6238075312091969,5.588334747347275,0.48995354100453514,-0.1786085391751117
616,1.84799999999997,1.418513963364087,0.8367763300894735,1.2781394156883525,1.466570290858089,1.3502201625231383,0.9038475773893133,1.2007324740382046,1.5451997860493463,1.3502201625231383,0.9038475773893133,1.2007324740382046,1.5451997860493463,0.0,0.0,5.0,0.0770168508444349,0.04894194130928821,0.005899601371573195,0.0,0.0,5.000000000000003,0.07908398971449665,0.04918645201750993,0.0015285790968402393,0.0,0.0,2.6645352591003757e-15,0.002067138870061755,0.0002445107082217207,-0.004371022274732956,0.8308960794605473,-0.2641856978507821,2.5457885757758407,0.1922664929335299,-0.9207744984021476,0.3103363077407072,0.13747470634694348,0.6774918321355178,0.7080866050879883,-1.634637354022815,5.705288815971343,0.5643481477030345,-0.1774799480732683
617,1.85099999999997,1.423546979989836,0.8328565782706394,1.2835204879250093,1.4600759538145174,1.3555923078922967,0.8982295539651872,1.2069343501735375,1.5392437879689813,1.3555923078922967,0.8982295539651872,1.2069343501735375,1.5392437879689813,0.0,0.0,5.0,0.07672458676087038,0.04871928834790529,0.006212024037445358,0.0,0.0,5.000000000000003,0.07896721917225534,0.04923562762850346,0.001875799741974979,0.0,0.0,2.6645352591003757e-15,0.002242632411384962,0.0005163392805981742,-0.004336224295470379,0.8329234884429759,-0.26204550535201093,2.5408523058973773,0.20003898146843932,-0.9192735744121163,0.3114658870211387,0.1338263894109641,0.6758029941428754,0.713397499590394,-1.6454232928210866,5.821928565386928,0.6386968665103296,-0.17606271796306094
618,1.85399999999997,1.4285047990094448,0.8291167472803473,1.2887884270484886,1.4535900266617203,1.3609545654367672,0.8927272514712219,1.213089245275265,1.5332289378167487,1.3609545654367672,0.8927272514712219,1.213089245275265,1.5332289378167487,0.0,0.0,5.0,0.07641896513423296,0.0484756907420418,0.006518796781738036,0.0,0.0,5.000000000000003,0.07883670065070289,0.04926363661840247,0.002221314321360926,0.0,0.0,2.6645352591003757e-15,0.0024177355164699266,0.0007879458763606698,-0.00429748246037711,0.8349462818349269,-0.25988894771350896,2.5358838200332707,0.20792100897325366,-0.9176793353369946,0.31261887367184776,0.1300112739232269,0.6742644639836705,0.7188525461673222,-1.6561619547021462,5.938231675889033,0.7129716912061814,-0.17435824167348607
619,1.8569999999999698,1.4333826413992905,0.8255610925236092,1.293938711614285,1.4471175544628183,1.366301784562209,0.8873458807077211,1.2191918349284756,1.5271604998015973,1.366301784562209,0.8873458807077211,1.2191918349284756,1.5271604998015973,0.0,0.0,5.0,0.07610003917242131,0.04821125321542053,0.00681964059040725,0.0,0.0,5.0000000000000036,0.07869245687276098,0.049270466946014294,0.002564808584720496,0.0,0.0,3.552713678800501e-15,0.0025924177003396748,0.0010592137305937624,-0.004254832005686754,0.8369649261498711,-0.25771559215355855,2.53088327079195,0.21591035981652607,-0.9159869975916138,0.3137946325539466,0.12602962091243433,0.6728814383147202,0.7244518533168092,-1.6668497471069563,6.054175709662859,0.7871448864260039,-0.17236817318469203
620,1.8599999999999697,1.4381758014025676,0.8221937513427271,1.2989669266593593,1.4406635205953493,1.371628828511186,0.8820905931140663,1.2252368421315292,1.5210437362432216,1.371628828511186,0.8820905931140663,1.2252368421315292,1.5210437362432216,0.0,0.0,5.0,0.075767864399583,0.04792608945094154,0.007114281841857787,0.0,0.0,5.000000000000003,0.07853451295088121,0.049256115674949835,0.002905970119281405,0.0,0.0,2.6645352591003757e-15,0.002766648551298212,0.001330026224008296,-0.004208311722576382,0.838979903406117,-0.25552500604345335,2.5258508221652107,0.22400470909170886,-0.9141917027570899,0.314992462725924,0.12188178428579031,0.6716590854152918,0.7301953700350727,-1.677482875579819,6.169738117409822,0.8611889936712585,-0.17009442612400685
621,1.8629999999999696,1.4428796507750272,0.8190187390159318,1.3038687677518328,1.434232842457214,1.3769305790848092,0.8769664760407615,1.2312190420458733,1.514883902828559,1.3769305790848092,0.8769664760407615,1.2312190420458733,1.514883902828559,0.0,0.0,5.0,0.07542249864644758,0.04762032204180898,0.007402452555805769,0.0,0.0,5.0000000000000036,0.07836289638267335,0.049220588974886154,0.0032444886339204337,0.0,0.0,3.552713678800501e-15,0.002940397736225772,0.001600266933077174,-0.004157963921885335,0.8409917110191317,-0.2533167574091943,2.5207866501393217,0.2322016199410809,-0.912288522920425,0.31621159649640646,0.11756821375524917,0.6706025376715866,0.7360828780863593,-1.68805734196307,6.284896245427118,0.9350768367641582,-0.16753917202581084
622,1.8659999999999695,1.4474896429537545,0.8160399448521094,1.308640044946599,1.427830367247542,1.3822019413409676,0.8719785480644653,1.2371332667049473,1.508686243889623,1.3822019413409676,0.8719785480644653,1.2371332667049473,1.508686243889623,0.0,0.0,5.0,0.07506400204025881,0.04729408243882798,0.007683890637010569,0.0,0.0,5.0000000000000036,0.07817763704611783,0.04916390211891372,0.0035800562413773954,0.0,0.0,3.552713678800501e-15,0.003113635005859011,0.0018698196800857395,-0.004103834395633174,0.8430008616699898,-0.2510904154565951,2.515690943310162,0.24049854096970827,-0.9102724662825119,0.31745119854719217,0.11308945777721637,0.6697168836193448,0.7421139841997236,-1.6985689430531585,6.399627343129588,1.008781526752948,-0.16470483835683844
623,1.8689999999999694,1.4520013171452626,0.813261128385272,1.3132766866431966,1.4214608678262697,1.3874378482648666,0.867131754350281,1.2429744096779,1.502455987706955,1.3874378482648666,0.867131754350281,1.2429744096779,1.502455987706955,0.0,0.0,5.0,0.07469243699430639,0.04694751089389319,0.007958340113653834,0.0,0.0,5.000000000000003,0.07797876719436407,0.04908607947697076,0.0039123677382829625,0.0,0.0,2.6645352591003757e-15,0.0032863302000576827,0.002138568583077566,-0.004045972375370872,0.8450078831486199,-0.24884555111994566,2.510563903500926,0.2488928037605224,-0.9081384830334895,0.31871036513112344,0.10844616649676167,0.6690071595433589,0.7482881122164813,-1.7090132697454539,6.51390857100167,1.0822764662752116,-0.1615941063087046
624,1.8719999999999692,1.456410302329241,0.8106859156722908,1.3177747433424103,1.4151290386560609,1.3926332654076279,0.8624309620655423,1.2487374306838814,1.4961983418429512,1.3926332654076279,0.8624309620655423,1.2487374306838814,1.4961983418429512,0.0,0.0,5.0,0.07430786819705991,0.04658075639969411,0.008225551370149534,0.0,0.0,5.000000000000003,0.07776632145011551,0.04898715450536624,0.004241120882745239,0.0,0.0,2.6645352591003757e-15,0.0034584532530556045,0.002406398105672128,-0.003984430487404295,0.8470133181705235,-0.2465817376343045,2.5054057463808403,0.25738162050174584,-0.9058814714937543,0.3199881233493794,0.1036390946870276,0.6684783406345353,0.7546044952137199,-1.7193857066951432,6.627717008966226,1.1555353533877954,-0.15820990835966361
625,1.8749999999999691,1.4607123211743263,0.8083177956973655,1.3221303912980986,1.4088394918302116,1.3977831954887288,0.8578809558492866,1.2544173601527058,1.4899184885092815,1.3977831954887288,0.8578809558492866,1.2544173601527058,1.4899184885092815,0.0,0.0,5.0,0.07391036260090712,0.046193976625662096,0.008485281374172733,0.0,0.0,5.000000000000003,0.07754033679960179,0.048867169732397214,0.004566016669243,0.0,0.0,2.6645352591003757e-15,0.003629974198694666,0.002673193106735118,-0.003919264704929733,0.8490177241656448,-0.24429855113141183,2.500216702083276,0.265962081738008,-0.903496284518274,0.3212834305127778,0.09866910467415349,0.6681353317071016,0.7610621676308919,-1.7296814325214807,6.741029665156186,1.228532184873084,-0.15455542560781907
626,1.877999999999969,1.4649031938624562,0.8061601168866077,1.326339936060906,1.402596753190033,1.4028826829581076,0.8534864333415677,1.260009303727737,1.4836215799725907,1.4028826829581076,0.8534864333415677,1.260009303727737,1.4836215799725907,0.0,0.0,5.0,0.07349998941049725,0.045787337850187786,0.008737293897700827,0.0,0.0,5.000000000000003,0.07730085258613938,0.04872617674006523,0.004886759600575295,0.0,0.0,2.6645352591003757e-15,0.0038008631756421274,0.0029388388898774417,-0.0038505342971255317,0.8510216730380866,-0.24199557125912743,2.4949970158215287,0.27463115425657864,-0.900977736161146,0.3225951735916603,0.09353716923769233,0.6679829574806195,0.7676599574281279,-1.739895420582412,6.853823485074036,1.3012412590324922,-0.1506340848782089
627,1.880999999999969,1.4689788418183283,0.8042160837359882,1.3303998159105481,1.396405258535138,1.4079268185137905,0.8492520007767038,1.2655084467068867,1.477312734002622,1.4079268185137905,0.8492520007767038,1.2655084467068867,1.477312734002622,0.0,0.0,5.0,0.07307682007069304,0.04536101488913711,0.008981359731866296,0.0,0.0,5.000000000000003,0.0770479105032822,0.04856423614190143,0.005203057956620266,0.0,0.0,2.6645352591003757e-15,0.003971090432589169,0.0032032212527643225,-0.00377830177524603,0.8530257508953876,-0.23967238182420794,2.48974694850049,0.28338567912019974,-0.898320608596626,0.3239221687589131,0.08824437447617324,0.6680259524336324,0.7743964783064977,-1.7500224403462208,6.966075361123395,1.3736371779791596,-0.14644955560639775
628,1.8839999999999688,1.472935291340676,0.8024887535558416,1.3343066051734986,1.3902693499299899,1.4129107435709476,0.8451821686445122,1.2709100584176747,1.4709970293668684,1.4129107435709476,0.8451821686445122,1.2709100584176747,1.4709970293668684,0.0,0.0,5.0,0.07264092825413228,0.04491519102069749,0.009217256895425163,0.0,0.0,5.000000000000003,0.0767815545875629,0.04838141755690832,0.005514624059658628,0.0,0.0,2.6645352591003757e-15,0.004140626333430625,0.0034662265362108285,-0.003702632835766535,0.8550305577461017,-0.23732857145814196,2.4844667773223312,0.2922223698580149,-0.8955196592920921,0.3252631610306297,0.08279192262716105,0.6682689502380427,0.7812701220219915,-1.7600570593863105,7.077762142496155,1.445694849442908,-0.14200574650141157
629,1.8869999999999687,1.4767686771320758,0.8009810333349998,1.338057017422995,1.3841932721099324,1.4178296546783318,0.841281347423519,1.2762094965223518,1.4646795013758003,1.4178296546783318,0.841281347423519,1.2762094965223518,1.4646795013758003,0.0,0.0,5.0,0.07219238984840132,0.04445005790658524,0.009444770836652114,0.0,0.0,5.0000000000000036,0.07650183121082611,0.04817779957963016,0.0058211745360204625,0.0,0.0,3.552713678800501e-15,0.004309441362424796,0.003727741673044918,-0.0036235963006316513,0.8570367071644587,-0.23496373430566247,2.479156796384258,0.301137810826079,-0.8925696284276391,0.32661682400886516,0.07718113483088557,0.6687164727856725,0.7882790508264941,-1.7699936460245498,7.1888606453979325,1.5173894881016006,-0.13730680199104903
630,1.8899999999999686,1.4804752457242407,0.7996956767275143,1.3416479085583677,1.3781811689898809,1.4226788078781025,0.8375538433900742,1.2814022112491505,1.4583651374826754,1.4226788078781025,0.8375538433900742,1.2814022112491505,1.4583651374826754,0.0,0.0,5.0,0.0717312829428238,0.04396581550964958,0.009663694628478223,0.0,0.0,5.000000000000003,0.07620878907215531,0.04795346974636491,0.006122430573817554,0.0,0.0,2.6645352591003757e-15,0.00447750612933151,0.003987654236715335,-0.003541264054660669,0.8590448259209214,-0.2325774707354511,2.4738173172663145,0.31012845574887865,-0.8894652465561936,0.3279817597308552,0.07141345382626105,0.6693729188209084,0.795421190070456,-1.7798263726477508,7.29934766359391,1.5886966164540763,-0.13235709845280305
631,1.8929999999999685,1.4840513587956272,0.7986352811648367,1.3450762797608382,1.3722370802786992,1.4274535230050993,0.8340038545072412,1.2864837495457884,1.4520588729418737,1.4274535230050993,0.8340038545072412,1.2864837495457884,1.4520588729418737,0.0,0.0,5.0,0.07125768781486488,0.04346267200790761,0.009873829156693973,0.0,0.0,5.000000000000003,0.07590247918939434,0.04770852449753214,0.006418118176526592,0.0,0.0,2.6645352591003757e-15,0.004644791374529458,0.00424585248962453,-0.0034557109801673803,0.861055553577509,-0.2301693880724411,2.468448669607152,0.31919062645320134,-0.886201242497216,0.3293564986289782,0.06549044656789027,0.6702425521958587,0.8026942210033301,-1.789549219720822,7.409199979256527,1.659592065250862,-0.12716124023382072
632,1.8959999999999684,1.487493496378543,0.7978022850962194,1.3483392803230023,1.3663649382022376,1.4321491879216801,0.8306354663972585,1.2914497591514158,1.4457655865296484,1.4321491879216801,0.8306354663972585,1.2914497591514158,1.4457655865296484,0.0,0.0,5.0,0.07077168691615576,0.042940843705047915,0.01007498330104636,0.0,0.0,5.000000000000003,0.07558295489026541,0.04744306913621256,0.006707968412192837,0.0,0.0,2.6645352591003757e-15,0.004811267974109648,0.004502225431164644,-0.0033670148888535235,0.8630695420468101,-0.22773910135101377,2.463051201665595,0.32832051180556104,-0.8827723514562138,0.33073949960562904,0.05941380675245194,0.6713294897670481,0.8100955738091147,-1.7991559805189274,7.518394374095915,1.730051973499807,-0.12172405546352193
633,1.8989999999999683,1.4907982599528369,0.7971989653599634,1.351434210349345,1.360568564337856,1.436761262684309,0.8274526484013035,1.2962959925832729,1.4394900963311177,1.436761262684309,0.8274526484013035,1.2962959925832729,1.4394900963311177,0.0,0.0,5.0,0.07027336485813851,0.04240055493744013,0.010266974109065494,0.0,0.0,5.0000000000000036,0.07525027180308504,0.047157217782877806,0.006991717658027412,0.0,0.0,3.552713678800501e-15,0.004976906944946527,0.004756662845437673,-0.0032752564510380826,0.8650874551136761,-0.2252862340882672,2.457625280865796,0.3375141668642151,-0.879173323361431,0.3321291502270401,0.053185357242704165,0.6726376889553367,0.8176224209155207,-1.8086402665995858,7.626907640753438,1.8000527880647603,-0.11605059166268487
634,1.9019999999999682,1.493962375423481,0.796827434688061,1.3543585233252613,1.3548516665632002,1.441285283638138,0.8244592497302143,1.3010183110343927,1.4332371555972578,1.441285283638138,0.8244592497302143,1.3010183110343927,1.4332371555972578,0.0,0.0,5.0,0.06976280839733591,0.04184203797769206,0.010449626962462245,0.0,0.0,5.000000000000003,0.07490448784707887,0.04685109332632981,0.00726910784017587,0.0,0.0,2.6645352591003757e-15,0.005141679449742961,0.005009055348637749,-0.003180519122286375,0.8671099679186565,-0.22281041907641816,2.4521712943236937,0.346767512256592,-0.8753989314082001,0.333523767039939,0.046807052377204963,0.6741709349934626,0.8252716706163469,-1.8179955140340631,7.734716594438199,1.869571262876311,-0.11014611115299235
635,1.904999999999968,1.496982695979401,0.7966896393466287,1.357109828552135,1.3492178361218365,1.4457168674359058,0.8216589957097462,1.3056126881787615,1.4270114486755896,1.4457168674359058,0.8216589957097462,1.3056126881787615,1.4270114486755896,0.0,0.0,5.0,0.06924010642024718,0.04126553293479439,0.010622775735946088,0.0,0.0,5.0000000000000036,0.07454566322229876,0.04652482737086992,0.007539886668439966,0.0,0.0,3.552713678800501e-15,0.005305556802051581,0.0052592944360755345,-0.0030828890675061223,0.8691377664023215,-0.2203112991932754,2.446689649352447,0.35607633379269404,-0.8714439808005613,0.33492159601476323,0.04028098015375209,0.6759328278883602,0.8330399610475844,-1.8272149904156234,7.841798084786034,1.938584457774435,-0.10401608627121459
636,1.907999999999968,1.4998562048310786,0.7967873569144368,1.3596858934461986,1.3436705448082877,1.450051714977533,0.819055484123859,1.3100752138804352,1.4208175870181756,1.450051714977533,0.819055484123859,1.3100752138804352,1.4208175870181756,0.0,0.0,5.0,0.06870534992787289,0.040671287650897225,0.010786262948318326,0.0,0.0,5.000000000000003,0.07417386039914145,0.04617856017972191,0.007803807865739004,0.0,0.0,2.6645352591003757e-15,0.005468510471268562,0.005507272528824686,-0.002982455082579322,0.8711715467097061,-0.21778852822959968,2.4411807739444664,0.36543628232473263,-0.8673033176788503,0.3363208131189638,0.033609364274482884,0.6779267691281881,0.8409236545585769,-1.8362918026602295,7.948129007920019,2.0070697370037616,-0.09766619439238061
637,1.9109999999999678,1.5025800178245035,0.7971221942016946,1.3620846456989437,1.3382131422748609,1.4542856152668908,0.8166521816594502,1.3144020978031863,1.4146601052704753,1.4542856152668908,0.8166521816594502,1.3144020978031863,1.4146601052704753,0.0,0.0,5.0,0.06815863201987238,0.040059557594760924,0.010939939905703406,0.0,0.0,5.000000000000003,0.07378914410747295,0.04581244061473205,0.00806063139210228,0.0,0.0,2.6645352591003757e-15,0.00563051208760057,0.005752883019971129,-0.0028793085136011257,0.8732120145542065,-0.21524177173203904,2.435645117227627,0.3748428738629106,-0.862971838221062,0.33771952502372726,0.026794566040550884,0.6801559481667967,0.8489188325202117,-1.845218905613109,8.053686318691282,2.0750047673828984,-0.09110231276646555
638,1.9139999999999677,1.5051513859291992,0.7976955853111569,1.3643041752970693,1.3328488534625778,1.4584144491822792,0.8144524204558575,1.318589672917347,1.4085434574445186,1.4584144491822792,0.8144524204558575,1.318589672917347,1.4085434574445186,0.0,0.0,5.0,0.06760004787835483,0.03943060575192938,0.011083666836788035,0.0,0.0,5.000000000000002,0.0733915813253593,0.04542662607237288,0.008310123662988757,0.0,0.0,1.7763568394002505e-15,0.005791533447004477,0.005996020320443503,-0.0027735431737992786,0.87525988454037,-0.21267070786020123,2.4300831498932105,0.38429148995686857,-0.8584444979048872,0.3391157699472165,0.01983908608431114,0.6826233287211612,0.8570212906126062,-1.8539891114722176,8.15844704307859,2.142367516169988,-0.0843305131732905
639,1.9169999999999676,1.507567697598182,0.7985087898434649,1.3663427363999918,1.3275807761583636,1.462434193157245,0.8124593947623688,1.3226343989006033,1.4024720131797854,1.462434193157245,0.8124593947623688,1.3226343989006033,1.4024720131797854,0.0,0.0,5.0,0.0670296947513088,0.03878470251167109,0.011217313019945198,0.0,0.0,5.000000000000003,0.07298124126740584,0.04502128241607749,0.008552057761735413,0.0,0.0,2.6645352591003757e-15,0.005951546516097042,0.006236579904406396,-0.002665255258209785,0.8773158794451302,-0.21007502825629604,2.424495364593099,0.393777378351877,-0.8537163209164185,0.3405075186371894,0.012745565927002704,0.6853316349200861,0.8652265346350628,-1.8625951000370635,8.262388290724932,2.209136248647333,-0.07735705640049448
640,1.9199999999999675,1.509826480997788,0.7995628912485246,1.368198749073118,1.3224118786805716,1.4663409227684505,0.8106761577068797,1.326532865429587,1.3964500540950855,1.4663409227684505,0.8106761577068797,1.326532865429587,1.3964500540950855,0.0,0.0,5.0,0.06644767193567142,0.03812212555073802,0.011340756902127155,0.0,0.0,5.000000000000003,0.07255819537270695,0.04459658390493419,0.008786213645941093,0.0,0.0,2.6645352591003757e-15,0.006110523437035539,0.006474458354196175,-0.0025545432561860613,0.8793807294571659,-0.20745443892565246,2.418882276303733,0.40329565392836514,-0.8487824096906266,0.341892675495591,0.005516789350015153,0.6882833373452377,0.873529776881189,-1.8710294297885801,8.365487267589172,2.275289525448533,-0.07018838654960453
641,1.9229999999999674,1.5119254061054557,0.800858795324594,1.3698708008752012,1.3173449976947504,1.4701308162273938,0.8091056181787479,1.3302817953592092,1.3904817702346517,1.4701308162273938,0.8091056181787479,1.3302817953592092,1.3904817702346517,0.0,0.0,5.0,0.06585408076004079,0.03744315971399046,0.011453886209419705,0.0,0.0,5.000000000000003,0.07212251729240883,0.044152713118771905,0.009012378347598049,0.0,0.0,2.6645352591003757e-15,0.006268436532368041,0.0067095534047814445,-0.0024415078618216565,0.8814551713741907,-0.20480866112628648,2.413244422654325,0.412841299932847,-0.8436379545678079,0.34326907984742977,-0.0018443164320317805,0.6914806390082596,0.8819259331219955,-1.8792845498027684,8.467721288690663,2.3408061996521226,-0.06283112517537921
642,1.9259999999999673,1.5138622866736837,0.8023972288666124,1.3713576482982113,1.3123828361614962,1.4738001577728719,0.8077505378287896,1.333878047786776,1.384571256611565,1.4738001577728719,0.8077505378287896,1.333878047786776,1.384571256611565,0.0,0.0,5.0,0.06524902456703555,0.03674809689194133,0.01155659804915684,0.0,0.0,5.000000000000002,0.07167428287688712,0.04368986087966795,0.009230346166789395,0.0,0.0,1.7763568394002505e-15,0.006425258309851578,0.006941763987726619,-0.0023262518823674444,0.8835399477581218,-0.20213743226556802,2.407582364216832,0.42240916950773144,-0.8382782435493519,0.3446345073559597,-0.009334679807979336,0.6949254613103585,0.8904096202394934,-1.8873528124976817,8.569067790924626,2.405665413666202,-0.05529206526375851
643,1.9289999999999672,1.5156350820584632,0.8041787384651844,1.372658218058304,1.307527961418051,1.47734534096117,0.806613528189266,1.3373186209980281,1.3787225098515385,1.47734534096117,0.806613528189266,1.3373186209980281,1.3787225098515385,0.0,0.0,5.0,0.06463260869530249,0.03603723589527091,0.011648799003503024,0.0,0.0,5.000000000000003,0.07121357016254143,0.043208226169913044,0.009439918858775903,0.0,0.0,2.6645352591003757e-15,0.006580961467238938,0.0071709902746421375,-0.002208880144727121,0.8856358060482217,-0.19944050680190964,2.401896684755202,0.4319939875268633,-0.8326986721352803,0.3459866715858564,-0.016951084027943132,0.6986194300332967,0.8989751545527924,-1.8952264872099867,8.66950434592605,2.4698465959289675,-0.04757816505389558
644,1.931999999999967,1.5172418989106633,0.8062036894575035,1.3737716082366065,1.30278280339523,1.4807628718510617,0.8056970479166011,1.340600655292353,1.3729394249399869,1.4807628718510617,0.8056970479166011,1.340600655292353,1.3729394249399869,0.0,0.0,5.0,0.06400494046117805,0.0353108823263672,0.011730405214418052,0.0,0.0,5.0000000000000036,0.07074045935820947,0.042708016046467706,0.009640905814302402,0.0,0.0,3.552713678800501e-15,0.006735518897031417,0.007397133720100507,-0.0020894994001156506,0.8877434976324612,-0.1967176571492758,2.396187991431421,0.44159035274298875,-0.8268947532252093,0.34732322571575774,-0.024690166693320602,0.7025638614131676,0.9076165508779491,-1.9028977745938325,8.769008672959846,2.533329457450427,-0.0396965417098914
645,1.934999999999967,1.5186809927289329,0.8084722650313418,1.3746970892686359,1.2981496529710916,1.4840493720807968,0.8050034001594665,1.3437214356845208,1.3672257920752187,1.4840493720807968,0.8050034001594665,1.3437214356845208,1.3672257920752187,0.0,0.0,5.0,0.06336612914000449,0.034569348447945424,0.011801342459927035,0.0,0.0,5.0000000000000036,0.07025503283120281,0.04218944555194763,0.009833124232959484,0.0,0.0,3.552713678800501e-15,0.006888903691198323,0.007620097104002209,-0.0019682182269675514,0.8898637768775132,-0.19396867458219036,2.3904569149659274,0.4511927402526112,-0.8208621270635486,0.3486417644011785,-0.03254841948973772,0.7067597483506454,0.9163275223618188,-1.9103588218310912,8.867558651814997,2.596093988220877,-0.03165446484798666
646,1.9379999999999669,1.5199507692728544,0.8109844654831195,1.3754341047813554,1.2936306604626717,1.487201581834363,0.8045347300547592,1.3466783944804066,1.361585293630474,1.487201581834363,0.8045347300547592,1.3466783944804066,1.361585293630474,0.0,0.0,5.0,0.06271628594710517,0.033812953048805265,0.011861546221626341,0.0,0.0,5.000000000000003,0.06975737509296709,0.04165273762217586,0.010016399289443048,0.0,0.0,2.6645352591003757e-15,0.00704108914586192,0.007839784573370596,-0.001845146932183293,0.8919974001179539,-0.1911933701388036,2.384704109750013,0.46079550428294963,-0.8145965712089764,0.3499398257884474,-0.040522188173305294,0.7112077468135752,0.9251014811289138,-1.9176017386382114,8.965132335680574,2.6581204535119514,-0.023459349925098565
647,1.9409999999999668,1.5210497858351706,0.813740107630923,1.3759822722769637,1.2892278342569465,1.490216362694406,0.804293022353887,1.3494691137242705,1.3560215012274393,1.490216362694406,0.804293022353887,1.3494691137242705,1.3560215012274393,0.0,0.0,5.0,0.062055524018422785,0.03304202130678186,0.011910961743363981,0.0,0.0,5.000000000000003,0.06924757278436879,0.04109812299034167,0.010190564292560253,0.0,0.0,2.6645352591003757e-15,0.0071920487659460006,0.008056101683559809,-0.001720397450803728,0.8941451246054233,-0.1883915755194673,2.37893025390786,0.47039288130490914,-0.8080940105074848,0.3512148936799326,-0.04860767282013205,0.7159081624897704,0.9339315397787663,-1.9246186140509767,9.06170796398147,2.719389390096239,-0.015118751494715513
648,1.9439999999999666,1.5219767523720285,0.8167388243832177,1.3763413836626728,1.2849430395820822,1.4930907003793028,0.8042800991816622,1.3520913275152833,1.3505378729237545,1.4930907003793028,0.8042800991816622,1.3520913275152833,1.3505378729237545,0.0,0.0,5.0,0.0613839583908221,0.03225688464895095,0.011949544081041062,0.0,0.0,5.000000000000003,0.0687257146606112,0.04052584008780727,0.01035546083683754,0.0,0.0,2.6645352591003757e-15,0.007341756269789099,0.00826895543885632,-0.0015940832442035216,0.8963077074186724,-0.18556314397815876,2.373136049305967,0.47997899347513123,-0.8013505270475704,0.3524643998504282,-0.056800928348569854,0.7208609377497033,0.94281051376952,-1.9314015339643824,9.157263975152034,2.7798816024115163,-0.006640356336284294
649,1.9469999999999665,1.5227305324904457,0.8199800644638278,1.3765114056258587,1.2807779974198716,1.4958217073619864,0.8044976179299894,1.3545429241911,1.345137750516927,1.4958217073619864,0.8044976179299894,1.3545429241911,1.345137750516927,0.0,0.0,5.0,0.060701705982062884,0.031457880609146,0.011977258143489086,0.0,0.0,5.000000000000003,0.0681918915757824,0.03993613494160511,0.010510938946592552,0.0,0.0,2.6645352591003757e-15,0.007490185593719514,0.008478254332459113,-0.0014663191968965344,0.8984859043356136,-0.18270795120399447,2.367322221507765,0.48954785240931015,-0.7943623700754895,0.3536857265141665,-0.06509786532314596,0.7260656389803876,0.9517309247214338,-1.9379425994006638,9.251779019325733,2.839578158695736,0.00196802353566119
650,1.9499999999999664,1.5233101442920804,0.8234630922936637,1.3764924798541136,1.2767342835601434,1.4984066253682387,0.8049470692884138,1.3568219483763981,1.3398243569669523,1.4984066253682387,0.8049470692884138,1.3568219483763981,1.3398243569669523,0.0,0.0,5.0,0.06000888557044461,0.030645352682851453,0.011994078724385843,0.0,0.0,5.0000000000000036,0.06764619646703791,0.03932926106866981,0.010656857212339055,0.0,0.0,3.552713678800501e-15,0.007637310896593301,0.008683908385818357,-0.0013372215120467882,0.900680468668673,-0.17982589618997946,2.3614895196713426,0.4990933632880451,-0.7871259658478715,0.35487620894150335,-0.07349425104856863,0.731521444353131,0.9606850046716693,-1.9442339454742459,9.345231970919434,2.8984603871187997,0.010698457976272922
651,1.9529999999999663,1.5237147610728374,0.8271869880295046,1.3762849230998606,1.2728133277978007,1.5008428277522754,0.8056297754134766,1.3589266028944227,1.3346007939398281,1.5008428277522754,0.8056297754134766,1.3589266028944227,1.3346007939398281,0.0,0.0,5.0,0.05930561777412721,0.02981965017953214,0.011999990525180904,0.0,0.0,5.000000000000003,0.06708872433842045,0.03870547936684987,0.010793082919400898,0.0,0.0,2.6645352591003757e-15,0.007783106564293235,0.008885829187317732,-0.0012069076057800061,0.90289215006494,-0.176916902086052,2.3556387163882886,0.5086093292955448,-0.7796379273984219,0.3560331382238945,-0.08198571096157532,0.7372271320889728,0.9696647013091465,-1.950267761018055,9.437601941090913,2.9565098719370972,0.01954290592259867
652,1.9559999999999662,1.5239437118776695,0.8311506477600119,1.3758892270893268,1.269016413272994,1.5031278217475639,0.8065468882387041,1.360855250539697,1.3294700394740377,1.5031278217475639,0.8065468882387041,1.360855250539697,1.3294700394740377,0.0,0.0,5.0,0.058592025030132396,0.02898112807246412,0.011994988169009872,0.0,0.0,5.000000000000003,0.06651957224432006,0.03806505800274665,0.01091949216861779,0.0,0.0,2.6645352591003757e-15,0.007927547214187668,0.009083929930282529,-0.0010754960003920826,0.9051216932727995,-0.17398091703340582,2.349770607461795,0.5180894563905181,-0.7718950641949343,0.357153764185344,-0.09056773032772884,0.7431810692864884,0.9786616842153965,-1.9560363088312613,9.528868290048672,3.0137084496965536,0.02849322270667172
653,1.958999999999966,1.523996481910324,0.8353527838590318,1.375306058275833,1.2653446759548126,1.505259250590927,0.8076993879269323,1.362606415710183,1.3244349457719602,1.505259250590927,0.8076993879269323,1.362606415710183,1.3244349457719602,0.0,0.0,5.0,0.05786823157302698,0.02813014684612923,0.011979076205584707,0.0,0.0,5.000000000000002,0.06593883927257721,0.0374082722964284,0.011035969989033258,0.0,0.0,1.7763568394002505e-15,0.00807060769955023,0.009278125450299171,-0.0009431062165514495,0.9073698368769311,-0.1710179149770032,2.3438860116222826,0.5275273584075694,-0.763894391662386,0.35823529843805973,-0.09923565624955613,0.7493812013772224,0.9876673521342115,-1.9615319465041299,9.619010639193334,3.0700382055097046,0.03754116746282818
654,1.961999999999966,1.5238727127977278,0.8397919254960646,1.374536257437462,1.2617991042687458,1.507234895518116,0.8090880814665423,1.3641787858972998,1.3194982371180444,1.507234895518116,0.8090880814665423,1.3641787858972998,1.3194982371180444,0.0,0.0,5.0,0.057134363413294614,0.027267072341241667,0.011952269107055716,0.0,0.0,5.000000000000003,0.06534662652723183,0.03673540460306857,0.01114241044246244,0.0,0.0,2.6645352591003757e-15,0.008212263113937218,0.0094683322618269,-0.0008098586645932764,0.909637312003754,-0.16802789645313468,2.337985770178969,0.5369165624863832,-0.7556331405475062,0.3592749175796007,-0.1079846999916686,0.755825042274291,0.9966728412895038,-1.966747147771277,9.708008883070281,3.125481469431996,0.04667841062251449
655,1.9649999999999659,1.523572202708966,0.8444664193036808,1.373580839119332,1.2583805388680243,1.509052677629139,0.8107136014130594,1.365571213032335,1.3146625079254692,1.509052677629139,0.8107136014130594,1.365571213032335,1.3146625079254692,0.0,0.0,5.0,0.056390548315397464,0.026392275597471173,0.011914591254848905,0.0,0.0,5.000000000000003,0.06474303711092139,0.036046744191560565,0.01123871671984418,0.0,0.0,2.6645352591003757e-15,0.008352488795523923,0.009654468594089392,-0.0006758745350047245,0.9119248409995929,-0.1650108893488333,2.332070746605948,0.5462505148249153,-0.7471087660998899,0.3602697665283456,-0.11680993962770309,0.7625096652796467,1.0056690347671315,-1.9716745243402747,9.79584320111359,3.180020812962096,0.05589654148976838
656,1.9679999999999658,1.5230949063288493,0.8493744302014941,1.372440990920844,1.2550896725488156,1.510710659621769,0.8125764047774364,1.3667827146879097,1.3099302209128874,1.510710659621769,0.8125764047774364,1.3667827146879097,1.3099302209128874,0.0,0.0,5.0,0.0556369157755324,0.025506132693931923,0.011866076917490755,0.0,0.0,5.000000000000003,0.06412817610693103,0.03534258712015917,0.011324801229290325,0.0,0.0,2.6645352591003757e-15,0.008491260331398631,0.009836454426227246,-0.0005412756882004297,0.9142331360840383,-0.16196694962991562,2.326141826061533,0.5555225867517332,-0.7383189570444958,0.3612169619936519,-0.1257063230130805,0.7694316948151194,1.0146465729725551,-1.9763068481382589,9.882494069161687,3.233639045690546,0.06518707589048446
657,1.9709999999999657,1.522440934686302,0.8545139423761823,1.3711180726283834,1.2519270503091344,1.5122070473917653,0.8146767720622154,1.3678124751332916,1.3053037054127299,1.5122070473917653,0.8146767720622154,1.3678124751332916,1.3053037054127299,0.0,0.0,5.0,0.05487359699908682,0.024609024587503536,0.011806770219440535,0.0,0.0,5.000000000000002,0.0635021505608988,0.03462323610920409,0.011400585675751675,0.0,0.0,1.7763568394002505e-15,0.00862855356181199,0.010014211521700556,-0.00040618454368885996,0.9165628979811632,-0.15889616203439946,2.320199914839788,0.564726081111551,-0.7292616443201941,0.36211359607661875,-0.13466867108669664,0.7765872990416169,1.0235958651720485,-1.980637073914994,9.967942270725608,3.286319212120571,0.07454146388850559
658,1.9739999999999656,1.5216105548378223,0.8598827604168968,1.3696136151941267,1.2488930695511558,1.5135401914984756,0.8170148064466304,1.368659846242474,1.3007851558124224,1.5135401914984756,0.8170148064466304,1.368659846242474,1.3007851558124224,0.0,0.0,5.0,0.05410072487779528,0.02370133694905657,0.011736725100958464,0.0,0.0,5.000000000000002,0.0628650694621794,0.03388900041097903,0.011466001132228454,0.0,0.0,1.7763568394002505e-15,0.008764344584384125,0.010187663461922462,-0.0002707239687300099,0.9189148145314525,-0.15579864072803698,2.314245939753378,0.5738542389568971,-0.7199350095589527,0.3629567399969037,-0.1436916815037393,0.7839721834297707,1.0325071021208274,-1.9846583621367657,10.052168907991197,3.33804458868423,0.08395109756152391
659,1.9769999999999655,1.52060418940649,0.8654785106052589,1.3679293195617213,1.2459879804265321,1.5147085884946057,0.8195904331215818,1.3693243482540736,1.296376630129741,1.5147085884946057,0.8195904331215818,1.3693243482540736,1.296376630129741,0.0,0.0,5.0,0.05331843396660418,0.022783459997650524,0.011656005269046333,0.0,0.0,5.000000000000002,0.06221704372486912,0.033140195676762726,0.011520988102460342,0.0,0.0,1.7763568394002505e-15,0.008898609758264946,0.010356735679112203,-0.00013501716658599096,0.921289559287484,-0.1526745299187063,2.3082808474470733,0.5829002465377425,-0.7103374932802419,0.36374344794058977,-0.1527699326008683,0.7915815853438465,1.041370269776886,-1.9883641021015375,10.135155412537069,3.3887986809764645,0.0934073188297192
660,1.9799999999999653,1.5194224159770913,0.8712986423590241,1.3660670553397471,1.2432118863241406,1.515710882119073,0.8224033987752836,1.3698056703822343,1.292080048723411,1.515710882119073,0.8224033987752836,1.3698056703822343,1.292080048723411,0.0,0.0,5.0,0.05252686046024574,0.02185578833277755,0.011564684139505099,0.0,0.0,5.000000000000002,0.061558186168496606,0.03237714382112887,0.011565496575039191,0.0,0.0,1.7763568394002505e-15,0.009031325708250867,0.01052135548835132,8.124355340925066e-07,0.9236877900965806,-0.1495240044264226,2.302305603641467,0.5918572425798002,-0.7004678027753304,0.36447076102364667,-0.16189788769400693,0.7994102696988893,1.0501751640945687,-1.9917479352020577,10.216883555750668,3.438565221228868,0.10290142733001197
661,1.9829999999999652,1.5180659663480516,0.8773404298283443,1.3640288593240215,1.2405647444995838,1.5165458643519845,0.8254532712302473,1.3701036712778507,1.2878971931399197,1.5165458643519845,0.8254532712302473,1.3701036712778507,1.2878971931399197,0.0,0.0,5.0,0.051726142169526625,0.02091872076472134,0.011462844770162165,0.0,0.0,5.000000000000002,0.060888611498380624,0.03160017288355385,0.011599486068895028,0.0,0.0,1.7763568394002505e-15,0.009162469328853999,0.01068145211883251,0.00013664129873286295,0.9261101476738272,-0.14634727020576171,2.296321192306687,0.6007183258410959,-0.6903249196563112,0.3651357113650818,-0.17106989970797123,0.8074525257488335,1.0589114068869656,-1.994803778260054,10.297335458925314,3.4873281660441804,0.11242468832877323
662,1.9859999999999651,1.5165357256410619,0.883600973643405,1.3618169338699144,1.238046366845623,1.5172124763309107,0.8287394392321359,1.3702183793395624,1.283829705097393,1.5172124763309107,0.8287394392321359,1.3702183793395624,1.283829705097393,0.0,0.0,5.0,0.05091641849733609,0.019972660143107432,0.011350579785329202,0.0,0.0,5.000000000000002,0.060208436285660555,0.030809616887390895,0.011622925670114158,0.0,0.0,1.7763568394002505e-15,0.009292017788324468,0.010836956744283463,0.0002723458847849556,0.9285572541690092,-0.1431445648175383,2.290328614766133,0.6094765629352992,-0.679908107044963,0.3657353262634405,-0.18028021613611814,0.81570216506068,1.0675684627411384,-1.997525846851354,10.376493603021666,3.535071694411713,0.12196834066579214
663,1.988999999999965,1.5148327312693006,0.8900772028121215,1.3594336451160005,1.235656420802579,1.5177098091277559,0.832261112390886,1.3701499928741074,1.2798790856072526,1.5177098091277559,0.832261112390886,1.3701499928741074,1.2798790856072526,0.0,0.0,5.0,0.05009783041437558,0.019018013183715973,0.011227991291559021,0.0,0.0,5.000000000000002,0.0595177789470015,0.03000581569627181,0.011635794060055868,0.0,0.0,1.7763568394002505e-15,0.00941994853262592,0.010987802512555836,0.00040780276849684653,0.9310297117311898,-0.1399161578466434,2.2843288887305166,0.6181249964092161,-0.66921691637691,0.36626663246988406,-0.18952298432712114,0.8241525207268176,1.076135656964961,-1.999908678538737,10.454340838077634,3.5817802060229695,0.13152360472227767
664,1.991999999999965,1.5129581717654301,0.8967658767664042,1.3568815210605119,1.2333944304076552,1.5180371043856495,0.8360173212743596,1.369898880105749,1.2760466942342439,1.5180371043856495,0.8360173212743596,1.369898880105749,1.2760466942342439,0.0,0.0,5.0,0.04927052043461688,0.01805519029363342,0.011095190784778258,0.0,0.0,5.000000000000002,0.058816759723978485,0.029189114867998356,0.011638079534741927,0.0,0.0,1.7763568394002505e-15,0.009546239289361602,0.011133924574364937,0.0005428887499636693,0.9335281010747822,-0.13666235126302625,2.2783230472627367,0.6266566530607612,-0.6582511937969923,0.3667266605506589,-0.19879225709489257,0.832796447864152,1.0846021945390525,-2.0019471559265987,10.53086039225138,3.6274383199057825,0.14108169040564458
665,1.9949999999999648,1.5109133854705254,0.903663587555398,1.354163249492152,1.2312597774819267,1.5181937548154205,0.8400069176546552,1.369465579034633,1.2723337484952935,1.5181937548154205,0.8400069176546552,1.369465579034633,1.2723337484952935,0.0,0.0,5.0,0.04843463259049,0.017084605394815662,0.010952299048880293,0.0,0.0,5.000000000000002,0.05810550066214258,0.028359865505985057,0.011629780015501572,0.0,0.0,1.7763568394002505e-15,0.009670868071652579,0.011275260111169395,0.000677480966621279,0.9360529800511169,-0.1333834797229006,2.2723121376743896,0.6350645524826737,-0.6470110861223014,0.36711244933136505,-0.20808199864656265,0.8416263254449058,1.0929571800418891,-2.003636529449105,10.606035880482679,3.6720308733942626,0.15063380514382907
666,1.9979999999999647,1.5086998590853455,0.9107667621839477,1.351281675777011,1.2292517029536978,1.5181793045513379,0.8442285749070706,1.368850797144066,1.2687413233975278,1.5181793045513379,0.8442285749070706,1.368850797144066,1.2687413233975278,0.0,0.0,5.0,0.04759031240780827,0.016106675746141743,0.010799446045870659,0.0,0.0,5.000000000000002,0.05738412558977292,0.02751842410831852,0.011610903050862077,0.0,0.0,1.7763568394002505e-15,0.00979381318196465,0.011411748362176777,0.0008114570049914185,0.9386048822296162,-0.13007991080736836,2.266297220354985,0.6433417158162111,-0.635497046349985,0.36742105041504436,-0.21738609082230773,0.8506340594997632,1.1011896385107502,-2.0049724398014828,10.679851312758576,3.715542921450818,0.16017116188185082
667,2.000999999999965,1.5063192260854137,0.9180716650944292,1.348239800503411,1.22736930831675,1.517993449365943,0.8486807885615733,1.3680554109568337,1.2652703511156524,1.517993449365943,0.8486807885615733,1.3680554109568337,1.2652703511156524,0.0,0.0,5.0,0.04673770688043224,0.015121821764032038,0.010636770797664695,0.0,0.0,5.000000000000002,0.05665276009631884,0.02666515241449699,0.011581465809683264,0.0,0.0,1.7763568394002505e-15,0.0099150532158866,0.011543330650464952,0.000944695012018569,0.9411843154928047,-0.12675204519578123,2.260279367535218,0.6514811746980601,-0.623709838687653,0.3676495327657384,-0.2266983396396911,0.8598110877294873,1.1092885371957122,-2.0059509399224362,10.752291101969938,3.757959736355359,0.169684987073363
668,2.003999999999965,1.5037732650015125,0.92557440078994,1.3450407769866681,1.225611557221881,1.5176360367439146,0.8533618770065009,1.3670804654408253,1.2619216208087616,1.5176360367439146,0.8533618770065009,1.3670804654408253,1.2619216208087616,0.0,0.0,5.0,0.045876964444678564,0.014130466841709807,0.010464421259645397,0.0,0.0,5.000000000000003,0.05591153151053499,0.025800417249917135,0.01154149506554216,0.0,0.0,2.6645352591003757e-15,0.010034567065856426,0.011669950408207327,0.0010770738058967638,0.9437917606494733,-0.12340031677130579,2.2542596619859148,0.6594759803827366,-0.6116505430850534,0.36779498734881255,-0.23601248213405,0.8691483855562219,1.117242808158479,-2.0065685164344527,10.8233400713462,3.7992668077756866,0.17916652865991256
669,2.006999999999965,1.5010638975673354,0.9332709165967548,1.3416879086358564,1.2239772772000541,1.5171070658150514,0.8582699823440794,1.3659271732643534,1.258695778576518,1.5171070658150514,0.8582699823440794,1.3659271732643534,1.258695778576518,0.0,0.0,5.0,0.045008234953477666,0.013133037167182194,0.010282554186095744,0.0,0.0,5.000000000000002,0.05516056887831368,0.024924590368174085,0.01149102717238211,0.0,0.0,1.7763568394002505e-15,0.010152333924836013,0.011791553200991891,0.0012084729862863654,0.9464276700703946,-0.12002519265631838,2.248239195654571,0.667319213021836,-0.5993205592466184,0.3678545318190115,-0.2453221934853319,0.8786364736404383,1.1250413716624714,-2.0068221104479416,10.892983461456348,3.839449843231837,0.18860706403065583
670,2.009999999999965,1.498193186736141,0.9411570055637628,1.338184646184815,1.2224651615152835,1.516406687146579,0.8634030713972091,1.3645969139017002,1.2555933275545141,1.516406687146579,0.8634030713972091,1.3645969139017002,1.2555933275545141,0.0,0.0,5.0,0.0441316696502847,0.01212996154001954,0.010091334987628684,0.0,0.0,5.000000000000003,0.05440000294021838,0.024038048291242647,0.011430108031448338,0.0,0.0,2.6645352591003757e-15,0.010268333289933679,0.011908086751223108,0.0013387730438196542,0.9490924663510464,-0.11662717317543245,2.2422190682416665,0.675003991080615,-0.5867216101054938,0.3678253152469038,-0.25462109442065944,0.8882654268839143,1.1326731602953117,-2.0067091376348265,10.961206936764894,3.8784947689659552,0.1979979079552915
671,2.0129999999999653,1.4951633345684008,0.9492283094965335,1.3345345847897248,1.2210737711453432,1.5155352023951187,0.868758936866837,1.3630912325895532,1.2526146281484933,1.5155352023951187,0.868758936866837,1.3630912325895532,1.2526146281484933,0.0,0.0,5.0,0.043247421142748495,0.011121671187013502,0.009890937580743744,0.0,0.0,5.000000000000002,0.053629966108722185,0.023141172147609093,0.011358793049540128,0.0,0.0,1.7763568394002505e-15,0.01038254496597369,0.012019500960595592,0.0014678554687963842,0.9517865410058461,-0.11320679174415338,2.2362003857192345,0.6825234808715717,-0.573855744740787,0.36770452287408506,-0.2639027588807896,0.8980248849332545,1.1401271437596916,-2.0062275074773277,11.027996591732355,3.9163877312279842,0.20733042048299677
672,2.0159999999999654,1.4919766799925134,0.9574803221235393,1.3307414609957466,1.2198015368882036,1.5144930638187923,0.8743351986390987,1.3614118391351275,1.2497598984069842,1.5144930638187923,0.8743351986390987,1.3614118391351275,1.2497598984069842,0.0,0.0,5.0,0.04235564337614288,0.010108599576790025,0.00968154422964774,0.0,0.0,5.000000000000003,0.05285059244515504,0.022234347508422056,0.011277147088617552,0.0,0.0,2.6645352591003757e-15,0.01049494906901216,0.012125747931632031,0.0015956028589698117,0.9545102531984231,-0.10976461468136256,2.2301842587944396,0.6898709061839229,-0.5607253407209654,0.3674893808872521,-0.2731607219375352,0.9079040641923134,1.1473923542636042,-2.005375641598311,11.093338956450575,3.9531150979861756,0.21659601480018
673,2.0189999999999655,1.4886356964408136,0.9659083923918903,1.3268091495752812,1.2186467615920162,1.5132808736500545,0.8801293052412771,1.3595606065769035,1.2470292145317676,1.5132808736500545,0.8801293052412771,1.3595606065769035,1.2470292145317676,0.0,0.0,5.0,0.041456491606565664,0.009091182233459526,0.009463345380482817,0.0,0.0,5.000000000000003,0.05206201763636416,0.021317964221733945,0.011185244406808702,0.0,0.0,2.6645352591003757e-15,0.010605526029798494,0.01222678198827442,0.0017218990263258849,0.9572639285124596,-0.10630124094405417,2.2241718013211975,0.6970395579871762,-0.5473331058576316,0.367177161201027,-0.2823884879481395,0.9178917713454832,1.1544579124361307,-2.0041524910807023,11.15722100180393,3.9886634610701073,0.2257861650399059
674,2.0219999999999656,1.4851429893632018,0.9745077278898884,1.3227416602405693,1.2176076225063421,1.5118993833299836,0.886138535445501,1.3575395696990438,1.2444225115254741,1.5118993833299836,0.886138535445501,1.3575395696990438,1.2444225115254741,0.0,0.0,5.0,0.04055012237390829,0.008069856549382406,0.009236539488113106,0.0,0.0,5.000000000000003,0.051264378971091304,0.02039241624490333,0.01108316859087078,0.0,0.0,2.6645352591003757e-15,0.010714256597183017,0.012322559695520924,0.0018466291027576746,0.9600478577676211,-0.10281730178298298,2.218164128663142,0.7040228041863559,-0.533682079355276,0.3667651862392051,-0.29157953893154265,0.9279764183871949,1.1613130536903942,-2.0025575526851336,11.219630144148415,4.023019638752541,0.23489241403589045
675,2.0249999999999657,1.4815012936208003,0.9832733983935373,1.318543134233448,1.2166821737522182,1.510349492604883,0.8923600000189642,1.355350923400682,1.2419395839754732,1.510349492604883,0.8923600000189642,1.355350923400682,1.2419395839754732,0.0,0.0,5.0,0.0396366934746031,0.0070450615971331156,0.009001332835627382,0.0,0.0,5.000000000000002,0.050457815316071034,0.019458101475230763,0.010971012480166915,0.0,0.0,1.7763568394002505e-15,0.010821121841467933,0.012413039878097647,0.001969679644539533,0.9628622958850597,-0.09931346031812999,2.2121623560115107,0.7108140994058718,-0.519775632344058,0.36625083370392614,-0.3007273431504593,0.9381460391461849,1.1679471549509974,-2.0005908838771456,11.280554249501312,4.0561706787751115,0.24390638101401294
676,2.027999999999966,1.4777134707622201,0.992200339534079,1.314217840795165,1.215868348908537,1.5086322484861734,0.8987906436193213,1.352997020921407,1.2395800869731006,1.5086322484861734,0.8987906436193213,1.352997020921407,1.2395800869731006,0.0,0.0,5.0,0.03871636393415136,0.006017237940740334,0.008757939346721554,0.0,0.0,5.000000000000002,0.04964246709185459,0.01851542157890128,0.010848878082227377,0.0,0.0,1.7763568394002505e-15,0.010926103157703232,0.012498183638160944,0.0020909387355058234,0.965707460806918,-0.0957904110331522,2.2061675966617766,0.7174069947785295,-0.5056174677842031,0.3656315413221253,-0.3098253638821998,0.9483883072861302,1.1743497616592646,-1.9982531165779953,11.339981637235052,4.088103861821441,0.25281976921434973
677,2.030999999999966,1.473782506185085,1.0012833565834867,1.3097701735193266,1.2151639637121026,1.5067488440746828,0.9054272468337886,1.3504803719243983,1.2373435371671326,1.5067488440746828,0.9054272468337886,1.3504803719243983,1.2373435371671326,0.0,0.0,5.0,0.037789293979437234,0.00498682744628595,0.008506580391132336,0.0,0.0,5.000000000000002,0.04881847624836286,0.017564781818305925,0.010716876479972395,0.0,0.0,1.7763568394002505e-15,0.011029182268925623,0.012577954372019974,0.002210296088840059,0.9685835324741897,-0.09224887918825438,2.2001809602531077,0.7237951477157564,-0.4912116197322026,0.36490481155850685,-0.3188670683602248,0.9586905557572079,1.1805106149659392,-1.9955454695563473,11.397901083269755,4.118806705439911,0.26162437343679834
678,2.033999999999966,1.4697115061855224,1.010517128354751,1.3052046465910854,1.214566718868644,1.5047006172505673,0.9122664283603448,1.347803640438789,1.2352293139503012,1.5047006172505673,0.9122664283603448,1.347803640438789,1.2352293139503012,0.0,0.0,5.0,0.036855645010832834,0.003954273091945876,0.008247484583298192,0.0,0.0,5.000000000000002,0.047985986240173445,0.016606590877817823,0.010575127730680652,0.0,0.0,1.7763568394002505e-15,0.011130341229340611,0.012652317785871947,0.0023276431473824594,0.9714906518671877,-0.08868962015120126,2.194203550974962,0.7299723316347854,-0.4765624519606728,0.36406821628420444,-0.3278459368675252,0.9690397976660032,1.186419679017705,-1.9924697593818836,11.454301822759819,4.148266968416898,0.27031208750343066
679,2.036999999999966,1.4655036948985631,1.019896211213684,1.3005258909158242,1.2140742029719327,1.5024890492302156,0.9193046473293022,1.3449696426629711,1.2332366607775134,1.5024890492302156,0.9193046473293022,1.3449696426629711,1.2332366607775134,0.0,0.0,5.0,0.03591557957409865,0.0029200187775511735,0.007980887574431567,0.0,0.0,5.000000000000002,0.04714514200154557,0.01564126068809668,0.010423760756795568,0.0,0.0,1.7763568394002505e-15,0.011229562427446924,0.012721241910545508,0.0024428731823640006,0.9744289201127598,-0.08511341864647824,2.1882364657453635,0.7359324456182808,-0.46167465592545803,0.36311940139024673,-0.33675547196206973,0.979422748524046,1.192067168241005,-1.989028409866159,11.509173552270818,4.1764726555999285,0.27887491163078476
680,2.0399999999999663,1.4611624111323425,1.029415043198894,1.2957386501406798,1.2136838955280853,1.500115762991616,0.9265382057633947,1.3419813446306703,1.2313646866143215,1.500115762991616,0.9265382057633947,1.3419813446306703,1.2313646866143215,0.0,0.0,5.0,0.03496926133208529,0.0018845091337529641,0.007707031838190642,0.0,0.0,5.000000000000002,0.04629608992118728,0.01466920624899809,0.010262913228668548,0.0,0.0,1.7763568394002505e-15,0.011326828589101987,0.012784697115245125,0.0025558813904779055,0.9773983976622441,-0.08152108792290573,2.182280792365601,0.741669523981722,-0.4465532480753505,0.36205609133493394,-0.3455892078137734,0.9898258498281137,1.1974435745241687,-1.9852244599208069,11.562506431443854,4.203412023168758,0.2873049597053951
681,2.0429999999999664,1.4566911050991875,1.0390679482464407,1.2908477765723616,1.2133931700820113,1.4975825215697813,0.9339632511744033,1.33884185974175,1.229612367514068,1.4975825215697813,0.9339632511744033,1.33884185974175,1.229612367514068,0.0,0.0,5.0,0.03401685503623949,0.0008481893308747404,0.007426166450146427,0.0,0.0,5.000000000000003,0.04543897781676959,0.013690845451163336,0.0100927314393459,0.0,0.0,2.6645352591003757e-15,0.011422122780530099,0.012842656120288596,0.002666564989199474,0.9803991035439993,-0.07791346884031514,2.1763376076562957,0.7471777457237845,-0.43120356650162966,0.3608760936142551,-0.35434071963170544,1.0002352939183687,1.2025396941968651,-1.98106156976849,11.614291084145522,4.229073584351043,0.2955944664559413
682,2.0459999999999665,1.4520933350467242,1.048849140515621,1.2858582269947705,1.2131992974428853,1.4948912262239549,0.9415757792942173,1.3355544461598226,1.2279785483220076,1.4948912262239549,0.9415757792942173,1.3355544461598226,1.2279785483220076,0.0,0.0,5.0,0.03305852649792182,-0.00018849511246891635,0.0071385468612448376,0.0,0.0,5.000000000000002,0.04457395490919226,0.012706598896365787,0.009913370171513287,0.0,0.0,1.7763568394002505e-15,0.011515428411270442,0.012895094008834703,0.00277482331026845,0.9834310146941595,-0.07429142887620205,2.1704079755799524,0.7524514438349591,-0.4156312669265014,0.3595773031445333,-0.3630036331595905,1.0106370500534232,1.207346654704365,-1.9765440254477342,11.664518599102509,4.253446115577856,0.3037357945154939
683,2.0489999999999666,1.4473727637922866,1.0587527288122311,1.280775058390074,1.21309944900541,1.4920439144784248,0.9493716369381124,1.332122504078868,1.2264619445045972,1.4920439144784248,0.9493716369381124,1.332122504078868,1.2264619445045972,0.0,0.0,5.0,0.032094442559539235,-0.0012250985209033571,0.006844434665470805,0.0,0.0,5.000000000000003,0.04370117179660414,0.01171688971669281,0.009724992556718742,0.0,0.0,2.6645352591003757e-15,0.011606729237064906,0.012941988237596168,0.002880557891247937,0.9864940653690634,-0.07065586105358278,2.1644929453552755,0.7574851144397612,-0.39984231803142695,0.3581577065465788,-0.3715716342170553,1.0210168916346096,1.2118559408730907,-1.9716767415589973,11.71318053002084,4.276518663072936,0.31172144136743246
684,2.0519999999999667,1.4425331551638847,1.068772721105569,1.2756034235669385,1.213090700163607,1.4890427580389032,0.9573465249979025,1.328549572861174,1.2250611441020227,1.4890427580389032,0.9573465249979025,1.328549572861174,1.2250611441020227,0.0,0.0,5.0,0.0311247710654983,-0.002261175253890678,0.006544097361924697,0.0,0.0,5.000000000000003,0.042820780428184935,0.010722143392639105,0.009527769927002279,0.0,0.0,2.6645352591003757e-15,0.011696009362686634,0.012983318646529783,0.0029836725650775817,0.9895881466425787,-0.06700768279159247,2.1585935495686575,0.7622734257480673,-0.3838429961282701,0.35661538632076034,-0.38003847826354975,1.03136042450511,1.2160594206634343,-1.9664652622059384,11.760268895190743,4.298280549868222,0.3195440461687229
685,2.054999999999967,1.437578370351216,1.0789030291353514,1.2703485666997287,1.2131700338137055,1.485890060586535,0.9654960015625123,1.3248393280490334,1.2237746098019215,1.485890060586535,0.9654960015625123,1.3248393280490334,1.2237746098019215,0.0,0.0,5.0,0.030149680832983895,-0.003296279897313153,0.006237808111528298,0.0,0.0,5.000000000000002,0.04193293407769111,0.009722787570190738,0.00932188165906702,0.0,0.0,1.7763568394002505e-15,0.011783253244707213,0.013019067467503892,0.0030840735475387224,0.9927131059913084,-0.06334783468067487,2.1527108022883787,0.7668112267914062,-0.3676398791781465,0.35494852490256595,-0.38839799996141877,1.0416531162432208,1.2199493703058661,-1.9609157600928855,11.8057761765791,4.31872138323687,0.32719639644434545
686,2.057999999999967,1.4325123641701754,1.089137473104623,1.2650158187825356,1.2133343439426685,1.4825882554517107,0.9738154851633994,1.3209955782527452,1.222600681132147,1.4825882554517107,0.9738154851633994,1.3209955782527452,1.222600681132147,0.0,0.0,5.0,0.02916934162256848,-0.004329967454959332,0.0059258454885812864,0.0,0.0,5.000000000000002,0.041037787316771324,0.008719251876978196,0.00910751501113364,0.0,0.0,1.7763568394002505e-15,0.011868445694202843,0.013049219331937527,0.0031816695225523528,0.9958687469703972,-0.05967727918452399,2.146845697187138,0.7710935559204093,-0.3512398401648327,0.3531554085884271,-0.3966441227142335,1.0518803263629368,1.2235184987169594,-1.9550350337468656,11.849695318412374,4.337831062533663,0.33467143464678345
687,2.060999999999967,1.427339181244447,1.0994697864546987,1.259610593002014,1.2135804392988423,1.4791399031699697,0.982300258142144,1.3170222619175775,1.221537576770311,1.4791399031699697,0.982300258142144,1.3170222619175775,1.221537576770311,0.0,0.0,5.0,0.028183924108657776,-0.005361793539828876,0.005608493227393818,0.0,0.0,5.000000000000002,0.04013549598805592,0.0077119677375774714,0.00888486495262638,0.0,0.0,1.7763568394002505e-15,0.011951571879398146,0.013073761277406348,0.0032763717252325616,0.9990548289823851,-0.05599699927124468,2.1409992056786176,0.7751156490401,-0.3346500398315623,0.35123443132181054,-0.4047708681562005,1.062027337329283,1.2267599710931045,-1.9488305028402617,11.892019725253991,4.355599787431433,0.34196226457461276
688,2.063999999999967,1.4220629521078276,1.1098936207180605,1.2541383800330597,1.2139050471410553,1.4755476889223962,0.9909454701374117,1.312923443972463,1.220583396967731,1.4755476889223962,0.9909454701374117,1.312923443972463,1.220583396967731,0.0,0.0,5.0,0.027193599849776016,-0.006391314565177092,0.0052860399642265425,0.0,0.0,5.000000000000002,0.03922621717802523,0.006701368188038639,0.008654133986845745,0.0,0.0,1.7763568394002505e-15,0.012032617328249211,0.01309268275321573,0.003368094022619203,1.0022710671412565,-0.05230799697650044,2.135172275073823,0.77887294756026,-0.317877918792009,0.3491840983298517,-0.41277236556826724,1.0720793862904339,1.229667431581413,-1.9423102015981397,11.932743259581054,4.372018066540849,0.34906215764434984
689,2.0669999999999673,1.4166878892309804,1.1204025504450992,1.2486047432614096,1.2143048170625146,1.471814419862997,0.9997461416883952,1.3087033123632996,1.21973612608531,1.471814419862997,0.9997461416883952,1.3087033123632996,1.21973612608531,0.0,0.0,5.0,0.026198541258698582,-0.007418087935215431,0.0049587789747716484,0.0,0.0,5.000000000000002,0.038310109189661226,0.005687887689721741,0.008415531966788868,0.0,0.0,1.7763568394002505e-15,0.012111567930962644,0.013105975624937172,0.0034567529920172197,1.0055171322335275,-0.04861129190171167,2.129365826762976,0.7823611060387697,-0.3009311890282121,0.3470030296011044,-0.42064286119642613,1.082021697423698,1.2322350249295886,-1.9354827702824986,11.97186023886633,4.387076726399752,0.3559645590098542
690,2.0699999999999674,1.4112182829764661,1.1309900782004587,1.2430153139373654,1.2147763248857129,1.467943022335675,1.008697167951726,1.3043661744738386,1.218993635238762,1.467943022335675,1.008697167951726,1.3043661744738386,1.218993635238762,0.0,0.0,5.0,0.025198921572435307,-0.00844167223538437,0.004627007907414877,0.0,0.0,5.000000000000002,0.037387331514887254,0.004671961942519939,0.008169275904285386,0.0,0.0,1.7763568394002505e-15,0.012188409942451947,0.01311363417790431,0.0035422679968705097,1.0087926507778913,-0.04490791965065347,2.1235807544287133,0.7855759994965562,-0.2838178247901352,0.34468996319531486,-0.42837672744769484,1.0918395147879296,1.234457417019399,-1.928357444754103,12.009365432172451,4.400766920816985,0.3626630935237244
691,2.0729999999999675,1.4056584974858097,1.1416496396247937,1.2373757862648556,1.2153160766245439,1.4639365389834966,1.0177933225287543,1.2999164534372416,1.2183536850505094,1.4639365389834966,1.0177933225287543,1.2999164534372416,1.2183536850505094,0.0,0.0,5.0,0.024194914822070347,-0.009461627422120264,0.004291028512519897,0.0,0.0,5.000000000000002,0.03645804480680098,0.003654027697550022,0.00791558977262212,0.0,0.0,1.7763568394002505e-15,0.012263129984730635,0.013115655119670286,0.003624561260102223,1.012097205184604,-0.04119893020807816,2.11781792229635,0.7885137303836165,-0.2665460529134574,0.34224375837649457,-0.43596847193931637,1.1015181355709067,1.2363298141917716,-1.9209440441210974,12.045254056266227,4.413080140554567,0.36915157153526207
692,2.0759999999999676,1.4000129665026158,1.1523746085575444,1.2316919124301355,1.2159205125097057,1.459798125753059,1.027029261399987,1.2953586843414868,1.2178139285054692,1.459798125753059,1.027029261399987,1.2953586843414868,1.2178139285054692,0.0,0.0,5.0,0.02318669580246386,-0.010477515012031726,0.0039511463679824995,0.0,0.0,5.000000000000002,0.03552241085170543,0.002634522569391007,0.0076547043028363446,0.0,0.0,1.7763568394002505e-15,0.012335715049241573,0.013112037581422733,0.003703557934853845,1.0154303340154542,-0.037485386264251686,2.1120781634268733,0.7911706351764911,-0.24912434257406277,0.3396633985609618,-0.4434127463768796,1.1110429436167233,1.2378479812754914,-1.913252956492242,12.079521771262014,4.424008223330958,0.37542399451973096
693,2.0789999999999678,1.3942861891356193,1.1631583022164147,1.2259694975744833,1.2165860110734854,1.455531048796854,1.0363995269633872,1.290697510331904,1.217371913907857,1.455531048796854,1.0363995269633872,1.290697510331904,1.217371913907857,0.0,0.0,5.0,0.02217444004182055,-0.011488898270406334,0.0036076706013030107,0.0,0.0,5.000000000000002,0.034580592540941965,0.0016138848479519824,0.007386856773862707,0.0,0.0,1.7763568394002505e-15,0.012406152499121414,0.013102783118358316,0.0037791861725596965,1.0187915323448,-0.033768361489543854,2.1063622780582896,0.7935432905885555,-0.23156139449951801,0.3369479940724466,-0.45070435523731245,1.1203994431152964,1.2390082582359443,-1.9052951228612771,12.112164675804095,4.433543364127095,0.3814745605337942
694,2.081999999999968,1.3884827255657508,1.1739939864290694,1.2202143947152733,1.217308893289907,1.4511386812766194,1.0458985521731377,1.285937678614206,1.2170250879360394,1.4511386812766194,1.0458985521731377,1.285937678614206,1.2170250879360394,0.0,0.0,5.0,0.021158323771131235,-0.012495342398963834,0.0032609136084306815,0.0,0.0,5.000000000000003,0.03363275384253152,0.0005925533100488295,0.007112290796724728,0.0,0.0,2.6645352591003757e-15,0.012474430071400283,0.013087895709012663,0.0038513771882940466,1.0221802522218013,-0.030048938763447858,2.100671032000817,0.7956285193755663,-0.2138661296595962,0.33409678469680854,-0.4578382642330416,1.1295732923337345,1.2398075753653321,-1.8970820191575908,12.14317930179895,4.441678125775898,0.38729766949216415
695,2.084999999999968,1.382607192701264,1.1848748809126297,1.214432499619917,1.218085426766191,1.446624500070761,1.0555206647753776,1.281084036361482,1.216770798792382,1.446624500070761,1.0555206647753776,1.281084036361482,1.216770798792382,0.0,0.0,5.0,0.020138523893490672,-0.01349641472277844,0.0029111907696353807,0.0,0.0,5.000000000000002,0.03267905977262832,-0.00042903296922745804,0.006831256092967246,0.0,0.0,1.7763568394002505e-15,0.012540535879137647,0.013067381753550981,0.003920065323331865,1.025595903233604,-0.026328208362624107,2.095005155091296,0.7974233957200377,-0.1960476774596097,0.3311091420293946,-0.46480960853404957,1.1385503372675576,1.2402434669412505,-1.8886256365069478,12.17256260870935,4.448405449814985,0.3928879282606687
696,2.087999999999968,1.3766642597850471,1.1957941645963954,1.2086297456371071,1.218911829981452,1.4419920823890109,1.0652600916373485,1.2761415265286982,1.216606299444945,1.4419920823890109,1.0652600916373485,1.2761415265286982,1.216606299444945,0.0,0.0,5.0,0.01911521795329977,-0.01449168487628825,0.0025588201626646073,0.0,0.0,5.000000000000003,0.03171967636679092,-0.0014504348052716137,0.006544008267531237,0.0,0.0,2.6645352591003757e-15,0.01260445841349115,0.013041250071016636,0.00398518810486663,1.0290378531688698,-0.022607266112764784,2.089365339712032,0.798925250179233,-0.17811536346195186,0.32798457160856986,-0.4716137007250859,1.1473166450886303,1.2403140832864403,-1.8799384597545123,12.200311977423171,4.453718667581445,0.39824015556110537
697,2.090999999999968,1.370658643958294,1.206744980983259,1.2028120984899642,1.2197842765684843,1.4372451022975774,1.07511096316628,1.2711151835783419,1.2165287509578029,1.4372451022975774,1.07511096316628,1.2711151835783419,1.2165287509578029,0.0,0.0,5.0,0.018088584105355448,-0.015480724988310364,0.0022041222734477165,0.0,0.0,5.000000000000002,0.030754770651075833,-0.0024712130927712767,0.006250808576277543,0.0,0.0,1.7763568394002505e-15,0.012666186545720385,0.013009511895539087,0.004046686302829826,1.0325054287806683,-0.018887211509258157,2.0837522393791,0.800131674182826,-0.1600786966628052,0.3247227148294799,-0.4782460384759072,1.155858537266184,1.2400182011688754,-1.8710334443106862,12.226425203710733,4.457611511526662,0.40334938668341214
698,2.0939999999999683,1.364595105784703,1.2177204435452236,1.1969855510356047,1.2206988996344694,1.4323873271581176,1.0850673178142856,1.2660101291209211,1.2165352259066777,1.4323873271581176,1.0850673178142856,1.2660101291209211,1.2165352259066777,0.0,0.0,5.0,0.017058801083834358,-0.01646310986598515,0.001847419704609213,0.0,0.0,5.000000000000002,0.029784510612958864,-0.003490928994480419,0.005951923688371129,0.0,0.0,1.7763568394002505e-15,0.012725709529124506,0.012972180871504733,0.0041045039837619155,1.0359979166473807,-0.0151691458117939,2.078166467404935,0.8010405240676167,-0.14194735635244604,0.3213233506326541,-0.48470231190312607,1.1641626222374584,1.239355232488086,-1.8619239913883487,12.250900491285497,4.460078126728427,0.40821087800088196
699,2.0969999999999684,1.3584784447394893,1.228713641148358,1.1911561179957637,1.2216517961163913,1.4274226139839454,1.0951231066654434,1.2608315674741135,1.2166227118764994,1.4274226139839454,1.0951231066654434,1.2608315674741135,1.2166227118764994,0.0,0.0,5.0,0.016026048171175766,-0.01743841717756913,0.0014890368820575466,0.0,0.0,5.000000000000002,0.028809065172088782,-0.004509144129877601,0.005647625443741741,0.0,0.0,1.7763568394002505e-15,0.012783017000913017,0.01292927304769153,0.004158588561684194,1.0395145641298966,-0.011454170118191758,2.0726085956398115,0.8016499246380634,-0.12373117858895834,0.31778639696262423,-0.4909784106030418,1.1722158275053158,1.238325231200714,-1.8526239217078604,12.27373644448382,4.461113082576804,0.412820111284304
700,2.0999999999999686,1.3523134946674127,1.23971764350257,1.1853298306630866,1.2226390311669324,1.422354905716963,1.1052721981011755,1.25558478114443,1.2167881150374331,1.422354905716963,1.1052721981011755,1.25558478114443,1.2167881150374331,0.0,0.0,5.0,0.014990505166868805,-0.018406227633996266,0.0011292997599149357,0.0,0.0,5.000000000000002,0.02782860415087908,-0.005525420763627539,0.005338190605841772,0.0,0.0,1.7763568394002505e-15,0.012838098984010275,0.012880806870368727,0.004208890845926836,1.0430545804230216,-0.007743383422854652,2.0670791532965507,0.8019582722428259,-0.10544014231645109,0.3141119119923198,-0.49707043033570053,1.1800054310416535,1.2369288984457019,-1.843147447753642,12.294932060580374,4.460711384609594,0.417172797811114
701,2.1029999999999687,1.3461051192141777,1.2507255066314902,1.1795127315877574,1.2236566425665787,1.417188227428871,1.115508382539959,1.2502751262353315,1.21702826379584,1.417188227428871,1.115508382539959,1.2502751262353315,1.21702826379584,0.0,0.0,5.0,0.01395235235615044,-0.019366125169132813,0.0007685355240579335,0.0,0.0,5.000000000000002,0.026843298244942068,-0.006539321993765848,0.005023900609926045,0.0,0.0,1.7763568394002505e-15,0.012890945888791628,0.012826803175366965,0.004255365085868112,1.0466171376986542,-0.004037880665343056,2.061578625862531,0.8019642373589733,-0.0870843551600535,0.31030009510959966,-0.5029746793413885,1.1875190918775655,1.2351675858371989,-1.8335091446732015,12.314486721756811,4.458868486472609,0.4212648822658167
702,2.105999999999969,1.339858207235446,1.2617302783577888,1.173710869249124,1.2247006451576437,1.4119266824502856,1.1258253772473394,1.244908027785804,1.2173399125165727,1.4119266824502856,1.1258253772473394,1.244908027785804,1.2173399125165727,0.0,0.0,5.0,0.01291177047861746,-0.020317697118646477,0.0004070722945370202,0.0,0.0,5.000000000000002,0.025853318993371496,-0.00755041193952484,0.004705041307082665,0.0,0.0,1.7763568394002505e-15,0.012941548514754037,0.012767285179121637,0.004297969012545645,1.0502013723379462,-0.00033875077463955223,2.056107454102783,0.8016667666770183,-0.0686740389310307,0.30635128766289416,-0.508687684271796,1.194744879763989,1.2330432969011678,-1.8237239199161133,12.332400186741962,4.455580301979425,0.42509254642812766
703,2.108999999999969,1.3335776681878861,1.2727250037991737,1.1679302927170225,1.225767035295919,1.406574448431453,1.1362168312121521,1.2394889750434592,1.2177197453129371,1.406574448431453,1.1362168312121521,1.2394889750434592,1.2177197453129371,0.0,0.0,5.0,0.011868940696760753,-0.021260534397411768,4.52388271472274e-05,0.0,0.0,5.000000000000002,0.0248588387488779,-0.008558255928720893,0.004381902704247348,0.0,0.0,1.7763568394002505e-15,0.012989898052117145,0.012702278468690875,0.004336663877100121,1.053806386249316,0.0033529252852797144,2.050666033157633,0.8010650846814595,-0.050219514876316464,0.3022659734635536,-0.5142061957191932,1.201671303789965,1.2305586866397555,-1.8138069817166174,12.348672582142846,4.450843217244804,0.42865221264548636
704,2.111999999999969,1.327268427506509,1.2837027308703828,1.16217704630749,1.2268517953156193,1.4011357733383158,1.1466763300847944,1.2340235166762938,1.2181643799005977,1.4011357733383158,1.1466763300847944,1.2340235166762938,1.2181643799005977,0.0,0.0,5.0,0.010824044564425274,-0.022194231675378005,-0.00031663578558008965,0.0,0.0,5.000000000000002,0.023860030647782526,-0.009562420684621875,0.004054778700438258,0.0,0.0,1.7763568394002505e-15,0.013035986083357253,0.01263181099075613,0.004371414486018348,1.0574312482688653,0.007036076462926829,2.0452547117380457,0.8001586947230692,-0.031731188707594324,0.29804477904313287,-0.5195271933281345,1.2082873398496794,1.227717059215705,-1.8037738065291473,12.363304393486443,4.4446541028655755,0.4319405470867792
705,2.114999999999969,1.3209354219727094,1.294656515786408,1.1564571642375823,1.2279508980033027,1.3956149713877368,1.1571974011733386,1.2285172559272886,1.2186703715116378,1.3956149713877368,1.1571974011733386,1.2285172559272886,1.2186703715116378,0.0,0.0,5.0,0.009777263995202004,-0.023118387551823077,-0.0006782224136913237,0.0,0.0,5.000000000000002,0.022857068579874754,-0.010562474512214912,0.0037239668194507386,0.0,0.0,1.7763568394002505e-15,0.01307980458467275,0.012555913039608166,0.004402189233142062,1.0610749956394274,0.010709643554198917,2.039873791421452,0.7989473795807179,-0.013219535445769787,0.2936884736644779,-0.5246478904754436,1.2145824568540646,1.2245223637573628,-1.793640105531188,12.376296455993028,4.437010326122356,0.43495446277431266
706,2.1179999999999692,1.3145835950773739,1.3055794285622109,1.1507766652840044,1.2290603110764147,1.3900164189257527,1.167773518493218,1.2229758457160909,1.2192342168649404,1.3900164189257527,1.167773518493218,1.2229758457160909,1.2192342168649404,0.0,0.0,5.0,0.008728781230757295,-0.024032604727916462,-0.0010391921891587223,0.0,0.0,5.000000000000002,0.021850127158138416,-0.011557987483793941,0.0033897679392552796,0.0,0.0,1.7763568394002505e-15,0.013121345927381121,0.012474617244122521,0.004428960128414002,1.0647366355641912,0.014372581119078397,2.034523526050515,0.7974312015121008,0.00530491588273972,0.2891979690861241,-0.5295657385055298,1.2205466415879223,1.2209791882931598,-1.7834217903123728,12.387649945102547,4.427909763175266,0.4376911223912807
707,2.1209999999999694,1.308217892383386,1.3164645585042174,1.1451415474502589,1.230176001662139,1.3843445502527645,1.1783981078661747,1.2174049836920668,1.2198523581889962,1.3843445502527645,1.1783981078661747,1.2174049836920668,1.2198523581889962,0.0,0.0,5.0,0.007678778809104938,-0.02493649017752045,-0.0013992168049906935,0.0,0.0,5.000000000000002,0.020839381688351907,-0.01254853162378762,0.003052486018344909,0.0,0.0,1.7763568394002505e-15,0.013160602879246969,0.012387958553732828,0.004451702823335603,1.068415146830549,0.018023859374576564,2.029204121236897,0.7956105017942948,0.02383159766101489,0.28457431908015807,-0.53427843050943,1.2261704221192606,1.2170927518327226,-1.7731349378726213,12.39736636677622,4.417350811226528,0.44014794086217296
708,2.1239999999999695,1.3018432568919336,1.3273050196888359,1.139557782647028,1.2312939407722048,1.3786038533996365,1.1890645520641043,1.2118104072430553,1.220521187293206,1.3786038533996365,1.1890645520641043,1.2118104072430553,1.220521187293206,0.0,0.0,5.0,0.006627439532827364,-0.025829655316153555,-0.0017579688138312066,0.0,0.0,5.000000000000002,0.0198250081385683,-0.013533681092747968,0.002712427819280723,0.0,0.0,1.7763568394002505e-15,0.013197568605740936,0.012295974223405587,0.00447039663311193,1.0721094814995702,0.021662466058436535,2.023915733971731,0.7934858997566399,0.04234991917073909,0.2798187187043374,-0.5387839046373711,1.2314448896737586,1.21286889461999,-1.7627957550553606,12.405447547596204,4.405332400622656,0.44232258770377486
709,2.1269999999999696,1.2954646244169385,1.33809395642329,1.1340313113904625,1.2324101077693097,1.372798865858703,1.1997661959934018,1.206197888464202,1.2212370496836953,1.372798865858703,1.1997661959934018,1.206197888464202,1.2212370496836953,0.0,0.0,5.0,0.0055749464372493495,-0.026711716168045397,-0.0021151219257780195,0.0,0.0,5.000000000000002,0.018807183108479425,-0.014513012370420741,0.002369902629687115,0.0,0.0,1.7763568394002505e-15,0.013232236671230076,0.012198703797624656,0.004485024555465135,1.075818566656252,0.025287408258211914,2.0186584723440975,0.7910582913099802,0.060849282118001224,0.27493250332990354,-0.5430803469360794,1.2363617188939633,1.2083140665917929,-1.7524205425444717,12.411895624686736,4.3918540068688845,0.4442129891446241
710,2.1299999999999697,1.2890869189719962,1.348824548684048,1.1285680375230884,1.2335204948208682,1.3669341702737305,1.2104963519153642,1.2005732290912834,1.2219962487196236,1.3669341702737305,1.2104963519153642,1.2005732290912834,1.2219962487196236,0.0,0.0,5.0,0.0045214827585726355,-0.027582293531208692,-0.002470351305147508,0.0,0.0,5.000000000000002,0.01778608379867065,-0.015486104437818768,0.002025221980950384,0.0,0.0,1.7763568394002505e-15,0.013264601040098016,0.012096189093389925,0.004495573286097892,1.079541306215482,0.028897714200461704,2.0134323953684308,0.7883288469778297,0.0793190961583439,0.2699171474271549,-0.5471661937035381,1.2409131864099412,1.2034353140832637,-1.7420256585555025,12.416713035480727,4.376915662528389,0.44581733001099133
711,2.13299999999997,1.2827150481741303,1.359490017528172,1.1231738229619526,1.2346211113357446,1.361014390092921,1.2212483046981786,1.19494225540297,1.2227950498059323,1.361014390092921,1.2212483046981786,1.19494225540297,1.2227950498059323,0.0,0.0,5.0,0.0034672319019748545,-0.028441013140460387,-0.0028233338659175394,0.0,0.0,5.000000000000002,0.016761887979770476,-0.01645253895821973,0.001678699364876704,0.0,0.0,1.7763568394002505e-15,0.013294656077795623,0.011988474182240659,0.004502033230794244,1.0832765827784487,0.03249243499494907,2.008237512921372,0.7852990094365251,0.097748794383681,0.2647742631114741,-0.5510401333553903,1.2450921876555983,1.1982402648291222,-1.7316274823529172,12.419902507356316,4.360517968978928,0.44713405537767814
712,2.13599999999997,1.276353898668695,1.3700836304729083,1.1178544824786956,1.2357079883797024,1.355044185189063,1.2320153170959938,1.189310813096501,1.2236296846184438,1.355044185189063,1.2320153170959938,1.189310813096501,1.2236296846184438,0.0,0.0,5.0,0.0024123774096791867,-0.029287505828320428,-0.003173748565578335,0.0,0.0,5.000000000000002,0.015734773961501206,-0.0174119004570112,0.0013306499485668949,0.0,0.0,1.7763568394002505e-15,0.013322396551822019,0.011875605371309227,0.00450439851414523,1.087023259534067,0.03607064632890096,2.003073785788195,0.7819704905728916,0.1161278487339189,0.25950559845312043,-0.5547011077987066,1.2488922518727092,1.192737111317297,-1.7212423777256702,12.421467047168244,4.342662107999558,0.4481618719821183
713,2.13899999999997,1.2700083315797084,1.380598706838883,1.1126157785161166,1.2367771830652958,1.3490282474509818,1.2427906350505442,1.1836847621412767,1.224496355357199,1.3490282474509818,1.2427906350505442,1.1836847621412767,1.224496355357199,0.0,0.0,5.0,0.0013571029290001552,-0.030121407683717617,-0.003521276697125352,0.0,0.0,5.000000000000002,0.014704920561635998,-0.018363776500305018,0.000981390287767732,0.0,0.0,1.7763568394002505e-15,0.013347817632635843,0.011757631183412599,0.004502666984893084,1.0907801821998253,0.03963145010657625,1.9979411258185353,0.7783452680693715,0.1344457852964583,0.25411303555470016,-0.5581483133103725,1.2523075552528051,1.1869345925584307,-1.710886656553229,12.421409930699447,4.323349853160248,0.4488997494005096
714,2.14199999999997,1.2636831779898956,1.3910286230522915,1.1074634160458534,1.2378247829119606,1.3429712963504454,1.2535674930107787,1.1780699716148886,1.225391239023889,1.3429712963504454,1.2535674930107787,1.1780699716148886,1.225391239023889,0.0,0.0,5.0,0.0003015921803709828,-0.030942360208437155,-0.0038656021789275755,0.0,0.0,5.000000000000002,0.013672507074866738,-0.01930775787224466,0.0006312380389599942,0.0,0.0,1.7763568394002505e-15,0.013370914894495755,0.011634602336192495,0.004496840217887569,1.0945461809963515,0.04317397602960089,1.9928393961907553,0.7744255815279472,0.1526921994572261,0.24859858840081933,-0.5613812009188914,1.25533293217541,1.1808419743415453,-1.700576542593298,12.41973469205844,4.302583580987379,0.44934692098489554
715,2.1449999999999703,1.2573832344547011,1.401366817901505,1.1024030374717004,1.238846910172095,1.3368780744887225,1.2643391192659215,1.1724723145261318,1.226310491719226,1.3368780744887225,1.2643391192659215,1.1724723145261318,1.226310491719226,0.0,0.0,5.0,-0.0007539710746410708,-0.031750010471241014,-0.004206411842208006,0.0,0.0,5.000000000000002,0.012637713241589549,-0.020243438750928627,0.00028051167044560593,0.0,0.0,1.7763568394002505e-15,0.013391684316230619,0.011506571720312386,0.004486923512653612,1.0983200726498803,0.04669738311375833,1.9877684117838925,0.7702139281455102,0.1708567708674878,0.24296440048499515,-0.5643994762899464,1.2579638845096404,1.1744690280524803,-1.6903281356209536,12.416445113048447,4.28036628187841,0.44950288456034976
716,2.1479999999999704,1.251113258554412,1.4116067977435582,1.0974402175830809,1.2398397261189495,1.3307533431269913,1.2750987412873869,1.1668976626295515,1.2272502529560718,1.3307533431269913,1.2750987412873869,1.1668976626295515,1.2272502529560718,0.0,0.0,5.0,-0.0018094030653279525,-0.032544011259593886,-0.004543395715875261,0.0,0.0,5.000000000000002,0.011600719216612487,-0.021170416882875465,-7.046982730373602e-05,0.0,0.0,1.7763568394002505e-15,0.01341012228194044,0.011373594376718421,0.004472925888571525,1.1021006624167446,0.05020086113817115,1.9827279396557524,0.765713057954602,0.18892927819141536,0.2372127422194571,-0.5672030991175998,1.2601965889548175,1.1678260081376055,-1.6801573760466808,12.4115452125344,4.256701570739244,0.449367402881629
717,2.1509999999999705,1.244877964488644,1.4217421416560185,1.0925804585631524,1.240799435292189,1.3246018777048179,1.2858395910749547,1.161351881236091,1.2282066499841378,1.3246018777048179,1.2858395910749547,1.161351881236091,1.2282066499841378,0.0,0.0,5.0,-0.002864520043834231,-0.03332402122893184,-0.004876247308446249,0.0,0.0,5.000000000000001,0.010561705537790983,-0.02208829375595439,-0.000421387231772756,0.0,0.0,8.881784197001252e-16,0.013426225581625213,0.01123572747297745,0.004454860076673493,1.105886746123958,0.053683632023073344,1.9777176996253387,0.7609259686446552,0.2068996136002324,0.23134600813400447,-0.5697922820245374,1.2620279024044756,1.160923628300731,-1.6700800101379225,12.405039235834082,4.231593697318217,0.44894050384887846
718,2.1539999999999706,1.2386820187172418,1.4317665065298013,1.087829185055937,1.2417222896970226,1.3184284633509287,1.296554910502608,1.1558408240244085,1.2291758021220562,1.3184284633509287,1.296554910502608,1.1558408240244085,1.2291758021220562,0.0,0.0,5.0,-0.003919138317147244,-0.03408970504940833,-0.0052046638868047035,0.0,0.0,5.000000000000002,0.009520853094596854,-0.022996674770707215,-0.0007719213787399093,0.0,0.0,1.7763568394002505e-15,0.013439991411744099,0.011093030278701115,0.004432742508064794,1.1096771122199387,0.05714495113265154,1.972737364957443,0.7558558999800057,0.22475779697972115,0.2253667138705985,-0.5721674889762672,1.2634553653268696,1.153773036526067,-1.6601115559652637,12.396931644159766,4.205047556211002,0.44822248048218927
719,2.1569999999999707,1.2325300356517612,1.441673632098507,1.0831917392968806,1.2426045929528537,1.3122378903905085,1.307237956659435,1.1503703278574375,1.2301538250926203,1.3122378903905085,1.307237956659435,1.1503703278574375,1.2301538250926203,0.0,0.0,5.0,-0.004973074279077555,-0.034840733550053175,-0.005528346751540835,0.0,0.0,5.000000000000002,0.008478343096625623,-0.023895169409988565,-0.0011217534525616371,0.0,0.0,1.7763568394002505e-15,0.013451417375703179,0.01094556414006461,0.004406593298979198,1.1134705438294301,0.06058410849972497,1.967786563146872,0.7505063278320095,0.2424939898189498,0.21927749298085644,-0.5743294332156684,1.2644772031637945,1.1463857890244753,-1.6502672701902563,12.387227104136697,4.1770686965112365,0.4472138906550396
720,2.159999999999971,1.22642657340144,1.4514573458999882,1.0786733763111342,1.2434427043874408,1.3060349498532569,1.3178820071809996,1.144946207608757,1.2311368353569878,1.3060349498532569,1.3178820071809996,1.144946207608757,1.2311368353569878,0.0,0.0,5.0,-0.006026144442224295,-0.03557678386028515,-0.005847001508622859,0.0,0.0,5.000000000000001,0.007434357042048811,-0.024783391406851152,-0.0014705652761396043,0.0,0.0,8.881784197001252e-16,0.013460501484273107,0.010793392453433998,0.004376436232483255,1.1172658208067046,0.06400042996933729,1.9628648767994503,0.7448809578435954,0.2600985087492616,0.21308109353407895,-0.5762790747257273,1.2650923257581368,1.1387738232041082,-1.6405621158072201,12.375930477424747,4.147663331082087,0.4459155565868513
721,2.162999999999971,1.2203761295777893,1.4611115681657916,1.0742792591838084,1.2442330430726127,1.2998244289864285,1.3284803655665895,1.1395742510033346,1.2321209544436487,1.2998244289864285,1.3284803655665895,1.1395742510033346,1.2321209544436487,0.0,0.0,5.0,-0.00707816546991996,-0.03629753954871581,-0.006160338337152137,0.0,0.0,5.000000000000001,0.006389076686015294,-0.025660958910603493,-0.001818039600307124,0.0,0.0,8.881784197001252e-16,0.013467242155935253,0.01063658063811232,0.0043422987368450135,1.1210617217811918,0.06739327825864672,1.9579718446066119,0.7389837187454938,0.277561838703847,0.2067803745438782,-0.5780176172297131,1.265300324829045,1.1309494297698113,-1.6310107309461384,12.36304681046941,4.116838345424586,0.4443285640951332
722,2.165999999999971,1.214383137161598,1.470630316634323,1.0700144544064183,1.2449720917976612,1.2936111067770828,1.3390263664777644,1.1342602134771942,1.2331023132679602,1.2936111067770828,1.3390263664777644,1.1342602134771942,1.2331023132679602,0.0,0.0,5.0,-0.008128954208148268,-0.037002690759184095,-0.006468072252959574,0.0,0.0,5.000000000000002,0.005342684009008447,-0.026527494650969263,-0.002163860392371722,0.0,0.0,1.7763568394002505e-15,0.013471638217156716,0.010475196108214832,0.004304211860587852,1.1248570261897575,0.07076205393082183,1.9531069624100976,0.7328187553442146,0.2948746456695973,0.20037830222188383,-0.579546504739406,1.2651014695218885,1.1229252240583705,-1.6216273988380563,12.348581324408102,4.084601306119138,0.44245426160788326
723,2.168999999999971,1.2084519604362967,1.4800077112835308,1.065883927303627,1.2456564009765474,1.2873997494877512,1.3495133810136384,1.1290098130605453,1.234077056438067,1.2873997494877512,1.3495133810136384,1.1290098130605453,1.234077056438067,0.0,0.0,5.0,-0.00917832771743163,-0.037691934343965235,-0.006769923367802366,0.0,0.0,5.000000000000002,0.0042953611851634654,-0.027382626100277724,-0.0025077131235511294,0.0,0.0,1.7763568394002505e-15,0.013473688902595095,0.01030930824368751,0.004262210244251237,1.128650516289962,0.07410619628097823,1.948269684352983,0.7263904212025937,0.3120277890044028,0.1938779460673822,-0.5808674176633056,1.2644967000682092,1.1147141167188004,-1.6124260190382131,12.332539405157496,4.050960468817166,0.4402942589371515
724,2.1719999999999713,1.202586890991435,1.4892379789790469,1.0618925375443526,1.246282592485169,1.2811951062097229,1.3599348219583525,1.123828725288889,1.2350413465430377,1.2811951062097229,1.3599348219583525,1.123828725288889,1.2350413465430377,0.0,0.0,5.0,-0.010226103304679839,-0.038364973994095754,-0.007065617143926467,0.0,0.0,5.000000000000002,0.0032472905505518956,-0.028225985633614892,-0.0028492850550416796,0.0,0.0,1.7763568394002505e-15,0.013473393855231735,0.010138988360480862,0.004216332088884787,1.132440979148758,0.0774251841325234,1.9434594241129963,0.719703271034388,0.3290123332946012,0.187282474802095,-0.5819822684880087,1.2634876195986282,1.1063292838483905,-1.6034200799955605,12.31492659370723,4.015924785760624,0.43785042581487926
725,2.1749999999999714,1.1967921438000313,1.4983154580337574,1.0580450347412267,1.2468473634249877,1.2750019044381202,1.370284148996216,1.1187225781466001,1.2359913684190655,1.2750019044381202,1.370284148996216,1.1187225781466001,1.2359913684190655,0.0,0.0,5.0,-0.011272098554996602,-0.039021520366757295,-0.007354884643762357,0.0,0.0,5.000000000000002,0.0021986545714369476,-0.029057210686867063,-0.0031882655224584194,0.0,0.0,1.7763568394002505e-15,0.01347075312643355,0.009964309679890232,0.004166619121303937,1.1362272086012353,0.08071853654261187,1.9386755562138454,0.7127620528349692,0.34581955972890144,0.18059515215961952,-0.582893197047139,1.2620764841590906,1.097784136696153,-1.594622633050356,12.295748576644945,3.9795039128076724,0.4351248901923424
726,2.1779999999999715,1.1910718533734532,1.5072346026748824,1.0543460541423035,1.2473474898093613,1.2688248456729272,1.3805548738900193,1.1136969470474476,1.236923333389608,1.2688248456729272,1.3805548738900193,1.1136969470474476,1.236923333389608,0.0,0.0,5.0,-0.012316131363437463,-0.03966129120966688,-0.00763746277452737,0.0,0.0,5.000000000000002,0.001149635812506808,-0.029875943912589117,-0.003524346218388777,0.0,0.0,1.7763568394002505e-15,0.013465767175944271,0.009785347297077765,0.004113116556138593,1.140008007174199,0.08398581341574883,1.9339174174100426,0.705571699770649,0.36244097696679,0.17381933253934023,-0.5836025653933468,1.2602661909878943,1.0890922910456533,-1.586046267934256,12.27501117693709,3.941708215943682,0.43212003630475027
727,2.1809999999999716,1.1854300699973888,1.5159899874147045,1.0508001124188653,1.2477798301690441,1.2626686010500943,1.3907405656180538,1.108757349856494,1.2378334834753597,1.2626686010500943,1.3907405656180538,1.108757349856494,1.2378334834753597,0.0,0.0,5.0,-0.013358019966713796,-0.040284011482418294,-0.007913094527512451,0.0,0.0,5.000000000000002,0.00010041690509061951,-0.030681833333629435,-0.0038572214728023815,0.0,0.0,1.7763568394002505e-15,0.013458436871804416,0.009602178148788859,0.00405587305471007,1.1437821879695518,0.0872266160249157,1.9291843081405233,0.6981373218495639,0.37886833148116966,0.16695845653487293,-0.5841129522899552,1.2580602651175945,1.0802675363889553,-1.5777030898397784,12.252720344989418,3.9025487772573357,0.42883850250275435
728,2.1839999999999717,1.1798707560524704,1.52457631132115,1.047411603553038,1.248141329073345,1.2565378070068232,1.4008348554654118,1.103909241957775,1.2387180955699917,1.2565378070068232,1.4008348554654118,1.103909241957775,1.2387180955699917,0.0,0.0,5.0,-0.014397582974837436,-0.04088941347472355,-0.008181529211834853,0.0,0.0,5.000000000000002,-0.0009488194846372089,-0.031474532494446816,-0.004186588531062088,0.0,0.0,1.7763568394002505e-15,0.013448763490200227,0.009414880980276735,0.003994940680772765,1.147548576502668,0.09044058743992349,1.9244754940461686,0.6904641973973413,0.3950936173567674,0.1600160463473234,-0.584427147339822,1.2554628443720943,1.0713238050025946,-1.5696046981182417,12.22888215001038,3.862037400362512,0.42528317885284533
729,2.186999999999972,1.174397782422922,1.5329884021845914,1.044184794828908,1.248429020563582,1.2504370609850937,1.4108314420651729,1.0991580113721209,1.2395734855776144,1.2504370609850937,1.4108314420651729,1.0991580113721209,1.2395734855776144,0.0,0.0,5.0,-0.015434639402699615,-0.041477236921502195,-0.008442522682445221,0.0,0.0,5.000000000000002,-0.0019978906874585783,-0.03225370061005313,-0.004512147829283594,0.0,0.0,1.7763568394002505e-15,0.013436748715241037,0.009223536311449065,0.003930374853161627,1.151306012491173,0.09362741286302884,1.9197902075461966,0.682557764360991,0.4111090855276853,0.1529957010938284,-0.5845481447698943,1.2524786628349736,1.062275141035116,-1.5617621666573538,12.203502771699984,3.8201866152473567,0.42145720450881263
730,2.189999999999972,1.1690149249966335,1.5412212205772224,1.0411238229306818,1.2486400314954642,1.2443709171774626,1.4207240963851295,1.0945089739294416,1.240396012507968,1.2443709171774626,1.4207240963851295,1.0945089739294416,1.240396012507968,0.0,0.0,5.0,-0.016469008701580846,-0.04204722911477074,-0.00869583756218062,0.0,0.0,5.000000000000002,-0.003046614062914038,-0.03301900271251823,-0.004833603266792899,0.0,0.0,1.7763568394002505e-15,0.013422394638666808,0.00902822640225251,0.0038622342953877203,1.155053351589784,0.09678681987217023,1.9151276494682519,0.6744236114645776,0.42690725243932914,0.1459010920219986,-0.5844791368907609,1.249113032870359,1.0531356697138001,-1.5541860259815654,12.176588492285914,3.777009682532814,0.4173639648566643
731,2.192999999999972,1.1637258612598769,1.5492698638015425,1.0382326901513745,1.2487715847872103,1.2383438823191208,1.4305066666557524,1.0899673684997482,1.24118208252538,1.2383438823191208,1.4305066666557524,1.0899673684997482,1.24118208252538,0.0,0.0,5.0,-0.017500510790583377,-0.04259914501228331,-0.008941243457662586,0.0,0.0,5.000000000000002,-0.004094807031099976,-0.03377010979497451,-0.0051506624754339494,0.0,0.0,1.7763568394002505e-15,0.013405703759483401,0.008829035217308802,0.003790580982228637,1.1587894670671313,0.09991857857249754,1.9104869907269213,0.6660674692402703,0.4424809081218405,0.13873595764100158,-0.5842235072512645,1.2453718257823767,1.0439195667757704,-1.5468862471101843,12.148145688927775,3.732520597123744,0.4130070884356005
732,2.195999999999972,1.158534166989854,1.5571295697245273,1.0355152607153872,1.2488210025702338,1.2323604115301492,1.4401730832351418,1.0855383522871347,1.241928152947576,1.2323604115301492,1.4401730832351418,1.0855383522871347,1.241928152947576,0.0,0.0,5.0,-0.01852896608798295,-0.04313274734287576,-0.00917851716884286,0.0,0.0,5.000000000000002,-0.005142287104455134,-0.034506698953058024,-0.005463037085481508,0.0,0.0,1.7763568394002505e-15,0.013386678983527817,0.008626048389817738,0.0037154800833613527,1.1625132514207415,0.10302250165717482,1.905867374045321,0.6574952009583112,0.4578231236640667,0.1315040987801076,-0.5837848235088844,1.241261451203424,1.0346410282257579,-1.5398722272001055,12.118180826509505,3.686734091236607,0.4083904436378379
733,2.1989999999999723,1.1534433130481565,1.5647957204941934,1.032975257218275,1.2487857092393757,1.2264249042118665,1.4497173634067697,1.0812269961908885,1.2426307361904774,1.2264249042118665,1.4497173634067697,1.0812269961908885,1.2426307361904774,0.0,0.0,5.0,-0.019554195542493484,-0.04364780670847003,-0.009407442892007102,0.0,0.0,5.000000000000002,-0.006188871919531436,-0.03522845352372703,-0.005770442987917387,0.0,0.0,1.7763568394002505e-15,0.013365323622962048,0.008419353184743003,0.0036369999040897147,1.166223617926657,0.10609844437873306,1.9012679157143453,0.6487127934793048,0.47292725807901415,0.12420937358557085,-0.5831668300371888,1.2367888353051568,1.0253142405194149,-1.5331527769919078,12.08670045083896,3.639665636788585,0.4035181351902902
734,2.2019999999999724,1.1484566622781152,1.5722638461353542,1.030616257186845,1.2486632343996882,1.2205417000011094,1.4591336161058743,1.0770382802378407,1.2432864036551778,1.2205417000011094,1.4591336161058743,1.0770382802378407,1.2432864036551778,0.0,0.0,5.0,-0.02057602066443942,-0.0441441016826936,-0.009627812416051252,0.0,0.0,5.000000000000003,-0.007234379268742777,-0.035935063221396515,-0.006072600592831531,0.0,0.0,2.6645352591003757e-15,0.013341641395696643,0.008209038461297086,0.0035552118232197207,1.1699195021204445,0.10914630443253484,1.896687707384135,0.639726348052011,0.4877869645536475,0.11685569246673586,-0.5823734402921347,1.2319613979291846,1.015953351267261,-1.5267361100700383,12.05371118227265,3.5913314471339315,0.3983945004213044
735,2.2049999999999725,1.1435774665088996,1.5795296280214601,1.0284416897626938,1.248451215706952,1.21471507478623,1.468416046570429,1.0729770890900068,1.2438917895533363,1.21471507478623,1.468416046570429,1.0729770890900068,1.2438917895533363,0.0,0.0,5.0,-0.021594263556830435,-0.04462141890607121,-0.009839425311852347,0.0,0.0,5.000000000000002,-0.00827862713208695,-0.036626224271331595,-0.006369235083712933,0.0,0.0,1.7763568394002505e-15,0.013315636424743486,0.007995194634739612,0.0034701902281394133,1.1735998632066555,0.11216602175418523,1.8921258178823153,0.6305420710795276,0.5023961960778038,0.10944701300224362,-0.581408728959396,1.2267870287369966,1.0065724405501302,-1.5206298339399082,12.01921970978249,3.5417484781342226,0.3930241053158428
736,2.2079999999999727,1.138808863669184,1.5865889022195665,1.0264548325120952,1.2481474015991583,1.2089492367885344,1.477558960912674,1.0690482076315013,1.2444435946672925,1.2089492367885344,1.477558960912674,1.0690482076315013,1.2444435946672925,0.0,0.0,5.0,-0.022608746946332258,-0.04507955317774934,-0.010042089114561736,0.0,0.0,5.000000000000003,-0.009321433708834842,-0.03730163954024146,-0.006660076667398963,0.0,0.0,2.6645352591003757e-15,0.013287313237497416,0.007777913637507877,0.0033820124471627723,1.1772636853940974,0.11515757823298249,1.8875812950535642,0.6211662648763666,0.5167492104488813,0.1019873348171629,-0.580276923905211,1.2212740624806218,0.9971854929324204,-1.5148409429169925,11.983232785480254,3.490934428550137,0.38741174036270487
737,2.2109999999999728,1.1341538750130549,1.5934376627055133,1.0246588083651373,1.2477496539162962,1.2032483227128257,1.4865567706072682,1.0652563166386404,1.244938590041268,1.2032483227128257,1.4865567706072682,1.0652563166386404,1.244938590041268,0.0,0.0,5.0,-0.023619294214130334,-0.045518307543713214,-0.010235619498654322,0.0,0.0,5.000000000000002,-0.010362617449181502,-0.03796101866401856,-0.006944860819456056,0.0,0.0,1.7763568394002505e-15,0.013256676764948832,0.007557288879694653,0.0032907586791982666,1.1809099791545883,0.11812099734374612,1.8830531676151177,0.6116053184384822,0.5308405746508305,0.0944806944417923,-0.5789823979534581,1.2154312534969292,0.9878063702545414,-1.5093758128155061,11.945757219614203,3.4389077397433088,0.3815624161975601
738,2.213999999999973,1.1296154024606953,1.600072064446595,1.0230565826867952,1.2472559504059162,1.1976163939706472,1.49540399689219,1.061605988537078,1.245373620600087,1.1976163939706472,1.49540399689219,1.061605988537078,1.245373620600087,0.0,0.0,5.0,-0.024625729426678112,-0.04593749338145777,-0.010419840445575368,0.0,0.0,5.000000000000002,-0.011401997085853391,-0.03860407817256721,-0.007223328524768272,0.0,0.0,1.7763568394002505e-15,0.013223732340824721,0.0073334152088905605,0.0031965119208070963,1.1845377824031762,0.12105634369958844,1.8785404470228668,0.6018656982477896,0.5446651686078122,0.08693116016276786,-0.5775296605118049,1.209267749529336,0.9784487852807722,-1.504240197416966,11.906799876051078,3.3856875946777327,0.37548135904575697
739,2.216999999999973,1.125196226056352,1.606488426349038,1.0216509604825976,1.2466643871120158,1.192057432979754,1.504095275078592,1.0581016832497412,1.245745608691915,1.192057432979754,1.504095275078592,1.0581016832497412,1.245745608691915,0.0,0.0,5.0,-0.025627877366326723,-0.046336930481077565,-0.010594584403831608,0.0,0.0,5.000000000000003,-0.012439391665666447,-0.03923054161166899,-0.007495226513115176,0.0,0.0,2.6645352591003757e-15,0.013188485700660276,0.007106388869408578,0.0030993578907164317,1.1881461615981193,0.12396372252840834,1.874042129342791,0.591953939132125,0.5582181883146891,0.07934282687697021,-0.5759233490698212,1.2027930649810032,0.9691262762733003,-1.4994392266919643,11.866367668255315,3.3312939162111785,0.3691740059690517
740,2.219999999999973,1.1208990015459144,1.6126832340677884,1.0204445837413618,1.2459731806449386,1.186575339543263,1.5126253587658953,1.0547477441392539,1.2460515575515905,1.186575339543263,1.5126253587658953,1.0547477441392539,1.2460515575515905,0.0,0.0,5.0,-0.02662556356182994,-0.04671644712274005,-0.010759692441381818,0.0,0.0,5.000000000000003,-0.013474620581029578,-0.03984013966183142,-0.007760307489524533,0.0,0.0,2.6645352591003757e-15,0.013150942980800363,0.006876307460908629,0.0029993849518572847,1.1917342127592294,0.12684327907608103,1.8695571971225655,0.5818766352009566,0.5714951483482666,0.07171981095855484,-0.5741682205919063,1.196017053703376,0.9598521825575645,-1.4949774067418267,11.824467555775952,3.275747364667984,0.36264599992057905
741,2.222999999999973,1.11672625807635,1.6186531426761936,1.0194399289174019,1.2451806703300567,1.1811739273118618,1.520989123958488,1.0515483940484547,1.2462885546811984,1.1811739273118618,1.520989123958488,1.0515483940484547,1.2462885546811984,0.0,0.0,5.0,-0.02761861431871911,-0.04707588015050829,-0.010915014390187546,0.0,0.0,5.0000000000000036,-0.014507503601388277,-0.04043261025406969,-0.008018330359190556,0.0,0.0,3.552713678800501e-15,0.013111110717330832,0.006643269896438597,0.0028966840309969898,1.195301062403499,0.12969519793949563,1.8650846212583039,0.5716404308764453,0.584491883764912,0.06406624514923209,-0.5722691428277573,1.1889498814231987,0.9506396211382035,-1.4908586214205122,11.781106541250287,3.219069334685584,0.35590318461256176
742,2.2259999999999733,1.1126803960191327,1.624394979193283,1.0186393045544326,1.244285320233155,1.1758569203323763,1.5291815730804819,1.0485077314425286,1.246453775144616,1.1758569203323763,1.5291815730804819,1.0485077314425286,1.246453775144616,0.0,0.0,5.0,-0.028606856749543046,-0.047415075042482636,-0.011060408982793158,0.0,0.0,5.000000000000003,-0.01553786090460181,-0.041007698682571356,-0.008269060446752893,0.0,0.0,2.6645352591003757e-15,0.013068995844941235,0.006407376359911281,0.002791348536040265,1.1988458683972287,0.1325197023327525,1.8606233628515303,0.5612520120387056,0.5972045513918204,0.05638627348169854,-0.5702310855629037,1.1816019979099037,0.9415014644189593,-1.4870861355911886,11.736291667931884,3.16128195132806,0.3489515992014281
743,2.2289999999999734,1.108763684919655,1.6299057449664995,1.0180448490533345,1.2432857210605128,1.1706279496859109,1.537197838885068,1.0456297266561836,1.2465444847728402,1.1706279496859109,1.537197838885068,1.0456297266561836,1.2465444847728402,0.0,0.0,5.0,-0.029590118803966725,-0.04773388597723063,-0.011195743980810401,0.0,0.0,5.000000000000003,-0.01656551310825008,-0.04156515771419553,-0.008512269709737202,0.0,0.0,2.6645352591003757e-15,0.013024605695716646,0.006168728263035106,0.0026834742710731985,1.2023678207241795,0.13531705328997404,1.8561723750516312,0.5507180973033038,0.6096296305207886,0.048684046245872574,-0.5680591118315476,1.1739841089835752,0.9324503190738412,-1.4836625999663846,11.69003001774901,3.102408065461001,0.34179747279516803
744,2.2319999999999736,1.104978261574526,1.6351826179078572,1.017658528585773,1.2421805919318492,1.1654905502186936,1.5450331882551054,1.0429182182492132,1.2465580432769907,1.1654905502186936,1.5450331882551054,1.0429182182492132,1.2465580432769907,0.0,0.0,5.0,-0.03056822929872558,-0.04803217589647588,-0.011320896295191155,0.0,0.0,5.000000000000003,-0.01759028130086343,-0.042104747694759526,-0.008747736945962842,0.0,0.0,2.6645352591003757e-15,0.01297794799786215,0.005927428201716357,0.002573159349228313,1.205866142169564,0.13808754880830632,1.8517306048792048,0.5400454294481928,0.6217639230148733,0.040963715007313065,-0.5657583691135931,1.1661071484615428,0.9234985061107549,-1.480590057475508,11.642328709898067,3.0424712483828587,0.3344472187879248
745,2.2349999999999737,1.1013261282385078,1.6402229545815956,1.017482135155542,1.2409687820243562,1.1604481573686702,1.552683025891668,1.0403769094736872,1.2464919072659777,1.1604481573686702,1.552683025891668,1.0403769094736872,1.2464919072659777,0.0,0.0,5.0,-0.03154101794742754,-0.048309816564020315,-0.011435752098178575,0.0,0.0,5.0000000000000036,-0.018611987073070713,-0.04262623665206733,-0.008975247994729318,0.0,0.0,3.552713678800501e-15,0.012929030874356824,0.0056835799119529865,0.0024605041034492566,1.2093400889199812,0.14083152293479437,1.8472969950259082,0.5292407670063874,0.6336045528397574,0.03322942768690439,-0.5633340805373166,1.157982250139094,0.9146580421626852,-1.4778699510988516,11.593194899975034,2.9814957857089976,0.32690742902697406
746,2.237999999999974,1.0978091509627723,1.6450242921415974,1.0175172848093998,1.2396492720862333,1.1555041040907983,1.5601428978873801,1.0380093648559212,1.2463436331659035,1.1555041040907983,1.5601428978873801,1.0380093648559212,1.2463436331659035,0.0,0.0,5.0,-0.032508315390199514,-0.04856668862087338,-0.011540206926834962,0.0,0.0,5.0000000000000036,-0.01963045254865997,-0.04312940039563537,-0.009194595931598458,0.0,0.0,3.552713678800501e-15,0.012877862841539543,0.005437288225238007,0.002345610995236504,1.2127889510796717,0.14354934480090065,1.8428704856265992,0.51831087603977,0.6451489650330215,0.02548532371057438,-0.5607915361086289,1.149620719896838,0.9059406220354261,-1.47550313310298,11.54263577964633,2.9195066705055837,0.31918486781739425
747,2.240999999999974,1.094429058065946,1.6495843501168825,1.01776541599898,1.238221175818194,1.1506616178839024,1.5674084951814653,1.0358190068962665,1.246110880038369,1.1506616178839024,1.5674084951814653,1.0358190068962665,1.246110880038369,0.0,0.0,5.0,-0.033469953223172526,-0.04880268163656522,-0.011634165778052345,0.0,0.0,5.0000000000000036,-0.020645500415546053,-0.04361402261307323,-0.009405581256594985,0.0,0.0,3.552713678800501e-15,0.012824452807626473,0.005188659023491984,0.0022285845214573604,1.2162120531037435,0.14624141760850506,1.8384500159997732,0.507262522108466,0.6563949241258069,0.01773552923747553,-0.558136083987321,1.1410340080239365,0.8973576025348069,-1.4734898756086279,11.490658576858912,2.8565295956713763,0.3112864657698804
748,2.243999999999974,1.0911874387394032,1.653901032043703,1.0182277880952992,1.2366837411215963,1.1459238179218516,1.5744756568935356,1.0338091128896674,1.2457914122949483,1.1459238179218516,1.5744756568935356,1.0338091128896674,1.2457914122949483,0.0,0.0,5.0,-0.03442576402780037,-0.04901769415662095,-0.011717543194959018,0.0,0.0,5.000000000000003,-0.02165695395664033,-0.04407989496307718,-0.009608012075654475,0.0,0.0,2.6645352591003757e-15,0.012768810071160042,0.004937799193543771,0.0021095311193045432,1.2196087541492717,0.1489081775712763,1.8340345263525164,0.4961024624492566,0.667340512032565,0.009984152474706095,-0.5553731218300545,1.1322336818427698,0.8889199875904096,-1.4718298824189366,11.437270556587842,2.7925909455664977,0.30321931349729814
749,2.246999999999974,1.0880857417880299,1.6579724269428553,1.0189054800571795,1.2350363512119382,1.141293712291723,1.5813403735332636,1.0319828118698202,1.2453831023051962,1.141293712291723,1.5813403735332636,1.0319828118698202,1.2453831023051962,0.0,0.0,5.0,-0.03537558140000682,-0.04921163374617658,-0.011790263344643828,0.0,0.0,5.000000000000003,-0.02266463708061646,-0.044526817164997026,-0.009801704275153748,0.0,0.0,2.6645352591003757e-15,0.012710944319390363,0.00468481658117955,0.0019885590694900795,1.2229784483454218,0.15155009281533713,1.8296229594464173,0.48483743837550375,0.6779841254257154,0.002235279086277811,-0.5525080882191814,1.1232313987166695,0.8806384146869373,-1.4705223020330263,11.382479022117886,2.7277177868881637,0.29499065516570855
750,2.2499999999999742,1.0851252745076199,1.6617968106409675,1.0197993892548096,1.2332785255966034,1.1367741953415151,1.5879987900831756,1.030343081679664,1.2448839328956482,1.1367741953415151,1.5879987900831756,1.030343081679664,1.2448839328956482,0.0,0.0,5.0,-0.036319239979155676,-0.04938441702971721,-0.01185226008712718,0.0,0.0,5.0000000000000036,-0.02366837435256762,-0.04495459708493786,-0.009986481689364668,0.0,0.0,3.552713678800501e-15,0.012650865626588056,0.0044298199447793465,0.0018657783977625124,1.2263205649839761,0.15416766224316325,1.8252142622211147,0.473474167910059,0.6883244726130635,-0.0055070322963473636,-0.5495464541957422,1.1140388795181417,0.8725231426087038,-1.4695657417675243,11.326291316854114,2.661937858794325,0.2866078819057265
751,2.2529999999999744,1.082307201699933,1.6653726469346735,1.0209102304495281,1.23140992091587,1.1323680451398703,1.5944472089519268,1.02889274617082,1.2442919997373858,1.1323680451398703,1.5944472089519268,1.02889274617082,1.2442919997373858,0.0,0.0,5.0,-0.03725657547684031,-0.049535969726920405,-0.011903477035516332,0.0,0.0,5.000000000000003,-0.024667991024549057,-0.045363050818359146,-0.010162176260679334,0.0,0.0,2.6645352591003757e-15,0.012588584452291253,0.004172918908561259,0.0017413007748369978,1.229634568631868,0.15676141436465485,1.8208073873723944,0.46201933866160966,0.6983605699367825,-0.013238754455225966,-0.5464937149142122,1.1046678826305811,0.8645840404972036,-1.4689582829067713,11.268714826654843,2.595279562277111,0.2780785250902092
752,2.2559999999999745,1.0796325448262647,1.6686985885966874,1.0222385349307406,1.2294303316463118,1.1280779210501575,1.6006820927955245,1.0276344725344844,1.2436055136198365,1.1280779210501575,1.6006820927955245,1.0276344725344844,1.2436055136198365,0.0,0.0,5.0,-0.03818742470548536,-0.049666226684589726,-0.01194386760728999,0.0,0.0,5.000000000000003,-0.02566331306600149,-0.045752002769136116,-0.01032862819246079,0.0,0.0,2.6645352591003757e-15,0.012524111639483873,0.00391422391545361,0.0016152394148291997,1.2329199591675235,0.1593319060993041,1.8164012948819916,0.4504796009538988,0.7080917377136114,-0.020955895851889693,-0.5433553814357412,1.095130178551847,0.8568305782164097,-1.4686974968009674,11.20975698267863,2.5277719487889145,0.26941024948438463
753,2.2589999999999746,1.0771021813003414,1.6717734782229843,1.0237846498108034,1.2273396906658751,1.123906361421164,1.6067000672040848,1.0265707687661618,1.2428228026085923,1.123906361421164,1.6067000672040848,1.0265707687661618,1.2428228026085923,0.0,0.0,5.0,-0.03911162560675737,-0.049775131904664455,-0.011973395066665792,0.0,0.0,5.0000000000000036,-0.02665416719404902,-0.04612128572504946,-0.010485686094380275,0.0,0.0,3.552713678800501e-15,0.012457458412708351,0.003653846179614992,0.0014877089722855168,1.2361762717430134,0.16187972155335015,1.8119949534965,0.43886156121623054,0.7175175957366928,-0.028654504772189678,-0.5401369726757741,1.0854375251632915,0.849271818015355,-1.4687804618305174,11.149425264735426,2.459444708124884,0.2606108462746501
754,2.2619999999999747,1.0747168439210886,1.6745963489203795,1.0255487374785148,1.2251380696800198,1.1198557813965284,1.6124979232518257,1.0257039812665132,1.2419423140851356,1.1198557813965284,1.6124979232518257,1.0257039812665132,1.2419423140851356,0.0,0.0,5.0,-0.040029017279778686,-0.04986263856829327,-0.011992032558012003,0.0,0.0,5.000000000000003,-0.027640380903667494,-0.046470740929670545,-0.01063320712010879,0.0,0.0,2.6645352591003757e-15,0.012388636376111192,0.003391897638622722,0.001358825437903213,1.2394030766741821,0.16440547077576828,1.8075873421530373,0.42717177564266073,0.726638058360139,-0.03633067334435283,-0.5368440075210399,1.0756016437229239,0.84191640747271,-1.4692037811542598,11.087727205130417,2.390328155566539,0.25168822598238
755,2.264999999999975,1.0724771204458385,1.6771664248339717,1.0275307752117284,1.2228256795084627,1.1159284708449388,1.61807261990812,1.0250362925804664,1.2409626166664773,1.1159284708449388,1.61807261990812,1.0250362925804664,1.2409626166664773,0.0,0.0,5.0,-0.040939440009139905,-0.04992870905596195,-0.011999763130273065,0.0,0.0,5.000000000000002,-0.028621782497717005,-0.046800218150611514,-0.010771057097237878,0.0,0.0,1.7763568394002505e-15,0.0123176575114229,0.003128490905350438,0.001228706033035187,1.2425999792610913,0.16690978849687874,1.80317745134956,0.4154167441262566,0.7354533291879988,-0.043980541425005334,-0.5334819971299815,1.0656341956363922,0.8347725737034822,-1.4699636011591064,11.024670392987508,2.3204532182921436,0.2426504112691898
756,2.267999999999975,1.070383453304289,1.6794831215140444,1.0297305549494862,1.2204028702321825,1.1121265924130066,1.6234212863075492,1.0245697192766219,1.2398824020028247,1.1121265924130066,1.6234212863075492,1.0245697192766219,1.2398824020028247,0.0,0.0,5.0,-0.04184273529270595,-0.04997331496366626,-0.01199657975238684,0.0,0.0,5.000000000000003,-0.029598201116833964,-0.04710957574411091,-0.010899110649311185,0.0,0.0,2.6645352591003757e-15,0.012244534175871985,0.00286373921955535,0.0010974691030756559,1.2457666195412544,0.1693933328532897,1.7987642844579734,0.403602904473818,0.7439638953897864,-0.0516003003483531,-0.5300564374297454,1.0555467600544013,0.8278481188036528,-1.4710556305288698,10.960262479037837,2.2498514210604146,0.2335055296401929
757,2.270999999999975,1.0684361394534585,1.6815460461221563,1.032147683223896,1.2178701312004903,1.108452179702606,1.6285412238770303,1.0243061099688577,1.2387004864515088,1.108452179702606,1.6285412238770303,1.0243061099688577,1.2387004864515088,0.0,0.0,5.0,-0.042738745869210455,-0.04999643711512282,-0.01198248531967944,0.0,0.0,5.000000000000003,-0.030569466769177323,-0.047398680715926955,-0.011017251309856126,0.0,0.0,2.6645352591003757e-15,0.012169279100033133,0.0025977563991958635,0.0009652340098233146,1.2489026719782748,0.17185678410280333,1.7943468589784213,0.39173662690546646,0.7521705216651288,-0.05918619653414646,-0.5265728018218921,1.045350812340099,0.8211504165045458,-1.4724751598506798,10.894511180857245,2.1785548711750518,0.22426180605189455
758,2.273999999999975,1.0666353303737492,1.6833549974763176,1.034781581251857,1.215228090898077,1.10490713557436,1.6334299083182036,1.0242471434819156,1.2374158126255237,1.10490713557436,1.6334299083182036,1.0242471434819156,1.2374158126255237,0.0,0.0,5.0,-0.043627315745635206,-0.04999806557001315,-0.011957492651231895,0.0,0.0,5.000000000000003,-0.03153541036002354,-0.04766740877851243,-0.011125371628311773,0.0,0.0,2.6645352591003757e-15,0.012091905385611668,0.0023306567915007195,0.0008321210229201223,1.2520078450886094,0.17430084333281834,1.7899242077333861,0.37982420884254486,0.760074243880401,-0.06673453495049458,-0.5230365341080043,1.0350577034448711,0.8146864100050014,-1.4742170816783917,10.827424288535113,2.106596242738517,0.2149275554314378
759,2.2769999999999753,1.0649810322060425,1.684909965935245,1.0376314851865933,1.2124775166721218,1.1014932305788265,1.6380849914434066,1.0243943271626226,1.2360274508151472,1.1014932305788265,1.6380849914434066,1.0243943271626226,1.2360274508151472,0.0,0.0,5.0,-0.04450829022436763,-0.04997819962825706,-0.011921624478221026,0.0,0.0,5.000000000000003,-0.03249586372120555,-0.047915644404446345,-0.011223373267756569,0.0,0.0,2.6645352591003757e-15,0.012012426503162074,0.0020625552238107137,0.000698251210464457,1.2550818810092872,0.17672623116565636,1.785495380000465,0.3678718699863327,0.7676763624004409,-0.07424168242803257,-0.5194530416453846,1.0246786402259263,0.8084626109460105,-1.4762759109737125,10.759009670755573,2.0340087602043906,0.20551117511400815
760,2.2799999999999754,1.063473106029701,1.6862111331218692,1.0406964465287987,1.2096193143196339,1.0982121015168214,1.6425043028636792,1.0247489953382747,1.2345346002812274,1.0982121015168214,1.6425043028636792,1.0247489953382747,1.2345346002812274,0.0,0.0,5.0,-0.04538151593013334,-0.0499368478303136,-0.011874913423245112,0.0,0.0,5.000000000000003,-0.033450659640390526,-0.048143280876099856,-0.011311167094347152,0.0,0.0,2.6645352591003757e-15,0.011930856289742817,0.0017935669542137461,0.0005637463288979596,1.2581245550094893,0.17913368646412445,1.7810594425829227,0.35588574768916037,0.7749784351385676,-0.08170407082237977,-0.5158276887420418,1.014224666734048,0.8024850994893595,-1.4786458058474359,10.689275281270701,1.9608261812385597,0.19602113720527445
761,2.2829999999999755,1.0621112682811427,1.6872588714864065,1.043975332697086,1.2066545275353668,1.0950652501301963,1.646685851527378,1.025312307923578,1.2329365904188503,1.0950652501301963,1.646685851527378,1.025312307923578,1.2329365904188503,0.0,0.0,5.0,-0.046246840836698395,-0.049874027953509516,-0.011817401970653212,0.0,0.0,5.000000000000003,-0.034399631890190935,-0.04835022033151459,-0.011388673258386807,0.0,0.0,2.6645352591003757e-15,0.01184720894650746,0.0015238076219949229,0.0004287287122664053,1.2611356749489742,0.1815239650405016,1.7766154808173473,0.34387189261862305,0.7819822703481886,-0.08911820002225959,-0.5121657902991685,1.0037066464949742,0.7967595254590506,-1.4813205885251148,10.618229165743973,1.8870827789003957,0.1864659808758109
762,2.2859999999999756,1.0608950913125677,1.6880537437094167,1.0474668277572676,1.2035843372207504,1.0920540419242604,1.6506278271081103,1.0260852491774122,1.2312328817902194,1.0920540419242604,1.6506278271081103,1.0260852491774122,1.2312328817902194,0.0,0.0,5.0,-0.0471041142933366,-0.049789767004396614,-0.011749142427905025,0.0,0.0,5.000000000000003,-0.035342615257104276,-0.04853637380647391,-0.011455821266949856,0.0,0.0,2.6645352591003757e-15,0.011761499036232324,0.0012533931979227045,0.0002933211609551685,1.2641150806863832,0.18389783837200696,1.7721625995179562,0.3318362647147333,0.7886899191792501,-0.09648064080107767,-0.5084726057083269,0.9931352458030402,0.7912911105017824,-1.4842937664637248,10.545879468941,1.812813323156009,0.1768543045945066
763,2.2889999999999757,1.0598240040902676,1.6885965019454408,1.0511694333098478,1.2004100606544443,1.089179705122916,1.6543286012408303,1.0270686266105529,1.2294230670257027,1.089179705122916,1.6543286012408303,1.0270686266105529,1.2294230670257027,0.0,0.0,5.0,-0.047953187051057555,-0.0496841012071416,-0.011670196877996584,0.0,0.0,5.000000000000002,-0.036279445570276445,-0.04870166127274907,-0.011512550047995965,0.0,0.0,1.7763568394002505e-15,0.01167374148078111,0.0009824399343925302,0.00015764683000061945,1.2670626434405063,0.18625609232566884,1.7676999238573112,0.319784729439028,0.7951036680226818,-0.10378803751017546,-0.5047533330095721,0.9825209180410432,0.7860846512206222,-1.487558553548331,10.472234442243328,1.7380530617365353,0.16719475830802785
764,2.291999999999976,1.0588972930318292,1.6888880869079381,1.0550814695350113,1.1971331505252227,1.0864433297574516,1.657786728605068,1.02826307004535,1.2275068715921325,1.0864433297574516,1.657786728605068,1.02826307004535,1.2275068715921325,0.0,0.0,5.0,-0.04879391128859,-0.049557075987953114,-0.011580637122994864,0.0,0.0,5.000000000000002,-0.0372099597300834,-0.04884601167250374,-0.01155880800591598,0.0,0.0,1.7763568394002505e-15,0.011583951558506604,0.0007110643154493723,2.1829117078884033e-05,1.2699782651076135,0.1885995258953713,1.7632266001834098,0.3077230543138556,0.8012260306658149,-0.1110371106123892,-0.501013103315779,0.9718738890357345,0.7811445232341508,-1.4911078913004563,10.397302451459957,1.6628377003553454,0.15749603557344524
765,2.294999999999976,1.0581141029813759,1.6889296267963902,1.0592010763942001,1.1937551938280369,1.0838458668898083,1.6610009478544028,1.0296690308282295,1.2254841544275614,1.0838458668898083,1.6610009478544028,1.0296690308282295,1.2254841544275614,0.0,0.0,5.0,-0.04962614063811783,-0.049408745955552835,-0.011480544618732828,0.0,0.0,5.000000000000002,-0.038133995736526274,-0.048969362948842035,-0.011594553068458899,0.0,0.0,1.7763568394002505e-15,0.011492144901591554,0.0004393830067108001,-0.00011400844972607113,1.2728618775379754,0.19092894995370674,1.7587417967733117,0.2956569057493152,0.8070597402815002,-0.11822465905494742,-0.49725697550747366,0.9612041434539775,0.7764746861118179,-1.4949344700327214,10.321091984910131,1.5872033822989517,0.14776686565117703
766,2.297999999999976,1.0574734383219406,1.6887224360665551,1.0635262149872542,1.190277910624252,1.0813881279710125,1.663970182391424,1.0312867811957522,1.2233549084418132,1.0813881279710125,1.663970182391424,1.0312867811957522,1.2233549084418132,0.0,0.0,5.0,-0.05044973021076185,-0.04923917487769881,-0.011370010400724266,0.0,0.0,5.000000000000002,-0.03905139271743506,-0.0490716620724871,-0.011619752724997087,0.0,0.0,1.7763568394002505e-15,0.01139833749332679,0.0001675128052117114,-0.0002497423242728211,1.2757134417746967,0.19324518602111176,1.7542447045236496,0.2835918461546036,0.812607741273339,-0.12534756248113393,-0.4934899312015442,0.9505214122404091,0.772078689135009,-1.4990307498873776,10.24361166174998,1.5111866674072743,0.13801600556544383
767,2.300999999999976,1.0569741642238268,1.688268014045034,1.0680546690639896,1.1867031526671532,1.0790707843353362,1.666693540987558,1.0331164137948246,1.221119260882283,1.0790707843353362,1.666693540987558,1.0331164137948246,1.221119260882283,0.0,0.0,5.0,-0.05126453662180465,-0.04904843565377158,-0.011249135001365653,0.0,0.0,5.000000000000002,-0.03996199095647636,-0.04915286506457871,-0.011634384056095202,0.0,0.0,1.7763568394002505e-15,0.01130254566532829,-0.00010442941080712753,-0.0003852490547295497,1.278532947257977,0.19554906505460887,1.749734537578551,0.2715333313298516,0.8178731809990651,-0.1324027832805258,-0.48971686999628095,0.9398351610934403,0.76795967783237,-1.503388981699537,10.164870240514636,1.4348245104598214,0.1282522321394517
768,2.3039999999999763,1.0566150080277779,1.6875680433893967,1.072784046688871,1.1830329018939574,1.076894366830623,1.6691703182472766,1.03515784135752,1.218777473564582,1.076894366830623,1.6691703182472766,1.03515784135752,1.218777473564582,0.0,0.0,5.0,-0.05207041801565349,-0.048836610283434334,-0.011118028358500648,0.0,0.0,5.000000000000002,-0.04086563192095917,-0.04921293701557976,-0.011638433754355734,0.0,0.0,1.7763568394002505e-15,0.011204786094694323,-0.0003763267321454239,-0.0005204053958550864,1.2813204109978948,0.19784142625832069,1.7452105338956632,0.25948670813389485,0.8228594013936766,-0.13938736847798594,-0.4859426049943122,0.9291545799726421,0.7641204012372704,-1.508001227629215,10.084876627846613,1.358154238985226,0.11848433401255076
769,2.3069999999999764,1.0563945607616134,1.6866243883952934,1.077711782057391,1.179269268785705,1.0748592655850864,1.6713999949163363,1.0374107965308403,1.2163299429677386,1.0748592655850864,1.6713999949163363,1.0374107965308403,1.2163299429677386,0.0,0.0,5.0,-0.05286723409053702,-0.04860378983138078,-0.010976809715429995,0.0,0.0,5.000000000000002,-0.04176215828943518,-0.04925185210028436,-0.011631898136522219,0.0,0.0,1.7763568394002505e-15,0.011105075801101844,-0.0006480622689035848,-0.0006550884210922234,1.2840758767187759,0.20012311591776535,1.740671955751134,0.24745721242282953,0.8275699305134235,-0.1462984514619477,-0.4821718586041362,0.9184885736269772,0.7605632198148873,-1.5128593815097002,10.003639887380483,1.2812135305124441,0.10872110364662381
770,2.3099999999999765,1.0563112787888358,1.6854390931520968,1.0828351374625595,1.1754144905965092,1.0729657299107587,1.6733822380338417,1.0398748318616,1.2137772001938014,1.0729657299107587,1.6733822380338417,1.0398748318616,1.2137772001938014,0.0,0.0,5.0,-0.05365484612293149,-0.048350074388186164,-0.010825607512458231,0.0,0.0,5.000000000000002,-0.04265141397908817,-0.049269593588919885,-0.01161478314682926,0.0,0.0,1.7763568394002505e-15,0.01100343214384332,-0.0009195192007337219,-0.0007891756343710293,1.2867994139781658,0.2023949862597841,1.7361180901845443,0.23544996725365247,0.8320084740212185,-0.153133253552872,-0.47840925862011724,0.9078457531299934,0.7572901140062526,-1.5179551888632394,9.921169248753204,1.2040403892828053,0.09897132932897951
771,2.3129999999999766,1.0563634855876625,1.6840143795487283,1.0881512054098308,1.1714709294537804,1.0712138683436447,1.6751169009280533,1.0425493199364841,1.2111199107918198,1.0712138683436447,1.6751169009280533,1.0425493199364841,1.2111199107918198,0.0,0.0,5.0,-0.05443311699171174,-0.048075573027277885,-0.010664559270075301,0.0,0.0,5.000000000000002,-0.0435332441729073,-0.04926615385433941,-0.01158710435159617,0.0,0.0,1.7763568394002505e-15,0.010899872818804439,-0.001190580827061527,-0.0009225450815208685,1.2894911172633807,0.20465789433979426,1.7315482493849286,0.22346998134677432,0.836178906633442,-0.15988908541308713,-0.47465933458001386,0.8972344284049611,0.7543026933367161,-1.523280266538548,9.837474116708846,1.1266731224429514,0.08924378717902086
772,2.3159999999999767,1.0565493736587197,1.6823526451315014,1.093656910878619,1.167441070331161,1.0696036488204987,1.6766040230560046,1.045433453677199,1.2083588744462996,1.0696036488204987,1.6766040230560046,1.045433453677199,1.2083588744462996,0.0,0.0,5.0,-0.055201911202024265,-0.04778040375804407,-0.010493811463879938,0.0,0.0,5.000000000000002,-0.04440749534664053,-0.049241534375300475,-0.011548886925069099,0.0,0.0,1.7763568394002505e-15,0.010794415855383738,-0.0014611306172564037,-0.0010550754611891606,1.2921511050685408,0.2069127009579041,1.726961771019144,0.21152214780072745,0.8400852635474847,-0.1665633482995351,-0.4709265143983395,0.8866626017200601,0.7516022060366121,-1.5288261219282033,9.752564080266032,1.0491503157395612,0.07954723316595891
773,2.318999999999977,1.0568670065596006,1.6804564608159085,1.0993490137284727,1.1633275188960224,1.06813489899202,1.6778438296871288,1.0485262467904857,1.2054950245303675,1.06813489899202,1.6778438296871288,1.0485262467904857,1.2054950245303675,0.0,0.0,5.0,-0.05596109490887605,-0.04746469347510124,-0.010313519391357943,0.0,0.0,5.000000000000002,-0.045274015295522704,-0.04919574573582959,-0.011500165626524853,0.0,0.0,1.7763568394002505e-15,0.010687079613353342,-0.0017310522607283524,-0.0011866462351669098,1.294779518954934,0.20916026960527154,1.7223580185039615,0.1996112430519646,0.8437317318686974,-0.17315353516124649,-0.4672151212731267,0.8761379621310599,0.7491895491224768,-1.534584171727531,9.666448921915938,0.9715108087376069,0.06989039514483086
774,2.321999999999977,1.057314321064314,1.6783285684543956,1.105224111247789,1.1591329992335053,1.0668073066721329,1.6788367314312274,1.0518265343726434,1.2025294275239986,1.0668073066721329,1.6788367314312274,1.0518265343726434,1.2025294275239986,0.0,0.0,5.0,-0.05671053594043674,-0.047128577903741226,-0.010123847030637036,0.0,0.0,5.000000000000002,-0.046132653160773945,-0.049128807620671816,-0.01144098476865675,0.0,0.0,1.7763568394002505e-15,0.010577882779662796,-0.0020002297169305905,-0.0013171377380197143,1.2973765225974736,0.2114014654419353,1.717736381223361,0.18774192607226128,0.8471226420547127,-0.17965723158364855,-0.46352937086297075,0.8656678808465357,0.7470652788879215,-1.5405457602001413,9.579138626818471,0.893793669584705,0.060281964918065076
775,2.324999999999977,1.0578891294455604,1.6759718782623554,1.1112786408428914,1.154860351449195,1.0656204204228852,1.6795833236112587,1.0553329736680621,1.1994632822977962,1.0656204204228852,1.6795833236112587,1.0553329736680621,1.1994632822977962,0.0,0.0,5.0,-0.05745010382104944,-0.04677220154158269,-0.009924966891346556,0.0,0.0,5.000000000000003,-0.04698325945586396,-0.04904074880682857,-0.011371398177271612,0.0,0.0,2.6645352591003757e-15,0.010466844365185482,-0.0022685472652458835,-0.001446431285925056,1.2999423008199391,0.21363715430719793,1.7130962746926046,0.17591873779589423,0.8502624593943676,-0.186072116582076,-0.45987336873057627,0.8552594074884807,0.7452296217542121,-1.5467021769187768,9.490643391963987,0.8160381693449585,0.05073059032981357
776,2.327999999999977,1.05858912187764,1.673389466104616,1.1175088828651165,1.150512529152631,1.0645736502743806,1.6800843854815497,1.0590440449811365,1.1962979192629357,1.0645736502743806,1.6800843854815497,1.0590440449811365,1.1962979192629357,0.0,0.0,5.0,-0.0581796697939461,-0.046395717596450704,-0.009717059857717415,0.0,0.0,5.000000000000002,-0.047825686092536984,-0.0489316071511858,-0.011291469142334531,0.0,0.0,1.7763568394002505e-15,0.010353983701409115,-0.0025358895547350976,-0.001574409284617117,1.3024770586215968,0.2158682017634931,1.708437140670744,0.16414610076846692,0.8531557755376944,-0.1923959632471039,-0.45625110804841223,0.8449192672192432,0.7436824854317245,-1.5530446739535981,9.400973635267844,0.7382837559264799,0.04124486740024228
777,2.3309999999999773,1.0594118689576957,1.6705845706448654,1.1239109635734537,1.1460925968239857,1.0636662685790208,1.6803408792921783,1.0629580527407914,1.1930347993880117,1.0636662685790208,1.6803408792921783,1.0629580527407914,1.1930347993880117,0.0,0.0,5.0,-0.05889910684366385,-0.045999287920512125,-0.00950031502406558,0.0,0.0,5.000000000000002,-0.048659786406593714,-0.04880142957423961,-0.01120127036040567,0.0,0.0,1.7763568394002505e-15,0.010239320437070133,-0.002802141653727483,-0.00170095533634009,1.3049810201977088,0.21809547217452727,1.7037584472232936,0.15242831900899392,0.8558073000926629,-0.19862663924455232,-0.45266646756150924,0.834653858704008,0.7424234703447177,-1.5595644824834367,9.310140004565092,0.6605700276275847,0.031833332506930795
778,2.3339999999999774,1.0603548243428775,1.6675605903605955,1.1304808582301926,1.1416037270663355,1.062897410999219,1.6803539492004054,1.0670731267167213,1.1896755130836567,1.062897410999219,1.6803539492004054,1.0670731267167213,1.1896755130836567,0.0,0.0,5.0,-0.05960828971815768,-0.04558308294069434,-0.009274929522807987,0.0,0.0,5.000000000000003,-0.0494854151834251,-0.048650272039924655,-0.011100883868521823,0.0,0.0,2.6645352591003757e-15,0.010122874534732582,-0.0030671890992303164,-0.0018259543457138355,1.3074544279563385,0.2203198278183471,1.699059688736867,0.1407695780766357,0.858221852303557,-0.2047621071732289,-0.44912320980189596,0.8244692528765707,0.7414518812732799,-1.5662528288088573,9.218153386472677,0.5829367063274136,0.022504454620494635
779,2.3369999999999775,1.0614153275008955,1.6643210804261983,1.137214394326838,1.1370491977460708,1.0622660776276112,1.6801249200301651,1.0713872233863049,1.1862217789559215,1.0622660776276112,1.6801249200301651,1.0713872233863049,1.1862217789559215,0.0,0.0,5.0,-0.06030709495060704,-0.04514728158541834,-0.009041108345168098,0.0,0.0,5.000000000000003,-0.05030242868329374,-0.048478199531554994,-0.010990400969582564,0.0,0.0,2.6645352591003757e-15,0.010004666267313306,-0.003330917946136651,-0.0019492926244144664,1.3098975415337633,0.22254212803585063,1.6943403858876196,0.12917394533329243,0.8604043528250505,-0.21080042478367142,-0.445624979548681,0.814371192474893,0.7407667391678416,-1.5731009497491102,9.125024915086774,0.5054236103474916,0.013266627601491032
780,2.3399999999999777,1.062590606571362,1.660869749467023,1.1441072549375317,1.1324323890240873,1.0617711342386733,1.6796552958807658,1.0758981274510293,1.1826754424295343,1.0617711342386733,1.6796552958807658,1.0758981274510293,1.1826754424295343,0.0,0.0,5.0,-0.06099540088091072,-0.04469207120767644,-0.00879906415473333,0.0,0.0,5.000000000000003,-0.05111068466635875,-0.048285286023887555,-0.010869922149308958,0.0,0.0,2.6645352591003757e-15,0.009884716214551968,-0.003593214816211117,-0.0020708579945756273,1.312310636810699,0.22476322841513052,1.689600085565395,0.11764537039312135,0.8623598156052236,-0.2167397450613333,-0.4421753025273339,0.8043650923118951,0.7403667930932957,-1.5801001074081802,9.030765980483155,0.42807062701146603,0.00412816256561227
781,2.3429999999999778,1.0638777813351412,1.6572104561873027,1.1511549821970366,1.1277567802805244,1.061411313670527,1.6789467585860742,1.0806034535011235,1.1790384742422781,1.061411313670527,1.6789467585860742,1.0806034535011235,1.1790384742422781,0.0,0.0,5.0,-0.061673087676867584,-0.04421764750448804,-0.008549017094034822,0.0,0.0,5.000000000000003,-0.05191004241743925,-0.04807161445131995,-0.010739556984850525,0.0,0.0,2.6645352591003757e-15,0.009763045259428331,-0.003853966946831912,-0.0021905398908157025,1.3146940049314373,0.22698398001191503,1.6848383607555004,0.10618768574993356,0.8640933398899262,-0.22257831617781856,-0.43877758434130804,0.7944560402461093,0.7402505322615045,-1.587241603298155,8.93538823698891,0.3509176849309784,-0.004902719675884973
782,2.345999999999978,1.06527386628892,1.6533472058749288,1.1583529809002684,1.1230259469358876,1.0611852173355918,1.6780011660255933,1.08550064782697,1.1753129688118475,1.0611852173355918,1.6780011660255933,1.08550064782697,1.1753129688118475,0.0,0.0,5.0,-0.06234003735503909,-0.04372421443276914,-0.008291194584324523,0.0,0.0,5.000000000000003,-0.052700362770512404,-0.04783727667223675,-0.01059942404512318,0.0,0.0,2.6645352591003757e-15,0.009639674584526685,-0.004113062239467613,-0.0023082294607986564,1.3170479513278859,0.22920522860625342,1.6800548103800674,0.09480460757335142,0.8656101023600589,-0.22831448131391802,-0.435435109628781,0.7846487988161894,0.7404161981127967,-1.5945167918110295,8.838903611194372,0.2740047260463016,-0.013817896093644713
783,2.348999999999978,1.0667757738220252,1.6492841467862274,1.1656965222202231,1.118243557171528,1.0610913168586225,1.676820550288974,1.0905869903757368,1.1715011424766693,1.0610913168586225,1.676820550288974,1.0905869903757368,1.1715011424766693,0.0,0.0,5.0,-0.06299613380128986,-0.04321198412165003,-0.008025831118732677,0.0,0.0,5.000000000000003,-0.05348150813294192,-0.04758237342951904,-0.010449650782969257,0.0,0.0,2.6645352591003757e-15,0.009514625668347945,-0.00437038930786901,-0.0024238196642365796,1.3193727947503944,0.23142781399548024,1.675249059100969,0.08349973666456716,0.8669153494125058,-0.23394667835833,-0.43215104143695626,0.7749478075028352,0.7408617964089376,-1.601917093032836,8.74132430967468,0.1973716774510348,-0.02260934882876417
784,2.351999999999978,1.0683803174924809,1.6450255664139202,1.173180747541094,1.1134133685525067,1.0611279558405498,1.6754071156956243,1.09585959685154,1.1676053316122885,1.0611279558405498,1.6754071156956243,1.09585959685154,1.1676053316122885,0.0,0.0,5.0,-0.06364126279100295,-0.04268117678127979,-0.007753168048992861,0.0,0.0,5.000000000000003,-0.0542533425094326,-0.04730701430723454,-0.010290373419237345,0.0,0.0,2.6645352591003757e-15,0.009387920281570344,-0.004625837525954746,-0.0025372053702444834,1.3216688663071388,0.23365256932338624,1.6704207570862792,0.0722765595625342,0.8680143895946205,-0.23947343948605948,-0.428928420806082,0.7653571855814315,0.7415851093019966,-1.6094340048966125,8.642662826391145,0.12105842303077366,-0.031269172485717846
785,2.354999999999978,1.0700842153991599,1.64057588764163,1.180800672403199,1.1085392245560142,1.0612933517464254,1.6737632366712114,1.101315420957324,1.1636279906250422,1.0612933517464254,1.6737632366712114,1.101315420957324,1.1636279906250422,0.0,0.0,5.0,-0.06427531200896565,-0.04213202060815746,-0.007473453365929348,0.0,0.0,5.0000000000000036,-0.05501573152570678,-0.04701131768352708,-0.010121736818887561,0.0,0.0,3.552713678800501e-15,0.009259580483258867,-0.004879297075369618,-0.002648283452958213,1.3239365085137247,0.23588032044542276,1.6655695797422596,0.061138449791443034,0.8689125862013392,-0.24489339062058993,-0.425770166555093,0.7558807355286199,0.7425837073455063,-1.6170591146732236,8.542931949743398,0.04510477494625967,-0.039789581323018415
786,2.3579999999999783,1.0718840936468303,1.6359396647883182,1.1885511905563029,1.1036250510085528,1.0615855979156525,1.6718914554829742,1.1069512567765192,1.1595716898248571,1.0615855979156525,1.6718914554829742,1.1069512567765192,1.1595716898248571,0.0,0.0,5.0,-0.06489817106892383,-0.04156475168702903,-0.0071869414739061275,0.0,0.0,5.0000000000000036,-0.0557685424518984,-0.04669541067972506,-0.0099438943592349,0.0,0.0,3.552713678800501e-15,0.009129628617025431,-0.005130658992696033,-0.002756952885328773,1.326176074354563,0.2381118853296717,1.6606952274128555,0.05008866924038333,0.869615350043175,-0.25020525078400113,-0.42267907526056897,0.7465219469460954,0.7438549614163101,-1.6247841098013884,8.44214476924417,-0.03044955500791266,-0.04816291633507306
787,2.3609999999999784,1.0737764899007791,1.6311215795461877,1.1964270781178101,1.0986748524352237,1.0620026656925716,1.6697944798358884,1.1127637412924178,1.1554391131791255,1.0620026656925716,1.6697944798358884,1.1127637412924178,1.1554391131791255,0.0,0.0,5.0,-0.06550973153279951,-0.040979613889393265,-0.006893892959442401,0.0,0.0,5.0000000000000036,-0.05651164422566092,-0.04635942910569167,-0.00975700779045037,0.0,0.0,3.552713678800501e-15,0.008998087307138594,-0.005379815216298406,-0.002863114831007969,1.3283879263574585,0.24034807349322423,1.655797425048674,0.03913036966616972,0.8701281323925435,-0.2554078313392746,-0.4196578214205272,0.7372840009651491,0.745396054517508,-1.632600788060479,8.340314681789604,-0.1055649841374489,-0.05638165221879504
788,2.3639999999999786,1.0757578570276336,1.6261264368156723,1.2044229978321763,1.0936927083245198,1.062542406675352,1.667475180331847,1.1187493570430804,1.151233055949724,1.062542406675352,1.667475180331847,1.1187493570430804,1.151233055949724,0.0,0.0,5.0,-0.06610988692956976,-0.04037685876866083,-0.006594574354205812,0.0,0.0,5.0000000000000036,-0.057244907474985174,-0.04600351740143946,-0.009561247088447078,0.0,0.0,3.552713678800501e-15,0.008864979454584587,-0.005626658632778628,-0.002966672734241266,1.330572435682746,0.24258968547352902,1.650875921847399,0.028266594310410027,0.8704564181150724,-0.2605000351290791,-0.41670895779442874,0.7281697750958451,0.747203993434926,-1.6405010670917015,8.237455397499037,-0.18020208764328915,-0.06443840421863319
789,2.3669999999999787,1.077824566818888,1.6209591604411635,1.212533503427851,1.0886827693120993,1.0632025550810371,1.6649365877941396,1.1249044349094737,1.146956422215353,1.0632025550810371,1.6649365877941396,1.1249044349094737,1.146956422215353,0.0,0.0,5.0,-0.06669853277380294,-0.039756745452010016,-0.006289257892597937,0.0,0.0,5.0000000000000036,-0.05796820454072232,-0.045627828575035,-0.009356790300284724,0.0,0.0,3.552713678800501e-15,0.00873032823308062,-0.005871083123024985,-0.0030675324076867875,1.3327299812282016,0.24483751233419365,1.6459304908675734,0.017500279622019114,0.8706057189917761,-0.2654808555153678,-0.41383491591067256,0.7191818484852153,0.7492756202215453,-1.6484769932751804,8.13358094509939,-0.25432162744481707,-0.07232593484379296
790,2.369999999999979,1.079972913793618,1.6156247888513153,1.2207530440679308,1.083649253287137,1.0639807302244713,1.6621818904596295,1.1312251570344183,1.1426122222814843,1.0639807302244713,1.6621818904596295,1.1312251570344183,1.1426122222814843,0.0,0.0,5.0,-0.06727556658384944,-0.039119540528986446,-0.00597822126415363,0.0,0.0,5.0000000000000036,-0.058681409498809234,-0.04523252413681983,-0.009143823382233365,0.0,0.0,3.552713678800501e-15,0.008594157085040202,-0.006112983607833383,-0.0031656021180797352,1.33486094875085,0.2470923352046526,1.6409609286176567,0.006834257076527979,0.8705815672372129,-0.2703493753241416,-0.4110380067327813,0.7103225075494715,0.7516076234863159,-1.6565207499722188,8.02870567683054,-0.3278845809984242,-0.0800371604515391
791,2.372999999999979,1.0821991190767284,1.6101284706077523,1.2290759688906663,1.0785964414248561,1.0648744391087372,1.6592144310411479,1.1377075598698105,1.138203569980308,1.0648744391087372,1.6592144310411479,1.1377075598698105,1.138203569980308,0.0,0.0,5.0,-0.06784088789968343,-0.0384655179368957,-0.005661747360978268,0.0,0.0,5.0000000000000036,-0.059384398182191336,-0.04481777402997668,-0.00892254003064362,0.0,0.0,3.552713678800501e-15,0.008456489717492091,-0.006352256093080981,-0.003260792669665351,1.336965730006688,0.24935492485304986,1.6359670546222258,-0.003728744916296484,0.8703895092180037,-0.275104765699745,-0.4083204214754406,0.7015937519459559,0.7541965494657505,-1.6646246651436216,7.922844272849424,-0.40085217007818236,-0.08756515769059224
792,2.375999999999979,1.0844993343490505,1.604475459866133,1.237496531635829,1.073528674148991,1.065881079124623,1.656037703662728,1.1443475373494731,1.133733679863179,1.065881079124623,1.656037703662728,1.1443475373494731,1.133733679863179,0.0,0.0,5.0,-0.06839439830039243,-0.03779495884303605,-0.0053401240204537705,0.0,0.0,5.0000000000000036,-0.06007704820243995,-0.0443837565574699,-0.008693141505777165,0.0,0.0,3.552713678800501e-15,0.00831735009795248,-0.006588797714433853,-0.003353017485323394,1.339044721909242,0.2516260412916257,1.6309487109671565,-0.014186099024821118,0.8700350993753795,-0.279746284873062,-0.40568423256154845,0.6929973008513691,0.7570388128586181,-1.6727812183564268,7.816011745111974,-0.47318588948505874,-0.09490316979875565
793,2.378999999999979,1.086869645865509,1.598671111753609,1.2460088953529533,1.0684503470279316,1.066997940856537,1.6526553506704265,1.151140844184873,1.1292058642881666,1.066997940856537,1.6526553506704265,1.151140844184873,1.1292058642881666,0.0,0.0,5.0,-0.0689360014213126,-0.03710815152382306,-0.00501364376344627,0.0,0.0,5.0000000000000036,-0.06075923897105959,-0.04393065830539242,-0.008455836448757748,0.0,0.0,3.552713678800501e-15,0.00817676245025302,-0.006822506781569357,-0.003442192685311478,1.3410983257077833,0.25390643341384356,1.6259057618255783,-0.024535276936005053,0.8695238943547209,-0.28427327684796383,-0.4031313947114466,0.6845345995137216,0.7601307074059551,-1.6809830471927105,7.708223440713526,-0.5448475356508702,-0.10204461274904521
794,2.3819999999999792,1.0893060785375617,1.5927208776667343,1.2546071371872929,1.0633659066084136,1.0682222109921864,1.6490711593215714,1.1580830992808413,1.1246235304054037,1.0682222109921864,1.6490711593215714,1.1580830992808413,1.1246235304054037,0.0,0.0,5.0,-0.06946560297080522,-0.03640539124085887,-0.0046826035282544545,0.0,0.0,5.000000000000003,-0.061430851720482266,-0.04345867406275128,-0.008210840691809218,0.0,0.0,2.6645352591003757e-15,0.00803475125032295,-0.007053282821892409,-0.0035282371635547635,1.3431269461859225,0.2561968386624449,1.6208380929663524,-0.03477384723183098,0.8688614473443943,-0.28868517001034016,-0.4006637461555562,0.6762068260464341,0.7634684162004495,-1.6892229530753125,7.599495044669862,-0.6157992351029793,-0.10898308123873322
795,2.3849999999999794,1.0918046000759776,1.5866303004940119,1.2632852532393526,1.0582798461906608,1.0695509753332388,1.6452890583553987,1.1651697892683253,1.11999017704304,1.0695509753332388,1.6452890583553987,1.1651697892683253,1.11999017704304,0.0,0.0,5.0,-0.06998311074667267,-0.035686980113997464,-0.004347304400540212,0.0,0.0,5.0000000000000036,-0.06209176952474453,-0.04296800673772723,-0.007958377061953126,0.0,0.0,3.552713678800501e-15,0.007891341221928139,-0.007281026623729765,-0.003611072661412914,1.3451309908812248,0.258497982727578,1.6157456112467732,-0.04489947320936449,0.868053302625537,-0.29298147566401095,-0.39828300996170984,0.6680148984340624,0.7670480217110411,-1.6974939065263723,7.489842582122649,-0.6860034727555859,-0.11571235451585365
796,2.3879999999999795,1.0943611251900196,1.5804050097672944,1.2720371634937586,1.0531967015489305,1.0709812219040913,1.6413131144481268,1.1723962721510945,1.1153093914966903,1.0709812219040913,1.6413131144481268,1.1723962721510945,1.1153093914966903,0.0,0.0,5.0,-0.07048843465221066,-0.034953226991462194,-0.004008051339486788,0.0,0.0,5.000000000000003,-0.06274187731984397,-0.04245886727044333,-0.007698675178344466,0.0,0.0,2.6645352591003757e-15,0.007746557332366691,-0.007505640278981138,-0.0036906238388576783,1.3471108693263854,0.26081057927410894,1.6106282440911468,-0.05490991065185655,0.8671049903338286,-0.29716178649777214,-0.39599079546856925,0.6599594817202238,0.7708655155103161,-1.705789051875475,7.379282419954739,-0.7554231199934036,-0.12222640203787058
797,2.3909999999999796,1.0969715198390348,1.574050716746318,1.2808567168131517,1.0481210466014992,1.0725098441557757,1.6371475285556307,1.179757781063228,1.1105848462253685,1.0725098441557757,1.6371475285556307,1.179757781063228,1.1105848462253685,0.0,0.0,5.0,-0.07098148671189378,-0.03420444731707001,-0.0036651529004345196,0.0,0.0,5.000000000000003,-0.06338106192377148,-0.04193147454228098,-0.0074319712434299245,0.0,0.0,2.6645352591003757e-15,0.007600424788122298,-0.007727027225210972,-0.003766818342995405,1.3490669923124337,0.2631353296971907,1.6054859389568419,-0.0648030055580543,0.8660220214336977,-0.30122577498777997,-0.3937885998166375,0.6520409953494574,0.7749168076939333,-1.7141017114349917,7.26783126780248,-0.8240214625134722,-0.12851938895736326
798,2.3939999999999797,1.0996316055324085,1.567573209440701,1.289737695992756,1.0430574890341353,1.0741336442619405,1.6327966321469696,1.187249428134112,1.1058202954569811,1.0741336442619405,1.6327966321469696,1.187249428134112,1.1058202954569811,0.0,0.0,5.0,-0.07146218108669178,-0.033440962994621494,-0.003318920954245172,0.0,0.0,5.000000000000003,-0.064009212056216,-0.0413860552817817,-0.007158507828118471,0.0,0.0,2.6645352591003757e-15,0.007452969030475778,-0.007945092287160206,-0.003839586873873299,1.3509997711743416,0.2654729229051395,1.6003186627893593,-0.0745766918366267,0.8648098829048482,-0.3051731917394154,-0.39167780956851184,0.6442596206359387,0.7791977359829267,-1.7224253891608639,7.155506178453954,-0.8917622278909163,-0.1345856814297336
799,2.39699999999998,1.1023371636737263,1.5609783475738386,1.2986738228712305,1.0380106658812065,1.0758493365037654,1.628264883332114,1.1948662084575785,1.1010195717065452,1.0758493365037654,1.628264883332114,1.1948662084575785,1.1010195717065452,0.0,0.0,5.0,-0.07193043408901383,-0.032663102249512556,-0.0029696704036514133,0.0,0.0,5.000000000000003,-0.06462621835793822,-0.04082284396717559,-0.0068785336511597295,0.0,0.0,2.6645352591003757e-15,0.007304215731075606,-0.008159741717663031,-0.003908863247508316,1.352909617099341,0.2678240351286433,1.5951264014679065,-0.08422898897234665,0.8634740331404561,-0.30900386377270533,-0.3896597024101823,0.6366153083331934,0.783704074501253,-1.730753773817623,7.042324547623899,-0.9586096128345408,-0.1404198517381098
800,2.39999999999998,1.105083939945076,1.5542720574930686,1.3076587634933248,1.032985239068534,1.0776535507405738,1.623556862887318,1.2026030041617308,1.0961865822103805,1.0776535507405738,1.623556862887318,1.2026030041617308,1.0961865822103805,0.0,0.0,5.0,-0.07238616419727854,-0.03187119948762845,-0.0026177188968481055,0.0,0.0,5.0000000000000036,-0.06523197340980946,-0.040242082725578054,-0.0065923033529309075,0.0,0.0,3.552713678800501e-15,0.007154190787469081,-0.008370883237949607,-0.0039745844560828015,1.3547969404581817,0.2701893297553105,1.589909159242906,-0.09375799967039998,0.8620198975558842,-0.31271769275530487,-0.3877354489253575,0.6291077862801963,0.7884315422224126,-1.7390807416668723,6.92830411309786,-1.0245283100983549,-0.14601668323078237
801,2.40299999999998,1.1078676487272368,1.5474603270306755,1.3166861333198587,1.0279858909222326,1.0795428359628327,1.6186772701816603,1.210454588575908,1.0913253052796021,1.0795428359628327,1.6186772701816603,1.210454588575908,1.0913253052796021,0.0,0.0,5.0,-0.07282929207010651,-0.031065595151581932,-0.0022633865385872187,0.0,0.0,5.0000000000000036,-0.06582637175151333,-0.039644021228898305,-0.006300077263837828,0.0,0.0,3.552713678800501e-15,0.007002920318593175,-0.008578426077316372,-0.004036690725250609,1.356662150159483,0.2725694571885516,1.5846669581668096,-0.10316190748491737,0.860452864406282,-0.31631465318696267,-0.3859061144349894,0.6217365671005047,0.7933758110803573,-1.7474003586987874,6.813462953240006,-1.089483535015317,-0.15137117506668046
802,2.40599999999998,1.1106839775515933,1.5405492003201857,1.3257495024804828,1.0230173196477432,1.0815136639241485,1.6136309190083733,1.2184156304911582,1.0864397865763233,1.0815136639241485,1.6136309190083733,1.2184156304911582,1.0864397865763233,0.0,0.0,5.0,-0.07325974056013336,-0.030246635574355082,-0.001906995599037851,0.0,0.0,5.0000000000000036,-0.06640930989990597,-0.03902891658650402,-0.006002121167540848,0.0,0.0,3.552713678800501e-15,0.006850430660227391,-0.008782281012148941,-0.004095125568502997,1.35850565302728,0.27496505472977517,1.5793998375195304,-0.11243897443754756,0.858778280810996,-0.31979479053930887,-0.3841726608943741,0.6145009559323404,0.7985325137412016,-1.7557068824264248,6.697819484860944,-1.1534410516199145,-0.1564785467645701
803,2.4089999999999803,1.1135285915794688,1.5335447725725766,1.3348424010646287,1.0180842347833285,1.0835624328487945,1.608422733324653,1.2264806985105092,1.0815341353160464,1.0835624328487945,1.608422733324653,1.2264806985105092,1.0815341353160464,0.0,0.0,5.0,-0.07367743472744104,-0.029414672830408675,-0.0015488702206771876,0.0,0.0,5.0000000000000036,-0.06698068636703214,-0.03839703323468921,-0.0056987060592209315,0.0,0.0,3.552713678800501e-15,0.0066967483604088995,-0.008982360404280534,-0.004149835838543744,1.3603278532017866,0.27737674648287564,1.5741078532297421,-0.12158753863161094,0.8570014489822948,-0.3231582193547168,-0.38253594884042474,0.6074000581688072,0.8038972510334917,-1.7639947632627595,6.581392460443745,-1.216367198326555,-0.16133424255183704
804,2.4119999999999804,1.1163971381046593,1.5264531848169658,1.3439583244460573,1.0131913526323195,1.0856854712112307,1.6030577429037283,1.2346442654852434,1.0766125203998005,1.0856854712112307,1.6030577429037283,1.2346442654852434,1.0766125203998005,0.0,0.0,5.0,-0.07408230185260456,-0.028570064584324675,-0.0011893361234785714,0.0,0.0,5.0000000000000036,-0.06754040167779407,-0.03774864282299151,-0.005390107899105823,0.0,0.0,3.552713678800501e-15,0.006541900174810489,-0.009178578238666833,-0.0042007717756272515,1.3621291515633527,0.27980514327998346,1.5687910772932407,-0.13060601186709367,0.8551276226555206,-0.32640512130789384,-0.3809967393819415,0.6004327871886956,0.8094655990359362,-1.772258645500428,6.464200964728313,-1.2782289131311864,-0.1659339355088929
805,2.4149999999999805,1.1192852510748235,1.5192806186103973,1.3530907386363653,1.0083433916784148,1.0878790415840098,1.5975410789030366,1.2429007130333132,1.0716791664796432,1.0878790415840098,1.5975410789030366,1.2429007130333132,1.0716791664796432,0.0,0.0,5.0,-0.07447427144935236,-0.02771317393704413,-0.0008287203086643986,0.0,0.0,5.000000000000003,-0.06808835838726968,-0.03708402409740902,-0.005076607361480356,0.0,0.0,2.6645352591003757e-15,0.006385913062082679,-0.009370850160364888,-0.004247887052815958,1.3639099451795313,0.2822508426274512,1.5634495971894984,-0.13949287726146387,0.8531620037174246,-0.32953574323376433,-0.37955569622594215,0.5935978720595865,0.8152331158225846,-1.780493367914121,6.346264410656172,-1.338993758304064,-0.17027353150543828
806,2.4179999999999806,1.122188555627424,1.5120332907214187,1.3622330856627693,1.0035450679883908,1.0901393445503982,1.5918779693524336,1.2512443361359566,1.0667383499612144,1.0901393445503982,1.5918779693524336,1.2512443361359566,1.0667383499612144,0.0,0.0,5.0,-0.0748532752768375,-0.026844369269768006,-0.00046735076129433216,0.0,0.0,5.000000000000003,-0.0686244610976778,-0.03640346278056607,-0.0047584895794094,0.0,0.0,2.6645352591003757e-15,0.0062288141791597,-0.009559093510798061,-0.004291138818115068,1.36567062677512,0.2847144286710505,1.558083515297482,-0.14824668688101453,0.8511097390291047,-0.33255039512510637,-0.37821338773336577,0.586893865196203,0.8211953478664427,-1.7886939640054635,6.227602534679597,-1.398629944542159,-0.17434917292499846
807,2.4209999999999807,1.1251026726358782,1.5047174477920695,1.371378788965524,0.99880109060653,1.0924625226779796,1.586073734566421,1.2596693478085113,1.0617943949470912,1.0924625226779796,1.586073734566421,1.2596693478085113,1.0617943949470912,0.0,0.0,5.0,-0.0752192473515186,-0.025964024085589295,-0.0001055561519580252,0.0,0.0,5.0000000000000036,-0.06914861647498616,-0.03570725144887982,-0.004436043885405319,0.0,0.0,3.552713678800501e-15,0.006070630876532437,-0.009743227363290523,-0.004330487733447294,1.3674115842249945,0.28719647217936084,1.5526929483117518,-0.15686605938716458,0.8489759174396603,-0.3354494481033043,-0.376970288997714,0.5803191499581937,0.8273478361034398,-1.7968556619100502,6.108235391440976,-1.4571063545503427,-0.17815724217434092
808,2.423999999999981,1.1280232232616059,1.497339360983006,1.3805212588102307,0.9941161569451604,1.0948446645494463,1.5801337824844561,1.2681698838413509,1.0568516691247498,1.0948446645494463,1.5801337824844561,1.2681698838413509,1.0568516691247498,0.0,0.0,5.0,-0.07557212395864712,-0.0250725168489219,0.0002563344621549754,0.0,0.0,5.0000000000000036,-0.06966073326516112,-0.03499568940678019,-0.0041095635482761295,0.0,0.0,3.552713678800501e-15,0.005911390693486007,-0.009923172557858288,-0.004365898010431105,1.3691332000695127,0.2896975305443394,1.5472780266597936,-0.16534967770187917,0.8467655669864025,-0.3382333323654775,-0.37582678394045743,0.5738719481727211,0.8336861216595209,-1.8049738839860627,5.988183347830145,-1.5143925660212072,-0.18169436497458363
809,2.426999999999981,1.130945833507555,1.4899053206064305,1.3896538977103696,0.9894949481756479,1.0972818088467349,1.5740636039434543,1.2767400076068187,1.0519145796029952,1.0972818088467349,1.5740636039434543,1.2767400076068187,1.0519145796029952,0.0,0.0,5.0,-0.07591184366336004,-0.024170230822796592,0.000617991936537624,0.0,0.0,5.0000000000000036,-0.07016072231005431,-0.034269082558037525,-0.0037793455063934375,0.0,0.0,3.552713678800501e-15,0.00575112135330573,-0.010098851735240933,-0.004397337442931061,1.3708358510522178,0.29221814779807265,1.5418388939214829,-0.17369628669610512,0.8444836522772013,-0.34090253511114205,-0.3747831674172969,0.5675503275684163,0.8402057512444173,-1.8130442461036085,5.8674670764292856,-1.5704588739841303,-0.18495741343099634
810,2.429999999999981,1.1338661387689124,1.4824216307515679,1.398770105855309,0.9849421246242143,1.0997699484846064,1.5678687678866619,1.2853737149279656,1.046987568700769,1.0997699484846064,1.5678687678866619,1.2853737149279656,1.046987568700769,0.0,0.0,5.0,-0.07623834732137547,-0.023257553904095382,0.0009790873387265063,0.0,0.0,5.0000000000000036,-0.07064849656292523,-0.03352774327425338,-0.0034456900976228833,0.0,0.0,3.552713678800501e-15,0.0055898507584502405,-0.010270189370158,-0.004424777436349389,1.3725199076795431,0.29475885464472174,1.5363757062515222,-0.1819046909048579,0.8421350720503309,-0.34345759845146007,-0.37383964732963954,0.5613522091083976,0.8469022822163623,-1.8210625566535683,5.746107548356848,-1.6252763124950735,-0.18794350887870337
811,2.432999999999981,1.136779788376606,1.474894603907357,1.4078632865390894,0.9804623211769478,1.1023050347897259,1.561554916513127,1.2940649390048513,1.0420751096922987,1.1023050347897259,1.561554916513127,1.2940649390048513,1.0420751096922987,0.0,0.0,5.0,-0.07655157808928946,-0.02233487845679246,0.0013392922474707942,0.0,0.0,5.0000000000000036,-0.07112397110359539,-0.03277199026057029,-0.003108900786162723,0.0,0.0,3.552713678800501e-15,0.0054276069856940695,-0.010437111803777828,-0.0044481930336335174,1.3741857338021766,0.29732016850668974,1.5308886318056392,-0.18997375227234184,0.8397246569069661,-0.34589911730402645,-0.372996346735919,0.5552753742111746,0.8537712873226653,-1.8290248152943593,5.6241260255237115,-1.6788166756394916,-0.19065002450169377
812,2.4359999999999813,1.1396824501292684,1.467330555587108,1.4169268515852544,0.9760601426983726,1.104882981721249,1.5551277603720477,1.3028075553941194,1.0371817025125865,1.104882981721249,1.5551277603720477,1.3028075553941194,1.0371817025125865,0.0,0.0,5.0,-0.07685148143447243,-0.021402601143274625,0.001698279051435565,0.0,0.0,5.000000000000003,-0.07158706315323318,-0.03200214841865909,-0.0027692838865389854,0.0,0.0,2.6645352591003757e-15,0.005264418281239247,-0.010599547275384463,-0.00446756293797455,1.3758336862177245,0.29990259358405463,1.5253778501712754,-0.19790238793024045,0.8372571672113112,-0.34822773727604245,-0.3722533059576615,0.5493174718493328,0.8608083591216342,-1.8369272114545814,5.50154405231658,-1.7310525378217043,-0.19307458772276143
813,2.4389999999999814,1.1425698148092862,1.4597357989597923,1.4259542267630216,0.9717401594679014,1.1074996701288922,1.5485930734063205,1.3115953870375057,1.0323118694272846,1.1074996701288922,1.5485930734063205,1.3115953870375057,1.0323118694272846,0.0,0.0,5.0,-0.07713800514456291,-0.020461122753815272,0.0020557212471691297,0.0,0.0,5.0000000000000036,-0.07203769208876494,-0.03121854870704223,-0.0024271482850081044,0.0,0.0,3.552713678800501e-15,0.0051003130557979726,-0.010757425953226957,-0.004482869532177234,1.3774641142942754,0.3025066209263302,1.519843551803448,-0.2056895680120713,0.8347372911531847,-0.35044415253862277,-0.37161048467547136,0.5434760255169422,0.8680091140918544,-1.8447661226090524,5.378383446725301,-1.7819572733151277,-0.19521508236219026
814,2.4419999999999815,1.1454376006786604,1.452116639492703,1.4349388571900858,0.9675069026385527,1.1101509520444095,1.5419566879496576,1.3204222093349023,1.0274701506710338,1.1101509520444095,1.5419566879496576,1.3204222093349023,1.0274701506710338,0.0,0.0,5.0,-0.07741109933655785,-0.019510848034272193,0.0024112937360622963,0.0,0.0,5.000000000000003,-0.07247577945691168,-0.030421527998813105,-0.002082805158620693,0.0,0.0,2.6645352591003757e-15,0.004935319879646169,-0.010910679964540912,-0.004494098894682989,1.3790773596144483,0.30513272851563605,1.5142859374664124,-0.21333431350627127,0.8321696429677539,-0.3525491036948829,-0.3710677640103827,0.5377484400576399,0.8753691964352859,-1.8525381123452422,5.2546662909324535,-1.8315050750488633,-0.19706965056322923
815,2.4449999999999816,1.1482815579503074,1.4444793696101246,1.4438742127173612,0.9633648597222106,1.1128326550023873,1.5352244896816785,1.3292817552575593,1.022661100058378,1.1128326550023873,1.5352244896816785,1.3292817552575593,1.022661100058378,0.0,0.0,5.0,-0.07767071646549693,-0.018552185512085807,0.00276467312002992,0.0,0.0,5.0000000000000036,-0.07290124898784726,-0.02961142893681283,-0.0017365676922016515,0.0,0.0,3.552713678800501e-15,0.004769467477649669,-0.011059243424727024,-0.004501240812231572,1.3806737556394872,0.3077813813603792,1.5087052176817026,-0.22083569415045232,0.829558761306999,-0.35454337564435545,-0.37062494858629264,0.5321320083463038,0.8828842815810395,-1.8602399282365878,5.1304149213851495,-1.879670972607286,-0.19863669448259486
816,2.4479999999999817,1.1510974732305497,1.4368302633727064,1.4527537932909949,0.9593184701057524,1.11554058638622,1.5284024125454143,1.3381677204969717,1.0178892805713966,1.11554058638622,1.5284024125454143,1.3381677204969717,1.0178892805713966,0.0,0.0,5.0,-0.07791681133274007,-0.017585547320650687,0.0031155379956462133,0.0,0.0,5.000000000000003,-0.07331402660847695,-0.02878859978632657,-0.0013887507935042842,0.0,0.0,2.6645352591003757e-15,0.00460278472426312,-0.011203052465675885,-0.004504288789150497,1.3822536273929418,0.3104530315985703,1.5031016121830867,-0.22819282636905538,0.8269091077574038,-0.3564277954461881,-0.37028176856946154,0.5266239178181634,0.8905500793970349,-1.8678684995386328,5.0056519183705035,-1.9264308494204758,-0.19991487774446806
817,2.450999999999982,1.1538811739285122,1.4291755711821823,1.4615711342869997,0.9553721206023076,1.1182705377951179,1.5214964336316967,1.347073768644971,1.0131592599282173,1.1182705377951179,1.5214964336316967,1.347073768644971,1.0131592599282173,0.0,0.0,5.0,-0.0781493410938364,-0.01661134902213852,0.003463569246465265,0.0,0.0,5.0000000000000036,-0.07371404045533325,-0.027953394285362643,-0.0010396708067973784,0.0,0.0,3.552713678800501e-15,0.004435300638503142,-0.011342045263224122,-0.004503240053262643,1.383817291163462,0.3131481186099214,1.4974753493789166,-0.23540487125642257,0.8242250654982906,-0.3582032301834808,-0.37003788168133206,0.5212212568400822,0.8983623371170335,-1.8754209347233683,4.880400095117716,-1.9717614591246346,-0.20090312665665908
818,2.453999999999982,1.1566285326281949,1.4215215145160354,1.4703198118138814,0.951530141041891,1.1210182894279688,1.5145125680349265,1.3559935364005107,1.0084756061365967,1.1210182894279688,1.5145125680349265,1.3559935364005107,1.0084756061365967,0.0,0.0,5.0,-0.0783682652659833,-0.015630009428845553,0.003808450333262183,0.0,0.0,5.000000000000003,-0.07410122088708718,-0.027106171492578796,-0.0006896452251456617,0.0,0.0,2.6645352591003757e-15,0.00426704437889612,-0.011476162063733242,-0.004498095558407845,1.3853650542262208,0.31586706913589374,1.491826665822317,-0.24247103260711383,0.821510938095174,-0.35987058483103146,-0.3698928751811801,0.5159210209195924,0.906316841990781,-1.8828945188665782,4.754682486451064,-2.0156404410729096,-0.20160063118783084
819,2.456999999999982,1.1593354714189983,1.4138742806967164,1.4789934479786564,0.9477967999056307,1.1237796144798649,1.5074568636847445,1.3649206387986197,1.0038428830367736,1.1237796144798649,1.5074568636847445,1.3649206387986197,1.0038428830367736,0.0,0.0,5.0,-0.07857354573507448,-0.014641950423142739,0.004149867581929557,0.0,0.0,5.000000000000003,-0.07447550049667259,-0.026247295632921608,-0.0003389924016455048,0.0,0.0,2.6645352591003757e-15,0.00409804523840189,-0.01160534520977887,-0.004488859983575062,1.386897214582465,0.3186102974068893,1.4861558056896098,-0.24939055499510593,0.818770948422468,-0.3614308001286661,-0.3698462678153707,0.5107201187480702,0.9144094236651895,-1.8902867109024013,4.62852233701943,-2.058046334978415,-0.20200684570489286
820,2.459999999999982,1.1619979661805788,1.4062400176999619,1.4875857161117156,0.944176300007747,1.1265502835470833,1.5003353961581387,1.3738486744569707,0.9992656458378101,1.1265502835470833,1.5003353961581387,1.3738486744569707,0.9992656458378101,0.0,0.0,5.0,-0.07876514676233534,-0.01364759677610762,0.004487510468768715,0.0,0.0,5.000000000000003,-0.07483681412302162,-0.025377135941044127,1.1968740121576227e-05,0.0,0.0,2.6645352591003757e-15,0.00392833263931372,-0.011729539164936506,-0.004475541728647139,1.3884140607166906,0.3213782052758032,1.4804630202673337,-0.2561627219033357,0.816009237709867,-0.36288485046225,-0.36989751173024654,0.5056153780752062,0.922635956304641,-1.897595140758736,4.501943089129197,-2.0989585946726543,-0.202121489469892
821,2.4629999999999823,1.1646120508178368,1.3986248290067285,1.4960903459459984,0.9406727742294384,1.1293260690363107,1.4931542634765431,1.382771230835503,0.994748436651646,1.1293260690363107,1.4931542634765431,1.382771230835503,0.994748436651646,0.0,0.0,5.0,-0.07894303499054518,-0.012647375964912791,0.0048210719029149855,0.0,0.0,5.000000000000003,-0.07518509886240894,-0.024496066502570482,0.00036291899615437107,0.0,0.0,2.6645352591003757e-15,0.003757936128136241,-0.011848690537657691,-0.0044581529067606145,1.3899158713709285,0.324171182357179,1.4747485674481742,-0.2627868539048826,0.8132298647067174,-0.3642337417543899,-0.370045994345927,0.5006035514126477,0.9309923604586053,-1.904817606386508,4.374968370208497,-2.13835760096399,-0.2019445468959457
822,2.4659999999999824,1.1671738214420406,1.3910347685032152,1.5045011287460075,0.9372902813087375,1.1321027495738853,1.4859195808924894,1.3916818895045284,0.9902957800290997,1.1321027495738853,1.4859195808924894,1.3916818895045284,0.9902957800290997,0.0,0.0,5.0,-0.07910717944984455,-0.011641717989050976,0.005150248505641363,0.0,0.0,5.0000000000000036,-0.07552029407940328,-0.023604466093274656,0.0007135391723523676,0.0,0.0,3.552713678800501e-15,0.003586885370441273,-0.01196274810422368,-0.004436709333288995,1.3914029153356247,0.3269896061712335,1.4690127112360885,-0.26926230689692715,0.8104368049587134,-0.3654785093667591,-0.37029104018853953,0.4956813215653818,0.9394746046848418,-1.9119520706952295,4.247621979931813,-2.176224673582262,-0.20147626756198656
823,2.4689999999999825,1.169679440493969,1.3834758354334173,1.5128119223822165,0.9340328016903959,1.1348761144108364,1.4786374756703804,1.4005742314167402,0.9859121785020458,1.1348761144108364,1.4786374756703804,1.4005742314167402,0.9859121785020458,0.0,0.0,5.0,-0.07925755156312694,-0.010631055185477337,0.005474740886285518,0.0,0.0,5.000000000000003,-0.07584234141742384,-0.022702718016243087,0.0010635103748272562,0.0,0.0,2.6645352591003757e-15,0.003415210145703104,-0.01207166283076575,-0.0044112305114582615,1.3928754512565948,0.329833842292043,1.4632557212608683,-0.2755884703884767,0.8076339501912735,-0.3666202160159045,-0.3706319126786469,0.49084530699006734,0.9480787069364912,-1.918996658406673,4.119927877034917,-2.212542082197214,-0.2007171659862971
824,2.4719999999999827,1.172125140805158,1.3759539694085707,1.5210166563464997,0.9309042334397737,1.1376419678194984,1.471314081865957,1.4094418421785444,0.981602108136003,1.1376419678194984,1.471314081865957,1.4094418421785444,0.981602108136003,0.0,0.0,5.0,-0.0793941251510141,-0.009615822042745317,0.005794253914549628,0.0,0.0,5.000000000000003,-0.0761511848089,-0.021791209937090786,0.0014125142999412421,0.0,0.0,2.6645352591003757e-15,0.0032429403421141006,-0.012175387894345469,-0.004381739614608386,1.3943337274575354,0.3327042444992071,1.4574778723023547,-0.28176476584271076,0.8048251077939973,-0.3676599497043204,-0.3710678158738654,0.48609206698013796,0.9568007357213768,-1.9259496528378994,3.9919101658509573,-2.247293056499875,-0.19966802115904758
825,2.4749999999999828,1.1745072295932726,1.3684750454778158,1.5291093367042534,0.9279083882246594,1.140396133477487,1.4639555351090265,1.4182783173161368,0.9773700140973524,1.140396133477487,1.4639555351090265,1.4182783173161368,0.9773700140973524,0.0,0.0,5.0,-0.0795168764364137,-0.008596455014217508,0.0061084969889257205,0.0,0.0,5.000000000000003,-0.07644677048503243,-0.02087033371730243,0.00176023352380867,0.0,0.0,2.6645352591003757e-15,0.003070105951381269,-0.012273878703084922,-0.0043482634651170506,1.3957779817775695,0.33560115493233256,1.4516794438244818,-0.28779064507467034,0.8020140004006536,-0.3685988216685057,-0.3715978961638992,0.4814181066780662,0.9656368110418095,-1.9328094926242807,3.8635930825992455,-2.280461795337658,-0.19832987583425438
826,2.477999999999983,1.1768220923877954,1.3610448692643726,1.5370840509789216,0.9250489873689111,1.1431344588348271,1.4565679673940188,1.4270772675317536,0.9732203062394029,1.1431344588348271,1.4565679673940188,1.4270772675317536,0.9732203062394029,0.0,0.0,5.0,-0.07962578404865892,-0.0075733923304333985,0.0064171843010014515,0.0,0.0,5.000000000000003,-0.07672904698515423,-0.01994048524576894,0.002106351790997385,0.0,0.0,2.6645352591003757e-15,0.002896737063504684,-0.012367092915335543,-0.0043108325100040664,1.3972084414233166,0.338524904247702,1.445860719519304,-0.2936655887048994,0.7992042655592136,-0.36943796434565773,-0.37222124391643807,0.47681988191571495,0.9745831051231495,-1.9395747683925866,3.7350009814589904,-2.3120334748954683,-0.1967040355818026
827,2.480999999999983,1.17906619688216,1.353669172171399,1.5449349729647457,0.9223296579816969,1.1458528194600488,1.449157501882919,1.4358323239455328,0.9691573547115017,1.1458528194600488,1.449157501882919,1.4358323239455328,0.9691573547115017,0.0,0.0,5.0,-0.07972082902722892,-0.006547073810711546,0.006720035095407097,0.0,0.0,5.000000000000003,-0.07699796516569014,-0.01900206426859334,0.0024505543021674098,0.0,0.0,2.6645352591003757e-15,0.002722863861538777,-0.012454990457881794,-0.0042694807932396875,1.3986253228349692,0.3414758117765199,1.4400219868611233,-0.2993891046695359,0.79639945548652,-0.3701785293605946,-0.3729368950725804,0.4722938038841999,0.9836358429393052,-1.946244219393628,3.606158320460718,-2.3419942559167706,-0.19479206760039755
828,2.483999999999983,1.1812360967086513,1.3463536066616935,1.5526563674635563,0.9197539291661002,1.1485471233610702,1.4417302477251202,1.4445371433184415,0.96518548559537,1.1485471233610702,1.4417302477251202,1.4445371433184415,0.96518548559537,0.0,0.0,5.0,-0.07980199482505,-0.005517940674068714,0.007016773925166151,0.0,0.0,5.000000000000002,-0.07725347820871212,-0.018055474217237882,0.002792528000385326,0.0,0.0,1.7763568394002505e-15,0.002548516616337884,-0.01253753354316917,-0.004224245924780825,1.4000288315658747,0.3444541856841497,1.434163536670813,-0.3049607267872517,0.7936030369022596,-0.37082168553443934,-0.3737438326906555,0.4678362436351548,0.992791302543262,-1.952816730103391,3.477089647228587,-2.3703312899601316,-0.19259579929252046
829,2.4869999999999832,1.1833284351323838,1.3391037416153142,1.560242594941568,0.9173252283107393,1.151213315276723,1.434292294898714,1.4531854132517388,0.9613089765728261,1.151213315276723,1.434292294898714,1.4531854132517388,0.9613089765728261,0.0,0.0,5.0,-0.07986926731137625,-0.0044864353495388575,0.0073071309022184235,0.0,0.0,5.000000000000002,-0.07749554163009038,-0.01710112203508722,0.003131961855853828,0.0,0.0,1.7763568394002505e-15,0.002373725681285868,-0.012614686685548365,-0.004175169046364596,1.4014191621751217,0.3474603231297816,1.42828566269041,-0.31038001338334986,0.7908183909370096,-0.371368616916547,-0.37464098843752136,0.46344353641572117,1.0020458152106233,-1.9592913268010475,3.3478195846071266,-2.3970327246883825,-0.19011731660268336
830,2.4899999999999833,1.1853399486607494,1.331925057769105,1.5676881161021439,0.9150468774680053,1.1538473809347864,1.426849709077721,1.4617708573584691,0.9575320526290254,1.1538473809347864,1.426849709077721,1.4617708573584691,0.9575320526290254,0.0,0.0,5.0,-0.07992263477424973,-0.003453001285970335,0.0075908419428866915,0.0,0.0,5.000000000000002,-0.07772411328723783,-0.016139418002501293,0.0034685471487976363,0.0,0.0,1.7763568394002505e-15,0.002198521487011898,-0.012686416716530959,-0.004122294794089055,1.4027964981326417,0.35049451042599367,1.4223886611680148,-0.31564654597124564,0.7880488131092176,-0.37182052084110306,-0.375627244026612,0.45911198583998725,1.0113957654040246,-1.9656671741316945,3.2183728162061604,-2.422087708189183,-0.18735896212049713
831,2.4929999999999835,1.18726747056486,1.3248229432420642,1.5749874963706323,0.9129220898224439,1.156445351272442,1.4194085265297303,1.470287240402506,0.9538588817953236,1.156445351272442,1.4194085265297303,1.470287240402506,0.9538588817953236,0.0,0.0,5.0,-0.07996208792253943,-0.002418082761384693,0.00786764900806471,0.0,0.0,5.000000000000002,-0.07793915338644708,-0.01517077556043428,0.003801977750248417,0.0,0.0,1.7763568394002505e-15,0.002022934536092355,-0.012752692799049586,-0.0040656712578162925,1.4041610117363417,0.3535570231976921,1.4164728304530314,-0.3207599279914857,0.7852975133660918,-0.37217860600977776,-0.3767014326022002,0.4548378678999709,1.0208375905661413,-1.9719435716611478,3.088774071897786,-2.4454863923273535,-0.18432333295027273
832,2.4959999999999836,1.1891079343095077,1.317802689150397,1.582135410287398,0.9109539662526993,1.1590033066150776,1.411974749048394,1.4787283734006984,0.9502935709358317,1.1590033066150776,1.411974749048394,1.4787283734006984,0.9502935709358317,0.0,0.0,5.0,-0.07998761988755898,-0.001382124691980576,0.008137300337907072,0.0,0.0,5.000000000000002,-0.07814062448981832,-0.014195611132694158,0.004131950400473247,0.0,0.0,1.7763568394002505e-15,0.001846995397740664,-0.012813486440713583,-0.004005349937433825,1.4055128640408003,0.3566481265399387,1.4105384706017425,-0.3257197836083935,0.7825676161834857,-0.37244409060177314,-0.3778623400695254,0.45061743481958394,1.0303677807488634,-1.9781199504296159,2.9590481132992905,-2.4672199351309985,-0.1810132783490979
833,2.4989999999999837,1.1908583768883076,1.3108694853160006,1.5891266458053108,0.9091454919903812,1.161517380809418,1.4045543389251847,1.487088118683703,0.9468401615816959,1.161517380809418,1.4045543389251847,1.487088118683703,0.9468401615816959,0.0,0.0,5.0,-0.07999922622426228,-0.0003455724408615157,0.008399550680808504,0.0,0.0,5.000000000000002,-0.07832849152177739,-0.013214343946920351,0.004458164984793608,0.0,0.0,1.7763568394002505e-15,0.0016707347024848967,-0.012868771506058835,-0.003941385696014895,1.4068522047970664,0.35976807517419684,1.4045858829932107,-0.33052575656437194,0.7798621607199899,-0.3726182004125625,-0.37910870637061717,0.44644691875533,1.0399828780860523,-1.9841958695105848,2.8292197192757884,-2.487280502214971,-0.17743189713553173
834,2.501999999999984,1.1925159420607805,1.304028416072085,1.595956108488004,0.9074995333791332,1.1639837653069973,1.3971532139647833,1.4953603949111274,0.9435026258170939,1.1639837653069973,1.3971532139647833,1.4953603949111274,0.9435026258170939,0.0,0.0,5.0,-0.07999690491201751,0.0006911283734273469,0.008654161516463468,0.0,0.0,5.000000000000002,-0.07850272177518194,-0.012227395854355921,0.004780324806543709,0.0,0.0,1.7763568394002505e-15,0.0014941831368355668,-0.012918524227783269,-0.0038738367099197587,1.4081791724031096,0.36291711360254825,1.3986153699554684,-0.335177509091845,0.777184101020562,-0.3727021670225829,-0.38043922670581537,0.442322535347776,1.049679476117128,-1.9901710125807688,2.699313671496165,-2.5056612672469063,-0.17358253487127812
835,2.504999999999984,1.1940778834881487,1.2972844561694865,1.6026188256053082,0.9060188347370597,1.1663987131940279,1.389777242548431,1.5035391820366508,0.9402848622208925,1.1663987131940279,1.389777242548431,1.5035391820366508,0.9402848622208925,0.0,0.0,5.0,-0.07998065635495885,0.0017275320684734191,0.008900901272803598,0.0,0.0,5.000000000000002,-0.07866328491701613,-0.01123519114849153,0.0050981368569203295,0.0,0.0,1.7763568394002505e-15,0.0013173714379427215,-0.012962723216964948,-0.003802764415883269,1.4094938938644939,0.36609547625945393,1.3926272344019488,-0.3396747208827761,0.7745363062651625,-0.372697225997106,-0.3818525527011568,0.438240487128102,1.0594542189685647,-1.9960451845065241,2.5693547400755894,-2.5223564114625154,-0.169468780818399
836,2.507999999999984,1.195541567764819,1.2906424667872,1.60910995012238,0.9047060153256021,1.1687585431637773,1.382432238749524,1.5116185262188326,0.9371906918678681,1.1687585431637773,1.382432238749524,1.5116185262188326,0.9371906918678681,0.0,0.0,5.0,-0.07995048338191614,0.002763193089596493,0.009139545536615888,0.0,0.0,5.000000000000002,-0.07881015299367115,-0.010238156382660055,0.00541131208147827,0.0,0.0,1.7763568394002505e-15,0.0011403303882449867,-0.013001349472256549,-0.0037282334551376178,1.4107964847648466,0.3693033876606545,1.3866217794780937,-0.34401708811566534,0.7719215610579983,-0.37260461511848214,-0.3833472935219583,0.43419696678427366,1.0693038004001976,-2.0018183079516816,2.439367669337456,-2.537361122238451,-0.1650944646748344
837,2.510999999999984,1.196904477342531,1.2841071916504947,1.6154247645791178,0.9035635664278588,1.1710596434276082,1.375123957505688,1.519592544673373,0.934223854393333,1.1710596434276082,1.375123957505688,1.519592544673373,0.934223854393333,0.0,0.0,5.0,-0.0799063912459224,0.003797666201395273,0.009369877257649378,0.0,0.0,5.000000000000002,-0.07894330043581198,-0.00923672018665904,0.005719565643029403,0.0,0.0,1.7763568394002505e-15,0.000963090810110423,-0.013034386388054313,-0.0036503116146199745,1.4120870492457214,0.37254106254882374,1.3805993082180599,-0.34820432253989697,0.7693425657531163,-0.37242557265192294,-0.38492201693308165,0.4301881602915997,1.0792249627230674,-2.0074904200113215,2.309377163727107,-2.550671590732514,-0.16046365309120109
838,2.5139999999999842,1.1981642133442894,1.2776832532599296,1.6215586848565668,0.9025938485392172,1.1732984755608975,1.3678580898515085,1.5274554304626375,0.9313880041249584,1.1732984755608975,1.3678580898515085,1.5274554304626375,0.9313880041249584,0.0,0.0,5.0,-0.07984838762329925,0.004830506679156636,0.009591686946025585,0.0,0.0,5.000000000000002,-0.07906270406282902,-0.008231313082481026,0.0060226171807060275,0.0,0.0,1.7763568394002505e-15,0.000785683560470235,-0.013061819761637661,-0.003569069765319557,1.4133656799954593,0.3758087060356098,1.374560123211433,-0.3522361506172843,0.7668019368122312,-0.3721613356459596,-0.3865752503065156,0.42621024991263284,1.0892144955953529,-2.013061668875612,2.179407873909053,-2.5622850086024807,-0.15558064597203544
839,2.5169999999999844,1.1993184982652951,1.2713751492344882,1.6275072638271149,0.9017990886731039,1.1754715782801068,1.360640258216045,1.5352014572183246,0.9286867062855255,1.1754715782801068,1.360640258216045,1.5352014572183246,0.9286867062855255,0.0,0.0,5.0,-0.07977648261232057,0.005861270500043753,0.009804772862772204,0.0,0.0,5.000000000000002,-0.07916834308687375,-0.007222367299230162,0.006320191064952914,0.0,0.0,1.7763568394002505e-15,0.0006081395254468186,-0.013083637799273915,-0.0034845817978192903,1.4146324582466738,0.3791065137397181,1.3685045262798508,-0.35611231272063976,0.7643022071908185,-0.37181313826869106,-0.38830548157705475,0.42225941707155124,1.0992692347027622,-2.018532310527432,2.049484383078715,-2.5721995638162434,-0.15044997256484394
840,2.5199999999999845,1.2003651785582024,1.26518724877188,1.6332661948853917,0.9011813777845294,1.1775755711473395,1.353476011789186,1.542824983793203,0.9261234332702735,1.1775755711473395,1.353476011789186,1.542824983793203,0.9261234332702735,0.0,0.0,5.0,-0.07969068873145428,0.006889514533984068,0.010008941203307713,0.0,0.0,5.000000000000002,-0.07926019911647762,-0.0062103165873049065,0.006612016648216243,0.0,0.0,1.7763568394002505e-15,0.00043048961497665905,-0.013099831121288975,-0.00339692455509147,1.4158874537819988,0.38243467192070685,1.3624328181634193,-0.3598325623891832,0.7618458267486554,-0.3713822101809135,-0.3901111601469931,0.4183318451083123,1.1093860603295835,-2.023902705477124,1.919631193518924,-2.58041443556739,-0.14507638734052497
841,2.5229999999999846,1.2013022271000966,1.2591237892290383,1.6388313153568768,0.9007426683139911,1.179607158198785,1.3463708219608486,1.5503204588379242,0.9237015610024439,1.179607158198785,1.3463708219608486,1.5503204588379242,0.9237015610024439,0.0,0.0,5.0,-0.07959102091718305,0.007914796734173463,0.0102040062737091,0.0,0.0,5.000000000000002,-0.07933825615975439,-0.005195596031926528,0.006897828511101253,0.0,0.0,1.7763568394002505e-15,0.000252764757428664,-0.013110392766099991,-0.003306177762607847,1.4171307249477527,0.3857933576081861,1.3563452982168072,-0.36339666564059125,0.7594351626811391,-0.3708697749472002,-0.39199069774088524,0.41442372191801435,1.1195618958264246,-2.029173315537363,1.7898727134304764,-2.5869297883116857,-0.13946486566890148
842,2.5259999999999847,1.2021277455387638,1.2531888728256737,1.6441986097813472,0.9004847718542195,1.1815631314935238,1.3393300778369495,1.5576824252989712,0.9214243653705576,1.1815631314935238,1.3393300778369495,1.5576824252989712,0.9214243653705576,0.0,0.0,5.0,-0.07947749652140385,0.008936676327113147,0.010389790659603234,0.0,0.0,5.000000000000002,-0.07940250062718394,-0.004178641866094443,0.007177366703774821,0.0,0.0,1.7763568394002505e-15,7.499589421990083e-05,-0.01311531819320759,-0.0032124239558284137,1.4183623186751957,0.38918273872612763,1.3502422641148848,-0.3668044003394843,0.7570724999678712,-0.37027704848598475,-0.3939424692115559,0.4105312424810224,1.1297937059805025,-2.034344700640782,1.660233244065115,-2.5917467649412305,-0.13362059929330292
843,2.528999999999985,1.2028399665158602,1.2473864634736391,1.649364213068396,0.900409356942108,1.183440374579231,1.332359081836006,1.5649055248338857,0.9192950187508794,1.183440374579231,1.332359081836006,1.5649055248338857,0.9192950187508794,0.0,0.0,5.0,-0.07935013530840693,0.009954714002100719,0.010566125387527589,0.0,0.0,5.000000000000002,-0.07945292133397816,-0.003159891283047195,0.007450376982393467,0.0,0.0,1.7763568394002505e-15,-0.00010278602557123317,-0.013114605285147914,-0.003115748405134122,1.4195822705090642,0.3926029742120102,1.3441240115677768,-0.3700555556221452,0.7547600418351477,-0.3696052375596804,-0.3959648132986626,0.40665061128952235,1.140078495294189,-2.039417515702657,1.5307369671882152,-2.59486747911435,-0.1275489916083141
844,2.531999999999985,1.2034372557647477,1.2417203837347919,1.6543244135223845,0.9005179469780777,1.1852358658714022,1.3254630453701561,1.5719845021399865,0.9173165866184574,1.1852358658714022,1.3254630453701561,1.5719845021399865,0.9173165866184574,0.0,0.0,5.0,-0.07920895945143511,0.010968472100092367,0.010732850078613899,0.0,0.0,5.000000000000002,-0.07948950950202834,-0.0021397822483114476,0.007716611040341624,0.0,0.0,1.7763568394002505e-15,-0.00028055005059322846,-0.013108254348403814,-0.0030162390382722747,1.420790604643093,0.39605421413054226,1.337990834045185,-0.3731499313772616,0.7524999102291544,-0.36885553830585394,-0.3980560333412363,0.4027780446762606,1.1504133061773625,-2.044392507530649,1.401407932897315,-2.5962950067604655,-0.1212556527449806
845,2.534999999999985,1.2039181140808943,1.2361943119098395,1.6590756557342776,0.9008119182749899,1.1869466819427952,1.3186470846142977,1.5789142091928703,0.9154920242500394,1.1869466819427952,1.3186470846142977,1.5789142091928703,0.9154920242500394,0.0,0.0,5.0,-0.07905399352882327,0.011977514801853446,0.010889813094455093,0.0,0.0,5.000000000000003,-0.07951225876143335,-0.0011187533114183218,0.007975826734069928,0.0,0.0,2.6645352591003757e-15,-0.00045826523261008334,-0.013096268113271768,-0.0029139863603851648,1.4219873339622469,0.3995365997817192,1.331843022509835,-0.3760873377824889,0.7502941462968231,-0.36802913481045685,-0.40021439794573754,0.39890977305130443,1.1607952170589744,-2.0492705117832952,1.2722700478214435,-2.596033376780358,-0.11474639446795214
846,2.537999999999985,1.2042811791627774,1.2308117792606272,1.663614543337971,0.9012924982386281,1.1885700007198698,1.3119162163669769,1.585689609391068,0.9138241735220879,1.1885700007198698,1.3119162163669769,1.585689609391068,0.9138241735220879,0.0,0.0,5.0,-0.07888526451971946,0.012981408315319682,0.011036871675022345,0.0,0.0,5.000000000000002,-0.07952116515160872,-9.724341736909448e-05,0.008227788303328099,0.0,0.0,1.7763568394002505e-15,-0.0006359006318892579,-0.013078651732688776,-0.002809083371694247,1.423172460091405,0.4030502638029885,1.325680865159899,-0.37886759489663213,0.7481447108714671,-0.36712719772410185,-0.4024381416112786,0.3950420430527211,1.1712213404230953,-2.0540524499786548,1.1433470637248846,-2.594087560963327,-0.10802722488919471
847,2.5409999999999853,1.2045252273214402,1.2255761673681285,1.6679378416288118,0.9019607636816229,1.1901031045830905,1.305275354006565,1.5923057816033164,0.912315759807031,1.1901031045830905,1.305275354006565,1.5923057816033164,0.912315759807031,0.0,0.0,5.0,-0.07870280179938795,0.013979721062086867,0.01117389206850746,0.0,0.0,5.0000000000000036,-0.079516227121976,0.0009243082820691723,0.008472266585592164,0.0,0.0,3.552713678800501e-15,-0.0008134253225880461,-0.013055412780017695,-0.0027016254829152955,1.4243459734502564,0.40659533026531225,1.3195046471802363,-0.38149053230725244,0.7460534849604707,-0.3661508829223605,-0.40472546531376374,0.3911711196171281,1.1816888207745897,-2.0587393265542397,1.0146625665376865,-2.5904634631438013,-0.1011043430030902
848,2.5439999999999854,1.2046491750569266,1.2204907056283383,1.672042480042137,0.9028176392726004,1.191543383368042,1.2987293035461733,1.5987579241149916,0.9109693889707958,1.191543383368042,1.2987293035461733,1.5987579241149916,0.9109693889707958,0.0,0.0,5.0,-0.07850663713409488,0.014972023862947366,0.011300749652971837,0.0,0.0,5.000000000000003,-0.07949744553223272,0.001945462617157237,0.00870903922449097,0.0,0.0,2.6645352591003757e-15,-0.000990808398137838,-0.013026561245790129,-0.0025917104284808676,1.4255078533141847,0.4101719147629306,1.313314650502299,-0.38395598883350873,0.7440222702324724,-0.3651013302110435,-0.4070745370508056,0.3872932879761029,1.1921948325394394,-2.06333222597911,0.8862399658338301,-2.5851679076209098,-0.09398413304788827
849,2.5469999999999855,1.2046520804999308,1.2155584688880858,1.6759255544898037,0.90386389612218,1.1928883372644032,1.2922827597906756,1.6050413584703402,0.9097875444745833,1.1928883372644032,1.2922827597906756,1.6050413584703402,0.9097875444745833,0.0,0.0,5.0,-0.078296804675578,0.015957890122396894,0.011417329049691973,0.0,0.0,5.000000000000003,-0.07946482365220295,0.0029657805889844735,0.008937890872042269,0.0,0.0,2.6645352591003757e-15,-0.0011680189766249544,-0.01299210953341242,-0.0024794381776497045,1.4266580678809382,0.4137801244966445,1.3071111535725428,-0.38626381228405393,0.7420527895016404,-0.36397966207741334,-0.4094834923493695,0.3834048555844711,1.2027365779046384,-2.067832309918756,0.7581024847764793,-2.578208626865458,-0.08667315869864506
850,2.5499999999999856,1.2045331447171406,1.210782375222713,1.679584329552792,0.9051001505073561,1.1941355796099193,1.2859403025990983,1.6111515332072415,0.9087725845837432,1.1941355796099193,1.2859403025990983,1.6111515332072415,0.9087725845837432,0.0,0.0,5.0,-0.0780733409551009,0.016936896012029534,0.01152352422809789,0.0,0.0,5.000000000000002,-0.07941836716126772,0.003984823558196696,0.009158613384514784,0.0,0.0,1.7763568394002505e-15,-0.001345026206166819,-0.012952072453832838,-0.0023649108435831057,1.4277965743428978,0.41742005835045193,1.3008944311291832,-0.3884138592698095,0.7401466872068042,-0.3627869824882659,-0.4119504347381919,0.37950215398650494,1.2133112846024803,-2.0722408144531648,0.6302731505482746,-2.5695942485395946,-0.07917815709692931
851,2.5529999999999857,1.2042917128789017,1.2061651838573808,1.6830162405280862,0.9065268627356365,1.195282839576599,1.279706393255556,1.6170840274813276,0.9079267396865196,1.195282839576599,1.279706393255556,1.6170840274813276,0.9079267396865196,0.0,0.0,5.0,-0.07783628487709303,0.01790862065274419,0.011619238602209501,0.0,0.0,5.000000000000002,-0.07935808414737651,0.005002153433569231,0.009371006011737772,0.0,0.0,1.7763568394002505e-15,-0.0015217992702834804,-0.012906467219174957,-0.00224823259047173,1.4289233189647759,0.4210918069613839,1.2946647539871385,-0.39040599507145113,0.7383055298833656,-0.36152437573580565,-0.4144734361871092,0.37558154062607024,1.2239162036439761,-2.0765590473482383,0.5027747852830369,-2.5593342818552247,-0.07150603272272693
852,2.555999999999986,1.2039272752879044,1.2017094932336914,1.6862188953281918,0.908144336150215,1.1963279647464764,1.273585370951804,1.622834554576392,0.90725210972533,1.1963279647464764,1.273585370951804,1.622834554576392,0.90725210972533,0.0,0.0,5.0,-0.07758567771237651,0.01887264629568139,0.011704385118482806,0.0,0.0,5.000000000000003,-0.07928398510563897,0.006017332860344199,0.009574875579686018,0.0,0.0,2.6645352591003757e-15,-0.0016983073932624604,-0.01285531343533719,-0.0021295095387967884,1.430038237166596,0.4247954527824021,1.288422388830997,-0.392240093561442,0.7365308066260786,-0.3601929053322254,-0.41705053751551585,0.37163940060675416,1.2345486070060712,-2.0807883853805254,0.3756299975136783,-2.547439103297973,-0.06366385111412176
853,2.558999999999986,1.203439468267782,1.1974177392231393,1.6891900762317655,0.9099527162773147,1.1972689235743668,1.2675814493843778,1.6283989652981132,0.9067506617431447,1.1972689235743668,1.2675814493843778,1.6283989652981132,0.9067506617431447,0.0,0.0,5.0,-0.07732156309098097,0.01982855850181598,0.011778886334986359,0.0,0.0,5.000000000000002,-0.07919608293649798,0.007029925408251356,0.009770036666174362,0.0,0.0,1.7763568394002505e-15,-0.0018745198455170087,-0.012798633093564625,-0.002008849668811997,1.43114125361182,0.4285310701382339,1.2821675980158518,-0.39391603718045465,0.7348239295409484,-0.3587936129538883,-0.41967974877225417,0.3676721484079879,1.2452057852772638,-2.0849302717150278,0.24886117414950934,-2.533919941744116,-0.05565883244046465
854,2.561999999999986,1.2028280749105775,1.19329219348879,1.691927741483949,0.9119519901166857,1.1981038077351582,1.2616987134691853,1.6337732512482326,0.906424227547426,1.1981038077351582,1.2616987134691853,1.6337732512482326,0.906424227547426,0.0,0.0,5.0,-0.07704398699454781,0.02077594632012681,0.011842674491835741,0.0,0.0,5.000000000000002,-0.07909439294348339,0.008039495759131515,0.009956311769501687,0.0,0.0,1.7763568394002505e-15,-0.002050405948935574,-0.012736450560995295,-0.0018863627223340545,1.4322322823005094,0.43229872527403246,1.2759006393758447,-0.39543371696802576,0.7331862341846658,-0.3573275174359959,-0.4223590495893143,0.3636762295631528,1.255885045266183,-2.0889862133356507,0.12249047299445559,-2.5187888629984987,-0.04749834493487652
855,2.564999999999986,1.2020930256822275,1.1893349619964466,1.6944300267451777,0.9141419855761502,1.198830834353279,1.2559411161763128,1.6389535479764283,0.906274501493982,1.198830834353279,1.2559411161763128,1.6389535479764283,0.906274501493982,0.0,0.0,5.0,-0.0767529977483248,0.021714402464265484,0.011895691572822095,0.0,0.0,5.000000000000002,-0.07897893283054801,0.00904560989408186,0.01013353146989119,0.0,0.0,1.7763568394002505e-15,-0.0022259350822232127,-0.012668792570183624,-0.0017621601029309056,1.4333112266674262,0.4360984763967654,1.2696217660402618,-0.3967930326472886,0.7316189799901528,-0.3557956138186121,-0.425086389511796,0.35964812230561977,1.2665837075776472,-2.092957778527691,-0.0034601841839459746,-2.5020587537819705,-0.03918989819206274
856,2.5679999999999863,1.2012343988853023,1.1855479836764422,1.6966952463873224,0.9165223710509338,1.199448348112097,1.2503124754876915,1.643936138007236,0.9063030383929779,1.199448348112097,1.2503124754876915,1.643936138007236,0.9063030383929779,0.0,0.0,5.0,-0.07644864601275277,0.022643523487651113,0.011937889358178713,0.0,0.0,5.000000000000002,-0.07884972269898524,0.010047835280042522,0.010301534583579956,0.0,0.0,1.7763568394002505e-15,-0.0024010766862324756,-0.01259568820760859,-0.0016363547745987563,1.434377979684992,0.4399303737092475,1.263331226257027,-0.39799389276362424,0.7301233506769634,-0.35419887244489473,-0.4278596883066536,0.3555843391886238,1.2772991041606978,-2.096846594411583,-0.1289691180265944,-2.483743305197326,-0.030741136337536883
857,2.5709999999999864,1.2002524209783934,1.1819330292370362,1.698721894636193,0.919092655148379,1.199954823241113,1.2448164714801655,1.648717453739484,0.90651125153924,1.199954823241113,1.2448164714801655,1.648717453739484,0.90651125153924,0.0,0.0,5.0,-0.07613098477464585,0.023562909956914308,0.01196922946843753,0.0,0.0,5.000000000000003,-0.07870678504392967,0.011045741055744546,0.010460168309417872,0.0,0.0,2.6645352591003757e-15,-0.0025758002692838206,-0.012517168901169762,-0.0015090611590196576,1.4354324239710465,0.4437944594367468,1.257029263223446,-0.3990362148770691,0.7287004546454439,-0.3525382381123715,-0.43067683625281095,0.3514814286848182,1.288028575833095,-2.10065434452697,-0.25401489738944527,-2.463856995703079,-0.022159831074463107
858,2.5739999999999865,1.199147466751646,1.1784917001302828,1.70050864655955,0.9218521865585226,1.2003488653789245,1.2394566435363805,1.6532940802158225,0.9069004108688747,1.2003488653789245,1.2394566435363805,1.6532940802158225,0.9069004108688747,0.0,0.0,5.0,-0.07580006933796656,0.024472166623614473,0.011989683399335824,0.0,0.0,5.000000000000003,-0.07855014475044036,0.012038898216939209,0.010609288367842369,0.0,0.0,2.6645352591003757e-15,-0.0027500754124738097,-0.012433268406675264,-0.001380395031493455,1.4364744319013605,0.44769076784610706,1.250716114924048,-0.39991992580830843,0.727351325353719,-0.3508146292780778,-0.43353569441529394,0.3473359767712821,1.29876946978676,-2.104382766466008,-0.37857634457989087,-2.4424150736247614,-0.013453874614450257
859,2.5769999999999866,1.19792005935813,1.1752254276710752,1.7020543588999129,0.9248001540708845,1.2006292133100505,1.2342363876858065,1.6576627577600396,0.9074716412441058,1.2006292133100505,1.2342363876858065,1.6576627577600396,0.9074716412441058,0.0,0.0,5.0,-0.07545595731419753,0.02537090259415938,0.011999232547741202,0.0,0.0,5.000000000000002,-0.07837982908916899,0.013026879800828867,0.010748759132102666,0.0,0.0,1.7763568394002505e-15,-0.0029238717749714566,-0.012344022793330512,-0.001250473415638536,1.4375038657268775,0.45161932525734305,1.244392013975384,-0.4006449619380719,0.7260769216767378,-0.34902893731835416,-0.4364340949060861,0.3431446085056773,1.309519137078664,-2.108033649554672,-0.5026325400198329,-2.419433539233666,-0.004631272498724005
860,2.5799999999999867,1.1965708702007822,1.1721354723099586,1.7033580707516025,0.9279355867376629,1.2007947405738242,1.2291589540780767,1.6618203844799817,0.9082259208681196,1.2007947405738242,1.2291589540780767,1.6618203844799817,0.9082259208681196,0.0,0.0,5.0,-0.07509870861231152,0.02625873149785256,0.011997868228571424,0.0,0.0,5.000000000000002,-0.07819586771161145,0.014009261069620041,0.010878453751614149,0.0,0.0,1.7763568394002505e-15,-0.0030971590992999315,-0.01224947042823252,-0.0011194144769572749,1.4385205776956749,0.4555801500476781,1.2380571874776418,-0.4012112695597343,0.7248781282467713,-0.34718202584407903,-0.43936984113446564,0.33890398959915824,1.3202749301116852,-2.1116088325807065,-0.6261628263340342,-2.394929126423096,0.004299863683789094
861,2.582999999999987,1.1951007186748879,1.169222923060139,1.7044190040815677,0.9312573541834065,1.2008444569436798,1.2242274445907189,1.6657640186340132,0.9091640798315901,1.2008444569436798,1.2242274445907189,1.6657640186340132,0.9091640798315901,0.0,0.0,5.0,-0.07472838542834152,0.027135271652994942,0.011985591682693602,0.0,0.0,5.000000000000002,-0.07799829264494622,0.01498561969312047,0.01099825426733076,0.0,0.0,1.7763568394002505e-15,-0.003269907216604695,-0.012149651959874472,-0.000987337415362841,1.4395244101796494,0.4595732526480081,1.2317118568729417,-0.40161880528490207,0.723755755774919,-0.34527473007209064,-0.44234070804963144,0.3346108279915385,1.331034200109994,-2.1151102015667234,-0.7491468118640191,-2.368919284012371,0.01333132367484452
862,2.585999999999987,1.1935105717661179,1.1664886970790245,1.705236564093739,0.9347641670611221,1.2007775097752775,1.2194448105732212,1.6694908808590698,0.9102867987924333,1.2007775097752775,1.2194448105732212,1.6694908808590698,0.9102867987924333,0.0,0.0,5.0,-0.07434505223455236,0.028000146230971967,0.011962414075795616,0.0,0.0,5.000000000000002,-0.07778713828645802,0.015955535930300455,0.011108051719030385,0.0,0.0,1.7763568394002505e-15,-0.0034420860519056573,-0.012044610300671513,-0.0008543623567652311,1.4405151958059517,0.4635986355317888,1.2253562378101812,-0.40186753650174467,0.7227105413533411,-0.34330785625352395,-0.4453444423784693,0.3302618754341032,1.341794294593577,-2.1185396875868454,-0.8715643736094613,-2.3414221567088442,0.022454806015012693
863,2.588999999999987,1.1918015435043379,1.1639335394043928,1.7058103394366901,0.9384545776545822,1.200593185222033,1.2148138507292596,1.6729983562584896,0.9115946077902195,1.200593185222033,1.2148138507292596,1.6729983562584896,0.9115946077902195,0.0,0.0,5.0,-0.07394877576821646,0.02885298341825443,0.011928356488230747,0.0,0.0,5.000000000000002,-0.07756244139754967,0.016918592809741645,0.011207746244415659,0.0,0.0,1.7763568394002505e-15,-0.0036136656293332126,-0.011934390608512785,-0.0007206102438150879,1.4414927575932077,0.4676562931963585,1.2189905400163057,-0.40195744188579896,0.7217431487380972,-0.34128218115976383,-0.4483787628613516,0.32585392908533234,1.3525525548565616,-2.1218992646251773,-0.9933956596006234,-2.312456565758198,0.03166192559476881
864,2.591999999999987,1.1899748942734905,1.1615580228453015,1.7061401022546736,0.9423269806265362,1.2002909093167429,1.2103372091387836,1.6762839963479268,0.9130878851965485,1.2002909093167429,1.2103372091387836,1.6762839963479268,0.9130878851965485,0.0,0.0,5.0,-0.07353962501999499,0.029693416576241877,0.011883449895844847,0.0,0.0,5.000000000000002,-0.07732424109734193,0.01787437630889488,0.011297247169940058,0.0,0.0,1.7763568394002505e-15,-0.003784616077346939,-0.011819040267346998,-0.0005862027259047886,1.4424569090925816,0.47174621213672074,1.2126149671738828,-0.4018885119629433,0.7208541686126299,-0.3391984516266835,-0.45144136048889705,0.321383833124664,1.3633063134540797,-2.1251909474742874,-1.1146210907070262,-2.282041989313212,0.040944221281671724
865,2.5949999999999873,1.1880320299780331,1.1593625480275551,1.7062258080820794,0.9463796139123347,1.199870248918115,1.206017373421534,1.6793455208577817,0.9147668568025716,1.199870248918115,1.206017373421534,1.6793455208577817,0.9147668568025716,0.0,0.0,5.0,-0.07311767122192674,0.030521084398882695,0.011827735141803327,0.0,0.0,5.000000000000002,-0.0770725788558629,0.018822475532070435,0.011376473093276863,0.0,0.0,1.7763568394002505e-15,-0.003954907633936161,-0.01169860886681226,-0.00045126204852646325,1.4434074545337494,0.4758683708118282,1.2062297168048675,-0.4016607497241973,0.7200441188320953,-0.33705738415780756,-0.4545298987426503,0.31684848038927516,1.374052891702484,-2.128416789671783,-1.2352213618890988,-2.250198542551093,0.050293163616692865
866,2.5979999999999874,1.1859745010664935,1.1573473435935,1.7060675955816347,0.9506105597583732,1.1993309125211467,1.2018566730434352,1.682180819390707,0.9166315950447133,1.1993309125211467,1.2018566730434352,1.682180819390707,0.9166315950447133,0.0,0.0,5.0,-0.07268298783502691,0.03133563106800163,0.01176126289944379,0.0,0.0,5.000000000000002,-0.07680749848682826,0.019762482887083863,0.011445351957355583,0.0,0.0,1.7763568394002505e-15,-0.004124510651801347,-0.011573148180917765,-0.0003159109420882069,1.4443441889758655,0.4800227396034217,1.1998349801604484,-0.4012741712919617,0.7193134446488962,-0.3348596645870018,-0.45764201384266495,0.3122448140386976,1.384789597197819,-2.1315788814729864,-1.3551774429011103,-2.2169469575692577,0.05970016257269171
867,2.6009999999999875,1.183804001412888,1.1555124665557797,1.705665786126709,0.9550177459046248,1.1986727509304107,1.1978572777671816,1.6847879529328866,0.9186820183695235,1.1986727509304107,1.1978572777671816,1.6847879529328866,0.9186820183695235,0.0,0.0,5.0,-0.07223565053649761,0.032136706406266806,0.011684093626187874,0.0,0.0,5.000000000000002,-0.07652904614001343,0.020693994260481796,0.011503821115898878,0.0,0.0,1.7763568394002505e-15,-0.004293395603515826,-0.01144271214578501,-0.0001802725102889955,1.4452668984636212,0.4842092807674943,1.1934309421168756,-0.40072880663726074,0.7186625189199389,-0.3326059478012565,-0.46077531500499647,0.3075698292519106,1.3955137213575488,-2.1346793478576247,-1.474470578455161,-2.182308563089245,0.06915657536797984
868,2.6039999999999877,1.181522367056862,1.1538578028044753,1.7050208832282894,0.9595989469103763,1.1978957577954445,1.1940211962481961,1.6871651552179,0.920917890738462,1.1978957577954445,1.1940211962481961,1.6871651552179,0.920917890738462,0.0,0.0,5.0,-0.0717757372065529,0.03292396602773312,0.011596297508554449,0.0,0.0,5.000000000000002,-0.07623727029321896,0.021616609191272132,0.011551827390400289,0.0,0.0,1.7763568394002505e-15,-0.004461533086666053,-0.011307356836460988,-4.4470118154159646e-05,1.4461753601885052,0.48842794837846626,1.1870177810771705,-0.40002470034749843,0.7180916422962828,-0.3302968575240901,-0.46392738471212625,0.30282057496136244,1.4062225369906436,-2.137720346568391,-1.5930822878574977,-2.1463052639981512,0.07865371432786668
869,2.6069999999999878,1.1791315748035134,1.1523830677670124,1.7041335718072865,0.9643517856221889,1.197000070007559,1.1903502747770216,1.6893108339421334,0.9233388212732885,1.197000070007559,1.1903502747770216,1.6893108339421334,0.9233388212732885,0.0,0.0,5.0,-0.0713033279148598,0.03369707148589509,0.011497954398323951,0.0,0.0,5.000000000000002,-0.0759322217438308,0.02252993104308415,0.011589327118490735,0.0,0.0,1.7763568394002505e-15,-0.004628893828970998,-0.01116714044281094,9.137272016678313e-05,1.4470693426553898,0.49267868826617,1.180595668878633,-0.3991619124441767,0.7176010433960152,-0.32793298616005406,-0.4670957789993487,0.29799415562816983,1.4169132959012432,-2.1407040661791514,-1.7109943641297845,-2.1089595207566303,0.08818285478703537
870,2.609999999999988,1.1766337406840743,1.1510878072199922,1.7030047173129992,0.9692737347829357,1.195985967957517,1.186846196169064,1.691223571830819,0.9259442640426023,1.195985967957517,1.186846196169064,1.691223571830819,0.9259442640426023,0.0,0.0,5.0,-0.07081850490659841,0.034455690419187016,0.011389153739912158,0.0,0.0,5.000000000000003,-0.07561395359997636,0.023433567174684033,0.01161628619365005,0.0,0.0,2.6645352591003757e-15,-0.004795448693377946,-0.011022123244502982,0.00022713245373789243,1.4479486058545774,0.4969614379457637,1.1741647707060614,-0.39814051924995925,0.7171908789613336,-0.3255148947007791,-0.47027802776015803,0.2930877330625281,1.427583226531233,-2.1436327241905304,-1.8281888726293418,-2.0702943287021576,0.09773524302555765
871,2.612999999999988,1.1740311182786303,1.1499713982520414,1.7016353646886766,0.9743621187806537,1.1948538756536595,1.1835104788024742,1.6929021275539213,0.9287335179899472,1.1948538756536595,1.1835104788024742,1.6929021275539213,0.9287335179899472,0.0,0.0,5.0,-0.07032135258814344,0.035199496693865996,0.011269994489019169,0.0,0.0,5.000000000000002,-0.07528252127127887,0.02432712910877348,0.011632680096227387,0.0,0.0,1.7763568394002505e-15,-0.004961168683135425,-0.010872367585092517,0.0003626856072082175,1.4488129014394568,0.5012761265407053,1.1677252450106097,-0.39696061430439433,0.7168612340009697,-0.32304311269294955,-0.47347163507367146,0.2880985282931305,1.4382295316471905,-2.146508565150551,-1.944648149183655,-2.030333197275798,0.10730210423133074
872,2.615999999999988,1.1713260969023314,1.1490330503765769,1.7000267371852682,0.9796141155358251,1.1936043607001827,1.1803444758048303,1.6943454364912234,0.9317057270037656,1.1936043607001827,1.1803444758048303,1.6943454364912234,0.9317057270037656,0.0,0.0,5.0,-0.0698119575123691,0.0359281705442187,0.011140585022627936,0.0,0.0,5.000000000000002,-0.07493798245921054,0.02521023269899761,0.011638493915742155,0.0,0.0,1.7763568394002505e-15,-0.005126024946841445,-0.010717937845221091,0.0004979088931142198,1.4496619729099243,0.5056226746989372,1.1612772434342158,-0.3956223093275303,0.7166121219192403,-0.3205181382685421,-0.47667407955711655,0.2830238234891484,1.4488493860772897,-2.1493338587979625,-2.06035479775566,-1.9891001292003034,0.11687465048169003
873,2.6189999999999882,1.1685211996565377,1.1482718067933124,1.6981802350245907,0.9850267585255617,1.19223813413541,1.1773493743891346,1.6955526113461001,0.9348598801293575,1.19223813413541,1.1773493743891346,1.6955526113461001,0.9348598801293575,0.0,0.0,5.0,-0.06929040836358054,0.036641398710030464,0.011001043040433797,0.0,0.0,5.000000000000002,-0.07458039714704673,0.026082498295091322,0.011633722364445272,0.0,0.0,1.7763568394002505e-15,-0.00528998878346619,-0.010558900414939142,0.0006326793240114745,1.4504955558017385,0.5100009945024488,1.1548209107395382,-0.39412573523057826,0.71644348463316,-0.3179404382376108,-0.4798828147464001,0.2778609639380611,1.45943993450388,-2.1521108982258568,-2.1752916876575417,-1.946619599636786,0.1264440887369412
874,2.6219999999999883,1.1656190813465925,1.1476865457971264,1.6960974339132444,0.9905969389430395,1.1907560501300185,1.1745261953395194,1.6965229426075985,0.9381948119228657,1.1907560501300185,1.1745261953395194,1.6965229426075985,0.9381948119228657,0.0,0.0,5.0,-0.06875679594207411,0.03733887457125657,0.010851495457795034,0.0,0.0,5.000000000000002,-0.07420982758942339,0.026943550906092642,0.011618369782128476,0.0,0.0,1.7763568394002505e-15,-0.005453031647349282,-0.010395323665163929,0.0007668743243334428,1.4513133778819856,0.5144109893704016,1.1483563847453488,-0.3924710431726853,0.7163551926791929,-0.31531044824384,-0.4830952695077546,0.27260736008234315,1.4699982893175916,-2.1548419980631466,-2.2894419503318284,-1.9029165353467685,0.1360016288385332
875,2.6249999999999885,1.1626225262679393,1.1472759823328635,1.6937800834087846,0.9963214079904157,1.189159105545326,1.1718757926469094,1.697255898860583,0.9417092029471835,1.189159105545326,1.1718757926469094,1.697255898860583,0.9417092029471835,0.0,0.0,5.0,-0.0682112131483295,0.03802029827983994,0.010692078290301641,0.0,0.0,5.000000000000002,-0.07382633830149832,0.027793020361553122,0.011592450132177232,0.0,0.0,1.7763568394002505e-15,-0.0056151251531688234,-0.010227277918286815,0.0009003718418755906,1.4521151593508388,0.5188525539560185,1.1418837962673345,-0.39065840566279036,0.7163470453113644,-0.31262857298302554,-0.48630884848343303,0.26726048961772253,1.4805215285389537,-2.157529492671464,-2.4027889757196554,-1.8580162938857505,0.145538491504605
876,2.6279999999999886,1.1595344458624863,1.1470386696944264,1.6912301051397534,1.0021967793033353,1.1874484393518596,1.1693988532947626,1.697751126943836,0.9454015804095437,1.1874484393518596,1.1693988532947626,1.697751126943836,0.9454015804095437,0.0,0.0,5.0,-0.06765375496683565,0.03868537688861756,0.010522936530067155,0.0,0.0,5.000000000000002,-0.07342999604771952,0.028630541470675758,0.011555986988870837,0.0,0.0,1.7763568394002505e-15,-0.0057762410808838704,-0.010054835417941804,0.0010330504588036814,1.452900613049805,0.5233255740374594,1.1354032690642695,-0.3886880177054348,0.7164187705925965,-0.30989518648457964,-0.48952093257439006,0.26181789965541,1.491006693813643,-2.1601757343550174,-2.5153164082370068,-1.8119446428538777,0.15504591631562625
877,2.6309999999999887,1.156357876247242,1.1469730013664643,1.6884495908813084,1.0082195315049876,1.1856253319085706,1.1670958971948697,1.698008451956139,0.9492703189404225,1.1856253319085706,1.1670958971948697,1.698008451956139,0.9492703189404225,0.0,0.0,5.0,-0.06708451844955446,0.039333824477259104,0.010344224013856472,0.0,0.0,5.000000000000002,-0.07302086983020155,0.029455754179312107,0.01150901351594126,0.0,0.0,1.7763568394002505e-15,-0.00593635138064709,-0.009878070297946996,0.001164789502084788,1.453669444676656,0.5278299264029223,1.1289149197895265,-0.38656009798929575,0.7165700254812619,-0.30711063245608505,-0.49272887946284816,0.2562772089503715,1.5014507884876152,-2.1627830915809607,-2.6270081423806544,-1.764727739228641,0.1645151696828692
878,2.633999999999989,1.1530959756172943,1.1470772130067797,1.6854408004883423,1.0143860108875866,1.1836912041031786,1.1649672772730648,1.6980278771104989,0.9533136415132594,1.1836912041031786,1.1649672772730648,1.6980278771104989,0.9533136415132594,0.0,0.0,5.0,-0.06650360269902424,0.03996536227518571,0.010156103283169035,0.0,0.0,5.000000000000002,-0.07259903087671257,0.030268303724751477,0.011451572436410297,0.0,0.0,1.7763568394002505e-15,-0.006095428177688336,-0.009697058550434234,0.0012954691532412622,1.454421353007248,0.5323654787302278,1.122418857947903,-0.3842748901171017,0.7168003959150882,-0.30427522469085233,-0.4959300241775995,0.25063611019736776,1.5118507757684991,-2.165353947207812,-2.7378483179863444,-1.7163921088038825,0.1739375527924656
879,2.636999999999989,1.1497520215254526,1.147349384567474,1.6822061596880578,1.0206924342190187,1.18164761635427,1.1630131797045575,1.697809583436811,0.9575296205043632,1.18164761635427,1.1630131797045575,1.697809583436811,0.9575296205043632,0.0,0.0,5.0,-0.06591110885110618,0.0405797187814151,0.009958745436405254,0.0,0.0,5.000000000000002,-0.07216455262827356,0.031067840788234685,0.011383715993732405,0.0,0.0,1.7763568394002505e-15,-0.006253443777167383,-0.009511877993180415,0.0014249705573271508,1.4551560301244364,0.5369320894611671,1.1159151858577445,-0.38183266387547676,0.71710939689467,-0.30138924753835833,-0.49912167970484195,0.244892372396125,1.5222035769797602,-2.1678906967194993,-2.8478213151625096,-1.6669646257586634,0.18330440951781934
880,2.639999999999989,1.1463294080408573,1.1477874425527417,1.678748257734143,1.0271348916722587,1.1794962674758909,1.1612336242984704,1.6973539293333935,0.9619161788922468,1.1794962674758909,1.1612336242984704,1.6973539293333935,0.9619161788922468,0.0,0.0,5.0,-0.065307140057377,0.04117662988128038,0.009752329973249983,0.0,0.0,5.000000000000002,-0.07171751072637264,0.031854021645127906,0.0113055059042785,0.0,0.0,1.7763568394002505e-15,-0.006410370668995635,-0.009322608236152476,0.0015531759310285168,1.4558731616542961,0.5415296076709099,1.1094039986183566,-0.3792337165431396,0.7174964725689745,-0.29845295643736364,-0.5023011376472828,0.23904384328661668,1.5325060699142543,-2.170395746462619,-2.9569117489234924,-1.6164724923788887,0.19260713429317905
881,2.642999999999989,1.14283164278906,1.1483891624110694,1.6750698449247836,1.03370934987509,1.1772389934055172,1.1596284650310253,1.6966614499679558,0.9664710915955034,1.1772389934055172,1.1596284650310253,1.6966614499679558,0.9664710915955034,0.0,0.0,5.0,-0.06469180146717031,0.04175583895997454,0.009537044631415262,0.0,0.0,5.000000000000002,-0.07125798299979606,0.03262650831269166,0.011217013301204164,0.0,0.0,1.7763568394002505e-15,-0.006566181532625753,-0.009129330647282878,0.0016799686697889019,1.4565724270098612,0.5461578729327916,1.102885384082703,-0.3764783742357621,0.7179609963253394,-0.2954665785114252,-0.5054656689341781,0.23308845185504265,1.5427550872939095,-2.1728715118845288,-3.0651044635468185,-1.5649432189537793,0.20183717994121061
882,2.6459999999999892,1.1392623438761502,1.149152171059498,1.6711738299868548,1.0404116550774976,1.1748777657964016,1.158197390726695,1.6957328565286975,0.9711919869482079,1.1748777657964016,1.158197390726695,1.6957328565286975,0.9711919869482079,0.0,0.0,5.0,-0.06406520020927077,0.04231709701287055,0.009313085215890108,0.0,0.0,5.000000000000002,-0.07078604945107833,0.03338496869538091,0.01111831866975295,0.0,0.0,1.7763568394002505e-15,-0.006720849241807561,-0.008932128317489643,0.0018052334538628412,1.4572534996425932,0.5508167151788187,1.0963594228353932,-0.3735669932856661,0.7185022708865841,-0.2924303132264326,-0.5086125245848946,0.22702421091067515,1.5529474153423706,-2.1753204157699537,-3.172384526679621,-1.5124046038686136,0.21098606544744422
883,2.6489999999999894,1.135625236699643,1.1500739495375139,1.6670632773288008,1.047237536434045,1.1724146904754296,1.1569399258864994,1.6945690353263716,0.9760763483117014,1.1724146904754296,1.1569399258864994,1.6945690353263716,0.9760763483117014,0.0,0.0,5.0,-0.06342744537326288,0.04286016275256904,0.009080655420853248,0.0,0.0,5.000000000000002,-0.07030179224257402,0.03412907672761442,0.011009511774054001,0.0,0.0,1.7763568394002505e-15,-0.00687434686931114,-0.00873108602495462,0.001928856353200753,1.4579160473017931,0.5555059545562513,1.0898261881759719,-0.37049996165440596,0.7191195284179575,-0.2893443331097075,-0.5117389365284976,0.22084921973331223,1.5630797924775324,-2.1777448864738163,-3.2787372232197134,-1.4588847139143077,0.22004538367453044
884,2.6519999999999895,1.1319241506489233,1.1511518357879327,1.662741404164763,1.0541826093983835,1.1698520057677426,1.155855431662498,1.693171046748271,0.9811215158214907,1.1698520057677426,1.155855431662498,1.693171046748271,0.9811215158214907,0.0,0.0,5.0,-0.06277864799053888,0.043384802712629164,0.008839966644410535,0.0,0.0,5.000000000000003,-0.06980529568215357,0.03485851251395211,0.010890691575480373,0.0,0.0,2.6645352591003757e-15,-0.007026647691614693,-0.008526290198677053,0.002050724931069838,1.458559732302165,0.5602254012806442,1.0832857461075276,-0.3672777003761506,0.7198119306467501,-0.2862087845301126,-0.5148421184817742,0.21456166679063104,1.5731489081309715,-2.1801473561480864,-3.3841480489972273,-1.4044118648336732,0.2290068090092848
885,2.6549999999999896,1.1281630156981586,1.1523830275621592,1.6582115775126862,1.0612423792270005,1.1671920806895084,1.154943106977396,1.6915401240652328,0.9863246882678648,1.1671920806895084,1.154943106977396,1.6915401240652328,0.9863246882678648,0.0,0.0,5.0,-0.06211892101496863,0.043890791347937094,0.008591237796325264,0.0,0.0,5.000000000000002,-0.06929664620852556,0.0355729624666193,0.010761966142642201,0.0,0.0,1.7763568394002505e-15,-0.00717772519355693,-0.008317828881317796,0.002170728346316937,1.4591842117997378,0.5649748554857482,1.076738155330646,-0.36390066502964363,0.7205785689974996,-0.2830237885385188,-0.5179192668880002,0.2081598325242716,1.5831514017013417,-2.1825302589605062,-3.488602704282942,-1.349014602123377,0.23786210493556353
886,2.6579999999999897,1.1243458588946929,1.1537645854469663,1.6534773110692065,1.0684122445891355,1.164437413010347,1.154201989788056,1.6896776720928843,0.9916829251087151,1.164437413010347,1.154201989788056,1.6896776720928843,0.9916829251087151,0.0,0.0,5.0,-0.061448379303234504,0.044377911131668425,0.008334695098916942,0.0,0.0,5.000000000000003,-0.06877593237618783,0.03627211944031965,0.0106234525530969,0.0,0.0,2.6645352591003757e-15,-0.0073275530729533245,-0.008105791691348778,0.002288757454179958,1.4597891380763468,0.5697541070706947,1.0701834672427366,-0.36036934723638,0.7214184647457994,-0.27978944176788073,-0.5209675619186456,0.20164209220300233,1.5930838616488532,-2.184896029303138,-3.5920870871497215,-1.2927216821098113,0.2466031315260907
887,2.66099999999999,1.1204768007460488,1.1552934360099316,1.6485422619642442,1.0756875012797773,1.1615906271870367,1.1536309584915732,1.6875852657084798,0.9971931486129126,1.1615906271870367,1.1536309584915732,1.6875852657084798,0.9971931486129126,0.0,0.0,5.0,-0.0607671395948352,0.04484595264880426,0.00807057188130874,0.0,0.0,5.000000000000002,-0.06824324484001039,0.036955682864278264,0.01047527678686546,0.0,0.0,1.7763568394002505e-15,-0.007476105245175189,-0.007890269784525998,0.0024047049055567205,1.4603741588328694,0.5745629355449087,1.0636217259427703,-0.35668427618249776,0.7223305691938103,-0.2765058173920673,-0.5239841685400995,0.1950069188408276,1.6029428247379836,-2.187247099988771,-3.694587286713537,-1.23556205331627,0.2552218528464118
888,2.66399999999999,1.1165600515087266,1.156966375060477,1.6434102273983306,1.0830633460324668,1.1586544721702536,1.153228733472455,1.6852646482248101,1.0028521461324835,1.1586544721702536,1.153228733472455,1.6852646482248101,1.0028521461324835,0.0,0.0,5.0,-0.060075320491761626,0.04529471468615955,0.007799108367211675,0.0,0.0,5.000000000000002,-0.0676986763394528,0.0376233588714585,0.010317573611851878,0.0,0.0,1.7763568394002505e-15,-0.0076233558476911725,-0.007671355814701054,0.002518465244640203,1.4609389174914016,0.5794011098712154,1.0570529682414702,-0.3528460201617395,0.7233137638706455,-0.2731729661424877,-0.5269662376473636,0.18825288617738925,1.612724775435578,-2.1895859004333404,-3.7960895762806457,-1.177564838138014,0.2637103442642457
889,2.66699999999999,1.1125999073821242,1.1587800710234486,1.6380851411657966,1.0905348804286326,1.1556318190862116,1.152993878789306,1.682717729622787,1.0086565725016974,1.1556318190862116,1.152993878789306,1.682717729622787,1.0086565725016974,0.0,0.0,5.0,-0.05937304243784896,0.04572400431888583,0.00752055145643758,0.0,0.0,5.000000000000002,-0.0671423216824184,0.038274860424896695,0.010150486461269932,0.0,0.0,1.7763568394002505e-15,-0.007769279244569445,-0.007449143893989138,0.0026299350048323523,1.4614830535065542,0.5842683883076298,1.0504772236770024,-0.34885518813669625,0.7243668607608668,-0.26979091738144534,-0.5299109072665296,0.1813786717174962,1.6224261454714872,-2.1919148548226097,-3.8965804064274727,-1.1187593148409265,0.27206079965758734
890,2.66999999999999,1.1086007466109669,1.1607310684219843,1.6325710700670533,1.098097114899998,1.1525256587951882,1.1529248039993094,1.679946584644434,1.0146029525610707,1.1525256587951882,1.1529248039993094,1.679946584644434,1.0146029525610707,0.0,0.0,5.0,-0.05866042769780717,0.046133636993410075,0.007235154500340572,0.0,0.0,5.000000000000003,-0.06657427772874845,0.03890990744110069,0.009974167303188633,0.0,0.0,2.6645352591003757e-15,-0.007913850030941284,-0.007223729552309384,0.0027390128028480613,1.4620062026860323,0.5891645182483364,1.0438945145362177,-0.3447124313154007,0.7254886025643874,-0.2663596802310391,-0.5328153038277119,0.17438305982608485,1.6320433135688566,-2.194236380261523,-3.996046398039628,-1.0591748998986863,0.28026553851500136
891,2.6729999999999903,1.1045670254997282,1.162815791466397,1.6268722102132807,1.1057449728205955,1.1493390993290422,1.1530197661186634,1.6769534507481332,1.0206876838041632,1.1493390993290422,1.1530197661186634,1.6769534507481332,1.0206876838041632,0.0,0.0,5.0,-0.057937600335935396,0.04652343660677532,0.006943177071390241,0.0,0.0,5.000000000000002,-0.06599464337335911,0.03952822691045907,0.00978877650231523,0.0,0.0,1.7763568394002505e-15,-0.008057043037423717,-0.00699520969631625,0.002845599430924989,1.4625079975206554,0.5940892360643897,1.0373048558815035,-0.34041844474019467,0.7266776629911267,-0.26287924475631974,-0.5356765435099518,0.16726494487437085,1.6415726053511197,-2.196552884904743,-4.094474335336349,-0.9988411306824847,0.28831701292165235
892,2.6759999999999904,1.1005032743426115,1.16503054774565,1.6209928832269636,1.1134732946847783,1.1460753632099383,1.1532768717170174,1.6737407259281045,1.0269070391449417,1.1460753632099383,1.1532768717170174,1.6737407259281045,1.0269070391449417,0.0,0.0,5.0,-0.05720468619452265,0.04689323558234835,0.006644884727087176,0.0,0.0,5.000000000000002,-0.06540351952902418,0.04012955301460905,0.009594482674141244,0.0,0.0,1.7763568394002505e-15,-0.008198833334501526,-0.0067636825677393,0.002949597947054068,1.4629880675239526,0.5990422669446877,1.0307082555833023,-0.3359739688856489,0.7279326470937982,-0.25934958320129003,-0.5384917336594487,0.16002333443240277,1.651010293432668,-2.198866766067065,-4.191851158906397,-0.9377876485164912,0.2962078144247155
893,2.6789999999999905,1.0964140932727418,1.1673715320179539,1.614937532341743,1.121276842367564,1.1427377846526083,1.1536940791438264,1.6703109664002067,1.0332571698033604,1.1427377846526083,1.1536940791438264,1.6703109664002067,1.0332571698033604,0.0,0.0,5.0,-0.056461812871938966,0.047242874941861246,0.006340548768434513,0.0,0.0,5.000000000000002,-0.06480100910880646,0.04071362724071326,0.009391462531584426,0.0,0.0,1.7763568394002505e-15,-0.008339196236867491,-0.006529247701147989,0.0030509137631499128,1.4634460395814606,0.6040233247377877,1.0241047143583646,-0.33137979126217454,0.7292520916422459,-0.25577065127622123,-0.5412579742823058,0.15265735250266943,1.6603525977000475,-2.2011804083125446,-4.288163958781168,-0.8760441821114269,0.3039306807719246
894,2.6819999999999906,1.0923041480343243,1.1698348300968928,1.608710718405212,1.1291503034635735,1.13932980665259,1.1542692008844342,1.6666668841562704,1.039734108306707,1.13932980665259,1.1542692008844342,1.6666668841562704,1.039734108306707,0.0,0.0,5.0,-0.0557091097004209,0.04757220437375708,0.006030445993186029,0.0,0.0,5.000000000000002,-0.06418721700814073,0.041280198492595316,0.009179900724265791,0.0,0.0,1.7763568394002505e-15,-0.008478107307719827,-0.006292005881161765,0.003149454731079762,1.4638815383098271,0.6090321117951589,1.0174942258138004,-0.3266367480218225,0.730634465542758,-0.2521423894946367,-0.5439723596127951,0.14516624278884854,1.669595685790394,-2.2034961815213516,-4.383399967570352,-0.8136405313877395,0.31147850251712844
895,2.6849999999999907,1.0881781656815044,1.1724164228294498,1.6023171157883267,1.1370882957007227,1.1358549779629912,1.1549999060435718,1.6628113443892887,1.04633377160415,1.1358549779629912,1.1549999060435718,1.6628113443892887,1.04633377160415,0.0,0.0,5.0,-0.054946707723555005,0.047881082297809685,0.005714858444094879,0.0,0.0,5.000000000000002,-0.06356225008657194,0.0418290231986876,0.008959989670568366,0.0,0.0,1.7763568394002505e-15,-0.00861554236301694,-0.006052059099122084,0.0032451312264734876,1.4642941864258068,0.6140683188164798,1.0108767764969997,-0.3217457255626293,0.7320781703058007,-0.24846472455819255,-0.5466319797579631,0.13754937199321512,1.678735673773642,-2.2058164389335566,-4.477546553685082,-0.750606551699011,0.3188443294868487
896,2.687999999999991,1.0840409302078946,1.1751121901621606,1.5957615082051584,1.1450853714247877,1.132316949962431,1.1558837229538537,1.6587473627919023,1.0530519642918148,1.132316949962431,1.1558837229538537,1.6587473627919023,1.0530519642918148,0.0,0.0,5.0,-0.05417473967346395,0.04816937592598933,0.005394073152391562,0.0,0.0,5.000000000000002,-0.06292621714915103,0.04235986541674325,0.008731929382629969,0.0,0.0,1.7763568394002505e-15,-0.00875147747568708,-0.00580951050924608,0.0033378562302384066,1.4646836051252137,0.6191316246976143,1.004252345951492,-0.3167076621277328,0.7335815405656051,-0.24473757078756184,-0.5492339224192027,0.12980623313565845,1.687768627044829,-2.2081435151692324,-4.570591214673003,-0.6869721384654306,0.3260213771019557
897,2.690999999999991,1.0798972781106404,1.1779179152916157,1.5890487844468728,1.1531360221508733,1.12871947341692,1.1569180419067346,1.654478102730728,1.0598843819456194,1.12871947341692,1.1569180419067346,1.654478102730728,1.0598843819456194,0.0,0.0,5.0,-0.053393339947697564,0.048436961319549054,0.005068381876725359,0.0,0.0,5.000000000000002,-0.06227922892749235,0.04287249693526929,0.008495927284429404,0.0,0.0,1.7763568394002505e-15,-0.008885888979794788,-0.005564464384279766,0.0034275454077040447,1.4650494144718738,0.624221696381912,0.9976209067788187,-0.3115235493953511,0.7351428446550318,-0.2409608315973041,-0.5517752746912151,0.12193644888668406,1.6966905614325756,-2.2104797242244754,-4.662521570689109,-0.6227672122262322,0.33300303254871727
898,2.693999999999991,1.0757520938930727,1.1808292888953962,1.5821839340337789,1.1612346831777547,1.12506639513853,1.1581001180032928,1.6500068722991872,1.0668266145589922,1.12506639513853,1.1581001180032928,1.6500068722991872,1.0668266145589922,0.0,0.0,5.0,-0.05260264458583499,0.04868372344230664,0.0047380808378055025,0.0,0.0,5.000000000000002,-0.0616213980604958,0.04336669737163565,0.008252198023131485,0.0,0.0,1.7763568394002505e-15,-0.009018753474660808,-0.005317026070670992,0.0035141171853259826,1.4653912337965924,0.6293381887155006,0.9909824247064892,-0.30619443405558794,0.736760285239107,-0.23713440101257913,-0.5542531249385729,0.11393977490620971,1.705497444529541,-2.212827357443156,-4.753325358125612,-0.5580217041192268,0.3397828607936011
899,2.696999999999991,1.0716103055099973,1.1838419134395095,1.5751720427894929,1.1693757382610015,1.1213616545438219,1.159427074122087,1.6453371212515955,1.073874150082498,1.1213616545438219,1.159427074122087,1.6453371212515955,1.073874150082498,0.0,0.0,5.0,-0.0518027912458005,0.048909556210098924,0.004403470448984672,0.0,0.0,5.000000000000002,-0.06095283907473624,0.04384225426681847,0.008000963273862488,0.0,0.0,1.7763568394002505e-15,-0.009150047828935741,-0.005067301943280457,0.003597492824877816,1.4657086821061307,0.6344807443072517,0.984336858662096,-0.30072141936990876,0.7384320000105872,-0.23325816522543696,-0.556664564749881,0.10581610317939959,1.714185197250337,-2.215188681464437,-4.842990423423417,-0.4927655417946531,0.3463546104363712
900,2.6999999999999913,1.0674768797597654,1.186951307558298,1.5680182883411902,1.1775535243407496,1.1176092801150699,1.160895904001244,1.6404724378213835,1.081022378062305,1.1176092801150699,1.160895904001244,1.6404724378213835,1.081022378062305,0.0,0.0,5.0,-0.050993919179897595,0.049114362536387984,0.004064855043028585,0.0,0.0,5.000000000000002,-0.060273668364525274,0.044298963176737455,0.007742451538093567,0.0,0.0,1.7763568394002505e-15,-0.009279749184627678,-0.0048153993596505296,0.003677596495064982,1.4660013785021513,0.6396489933941177,0.977684160853657,-0.29510566670901445,0.7401560624508566,-0.22933200418829283,-0.5590066909693054,0.09756546534022385,1.7227496956220216,-2.217565936146334,-4.931504717087047,-0.427028635769761,0.3527122193961453
901,2.7029999999999914,1.0633568176272803,1.1901529105027246,1.5607279355501031,1.185762336319893,1.1138133857674408,1.1625034754318244,1.635416545426411,1.088266593374326,1.1138133857674408,1.1625034754318244,1.635416545426411,1.088266593374326,0.0,0.0,5.0,-0.05017616921056556,0.04929805437399923,0.0037225425953214685,0.0,0.0,5.000000000000002,-0.059584004171646845,0.04473662776014718,0.0074768979358155185,0.0,0.0,1.7763568394002505e-15,-0.009407834961081288,-0.004561426613852046,0.00375435534049405,1.46626894261007,0.6448425537125535,0.9710242768562595,-0.2893483970647295,0.7419304826593995,-0.22535579324207095,-0.56127660780501,0.08918803597288387,1.7311867728119046,-2.219961332465831,-5.0188562879241,-0.3608408662296909,0.3588498204252418
902,2.7059999999999915,1.0592551495822125,1.193442086652925,1.5533063318763867,1.1939964318884777,1.109978167125356,1.1642465335594192,1.6301732992644415,1.0956020000507856,1.109978167125356,1.1642465335594192,1.6301732992644415,1.0956020000507856,0.0,0.0,5.0,-0.04934968370586255,0.049460552752973,0.0033768444437579145,0.0,0.0,5.000000000000002,-0.058883966564771933,0.04515505986304519,0.0072045439916938875,0.0,0.0,1.7763568394002505e-15,-0.009534282858909386,-0.004305492889927813,0.003827699547935973,1.466510995017712,0.6500610303767443,0.9643571457050705,-0.28345089253141953,0.7437532082550093,-0.22132940477637772,-0.5634714290138024,0.08068413588070852,1.7394922213969568,-2.222377050396322,-5.105033277529507,-0.29423207027934417,0.36476174644581594
903,2.7089999999999916,1.0551769308366314,1.1968141300907997,1.5457589026826006,1.2022500363899704,1.1061078977113628,1.1661217042908376,1.6247466828019375,1.1030237151958644,1.1061078977113628,1.1661217042908376,1.6247466828019375,1.1030237151958644,0.0,0.0,5.0,-0.04851460655468014,0.0496017878145143,0.0030280750055768917,0.0,0.0,5.000000000000003,-0.058173677418554795,0.045554079599560135,0.0069256374153989775,0.0,0.0,2.6645352591003757e-15,-0.009659070863874658,-0.004047708214954163,0.003897562409822086,1.4667271577236467,0.6553040157643802,0.9576826999947803,-0.27741449775235943,0.7456221253518082,-0.2172527099189432,-0.5655882801610496,0.07205423531160825,1.7476617958786405,-2.2248152367634075,-5.190023915033966,-0.22723202965016137,0.3704425357044131
904,2.7119999999999918,1.051127236566458,1.2002642692284162,1.5380911464800444,1.2105173477250826,1.1022069250509228,1.16812549780265,1.6191408041594262,1.1105267729870032,1.1022069250509228,1.16812549780265,1.6191408041594262,1.1105267729870032,0.0,0.0,5.0,-0.04767108314169197,0.04972169884102543,0.002676551491395047,0.0,0.0,5.000000000000002,-0.05745326039241502,0.04593351542928567,0.006640431876310429,0.0,0.0,1.7763568394002505e-15,-0.009782177250723056,-0.003788183411739761,0.003963880384915382,1.4669170545950327,0.6605710894107196,0.9510008659855392,-0.2712406213263854,0.7475350596130458,-0.2131255802514499,-0.5676243009546709,0.06329895712867274,1.755691215446456,-2.2272780030803405,-5.273816512135078,-0.15987045886483767,0.3758869367397661
905,2.714999999999992,1.0471111571010232,1.203787671487937,1.5303086301222795,1.2187925412887641,1.0982796666966053,1.1702543121482647,1.6133598923967798,1.1181061287583525,1.0982796666966053,1.1702543121482647,1.6133598923967798,1.1181061287583525,0.0,0.0,5.0,-0.04681926032204316,0.04982023428220865,0.002322593616698991,0.0,0.0,5.000000000000002,-0.05672284090900867,0.04629320423102623,0.006349186772801517,0.0,0.0,1.7763568394002505e-15,-0.009903580586965513,-0.00352703005118242,0.004026593156102526,1.4670803118347748,0.6658618179116984,0.9443115637154451,-0.2649307371700899,0.7494897773855282,-0.20894788954874988,-0.5695766476517685,0.05441907991402031,1.7635761669929437,-2.2297674233646916,-5.356399458428701,-0.09217699386221774,0.38108991315931007
906,2.717999999999992,1.0431337930851412,1.207379448028722,1.5224169839501933,1.2270697749359463,1.0943306061752534,1.1725044369601276,1.6074082937018361,1.1257566631627849,1.0943306061752534,1.1725044369601276,1.6074082937018361,1.1257566631627849,0.0,0.0,5.0,-0.04595928639578307,0.04989735177722793,0.001966523311059976,0.0,0.0,5.000000000000002,-0.05598254613239258,0.046632991372924024,0.006052166996312655,0.0,0.0,1.7763568394002505e-15,-0.01002325973660951,-0.0032643604043039037,0.004085643685252679,1.4672165584577554,0.6711757548368452,0.9376147071196309,-0.2584863858307511,0.7514839869173967,-0.20471951553835618,-0.5714424955361914,0.045415540993552564,1.7713123083822786,-2.23228553193808,-5.437761217057119,-0.024181181083754374,0.38604664822007706
907,2.720999999999992,1.039200250618154,1.2110346585172476,1.5144218968929872,1.2353431939716142,1.090364288861766,1.1748720572435583,1.6012904674858692,1.1334731864088083,1.090364288861766,1.1748720572435583,1.6012904674858692,1.1334731864088083,0.0,0.0,5.0,-0.04509131108204668,0.0499530181729201,0.0016086644253341799,0.0,0.0,5.000000000000002,-0.055232504945885344,0.046952730778935345,0.005749642690429033,0.0,0.0,1.7763568394002505e-15,-0.010141193863838667,-0.003000287393984752,0.004140978265094852,1.467325426775865,0.676512440652767,0.9309102041559976,-0.25190917574513233,0.7535153396618305,-0.2004403416769837,-0.5732190414650736,0.0362894393698432,1.778895271973947,-2.234834321211103,-5.517890320689617,0.044087532977856475,0.39075254920979746
908,2.723999999999992,1.0353156363743483,1.2147483159354167,1.506329111529527,1.2436069361607096,1.0863853177832068,1.1773532572586447,1.5950109823895027,1.1412504425686478,1.0863853177832068,1.1773532572586447,1.5950109823895027,1.1412504425686478,0.0,0.0,5.0,-0.044215485492988885,0.04998720953804752,0.0012493424371162179,0.0,0.0,5.000000000000002,-0.054472847929629295,0.04725228499162991,0.005441889005181257,0.0,0.0,1.7763568394002505e-15,-0.01025736243664041,-0.0027349245464176122,0.004192546568065039,1.467406552891515,0.681871402657974,0.92419795693763,-0.24520078443924392,0.7555814316690911,-0.19611025894080622,-0.5749035064821185,0.02704203854999632,1.7863206684023178,-2.2374157394558813,-5.596775367849968,0.11259981176813469,0.3952032516242375
909,2.7269999999999923,1.0314850527092205,1.218515391422851,1.4981444191145301,1.2518551367534014,1.082398349357026,1.1799440244865544,1.5885745122027302,1.1490831139536914,1.082398349357026,1.1799440244865544,1.5885745122027302,1.1490831139536914,0.0,0.0,5.0,-0.04333196210747619,0.04999991117358623,0.0008888841547124406,0.0,0.0,5.000000000000002,-0.05370370733785672,0.047531525231284136,0.005129185846792658,0.0,0.0,1.7763568394002505e-15,-0.010371745230380529,-0.002468385942302094,0.004240301692080218,1.4674595771992798,0.6872521549298105,0.9174778618719232,-0.23836295966412765,0.7576798050691512,-0.19172916762599307,-0.5764931384951373,0.017674769254950692,1.7935840906121898,-2.240031688568926,-5.674405019604339,0.1813264381993534,0.3993946231369516
910,2.7299999999999924,1.0277135927561143,1.222330819148664,1.4898736545740423,1.2600819335211846,1.0784080890672394,1.182640253676541,1.5819858317027833,1.1569658255534385,1.0784080890672394,1.182640253676541,1.5819858317027833,1.1569658255534385,0.0,0.0,5.0,-0.04244089474454097,0.04999111761904512,0.0005276174199046103,0.0,0.0,5.000000000000003,-0.05292521707586466,0.04779033145124416,0.0048118176231006435,0.0,0.0,2.6645352591003757e-15,-0.010484322331323688,-0.002200786167800964,0.004284200203196033,1.467484144895269,0.6926541982842594,0.9107498098064412,-0.23139752046270298,0.7598079496469649,-0.18729697915599072,-0.5779852150150796,0.008189231996386903,1.800681118149639,-2.2426840218273227,-5.7507679966220095,0.25023832372004706,0.40332276735787065
911,2.7329999999999925,1.0240063355176792,1.226189501208255,1.481522691474753,1.268281471799315,1.074419287082474,1.185437750969855,1.5752498124136582,1.164893149534015,1.074419287082474,1.185437750969855,1.5752498124136582,1.164893149534015,0.0,0.0,5.0,-0.04154243853660135,0.04996083265481343,0.000165870809772936,0.0,0.0,5.000000000000003,-0.05213751267670243,0.0480285923895344,0.004490072984883943,0.0,0.0,2.6645352591003757e-15,-0.01059507414010108,-0.0019322402652790296,0.004324202175111007,1.4674799064937902,0.6980770202493795,0.9040136861815166,-0.2243063581627108,0.7619633045122396,-0.18281361789192124,-0.5793770459535273,-0.00141280049288405,1.8076073217066833,-2.245374541641523,-5.82585307662022,0.3193065169280779,0.40698402737727424
912,2.7359999999999927,1.020368340956713,1.2300863125406116,1.4730974369716558,1.2764479095310217,1.0704367338198462,1.1883322380967054,1.5683714182911752,1.1728596097922754,1.0704367338198462,1.1883322380967054,1.5683714182911752,1.1728596097922754,0.0,0.0,5.0,-0.04063674990245346,0.04990906930053555,-0.00019602666214897432,0.0,0.0,5.000000000000003,-0.05134073127757591,0.048246205616689936,0.004164244563330609,0.0,0.0,2.6645352591003757e-15,-0.010703981375122448,-0.0016628636838456126,0.0043602712254795836,1.467446518350822,0.7035200950531318,0.8972693711895916,-0.21709143729079708,0.7641432598653559,-0.17827902294238235,-0.5806659764753503,-0.011129380989404542,1.814358267917448,-2.2481049973083147,-5.899649092203329,0.3885022117307182,0.41037498909195413
913,2.7389999999999928,1.0168046450908401,1.2340161058615937,1.464603826738603,1.2845754223089658,1.066465255458695,1.1913193566423526,1.561355701337508,1.1808596865614467,1.066465255458695,1.1913193566423526,1.561355701337508,1.1808596865614467,0.0,0.0,5.0,-0.03972398652003931,0.049835849809513805,-0.0005577458451167605,0.0,0.0,5.000000000000002,-0.05053501159597186,0.0484430775797907,0.0038346287038860533,0.0,0.0,1.7763568394002505e-15,-0.010811025075932547,-0.001392772229723102,0.004392374549002814,1.4673836431937672,0.7089828836263398,0.8905167399412881,-0.20975479640280112,0.7663451588608566,-0.1736931499688534,-0.5818493899029582,-0.020958385684964317,1.8209295244026393,-2.250877082767831,-5.972144929105363,0.457796755055936,0.41349248431052404
914,2.741999999999993,1.013320255095622,1.2379737166086735,1.4560478198863036,1.292658208409404,1.0625097094082392,1.1943946723783563,1.554207797149185,1.1888878210642218,1.0625097094082392,1.1943946723783563,1.554207797149185,1.1888878210642218,0.0,0.0,5.0,-0.03880430729899546,0.04974120565914164,-0.0009189577505423265,0.0,0.0,5.000000000000002,-0.04972049390550806,0.048619123642681145,0.003501525196722692,0.0,0.0,1.7763568394002505e-15,-0.010916186606512605,-0.001122082016460496,0.004420482947265019,1.4672909506569196,0.7144648336215145,0.8837556626381818,-0.20229854882535225,0.7685662995696897,-0.16905597298283806,-0.5829247106683126,-0.03089751228257467,1.827316665058232,-2.2536924343687437,-6.043329524843882,0.5271616541198739,0.416333593635062
915,2.744999999999993,1.0099201444205488,1.2419539678925964,1.4474353938723408,1.3006904938145172,1.058574979733278,1.197553679654948,1.5469329204026117,1.1969384202091646,1.058574979733278,1.197553679654948,1.5469329204026117,1.1969384202091646,0.0,0.0,5.0,-0.03787787235298722,0.0496251775373714,-0.0012793338512133727,0.0,0.0,5.000000000000002,-0.04889732001151169,0.04877426812235504,0.003165237004076657,0.0,0.0,1.7763568394002505e-15,-0.011019447658524466,-0.0008509094150163585,0.00444457085529003,1.4671681178220277,0.7199653794482644,0.8769860047522436,-0.19472488330393017,0.7708039370411385,-0.16436748613080815,-0.5838894073086012,-0.04094427829726915,1.8335152755833388,-2.256552628646055,-6.11319186779195,0.5965685832562718,0.4188956491164624
916,2.747999999999993,1.0066092479224662,1.2459516754514235,1.4387725394077433,1.3086665372183683,1.0546659725420982,1.2007918058504414,1.5395363602812187,1.2050058613262442,1.0546659725420982,1.2007918058504414,1.5395363602812187,1.2050058613262442,0.0,0.0,5.0,-0.036944842971833286,0.04948781532522235,-0.0016385463800937263,0.0,0.0,5.000000000000002,-0.04806563322633177,0.04890844432149234,0.0028260699846994683,0.0,0.0,1.7763568394002505e-15,-0.011120790254498483,-0.0005793710037300046,0.004464616364793195,1.4670148297632983,0.7254839423259882,0.8702076272118952,-0.1870360645526154,0.7730552854651153,-0.15962770546295546,-0.5847409955012137,-0.051096019576495795,1.839520959241271,-2.2594591801161665,-6.18172099667388,0.6659893903143439,0.4211762366810845
917,2.7509999999999932,1.0033924570209,1.2499616526024182,1.4300652553647126,1.316580635011971,1.050787611340787,1.204104415873552,1.532023475848391,1.2130844969372723,1.050787611340787,1.204104415873552,1.532023475848391,1.2130844969372723,0.0,0.0,5.0,-0.03600538159342602,0.04932917807533655,-0.001996268628431646,0.0,0.0,5.000000000000003,-0.04722557834438838,0.04902159455713241,0.0024843326156753012,0.0,0.0,2.6645352591003757e-15,-0.011220196750962363,-0.0003075835182041395,0.004480601244106947,1.4668307800961338,0.7310199303545286,0.8634203865946126,-0.17923443370084047,0.7753175204352186,-0.1548366706817087,-0.585477041133405,-0.061349889054823095,1.8453293428468074,-2.2624135390941826,-6.248906000489233,0.7353961026323522,0.42317319832648587
918,2.7539999999999933,1.0002746148797885,1.2539787151872526,1.4213195436900026,1.3244271262429586,1.0469448323581874,1.2074868167144517,1.5243996913703737,1.2211686595569897,1.0469448323581874,1.2074868167144517,1.5243996913703737,1.2211686595569897,0.0,0.0,5.0,-0.03505965177545073,0.04914933398659199,-0.002352175242906274,0.0,0.0,5.000000000000002,-0.046377301616964836,0.049113670185472455,0.002140335711856796,0.0,0.0,1.7763568394002505e-15,-0.011317649841514107,-3.566380111953704e-05,0.00449251095476307,1.466615671528861,0.7365727386034436,0.8566241353259968,-0.17132240863255577,0.7775877813126738,-0.1499944468659331,-0.5860951634017765,-0.07170285575757472,1.850936082971691,-2.265417089538623,-6.314736018868447,0.8047609325949056,0.42488463408425226
919,2.7569999999999935,0.997260511620088,1.2579976865059974,1.4125414043285591,1.3322003975453582,1.0431425798457663,1.210934262040338,1.51667049159339,1.2292526665205081,1.0431425798457663,1.210934262040338,1.51667049159339,1.2292526665205081,0.0,0.0,5.0,-0.034107818166911254,0.04894836037478351,-0.0027059425215406386,0.0,0.0,5.000000000000002,-0.04552095072674536,0.04918463162277939,0.0017943921431746515,0.0,0.0,1.7763568394002505e-15,-0.011413132559834109,0.000236271247995877,0.00450033466471529,1.4663692164166575,0.7421417492205217,0.8498187218852098,-0.16330248421334417,0.7798631736909849,-0.1451011261666986,-0.5865930379364643,-0.08215170406783502,1.8563368723593379,-2.268471146928985,-6.379200242862305,0.8740562827826842,0.4263089037481342
920,2.7599999999999936,0.9943548795676553,1.2620134022354255,1.4037368301618998,1.3398948880350228,1.0393858013566903,1.2144419568312737,1.5088414169792488,1.2373308248327899,1.0393858013566903,1.2144419568312737,1.5088414169792488,1.2373308248327899,0.0,0.0,5.0,-0.03315004647946484,0.048726343639384266,-0.003057248708113401,0.0,0.0,5.000000000000003,-0.04465667476210422,0.04923444836240748,0.0014468165500781394,0.0,0.0,2.6645352591003757e-15,-0.011506628282639382,0.000508104723023213,0.004504065258191541,1.4660911373168444,0.7477263315601378,0.8430039910166645,-0.155177232401154,0.7821407719608239,-0.14015682947048289,-0.586968399944687,-0.0926930332710248,1.8615274465387164,-2.2715769561817947,-6.442287916166352,0.9432547507240565,0.4274446283659187
921,2.7629999999999937,0.9915623885408941,1.2660207153270964,1.394911801965766,1.3475050941662468,1.0356794430084315,1.2180050620520055,1.500918058903744,1.2453974360358215,1.0356794430084315,1.2180050620520055,1.500918058903744,1.2453974360358215,0.0,0.0,5.0,-0.03218650345857223,0.048483379226402404,-0.0034057742848002458,0.0,0.0,5.000000000000003,-0.043784624191149646,0.04926309898791287,0.0010979250573652233,0.0,0.0,2.6645352591003757e-15,-0.011598120732577419,0.000779719761510464,0.0045036993421654695,1.4657811675446715,0.7533258423320167,0.8361797839478314,-0.14694930223647643,0.7844176219743754,-0.1351617080256646,-0.5872190473680693,-0.10332325739093316,1.866503590626301,-2.2747356896110085,-6.503988336780202,1.0123291332587292,0.42829069149368487
922,2.765999999999994,0.9888876411824614,1.2700145008807993,1.386072283391539,1.355025574545203,1.0320284447332422,1.2216186993554548,1.4929060548221853,1.2534468010891202,1.0320284447332422,1.2216186993554548,1.4929060548221853,1.2534468010891202,0.0,0.0,5.0,-0.03121735685446769,0.0482195715873483,-0.003751202262780041,0.0,0.0,5.000000000000002,-0.042904950835527755,0.04927057118226086,0.0007480349866627878,0.0,0.0,1.7763568394002505e-15,-0.011687593981060066,0.0010509995949125606,0.004499237249442829,1.4654390517286793,0.7589396257709285,0.829345938613015,-0.13862141970796427,0.7866907438080366,-0.13011594502816384,-0.5873428440479493,-0.11403860533070598,1.8712611463039603,-2.2779484449388008,-6.564290859100619,1.0812524305242777,0.42884624021129275
923,2.768999999999994,0.98633516833945,1.2739896609889008,1.377224215975871,1.3624509546957821,1.028437735520856,1.2252779558135403,1.4848110834064157,1.2614732252591905,1.028437735520856,1.2252779558135403,1.4848110834064157,1.2614732252591905,0.0,0.0,5.0,-0.030242775392954068,0.04793503413433039,-0.004093218470540423,0.0,0.0,5.000000000000003,-0.04201780784399092,0.049256861733120993,0.0003974645678181121,0.0,0.0,2.6645352591003757e-15,-0.011775032451036855,0.001321827598790605,0.004490683038358535,1.4650645463646839,0.7645670138278073,0.8225022898829261,-0.13019638748967993,0.7889571346220502,-0.12501975716209746,-0.5873377228926564,-0.12483512133182958,1.8757960189595873,-2.281216243362956,-6.6231848964461255,1.1499978495770875,0.429110685898196
924,2.771999999999994,0.9839094244963341,1.2779411295471745,1.368373514182968,1.3697759317735254,1.0249122286577859,1.2289778886709755,1.4766388596577005,1.2694710230135406,1.0249122286577859,1.2289778886709755,1.4766388596577005,1.2694710230135406,0.0,0.0,5.0,-0.029262928746028555,0.04762988919129863,-0.004431511839620996,0.0,0.0,5.000000000000003,-0.04112334966573494,0.04922197653424795,4.653264946455349e-05,0.0,0.0,2.6645352591003757e-15,-0.011860420919706387,0.0015920873429493207,0.0044780444890855494,1.464657420367393,0.770207326382736,0.8156486697998644,-0.12167708454636776,0.7912137716153209,-0.11987339609134198,-0.5872016890405564,-0.13570866576361387,1.8801041849762359,-2.284540027687224,-6.680659924009812,1.218538807659884,0.4290837047688624
925,2.774999999999994,0.9816147832649249,1.2818638770277926,1.3595260604839217,1.3769952792233655,1.0214568169675926,1.232713530117668,1.4683951299998825,1.2774345229148596,1.0214568169675926,1.232713530117668,1.4683951299998825,1.2774345229148596,0.0,0.0,5.0,-0.028277987502342512,0.047304267941457194,-0.004765774687534675,0.0,0.0,5.000000000000003,-0.04022173202350984,0.04916593058294816,-0.0003044415909757847,0.0,0.0,2.6645352591003757e-15,-0.01194374452116733,0.0018616626414909646,0.004461333096558891,1.4642174556186278,0.7758598714801995,0.808784907818301,-0.11306646560337186,0.7934576150733307,-0.11467714989793201,-0.586932823012472,-0.14665491625506552,1.8841816991544995,-2.2879206605211184,-6.736705482235992,1.2868489351286858,0.4287652381673195
926,2.7779999999999943,0.9794555329355931,1.2857529152100682,1.3506877004774467,1.3841038513768937,1.0180763680565112,1.2364798920753308,1.4600856673572147,1.2853580725109457,1.0180763680565112,1.2364798920753308,1.4600856673572147,1.2853580725109457,0.0,0.0,5.0,-0.027288123137502944,0.04695831037086799,-0.005095702997608836,0.0,0.0,5.000000000000002,-0.03931311188650885,0.0490887479736318,-0.0006551389375882566,0.0,0.0,1.7763568394002505e-15,-0.012024988749005906,0.00213043760276381,0.00444056406002058,1.4637444475110868,0.781523945586955,0.8019108310506338,-0.10436756047806323,0.7956856115067328,-0.10943134446326877,-0.5865292838469147,-0.15766936918035387,1.888024702251844,-2.291358922555761,-6.791311180615268,1.3549020780526424,0.4281554926205592
927,2.7809999999999944,0.9774358720938959,1.2896033018647564,1.341864238056339,1.391096587985011,1.0147757195688116,1.240271970993914,1.4517162662212908,1.293236043215986,1.0147757195688116,1.240271970993914,1.4517162662212908,1.293236043215986,0.0,0.0,5.0,-0.026293507984218922,0.04659216520826992,-0.005420996695492984,0.0,0.0,5.000000000000003,-0.03839764744304075,0.048990461887455095,-0.0010052404262969605,0.0,0.0,2.6645352591003757e-15,-0.012104139458821828,0.0023982966791851745,0.004415756269196024,1.4632382054865618,0.7871988338728199,0.7950262645178665,-0.09558347326990053,0.7978946968778671,-0.10413634478817538,-0.5859893122114053,-0.16874734150830598,1.8916294286216213,-2.2948555109224196,-6.844466701891578,1.4226723005008248,0.42725493965075306
928,2.7839999999999945,0.9755599053067334,1.2934101453875675,1.3330614306239275,1.3979685186817732,1.011559674456272,1.2440847526534535,1.4432927377114952,1.3010628351787819,1.011559674456272,1.2440847526534535,1.4432927377114952,1.3010628351787819,0.0,0.0,5.0,-0.02529431520229896,0.04620598986114002,-0.00574135992208021,0.0,0.0,5.000000000000003,-0.037475498072989485,0.048871114578055166,-0.0013544276349670217,0.0,0.0,2.6645352591003757e-15,-0.012181182870690525,0.002665124716915143,0.004386932287113188,1.4626985535674852,0.7928838105146204,0.7881310314049451,-0.08671738140652663,0.8000817999120979,-0.09879255624790724,-0.585311233483021,-0.17988397302552547,1.8949922139335202,-2.298411037640468,-6.896161806673801,1.4901338865306204,0.42606431534644135
929,2.7869999999999946,0.9738316388820926,1.2971686093777932,1.3242849843647284,1.4047147673753877,1.008432996266141,1.247913216966935,1.4348209046333997,1.3088328821335273,1.008432996266141,1.247913216966935,1.4348209046333997,1.3088328821335273,0.0,0.0,5.0,-0.02429071874850432,0.045799950348023116,-0.006056501302595433,0.0,0.0,5.0000000000000036,-0.036546824320066645,0.04873075735338514,-0.0017023829730138315,0.0,0.0,3.552713678800501e-15,-0.012256105571562325,0.002930807005362024,0.004354118329581601,1.4621253308806599,0.7985781390234893,0.7812249533204606,-0.07777253454359626,0.8022438454905373,-0.09340042577831165,-0.5844934607911787,-0.19107422894181283,1.8981095029562778,-2.302026028161495,-6.946386338443508,1.5572613418929653,0.4245846196931031
930,2.7899999999999947,0.9722549767063686,1.3008739171578352,1.3155405495734827,1.4113305565623144,1.0054004044519371,1.251752342779781,1.426306596539527,1.3165406562287578,1.0054004044519371,1.251752342779781,1.426306596539527,1.3165406562287578,0.0,0.0,5.0,-0.023282893346263506,0.04537422122715945,-0.00636613421160448,0.0,0.0,5.000000000000003,-0.035611787863861294,0.04856945055365666,-0.0020487899702561208,0.0,0.0,2.6645352591003757e-15,-0.012328894517597788,0.003195229326497212,0.00431734424134836,1.4615183921720032,0.8042810725956371,0.7743078505604117,-0.06875225331634134,0.8043777581203774,-0.08796044298942973,-0.5835344980155532,-0.20231290288557294,1.9009778573825862,-2.305700920016295,-6.99513022894953,1.6240293954701692,0.42281711566369423
931,2.792999999999995,0.9708337161631928,1.3045213562295999,1.3068337160466694,1.4178112115605395,1.0024665697114394,1.2555971126615646,1.4177556447968962,1.3241806728301024,1.0024665697114394,1.2555971126615646,1.4177556447968962,1.3241806728301024,0.0,0.0,5.0,-0.022271014455253906,0.044928985521441756,-0.006669977033704172,0.0,0.0,5.000000000000003,-0.03467055149169189,0.048387263525399446,-0.0023933335647499665,0.0,0.0,2.6645352591003757e-15,-0.012399537036437983,0.0034582780039576905,0.0042766434689542054,1.4608776083111157,0.8099918544866629,0.7673795423756975,-0.0596599279412059,0.806480465478721,-0.08247314120294501,-0.5824329427319456,-0.21359462029583254,1.9035939636752828,-2.309436061571421,-7.04238350397909,1.6904130004626237,0.42076332807000516
932,2.795999999999995,0.969571544137617,1.3081062826637235,1.298170008540548,1.4241521646581161,0.9996361093561827,1.2594425176855752,1.4091738776657534,1.3317474952924913,0.9996361093561827,1.2594425176855752,1.4091738776657534,1.3317474952924913,0.0,0.0,5.0,-0.021255258240853947,0.04446443463973264,-0.0069677534196551216,0.0,0.0,5.000000000000003,-0.033723279070265455,0.048184274591648646,-0.002735700389341955,0.0,0.0,2.6645352591003757e-15,-0.012468020829411508,0.003719839951916007,0.004232053030313166,1.4602028667844666,0.8157097184094022,0.7604398472429917,-0.050499016666223445,0.808548902025467,-0.07693909841000718,-0.5811874890988368,-0.22491384221635632,1.9059546409131147,-2.313231710901927,-7.088136289494349,1.7563873353411623,0.41842504217585896
933,2.798999999999995,0.9684720331094514,1.311624125417667,1.2895548822997018,1.4303489591731822,0.9969135827167624,1.2632835621918708,1.4005671153938752,1.339235739697494,0.9969135827167624,1.2632835621918708,1.4005671153938752,1.339235739697494,0.0,0.0,5.0,-0.020235801543473694,0.04398076829457683,-0.007259192537725435,0.0,0.0,5.000000000000003,-0.03277013551714897,0.04796057101827361,-0.003075579056680905,0.0,0.0,2.6645352591003757e-15,-0.012534333973675274,0.003979802723696781,0.00418361348104453,1.4594940721759782,0.8214338889552432,0.7534885831386313,-0.04127304406916531,0.8105800126804805,-0.0713589381460973,-0.579796930677317,-0.23626486949615,1.9080568486136373,-2.317088034786802,-7.132378818122397,1.8219278045823157,0.415804302073431
934,2.801999999999995,0.9675386373394588,1.3150703905788212,1.280993718660016,1.436397253421706,0.9943034865882189,1.2671152685294733,1.3919411653308147,1.3466400795514955,0.9943034865882189,1.2671152685294733,1.3919411653308147,1.3466400795514955,0.0,0.0,5.0,-0.019212821847767302,0.04347819441634429,-0.007544029320015803,0.0,0.0,5.000000000000002,-0.031811286772057384,0.04771624897646179,-0.003412660442429029,0.0,0.0,1.7763568394002505e-15,-0.012598464924290082,0.004238054560117499,0.004131368877586774,1.4587511466337801,0.8271635820387736,0.7465255678151309,-0.03198559920285699,0.8125707565599587,-0.06573333027975026,-0.5782601631770453,-0.2476418473993738,1.909897694510131,-2.3210051078334795,-7.175101435985853,1.8870100392041265,0.41290340882415505
935,2.8049999999999953,0.9667746891520304,1.3184406655287733,1.272491820729895,1.4422928245893045,0.9918102507197418,1.2709326817733875,1.3833018170664353,1.3539552504404375,0.9918102507197418,1.2709326817733875,1.3833018170664353,1.3539552504404375,0.0,0.0,5.0,-0.018186497251733408,0.042956929063839765,-0.007822004703542303,0.0,0.0,5.000000000000002,-0.03084689976796437,0.04745141350137436,-0.003746637966414716,0.0,0.0,1.7763568394002505e-15,-0.012660402516230962,0.004494484437534592,0.004075366737127587,1.457974030321901,0.83289800536555,0.739550619079918,-0.022640333587441084,0.8145181107665911,-0.06006299171211307,-0.5765761871208891,-0.25903877062636543,1.9114744422588223,-2.324982911737628,-7.216294609860507,1.951609897120601,0.40972491836591396
936,2.8079999999999954,0.9661833953178852,1.321730623025028,1.2640544091535164,1.4480315725035733,0.9894382333528998,1.2747308744121455,1.3746548375980518,1.3611760546369047,0.9894382333528998,1.2747308744121455,1.3746548375980518,1.3611760546369047,0.0,0.0,5.0,-0.017157006435708746,0.042417196331417883,-0.008092865865858006,0.0,0.0,5.000000000000002,-0.029877142402039272,0.04716617844699113,-0.004077207871471485,0.0,0.0,1.7763568394002505e-15,-0.012720135966330526,0.004748982115573244,0.004015657994386522,1.457162681855663,0.8386363589227065,0.7325635550758653,-0.013240959049758716,0.8164190742278082,-0.054348686984492564,-0.5747441104209002,-0.2704494887460913,1.9127845190521664,-2.329021334684215,-7.255948934645607,2.015703463333237,0.40627163918840725
937,2.8109999999999955,0.9657678335402701,1.3249360251965094,1.2556866179597914,1.4536095233034307,0.9871917168125597,1.2785049510016204,1.3660059665304665,1.3682973656553556,0.9871917168125597,1.2785049510016204,1.3660059665304665,1.3682973656553556,0.0,0.0,5.0,-0.01612452863126025,0.041859228252644445,-0.00835636645499821,0.0,0.0,5.000000000000003,-0.02890218350641717,0.0468606664371642,-0.00440406949970925,0.0,0.0,2.6645352591003757e-15,-0.012777654875156919,0.0050014381845197575,0.00395229695528896,1.456317078719546,0.844377835492047,0.7255641945631786,-0.003791245410425297,0.8182706715761233,-0.048591228791232725,-0.572763150858324,-0.2818677120389134,1.913825523113503,-2.333120170895614,-7.294055141131772,2.079267049978404,0.40254662977883027
938,2.8139999999999956,0.9655309490480012,1.3280527274492822,1.2473934905006285,1.4590228330020922,0.9850749031546192,1.2822500527808753,1.3573609113131517,1.3753141327513558,0.9850749031546192,1.2822500527808753,1.3573609113131517,1.3753141327513558,0.0,0.0,5.0,-0.01508924358998188,0.04128326470054394,-0.008612266813541204,0.0,0.0,5.000000000000002,-0.02792219281880519,0.04653500881290133,-0.004726925565966905,0.0,0.0,1.7763568394002505e-15,-0.012832949228823309,0.00525174411235739,0.0038853412475742984,1.4554372176663048,0.8501216211851912,0.7185523572021818,0.00570498198041002,0.8200699570652884,-0.042791478395460936,-0.5706326384603925,-0.29328701774708216,1.914595231048044,-2.3372791203322345,-7.3306041040507335,2.142277196249657,0.3985531958401642
939,2.8169999999999957,0.9654755512986489,1.3310766822789706,1.2391799754820274,1.4642677909403563,0.983091909874629,1.2859613622458623,1.3487253425187984,1.3822213853607122,0.983091909874629,1.2859613622458623,1.3487253425187984,1.3822213853607122,0.0,0.0,5.0,-0.014051331552199516,0.04068955328447669,-0.00886033419657976,0.0,0.0,5.000000000000002,-0.02693734095293196,0.0461893455759019,-0.005045482428197204,0.0,0.0,1.7763568394002505e-15,-0.012886009400732444,0.005499792291425214,0.0038148517683825565,1.4545231150961182,0.8558668960002658,0.7115278638365292,0.015243844857209816,0.8218140185157211,-0.03695034594545216,-0.5683520177667372,-0.30470085672884856,1.9150916050248772,-2.341497788550852,-7.365586850390509,2.2047106682143065,0.39429488728461964
940,2.819999999999996,0.9656043107950254,1.334003942986521,1.2310509230914397,1.4693408231270157,0.9812467656813278,1.289634107676825,1.3401048891673961,1.3890142374744532,0.9812467656813278,1.289634107676825,1.3401048891673961,1.3890142374744532,0.0,0.0,5.0,-0.013010973215592168,0.04007834924369103,-0.009100342983406071,0.0,0.0,5.000000000000002,-0.025947799368844005,0.04582382532836965,-0.005359450354538317,0.0,0.0,1.7763568394002505e-15,-0.012936826153251837,0.005745476084678618,0.003740892628867754,1.4535748074145867,0.8616128343995593,0.7044905367763528,0.024821414801258348,0.8234999812824049,-0.031068790689580784,-0.5659208499783592,-0.3161025605105393,1.9153127997645043,-2.345775686725476,-7.398994567959007,2.266544458543821,0.3897754950049737
941,2.822999999999996,0.9659197560180723,1.3368306672939574,1.2230110812247066,1.4742384954632655,0.979543406339062,1.2932635676153008,1.331505134099976,1.3956878919456632,0.979543406339062,1.2932635676153008,1.331505134099976,1.3956878919456632,0.0,0.0,5.0,-0.011968349703732855,0.03944991533759446,-0.009332074882716672,0.0,0.0,5.000000000000002,-0.024953740343055142,0.045438605209127625,-0.005668543786828892,0.0,0.0,1.7763568394002505e-15,-0.012985390639322287,0.0059886898715331635,0.0036635310958877797,1.4525923513683985,0.8673586059074784,0.6974402000808472,0.03443371614866037,0.8251250122382273,-0.025147821088061316,-0.5633388149822275,-0.3274853487293591,1.9152571693063614,-2.3501122318352086,-7.430818614178459,2.3277557861777836,0.38499904742672414
942,2.825999999999996,0.9664242704791057,1.3395531208569347,1.2150650918158428,1.4789575168481188,0.9779856705830036,1.2968450752866783,1.3229316094060908,1.4022376447242293,0.9779856705830036,1.2968450752866783,1.3229316094060908,1.4022376447242293,0.0,0.0,5.0,-0.01092364253455548,0.03880452173279233,-0.00955531913115158,0.0,0.0,5.000000000000002,-0.023955336938553617,0.045033850826063815,-0.0059724816003271924,0.0,0.0,1.7763568394002505e-15,-0.013031694403998137,0.0062293290932714865,0.003582837530824388,1.4515758243575243,0.8731033757280707,0.6903766798397777,0.044076729041413805,0.8266863237655044,-0.019188494819919598,-0.560605713244728,-0.3388423369580884,1.9149232735307984,-2.354506747023144,-7.461050525092537,2.388322095941295,0.3799698068441986
943,2.828999999999996,0.9671200898943237,1.3421676806709697,1.2072174872727963,1.483494742161912,0.9765772961110161,1.3003740229643084,1.3143897919090537,1.408658889015624,0.9765772961110161,1.3003740229643084,1.3143897919090537,1.408658889015624,0.0,0.0,5.0,-0.009877033588753055,0.03814244588694155,-0.009769872684986412,0.0,0.0,5.000000000000002,-0.02295276297467222,0.04460973618493533,-0.006270987359397941,0.0,0.0,1.7763568394002505e-15,-0.013075729385919164,0.006467290297993776,0.0034988853255884713,1.4505253247228207,0.8788463053813012,0.6832998044533879,0.0537463926183987,0.8281811777482321,-0.013191918683886531,-0.5577214675673662,-0.3501665449012332,1.9143098844101403,-2.358958462129917,-7.489682024567558,2.448221058135787,0.37469226554396434
944,2.8319999999999963,0.9680092994843202,1.3446708383683275,1.1994726870222365,1.4878471751251185,0.975321915655956,1.3038458662712322,1.3058850987129027,1.414947119359911,0.975321915655956,1.3038458662712322,1.3058850987129027,1.414947119359911,0.0,0.0,5.0,-0.008828705078112613,0.03746397242947098,-0.00997554040480335,0.0,0.0,5.000000000000002,-0.02194619299682679,0.04416644361456254,-0.006563789568934261,0.0,0.0,1.7763568394002505e-15,-0.013117487918714178,0.006702471185091562,0.003411750835869089,1.449440972007969,0.8845865533571923,0.6762094049101728,0.06343860834268071,0.8296068895574297,-0.0071592483921644546,-0.5546861246983277,-0.3614509049505681,1.913415991963702,-2.3634665144050353,-7.516705033668648,2.507430568123281,0.369171141719042
945,2.8349999999999964,0.9690938314012533,1.3470592034026616,1.1918349941663038,1.4920119710297837,0.9742230531421268,1.3072561284156474,1.297422882814996,1.4210979356272315,0.9742230531421268,1.3072561284156474,1.297422882814996,1.4210979356272315,0.0,0.0,5.0,-0.0077788395137932,0.03676939303921755,-0.010172135232973344,0.0,0.0,5.000000000000002,-0.020935802246128524,0.04370416368844533,-0.00685062192128634,0.0,0.0,1.7763568394002505e-15,-0.013156962732335324,0.0069347706492277825,0.0033215133116870042,1.44832290719471,0.8903232757868682,0.6691053150619769,0.07314924346108355,0.830960832021772,-0.0010916882562825737,-0.5514998567937308,-0.37268827108640196,1.9122408098919912,-2.3680299493986343,-7.542111680191381,2.5659287459241127,0.36341137517765937
946,2.8379999999999965,0.9703754622862583,1.3493295061185857,1.1843085922541654,1.4959864393409936,0.973284119929531,1.3106004043562982,1.2890084287880765,1.427107046926096,0.973284119929531,1.3106004043562982,1.2890084287880765,1.427107046926096,0.0,0.0,5.0,-0.00672761967455033,0.036059006319031875,-0.010359478363787382,0.0,0.0,5.000000000000002,-0.019921766628874765,0.04322309514283432,-0.007131223538471801,0.0,0.0,1.7763568394002505e-15,-0.013194146954324436,0.007164088823802442,0.0032282548253155813,1.447171292910382,0.8960556271294656,0.6619873718958696,0.0828741345915418,0.8322404393755706,0.005009509235469161,-0.548162962722655,-0.3838714281092944,1.9107837808658155,-2.3726477220357585,-7.5658943083289625,2.623693935848121,0.35741812285043967
947,2.8409999999999966,0.9718558109594762,1.3514786007034845,1.1768975421710932,1.499768046165949,0.9725084111494908,1.313874364894042,1.2806469485355803,1.4329702754208886,0.9725084111494908,1.313874364894042,1.2806469485355803,1.4329702754208886,0.0,0.0,5.0,-0.005675228574915259,0.03533311766740824,-0.010537399406082957,0.0,0.0,5.000000000000002,-0.018904262685924295,0.04272344479129361,-0.0074053392094479,0.0,0.0,1.7763568394002505e-15,-0.013229034111009036,0.007390327123885376,0.003132060196635056,1.4459863136068258,0.9017827608738054,0.6548554158022455,0.09260909143330685,0.8334432111760455,0.011143043949259256,-0.5446758692103063,-0.3949931011853688,1.9090445814466002,-2.377318697874731,-7.588045488454731,2.6807047061791907,0.3511967541001028
948,2.8439999999999968,0.9735363362450745,1.353503468018967,1.169605779147694,1.5033544165882653,0.9718991021351289,1.3170737606859206,1.2723435771238902,1.438683560055062,0.9718991021351289,1.3170737606859206,1.2723435771238902,1.438683560055062,0.0,0.0,5.0,-0.004621849433332506,0.03459203914719203,-0.01070573653821699,0.0,0.0,5.000000000000002,-0.01788346756196199,0.04220542743579028,-0.00767271962222945,0.0,0.0,1.7763568394002505e-15,-0.013261618128629485,0.007613388288598255,0.0030330169159875405,1.4447681757097655,0.9075038302536502,0.6477092908385937,0.10234990059464374,0.834566716181731,0.01730756874553408,-0.5410391318139807,-0.406045965686816,1.907023126614935,-2.382041654550589,-7.608558026999407,2.736939848932917,0.3447528458379591
949,2.846999999999997,0.9754183349333743,1.3554012183095177,1.1624371098917932,1.5067433368653176,0.971459244950119,1.32019442617813,1.2641033686951633,1.4442429601765898,0.971459244950119,1.32019442617813,1.2641033686951633,1.4442429601765898,0.0,0.0,5.0,-0.0035676656402620277,0.033836089351422106,-0.010864336655245025,0.0,0.0,5.000000000000002,-0.016859558974658434,0.0416692657743504,-0.007933121590641565,0.0,0.0,1.7763568394002505e-15,-0.013291893334396405,0.007833176422928294,0.0029312150646034606,1.4435171077378424,0.9132179889753058,0.6405488449883818,0.1120923295322294,0.8356085961837927,0.02350169022709603,-0.5372534357268066,-0.4170226573076667,1.904719573885192,-2.386815283403964,-7.627424976402263,2.792378379706953,0.33809217745162967
950,2.849999999999997,0.9775029398822528,1.357169093785914,1.1553952098453444,1.5099327564864915,0.9711917650190299,1.3232322834543708,1.255931292464279,1.4496446590623224,0.9711917650190299,1.3232322834543708,1.255931292464279,1.4496446590623224,0.0,0.0,5.0,-0.002512860726251425,0.033065593266366954,-0.011013055508172123,0.0,0.0,5.000000000000002,-0.01583271518372975,0.04111519030532007,-0.008186308275500771,0.0,0.0,1.7763568394002505e-15,-0.013319854457478325,0.008049597038953117,0.002826747232671352,1.442233360390542,0.9189243919562609,0.6333739304144963,0.12183213059604249,0.8365665697819825,0.029723969594806925,-0.5333195964045967,-0.42791578243343975,1.9021343269850002,-2.391638191295185,-7.644639645115154,2.8469995376433825,0.3312207255486011
951,2.852999999999997,0.9797911182596891,1.3588044710812563,1.148483620568663,1.5129207900903943,0.9710994578625015,1.3261833459961354,1.2478322288033814,1.454884967337984,0.9710994578625015,1.3261833459961354,1.2478322288033814,1.454884967337984,0.0,0.0,5.0,-0.0014576183299836322,0.032280882131811246,-0.011151757835149463,0.0,0.0,5.000000000000002,-0.01480311495990315,0.040543439228272846,-0.008432049400023546,0.0,0.0,1.7763568394002505e-15,-0.013345496629919518,0.0082625570964616,0.0027197084351259174,1.4409172066043163,0.924622196073499,0.6261844037066882,0.13156504517312623,0.8374384360969427,0.03597292360998875,-0.5292385600115023,-0.4387179287418595,1.899268039079409,-2.396508902602726,-7.660195607638165,2.900782785522145,0.3241446585204074
952,2.855999999999997,0.9822836699293221,1.3603048635774102,1.1417057472541217,1.5157057192391474,0.971184985940395,1.3290437223515708,1.239810965417397,1.4599603262906398,0.971184985940395,1.3290437223515708,1.239810965417397,1.4599603262906398,0.0,0.0,5.0,-0.0004021221663064895,0.03148229329865393,-0.011280317484496725,0.0,0.0,5.000000000000003,-0.013770937553793286,0.03995425834160711,-0.008670121459266274,0.0,0.0,2.6645352591003757e-15,-0.013368815387486797,0.00847196504295318,0.002610196025230452,1.439568941576285,0.9303105609200613,0.6189801261224747,0.1412868079232071,0.8382220784105684,0.04224702566229808,-0.5250114036805537,-0.44942167601048216,1.896121615520748,-2.4014258614045048,-7.674086714565449,2.9537078100042273,0.3168703309323706
953,2.8589999999999973,0.9849812259807003,1.3616679235999007,1.1350648563713386,1.5182859940480635,0.9714508756059732,1.3318096197096494,1.2318721936138284,1.4648673110705515,0.9714508756059732,1.3318096197096494,1.2318721936138284,1.4648673110705515,0.0,0.0,5.0,0.0006534440057523698,0.03067017008388034,-0.011398617529438899,0.0,0.0,5.000000000000003,-0.0127363626646953,0.039347900936875735,-0.008900307923405994,0.0,0.0,2.6645352591003757e-15,-0.01338980667044767,0.008677730852995395,0.002498309606032905,1.4381888827549676,0.9359886495683806,0.6117609638209551,0.15099315109876776,0.8389154677261766,0.048544706941554286,-0.5206393355855778,-0.46001960710579215,1.892696216106453,-2.4063874338398583,-7.6863071026197485,3.00575452204291,0.30940427774401025
954,2.8619999999999974,0.9878842474058114,1.3628914444793505,1.1285640734457665,1.5206602346690756,0.9718995141740582,1.3344773473764666,1.224020504670033,1.4696026337794446,0.9718995141740582,1.3344773473764666,1.224020504670033,1.4696026337794446,0.0,0.0,5.0,0.001708896414976901,0.029844861622968257,-0.011506550374452744,0.0,0.0,5.000000000000002,-0.011699570409299698,0.038724627689895263,-0.009122399434677297,0.0,0.0,1.7763568394002505e-15,-0.0134084668242766,0.008879766066927006,0.0023841509397754465,1.4367773697975863,0.9416556293388662,0.604526788089007,0.16067980894180386,0.839516666240284,0.05486435771170637,-0.5161236948214112,-0.47050431912712903,1.8889932568285104,-2.4113919106493826,-7.696851204653993,3.056903057480945,0.3017532083653711
955,2.8649999999999975,0.990993023923307,1.3639733624777328,1.1222063809724825,1.5228272326264802,0.9725331471060287,1.337043320150572,1.2162603863011008,1.4741631464423008,0.9725331471060287,1.337043320150572,1.2162603863011008,1.4741631464423008,0.0,0.0,5.0,0.0027640513099568605,0.02900672271979256,-0.011604017853126366,0.0,0.0,5.000000000000003,-0.010660741290334341,0.03808470654868007,-0.009336193997786159,0.0,0.0,2.6645352591003757e-15,-0.013424792600291202,0.009077983828887509,0.002267823855340207,1.4353347644935532,0.9473106725721651,0.5972774755593395,0.17034252214914028,0.8400238307178814,0.06120432868482925,-0.5114659510897706,-0.4808684346776939,1.8850144110996454,-2.416437509889139,-7.705713759598343,3.107133777851008,0.2939240005546829
956,2.8679999999999977,0.9943076729517449,1.364911758577787,1.1159946164668229,1.52478595200365,0.9733538753144041,1.3395040615943459,1.2085962192313533,1.4785458438598993,0.9733538753144041,1.3395040615943459,1.2085962192313533,1.4785458438598993,0.0,0.0,5.0,0.0038187249910784306,0.028156113694094244,-0.011690931317443016,0.0,0.0,5.000000000000003,-0.00962005616513957,0.037428412618250265,-0.009541497163627316,0.0,0.0,2.6645352591003757e-15,-0.013438781156218,0.00927229892415602,0.0021494341538157,1.4338614506538516,0.952952957403494,0.5900129084198943,0.17997704239784984,0.8404352157632065,0.06756293249274978,-0.506667704188607,-0.4911046132338694,1.8807616104429568,-2.421522379815084,-7.71288982233102,3.1564272713962547,0.28592369416289176
957,2.8709999999999978,0.9978281387330306,1.365704860134087,1.1099314706533843,1.5265355304795005,0.9743636525896645,1.3418562071985236,1.2010322738723846,1.4827478663394296,0.9743636525896645,1.3418562071985236,1.2010322738723846,1.4827478663394296,0.0,0.0,5.0,0.004872733842505825,0.02729340022657692,-0.011767211718407595,0.0,0.0,5.000000000000003,-0.008577696214181418,0.03675602804236261,-0.00973812220613856,0.0,0.0,2.6645352591003757e-15,-0.013450430056687245,0.00946262781578569,0.0020290895122690358,1.432357833966102,0.958581668537394,0.5827329746140956,0.1895791369220016,0.8407491769781543,0.0739384452536155,-0.5017306833032454,-0.5012055625831752,1.8762370446333505,-2.4266446019329,-7.718374773451361,3.2047643543271818,0.27775948473076373
958,2.873999999999998,1.0015541916070796,1.366351042384431,1.1040194857948271,1.5280752802136657,0.9755642831518464,1.3440965074370748,1.1935727071104694,1.4867665023006118,0.9755642831518464,1.3440965074370748,1.1935727071104694,1.4867665023006118,0.0,0.0,5.0,0.005925894364148451,0.02641895320169856,-0.011832789677942877,0.0,0.0,5.000000000000002,-0.007533842909508592,0.03606784188221601,-0.009925890292130563,0.0,0.0,1.7763568394002505e-15,-0.013459737273657044,0.009648888680517453,0.0019068993858123145,1.430824341815201,0.9641959980212367,0.5754375680314723,0.19914459313167399,0.8409641740006321,0.08032910823043718,-0.49665674609810323,-0.5111640503003797,1.8714431612808777,-2.431802194207769,-7.722164328933521,3.2521260723303587,0.26943871694437116
959,2.876999999999998,1.0054854274386218,1.3668488298202424,1.0982610541617208,1.529404688579416,0.976957419329345,1.3462218307097438,1.1862215592060505,1.4905991907548632,0.976957419329345,1.3462218307097438,1.1862215592060505,1.4905991907548632,0.0,0.0,5.0,0.006978023203607211,0.025533148548227438,-0.011887605551989762,0.0,0.0,5.000000000000003,-0.0064886779831585945,0.0353641499921825,-0.010104630643938177,0.0,0.0,2.6645352591003757e-15,-0.013466701186765805,0.009831001443955063,0.001782974908051585,1.429261423069509,0.9697951460157803,0.5681265886881883,0.20866922326489812,0.8410787734153558,0.08673312957836035,-0.49144787760828357,-0.520972915230605,1.866382664847891,-2.436993114427968,-7.724254549639472,3.2984937023438903,0.2609688779549234
960,2.879999999999998,1.009621267196932,1.3671968974149298,1.092658416644588,1.5305234187435528,0.9785445593672408,1.3482291661696695,1.1789827508079254,1.4942435236551668,0.9785445593672408,1.3482291661696695,1.1789827508079254,1.4942435236551668,0.0,0.0,5.0,0.008028937188096514,0.02463636707762808,-0.011931609484754434,0.0,0.0,5.000000000000003,-0.005442383395518724,0.03464525489261816,-0.010274180694745047,0.0,0.0,2.6645352591003757e-15,-0.013471320583615238,0.01000888781499008,0.0016574287900093868,1.427669547832666,0.9753783215610617,0.5607999428970417,0.21814886906295125,0.8410916515298088,0.09314868617715176,-0.48610618893085794,-0.5306250789476988,1.8610585150938221,-2.442215263715545,-7.724641850670002,3.3438487546137177,0.2523575905690106
961,2.8829999999999982,1.0139609566890824,1.3673940717091755,1.0872136615091583,1.5314313100925874,0.9803270453673544,1.3501156264336052,1.1718600800846324,1.4976972481144109,0.9803270453673544,1.3501156264336052,1.1718600800846324,1.4976972481144109,0.0,0.0,5.0,0.009078453356333586,0.023728994320348966,-0.011964761454052838,0.0,0.0,5.000000000000003,-0.004395141303647224,0.03391146563980836,-0.01043438623644044,0.0,0.0,2.6645352591003757e-15,-0.01347359465998081,0.010182471319459395,0.0015303752176123973,1.4260492071611988,0.9809447433358918,0.5534575434265115,0.22757940645920094,0.8410015970083237,0.09957392554512624,-0.48063391571617065,-0.5401135571557176,1.855473924943328,-2.447466490176725,-7.723323010532669,3.3881729750440694,0.24361260631545997
962,2.8859999999999983,1.018503566447254,1.3674393317523443,1.081928723295698,1.532128378504705,0.9823060613621173,1.3518784501723697,1.1648572199754332,1.5009582684900824,0.9823060613621173,1.3518784501723697,1.1648572199754332,1.5009582684900824,0.0,0.0,5.0,0.010126388990391692,0.02281142036008059,-0.011987031307711452,0.0,0.0,5.000000000000003,-0.003347134029560342,0.03316309769310284,-0.010585101559873522,0.0,0.0,2.6645352591003757e-15,-0.013473523019952034,0.010351677333022252,0.0014019297478379301,1.4244009127481956,0.9864936404092184,0.5460993096484592,0.23695675027150806,0.8408075133575207,0.10600696783048771,-0.47503341646003494,-0.5494314710010596,1.8496323577755418,-2.452744592684094,-7.7202951801058814,3.4314483478545337,0.23474179839510276
963,2.8889999999999985,1.0232479917704496,1.3673318098992642,1.0768053818631824,1.5326148164671056,0.9844826315242289,1.3535150045792803,1.1579777155631725,1.5040246483333208,0.9844826315242289,1.3535150045792803,1.1579777155631725,1.5040246483333208,0.0,0.0,5.0,0.011172561647510815,0.02188403966605766,-0.01199839879099108,0.0,0.0,5.000000000000003,-0.0022985440284903347,0.03240047277929842,-0.010726189587377997,0.0,0.0,2.6645352591003757e-15,-0.01347110567600115,0.010516433113240756,0.0012722092036130828,1.4227251965734078,0.992024252981621,0.538725167674113,0.2462768588880324,0.840508421256632,0.11244590787581615,-0.46930717059822313,-0.558572058262628,1.8435375241342031,-2.458047324782046,-7.715555891378539,3.4736570985553223,0.22575315451986921
964,2.8919999999999986,1.0281929529208196,1.3670707924618104,1.0718452615788885,1.5328909930384855,0.986857618513947,1.355022787714418,1.151224981571187,1.5068946122004503,0.986857618513947,1.355022787714418,1.151224981571187,1.5068946122004503,0.0,0.0,5.0,0.01221678919186046,0.02094725092347451,-0.011998853565008823,0.0,0.0,5.000000000000003,-0.0012495538571207637,0.03162391875432723,-0.010857521997446017,0.0,0.0,2.6645352591003757e-15,-0.013466343048981224,0.010676667830852717,0.0011413315675628064,1.4210226105202457,0.9975358331152026,0.5313350504779937,0.25553573893615067,0.8401034607265561,0.11888881735120278,-0.46345777640519736,-0.5675286843873792,1.8371933778605083,-2.463372398706441,-7.709103065944957,3.5147816972513675,0.21665476964772112
965,2.8949999999999987,1.0333369954747145,1.3666557202148475,1.0670498306539056,1.5329574536565336,0.989431721965743,1.3563994307227094,1.144602299986311,1.509566547325239,0.989431721965743,1.3563994307227094,1.144602299986311,1.509566547325239,0.0,0.0,5.0,0.013258889826249141,0.020001456862087996,-0.011988395216141435,0.0,0.0,5.000000000000003,-0.0002003461418038227,0.03083376946230977,-0.010978979341438412,0.0,0.0,2.6645352591003757e-15,-0.013459235968052964,0.010832312600221775,0.0010094158747030232,1.4192937259602296,1.0030276454501603,0.523928898009467,0.2647294499240907,0.8395918931318301,0.12533374695131633,-0.4574879486995689,-0.5762948533387275,1.8306041116526024,-2.4687174895089097,-7.700935023235203,3.554804862284925,0.20745483862002984
966,2.897999999999999,1.0386784908283713,1.3660861887562157,1.0624204006249127,1.5328149197905023,0.9922054771159206,1.3576426999239106,1.1381128178099176,1.5120390051502537,0.9922054771159206,1.3576426999239106,1.1381128178099176,1.5120390051502537,0.0,0.0,5.0,0.014298682123774229,0.019047064083083137,-0.011967033256401523,0.0,0.0,5.000000000000003,0.0008488964532346044,0.03003036459203401,-0.011090451152224894,0.0,0.0,2.6645352591003757e-15,-0.013449785670539624,0.010983300508950872,0.0008765821041766299,1.417539133305553,1.0084989679063336,0.5165066572916397,0.273854108844814,0.8389731030100743,0.13177872865147847,-0.45140051635931716,-0.5848642182255458,1.8237741520577395,-2.474080239275769,-7.69105048846128,3.593709564225323,0.19816164870809846
967,2.900999999999999,1.044215636858071,1.365361948720568,1.0579581259823903,1.5324642884389756,0.9951792535726809,1.3587504987727128,1.1317595449388076,1.514310702715801,0.9951792535726809,1.3587504987727128,1.1317595449388076,1.514310702715801,0.0,0.0,5.0,0.01533598505940872,0.018084482884272914,-0.011934787114786235,0.0,0.0,5.000000000000002,0.0018979912576961439,0.02921404953092148,-0.01119183604465538,0.0,0.0,1.7763568394002505e-15,-0.013437993801712575,0.011129566646648565,0.0007429510701308546,1.4157594415305133,1.0139490923680494,0.5090682825073465,0.28290589473163574,0.8382465997238365,0.13822177801763422,-0.4451984196503406,-0.593230591679905,1.8167081539052279,-2.4794582614310707,-7.679448600260045,3.631479030213462,0.1887835720755994
968,2.903999999999999,1.0499464587344163,1.364482905847042,1.053664003945375,1.5319066314731697,0.998353254229985,1.3597208696872973,1.1255453521776417,1.5163805239050778,0.998353254229985,1.3597208696872973,1.1255453521776417,1.5163805239050778,0.0,0.0,5.0,0.016370618041516637,0.017114127083708876,-0.011891686119606325,0.0,0.0,5.000000000000002,0.002946755627012382,0.02838517521654374,-0.011283041807771219,0.0,0.0,1.7763568394002505e-15,-0.013423862414504256,0.011271048132834863,0.0006086443118351065,1.4139552776626565,1.0193773253506204,0.5016137350720077,0.29188105315506385,0.8374120189301797,0.14466089656492637,-0.43888470737244956,-0.6013879559522509,1.8094109941903664,-2.4848491451129213,-7.666128918014258,3.6680967486675633,0.17932905816379216
969,2.906999999999999,1.0558688098902584,1.363449120900845,1.0495388743826881,1.531143194826212,1.0017275143264361,1.3605519957448018,1.1194729693844856,1.5182475205442785,1.0017275143264361,1.3605519957448018,1.1194729693844856,1.5182475205442785,0.0,0.0,5.0,0.017402400943293702,0.016136413841779846,-0.011837769471811638,0.0,0.0,5.000000000000002,0.003995006974142734,0.027544097985752636,-0.01136398548867238,0.0,0.0,1.7763568394002505e-15,-0.013407393969150968,0.01140768414397279,0.0004737839831392577,1.4121272862445762,1.0247829886468853,0.49414298369317217,0.30077590065036214,0.836469123863769,0.15109407415942064,-0.43246253382744004,-0.6093304726934118,1.801887765421642,-2.490250459611837,-7.651091428833541,3.7035464743555546,0.16980662600643934
970,2.9099999999999993,1.061980373141683,1.362260809448958,1.0455834198804075,1.530175397528954,1.0053019006502808,1.3612422022422734,1.1135449837509157,1.519910913356532,1.0053019006502808,1.3612422022422734,1.1135449837509157,1.519910913356532,0.0,0.0,5.0,0.018431154134126913,0.015151763481872284,-0.01177308620933733,0.0,0.0,5.000000000000002,0.00504256280136238,0.026691179421489367,-0.01143459346796414,0.0,0.0,1.7763568394002505e-15,-0.013388591332764533,0.011539415939617083,0.00033849274137319127,1.4102761287673953,1.0301654199522219,0.48665600441659335,0.30958682906539753,0.8354178064296484,0.15751929145738144,-0.42593515561440987,-0.6170524923936695,1.7941437684454906,-2.4956597588596092,-7.63433655417768,3.737812233838319,0.16022485648141394
971,2.9129999999999994,1.0682786619612743,1.360918341490374,1.0417981659552888,1.5290048305930661,1.0090761108914896,1.361789958121818,1.10776383821801,1.5213700927686844,1.0090761108914896,1.361789958121818,1.10776383821801,1.5213700927686844,0.0,0.0,5.0,0.019456698510867742,0.014160599309670835,-0.01169769516250316,0.0,0.0,5.000000000000002,0.006089240732034623,0.025826786197338664,-0.011494801526715046,0.0,0.0,1.7763568394002505e-15,-0.013367457778833119,0.011666186887667828,0.000202893635788114,1.408402483077045,1.0355239734665167,0.4791527806587227,0.3183103098184307,0.8342580881023711,0.1639345223763717,-0.41930592825799884,-0.6245485634501055,1.786184504764908,-2.501074585956879,-7.615865156105183,3.770878331286858,0.15059238450604193
972,2.9159999999999995,1.0747610219028145,1.3594222409412953,1.0381834814136364,1.5276332557422552,1.0130496731417569,1.3621938772587752,1.1021318300294152,1.5226246195700552,1.0130496731417569,1.3621938772587752,1.1021318300294152,1.5226246195700552,0.0,0.0,5.0,0.020478855529013656,0.013163347431178292,-0.011611664900506498,0.0,0.0,5.000000000000003,0.007134858542362191,0.024951289919893857,-0.011544554904864876,0.0,0.0,2.6645352591003757e-15,-0.013343996986651466,0.011787942488715565,6.710999564162219e-05,1.4065070427545414,1.0408580204716271,0.4716333032255404,0.32694289805562077,0.8329901206285798,0.17033773659233234,-0.41257830267571927,-0.6318134408345438,1.7780156683701402,-2.506492477727418,-7.595678543130669,3.802729354675216,0.14091789118328227
973,2.9189999999999996,1.0814246321763603,1.3577731849759913,1.0347395788550502,1.526062603992601,1.0172219455431155,1.3624527196118783,1.096651109422563,1.5236742254224456,1.0172219455431155,1.3624527196118783,1.096651109422563,1.5236742254224456,0.0,0.0,5.0,0.021497447233791697,0.01216043656953018,-0.011515073669057758,0.0,0.0,5.000000000000002,0.008179234193111978,0.024065066969001486,-0.011583808351029679,0.0,0.0,1.7763568394002505e-15,-0.013318213040679719,0.011904630399471306,-6.873468197192076e-05,1.4045905164715344,1.0461669498829318,0.4640975703176796,0.3354812366981859,0.8316141865306419,0.17672690205670782,-0.4057558214910457,-0.6388420943356633,1.7696431371015395,-2.511910969286937,-7.573778475675289,3.833350182349768,0.13121009590588592
974,2.9219999999999997,1.0882665073725626,1.3559720032240175,1.03146651532028,1.524294974083142,1.0215921160857417,1.3625653922344891,1.0913236784589753,1.5245188132207963,1.0215921160857417,1.3625653922344891,1.0913236784589753,1.5245188132207963,0.0,0.0,5.0,0.02251229629114071,0.0111522978806842,-0.011408009319214743,0.0,0.0,5.000000000000003,0.009222185861307394,0.023168498335954094,-0.011612526163658522,0.0,0.0,2.6645352591003757e-15,-0.013290110429833316,0.012016200455269894,-0.00020451684444377886,1.4026536273224839,1.0514501687736313,0.45654558752183716,0.343922060369345,0.8301306994094184,0.1830999875276036,-0.3988421151993931,-0.6456297163502165,1.7610729635664797,-2.5173275986141506,-7.550167171095046,3.8627259899742508,0.12147774842571095
975,2.925,1.0952834993349494,1.3540196768247266,1.028364193082353,1.5223326307579743,1.0261592025553827,1.3625309501461178,1.0861513899944666,1.5251584573040353,1.0261592025553827,1.3625309501461178,1.0861513899944666,1.5251584573040353,0.0,0.0,5.0,0.02352322601858422,0.010139364768065349,-0.011290569227481001,0.0,0.0,5.000000000000002,0.0102635319718834,0.02226196945970016,-0.011630682223504551,0.0,0.0,1.7763568394002505e-15,-0.01325969404670082,0.01212260469163481,-0.00034011299602355015,1.4006971121348846,1.056707102870533,0.4489773677885019,0.35226219919139323,0.8285402040447419,0.18945496510890375,-0.3918408981945664,-0.6521717291997885,1.7523113656339235,-2.5227399111117546,-7.524847308272625,3.890842257848647,0.11172962089541122
976,2.928,1.102472299178695,1.3519173373400903,1.0254323605799576,1.520178002901259,1.0309220526307104,1.3623485970635802,1.0811359467899302,1.5255934035157817,1.0309220526307104,1.3623485970635802,1.0811359467899302,1.5255934035157817,0.0,0.0,5.0,0.024530060415990478,0.009122072696243294,-0.011162860207240452,0.0,0.0,5.000000000000003,0.011303091229298151,0.021345870061142108,-0.011638260017380817,0.0,0.0,2.6645352591003757e-15,-0.013226969186692326,0.012223797364898814,-0.00047539981014036413,1.3987217207590312,1.0619371970201286,0.44139293139606695,0.3604985824435214,0.8268433762926873,0.1957898127912383,-0.3847559646636979,-0.6584637919511304,1.7433647165318569,-2.5281454641449757,-7.497822031759097,3.9176847785987414,0.10197449988973993
977,2.931,1.1098294394544053,1.349666265526979,1.0226706134919548,1.5178336815266644,1.0358793441307699,1.3620176859912623,1.0762789007632574,1.525824069114713,1.0358793441307699,1.3620176859912623,1.0762789007632574,1.525824069114713,0.0,0.0,5.0,0.025532624196213622,0.008100859003723641,-0.011024998411609243,0.0,0.0,5.000000000000002,0.012340682649096324,0.020420593975593815,-0.011635252653179218,0.0,0.0,1.7763568394002505e-15,-0.013191941547117298,0.012319734971870173,-0.0006102542415699751,1.3967282153388718,1.0671399156238515,0.43379230590143075,0.36862824207127576,0.8250410227792204,0.2021025169886661,-0.3775911843590955,-0.6645018067198136,1.734239534574315,-2.5335418315454064,-7.469094955452599,3.943239665231916,0.09222117841371329
978,2.934,1.1173512964551435,1.3472678899701829,1.020078395951766,1.515302417622911,1.0410295854125564,1.361537719670102,1.0715816523828119,1.5258510425345322,1.0410295854125564,1.361537719670102,1.0715816523828119,1.5258510425345322,0.0,0.0,5.0,0.026530742815610697,0.007076162714935161,-0.01087710922779277,0.0,0.0,5.000000000000003,0.013376125589417476,0.019486538983468582,-0.011621662866138992,0.0,0.0,2.6645352591003757e-15,-0.01315461722619322,0.012410376268533422,-0.0007445536383462216,1.3947173695655555,1.0723147430414899,0.4261755260772269,0.3766483160388766,0.823134080390326,0.20839107506493892,-0.37035049825581373,-0.6702819244387578,1.7249424725461249,-2.538926608067938,-7.43867016580199,3.9674933595534383,0.0824784479049161
979,2.9370000000000003,1.1250340926649414,1.3447237855776089,1.0176550019002457,1.5125871198572076,1.0463711159186195,1.3609083508850226,1.0670454502027493,1.5256750829936108,1.0463711159186195,1.3609083508850226,1.0670454502027493,1.5256750829936108,0.0,0.0,5.0,0.027524242504429364,0.006048424351490484,-0.01071932716304442,0.0,0.0,5.000000000000002,0.014409239782445848,0.018544106639271807,-0.011597503016358965,0.0,0.0,1.7763568394002505e-15,-0.013115002721983515,0.012495682287781324,-0.0008781758533145442,1.3926899679153302,1.0774611839618142,0.4185426338358606,0.3845560515159631,0.8211236155592222,0.2146534978432284,-0.3630379141041185,-0.6758005500750809,1.7154803067747744,-2.544297413788766,-7.406552224524286,3.9904326409362225,0.07275509023721417
980,2.9400000000000004,1.1328738993468226,1.3420356719391595,1.0153995765755393,1.5096908521384822,1.051902106874461,1.3601293826306864,1.0626713905403435,1.5252971199545113,1.051902106874461,1.3601293826306864,1.0626713905403435,1.5252971199545113,0.0,0.0,5.0,0.028512950297060184,0.005018085742804199,-0.010551795722329222,0.0,0.0,5.000000000000002,0.01543984536579425,0.01759370209897075,-0.0115627950775559,0.0,0.0,1.7763568394002505e-15,-0.013073104931265934,0.012575616356166552,-0.0010109993552266782,1.3906468048734881,1.082578763739574,0.41089367814056266,0.3923488078907098,0.8190108233517821,0.2208878120932324,-0.35565750188635026,-0.681054347280695,1.705859925919968,-2.5496518984326553,-7.372746170825561,4.012044635435756,0.06305986973314925
981,2.9430000000000005,1.140866639268271,1.3392054115509926,1.013311118138256,1.5066168310424823,1.0576205621353532,1.359200768135567,1.0584604172953465,1.5247182524337357,1.0576205621353532,1.359200768135567,1.0584604172953465,1.5247182524337357,0.0,0.0,5.0,0.029496694062150317,0.003985589836147669,-0.010374667277804245,0.0,0.0,5.000000000000002,0.016467762913817546,0.016635733945816217,-0.011517570617079045,0.0,0.0,1.7763568394002505e-15,-0.01302893114833277,0.012650144109668547,-0.0011429033392748,1.3885886841460957,1.0876670286981114,0.40322871490370893,0.40002405960166715,0.8167970263517882,0.22709206298963208,-0.34821338918799594,-0.6860402424641162,1.6960883195124588,-2.554987745617908,-7.337257523115986,4.032316825240596,0.05340152519228587
982,2.9460000000000006,1.1490080895619657,1.3362350079069105,1.011388479430238,1.5033684231008877,1.0635243191820791,1.3581226107444686,1.0544133219112803,1.5239397481621744,1.0635243191820791,1.3581226107444686,1.0544133219112803,1.5239397481621744,0.0,0.0,5.0,0.030475302532570532,0.00295138050622503,-0.010188102930233901,0.0,0.0,5.000000000000002,0.01749281346885047,0.015670614014690706,-0.011461870767199255,0.0,0.0,1.7763568394002505e-15,-0.012982489063720064,0.012719233508465676,-0.0012737678369653532,1.3865164178612766,1.0927255463969352,0.3955478068726855,0.40757939878111055,0.8144836733481465,0.23326431653594393,-0.3407097564930549,-0.6907554282730567,1.6861725662746256,-2.560302677007815,-7.300092280210536,4.051237058447587,0.04378876194275198
983,2.9490000000000007,1.1572938847194343,1.333126603458823,1.0096303698650135,1.4999491419567303,1.0696110502649527,1.3568951636597553,1.0505307434784297,1.522963042596865,1.0696110502649527,1.3568951636597553,1.0505307434784297,1.522963042596865,0.0,0.0,5.0,0.03144860533523254,0.001915902364348905,-0.009992272362466612,0.0,0.0,5.000000000000003,0.018514818572363284,0.014698757215058672,-0.011395746187698563,0.0,0.0,2.6645352591003757e-15,-0.012933786762869257,0.012782854850709766,-0.001403473825231951,1.384430825761838,1.0977539058637031,0.38785102350361234,0.41501253770314017,0.8120723378266852,0.23940266194790166,-0.33315083241402793,-0.6951973664795212,1.676119822256011,-2.565594456357707,-7.261256922007952,4.068793559149676,0.03423024392320932
984,2.952000000000001,1.1657195197151955,1.3298824774483098,1.0080353574479393,1.4963626453885586,1.07587826369535,1.3555188295416758,1.046813168978169,1.521789737784808,1.07587826369535,1.3555188295416758,1.046813168978169,1.521789737784808,0.0,0.0,5.0,0.032416433020750444,0.0008796005672994342,-0.009787353685106004,0.0,0.0,5.000000000000003,0.01953360029603131,0.013720581352595115,-0.01131925701979447,0.0,0.0,2.6645352591003757e-15,-0.012882832724719136,0.012840980785295681,-0.0015319033346884673,1.382332734391054,1.102751717790156,0.38013844082327086,0.42232131103025433,0.8095647162696431,0.24550521399061237,-0.3255408888670702,-0.6993637902613152,1.6659373088176264,-2.570860893447156,-7.220758409641541,4.0849749378229765,0.024734585802454124
985,2.955000000000001,1.174280353258867,1.326505043611383,1.0066018709239115,1.4926127322058418,1.0823233052838463,1.3539941599683094,1.0432609336681344,1.5204216010797125,1.0823233052838463,1.3539941599683094,1.0432609336681344,1.5204216010797125,0.0,0.0,5.0,0.03337861709294144,-0.00015707937404958887,-0.00957353327451668,0.0,0.0,5.000000000000003,0.0205489812727115,0.012736506949569112,-0.011232472831440618,0.0,0.0,2.6645352591003757e-15,-0.012829635820229938,0.012893586323618702,-0.0016589395569239374,1.380222976273426,1.1077186146916538,0.37241014127960886,0.4295036778526206,0.8069626262664328,0.2515701152638571,-0.3178842362030279,-0.7032527058760836,1.6556323004992837,-2.57609984788733,-7.178604185096394,4.099770201998515,0.015310345143815312
986,2.958000000000001,1.1829716111725075,1.322996847758788,1.0053282020504097,1.4887033390182989,1.0889433599239267,1.3523218547557794,1.039874221607614,1.5188605637126824,1.0889433599239267,1.3523218547557794,1.039874221607614,1.5188605637126824,0.0,0.0,5.0,0.03433499003816066,-0.0011936917862584106,-0.009351005603312559,0.0,0.0,5.000000000000003,0.02156078472732159,0.011746957064059038,-0.011135472554053817,0.0,0.0,2.6645352591003757e-15,-0.012774205310839067,0.01294064885031745,-0.0017844669507412585,1.3781023890922472,1.1126542510300672,0.36466621358122686,0.43655772351479216,0.8042680044397241,0.2575955384300512,-0.3101852183052206,-0.706862393726228,1.645212112804501,-2.5813092327940006,-7.13480217028872,4.113168767202893,0.005966014621476376
987,2.961000000000001,1.19178838989044,1.3193605652341556,1.0042125079935238,1.4846385368818822,1.095735453320098,1.3505027611395113,1.0366530663224087,1.5171087192179842,1.095735453320098,1.3505027611395113,1.0366530663224087,1.5171087192179842,0.0,0.0,5.0,0.035285385354464356,-0.0022297910249188956,-0.009119973063481116,0.0,0.0,5.000000000000002,0.022568834507616237,0.010752357108078398,-0.011028344410724832,0.0,0.0,1.7763568394002505e-15,-0.01271655084684812,0.012982148132997293,-0.0019083713472437154,1.3759718148658013,1.1175583032998802,0.35690675252627513,0.443481661225154,0.8014829041913415,0.2635796883795375,-0.30244820766494196,-0.7101914088152796,1.6346840899376758,-2.5864870183172517,-7.089360765604047,4.1251604681509555,-0.003289985704196658
988,2.9640000000000013,1.2007256600786709,1.315598998252522,1.0032528138444874,1.4804225278243233,1.1026964538591117,1.3485378728174453,1.0335973516082817,1.5151683217151635,1.1026964538591117,1.3485378728174453,1.0335973516082817,1.5151683217151635,0.0,0.0,5.0,0.036229637580598203,-0.0032649316662380274,-0.008880645782305324,0.0,0.0,5.000000000000002,0.0235729551148548,0.0097531346646888,-0.010911185835978228,0.0,0.0,1.7763568394002505e-15,-0.012656682465743405,0.013018066330926828,-0.0020305400536729037,1.3738320991240058,1.1224304700774648,0.3491318588212166,0.4502738334439413,0.7986094932729016,0.26952080432806436,-0.29467760044572355,-0.71323858059852,1.6240555925282067,-2.591631235019509,-7.04228884789218,4.135735570172391,-0.012449316045298121
989,2.9670000000000014,1.2097782703708346,1.311715073121809,1.0024470152541762,1.4760596412531835,1.1098230746228634,1.3464283288562346,1.0307068124719916,1.5130417840489125,1.1098230746228634,1.3464283288562346,1.0307068124719916,1.5130417840489125,0.0,0.0,5.0,0.03716758232480311,-0.004298668698528163,-0.008633241431249739,0.0,0.0,5.000000000000003,0.02457297173435498,0.0087497193041806,-0.010784103387154381,0.0,0.0,2.6645352591003757e-15,-0.012594610590448134,0.013048388002708763,-0.0021508619559046423,1.3716840900873073,1.127270472033593,0.34134163888993424,0.4569327130462389,0.7956500511865321,0.27541716184148896,-0.28687781154744374,-0.7160030122328496,1.6133339853760849,-2.5967399770941326,-6.993595767917893,4.144884780853145,-0.021503724472028786
990,2.9700000000000015,1.2189409512176326,1.3077118373499714,1.001792881182852,1.4715543302495484,1.1171118755414233,1.3441754124615872,1.0279810362087762,1.5107316757882157,1.1171118755414233,1.3441754124615872,1.0279810362087762,1.5107316757882157,0.0,0.0,5.0,0.038099056293435546,-0.005330557713520119,-0.00837798502798555,0.0,0.0,5.000000000000003,0.025568710265927552,0.007742542399398145,-0.010647212647494055,0.0,0.0,2.6645352591003757e-15,-0.012530346027507994,0.013073100112918264,-0.002269227619508504,1.369528637849608,1.1320780519093525,0.3335362046736819,0.4634569042569526,0.7926069664214049,0.28126707478295304,-0.2790532696813635,-0.7184840792330649,1.602526625253158,-2.6018114054174455,-6.943291347267552,4.152599261871436,-0.030445054418442308
991,2.9730000000000016,1.228208318846469,1.303592456640609,1.0012880567624092,1.4669111677505149,1.1245592656845098,1.3417805496140374,1.0254194636150296,1.5082407210864262,1.1245592656845098,1.3417805496140374,1.0254194636150296,1.5082407210864262,0.0,0.0,5.0,0.039023897319396504,-0.006360155097415257,-0.008115108731733682,0.0,0.0,5.0000000000000036,0.026559997354186904,0.006732036940290842,-0.010500638121013858,0.0,0.0,3.552713678800501e-15,-0.0124638999652096,0.0130921920377061,-0.0023855293892801766,1.3673665935669765,1.1368529744557339,0.3257156734223986,0.4698451433553317,0.7894827335321974,0.2870688971779987,-0.2712084124671361,-0.7206814275438331,1.5916408487938165,-2.6068437504277617,-6.891385874712952,4.158870641007145,-0.03926525210147059
992,2.9760000000000018,1.2375748793280257,1.2993602117799643,1.000930066268213,1.4621348426237986,1.1321615056896044,1.3392453075715522,1.0230213903347911,1.5055717964040551,1.1321615056896044,1.3392453075715522,1.0230213903347911,1.5055717964040551,0.0,0.0,5.0,0.039941944390364366,-0.007387018221597608,-0.007844851632112878,0.0,0.0,5.0000000000000036,0.027546660418731606,0.005718637347768951,-0.010344513119268178,0.0,0.0,3.552713678800501e-15,-0.01239528397163276,0.013105655569366558,-0.0024996614871553007,1.3651988086538605,1.1415950263372585,0.31788016747792164,0.4760962991472191,0.7862799500659414,0.2928210249933216,-0.26334768156276284,-0.722594971038726,1.5806839605082377,-2.6118353148256497,-6.837890102034911,4.16369102430245,-0.047956373846475615
993,2.979000000000002,1.2470350327462996,1.2950184954183137,1.0007163161975514,1.4572301556378358,1.1399147103247773,1.3365713932405052,1.020785968338544,1.502727928096176,1.1399147103247773,1.3365713932405052,1.020785968338544,1.502727928096176,0.0,0.0,5.0,0.040853037676826826,-0.008410705632922464,-0.007567459531684487,0.0,0.0,5.000000000000003,0.028528527684190425,0.004702779286943765,-0.010178979640100394,0.0,0.0,2.6645352591003757e-15,-0.012324509992636401,0.013113484919866228,-0.0026115201084159073,1.3630261339884815,1.1463040160001103,0.31002981404965047,0.4822093732038069,0.7830013133440527,0.29852189782510463,-0.2554755178383591,-0.7242248884596802,1.5696632209505874,-2.6167844760904004,-6.7828152393102945,4.16705300835057,-0.056510593312663365
994,2.982000000000002,1.2565830774686555,1.290570808748837,1.000644098451633,1.4522020153308774,1.1478148511841701,1.3337606514166644,1.0187122075326993,1.499712289866469,1.1478148511841701,1.3337606514166644,1.0187122075326993,1.499712289866469,0.0,0.0,5.0,0.04175701855990628,-0.009430777243498046,-0.007283184722391411,0.0,0.0,5.0000000000000036,0.029505428210127554,0.0036848994798333867,-0.010004188238493958,0.0,0.0,3.552713678800501e-15,-0.012251590349778727,0.013115676723331433,-0.0027210035161025466,1.360849419129045,1.1509797735053313,0.3021647449832253,0.48818349986627796,0.7796496171066355,0.30417000049313003,-0.24759635660444826,-0.7255716198121887,1.5585858350736936,-2.621689688808391,-6.726172949667379,4.168949692688723,-0.06492020861179151
995,2.985000000000002,1.2662132145122216,1.2860207580871896,1.0007105936179328,1.4470554337826578,1.1558577595139659,1.330815062897967,1.0167989774980186,1.4965282000900517,1.1558577595139659,1.330815062897967,1.0167989774980186,1.4965282000900517,0.0,0.0,5.0,0.042653729658975695,-0.010446794519882,-0.0069922857560953755,0.0,0.0,5.0000000000000036,0.0304771919208032,0.002665435517613751,-0.009820297889640513,0.0,0.0,3.552713678800501e-15,-0.012176537738172497,0.013112230037495752,-0.002828012133545137,1.3586695115423448,1.1556221503277335,0.294285096522796,0.4940179460163194,0.7762277480264398,0.3097638645371319,-0.23971462290531986,-0.726635862233378,1.5474589408007005,-2.626549486809779,-6.667975343515686,4.169374692270496,-0.07317764931369188
996,2.988000000000002,1.2759195520029982,1.281372051355047,1.0009128743496647,1.4417955222922927,1.1640391291665546,1.327736742470964,1.015045009355121,1.493179119007363,1.1640391291665546,1.327736742470964,1.015045009355121,1.493179119007363,0.0,0.0,5.0,0.04354301485905765,-0.011458320671608577,-0.0066950272094201645,0.0,0.0,5.000000000000003,0.03144364963478327,0.001644825672496547,-0.009627475844349774,0.0,0.0,2.6645352591003757e-15,-0.012099365224274378,0.013103146344105124,-0.0029324486349296096,1.3564872558462893,1.1602310191212628,0.28639100906746384,0.4997121106130948,0.7727386821000923,0.31530206961212637,-0.2318347268877717,-0.7274185653518881,1.536289597843078,-2.631362485110714,-6.6082349722575895,4.168322149992164,-0.08127548333223533
997,2.9910000000000023,1.2856961097238324,1.276628494471007,1.0012479088389745,1.4364274869661873,1.1723545196804899,1.3245279367729437,1.0134488977550913,1.4896686457914778,1.1723545196804899,1.3245279367729437,1.0134488977550913,1.4896686457914778,0.0,0.0,5.0,0.044424719338003654,-0.012464920838967542,-0.00639167944311581,0.0,0.0,5.000000000000003,0.03240463309439327,0.0006235087093135611,-0.0094258974769326,0.0,0.0,2.6645352591003757e-15,-0.012020086243610381,0.013088429548281103,-0.0030342180338167905,1.3543034930678088,1.1648062734516422,0.2784826269224868,0.5052655239978588,0.76918548092446,0.32078324477973863,-0.22396105925530416,-0.7279209261601323,1.5250847767931235,-2.636127381659009,-6.546964821490239,4.165786749246763,-0.08920642368547857
998,2.9940000000000024,1.295536823747474,1.2717939876522832,1.0017125643804767,1.4309566242197673,1.1807993594837103,1.3211910220318415,1.0120091029931015,1.4860005154913491,1.1807993594837103,1.3211910220318415,1.0120091029931015,1.4860005154913491,0.0,0.0,5.0,0.04529868959344828,-0.013466162279951309,-0.006082518356161478,0.0,0.0,5.000000000000003,0.03335997499501163,-0.00039807630311010367,-0.00921574612569568,0.0,0.0,2.6645352591003757e-15,-0.01193871459843665,0.013068085976841205,-0.0031332277695342017,1.3521190599175457,1.1693478274971953,0.2705600980458409,0.510677846967989,0.7655712878661883,0.32620606969283406,-0.21609798681755077,-0.7281443834210686,1.5138513485177323,-2.6408429588819633,-6.48417830370758,4.161763726479112,-0.09696333512383792
999,2.9970000000000026,1.3054355511507043,1.2668725216307646,1.0023036110215704,1.4253883161969654,1.189368949217398,1.3177285016861717,1.0107239532428447,1.482178595853588,1.189368949217398,1.3177285016861717,1.0107239532428447,1.482178595853588,0.0,0.0,5.0,0.04616477346953347,-0.014461614556293224,-0.005767825134831827,0.0,0.0,5.000000000000002,0.034309509014196965,-0.0014194901807137172,-0.008997212926192759,0.0,0.0,1.7763568394002505e-15,-0.011855264455336502,0.013042124375579507,-0.003229387791360932,1.3499347880826464,1.1738556157188316,0.26262357379073353,0.5159488696227909,0.7618993241326334,0.3315692756710573,-0.20824984814441172,-0.7280906116330561,1.5025960738787676,-2.645508085035787,-6.419889250513391,4.156248883714436,-0.10453924062026503
1000,3.0000000000000027,1.3153860748055546,1.261868173787025,1.0030177252959827,1.4197280261114404,1.1980584651777275,1.3141430038873145,1.0095916469094657,1.4782068840254947,1.1980584651777275,1.3141430038873145,1.0095916469094657,1.4782068840254947,0.0,0.0,5.0,0.04702282018339862,-0.015450849718515458,-0.005447885996953917,0.0,0.0,5.000000000000002,0.03525306984064422,-0.002440293813008171,-0.008770496637384245,0.0,0.0,1.7763568394002505e-15,-0.011769750342754404,0.013010555905507287,-0.003322610640430328,1.3477515035389134,1.178329592500243,0.2546732086446631,0.5210785099840031,0.7581728847525439,0.336871646665182,-0.2004209493340086,-0.7277615145776919,1.4913255938038223,-2.650121715356812,-6.3541119043575325,4.149238601032711,-0.11192732771651978
